0,-0.0254059,-0.0995636,0.0223083,-0.0861969,-0.000778198,-0.0926819
1,-0.04014281000000001,-0.07561341,0.022961420000000003,-0.07212373000000001,-0.009019471000000001,-0.07393191000000002
2,-0.03989256,-0.07620848,0.024465949999999997,-0.07333372999999999,-0.007548523999999999,-0.07479856
3,-0.04085626666666667,-0.07703484444444446,0.025811055555555556,-0.07355411111111111,-0.007939657777777777,-0.07535978888888889
4,-0.0414104625,-0.07738685,0.027618387500000004,-0.07404136250000001,-0.006908418749999999,-0.075756075
5,-0.04132078,-0.07704772,0.02714998,-0.07277526000000001,-0.006864928000000001,-0.07494506000000001
6,-0.04289399,-0.07865449,0.022654709999999998,-0.07343446000000001,-0.009828199999999999,-0.07606049999999998
7,-0.044461345454545456,-0.07696949090909092,0.021388663636363634,-0.07387751818181819,-0.0116799,-0.07547414545454545
8,-0.04442901999999999,-0.07650911,0.02081299,-0.07392274000000001,-0.01181335,-0.07525636
9,-0.04226532,-0.07709350999999999,0.019824229999999998,-0.07520141999999999,-0.011746220000000002,-0.07620239
10,-0.04237920909090909,-0.0763647,0.02076720909090909,-0.07752296363636364,-0.009898782727272728,-0.07702635454545455
11,-0.025920109999999996,-0.08269959000000002,0.023176590000000004,-0.07385252,-0.0013091989999999998,-0.07843782
12,-0.0168984,-0.08381375454545455,0.02243459090909091,-0.07379845454545454,0.002011384545454546,-0.07901972727272727
13,-0.028495790000000003,-0.07598418,0.01214446,-0.07895661,-0.009788512000000003,-0.07736511000000001
14,-0.026023849999999998,-0.07413025000000001,0.012341330000000001,-0.07900087999999998,-0.009091189000000003,-0.07631837
15,-0.02577363,-0.07265473,0.01398164,-0.07851866999999998,-0.004698180999999999,-0.07577362000000001
16,-0.02673894545454546,-0.06907374545454545,0.013232154545454544,-0.07844264545454546,-0.0062672000000000005,-0.07388306363636364
17,-0.028492719999999992,-0.07165985000000001,0.0125473,-0.07698667000000001,-0.007519531,-0.07441406
18,-0.028891818181818185,-0.07442681818181816,0.015379481818181821,-0.0711447909090909,-0.007106434545454543,-0.07283297272727272
19,-0.027337660000000003,-0.07435,0.01351927,-0.0678772,-0.006808475999999999,-0.07109986
20,-0.02911224,-0.07178497,0.009170534000000001,-0.06558381,-0.01104126,-0.06886901999999999
21,-0.029861429999999994,-0.07077026,0.0044738774,-0.06359101000000002,-0.012988290000000003,-0.06724854000000001
22,-0.02944251818181818,-0.06876997272727273,-0.0012859005454545454,-0.06411465454545454,-0.014946663636363634,-0.06637852727272728
23,-0.0290634,-0.06455686000000001,0.0010971085,-0.06415863,-0.013381940000000004,-0.06435089999999999
24,-0.02715927272727273,-0.06465703636363634,0.002675836363636364,-0.0672552090909091,-0.01152870909090909,-0.06601924545454543
25,-0.02630921,-0.06268462000000001,0.0053436280000000004,-0.06887054,-0.011160268000000003,-0.06564788
26,-0.023992890000000003,-0.06251678,0.011114500000000001,-0.07300111000000001,-0.00666504,-0.06769408
27,-0.02321169,-0.06372681999999999,0.01373444,-0.07381744,-0.005831908,-0.06850128
28,-0.02262048181818182,-0.06201450909090909,0.014160163636363637,-0.07006421818181817,-0.005321154545454545,-0.06577786363636362
29,-0.022843919999999997,-0.06306917000000001,0.014578239999999998,-0.06911315,-0.0037902860000000003,-0.06615752
30,-0.023144550000000003,-0.06400605,0.014024340000000001,-0.07026215,-0.0041107179999999984,-0.06722258
31,-0.02566527,-0.06405335999999999,0.01504976,-0.07220152999999999,-0.004689025,-0.0682617
32,-0.026071180000000006,-0.060173029999999995,0.015846230000000003,-0.07170714999999998,-0.004151917,-0.06622315
33,-0.023907144444444445,-0.06160988888888889,0.01596576666666667,-0.07022772222222223,-0.002022635555555556,-0.06637065555555556
34,-0.02340002727272727,-0.0580042,0.0171301,-0.06998237272727273,-0.003979770909090909,-0.0637969909090909
35,-0.024594140000000004,-0.0594635,0.014511099999999999,-0.07067260000000002,-0.006011964,-0.06479796
36,-0.0243744,-0.05979616,0.0154358,-0.07062988,-0.004415891999999999,-0.06523132
37,-0.024361345454545456,-0.05946766363636364,0.015476563636363634,-0.06794324545454546,-0.003846601818181819,-0.0638524818181818
38,-0.026623520000000005,-0.062225319999999994,0.0116577,-0.06571350000000001,-0.007266236,-0.06400148
39,-0.02686240909090909,-0.06264429090909092,0.01241232727272727,-0.0671026090909091,-0.007342253636363638,-0.06486788181818183
40,-0.030624400000000003,-0.059594720000000004,0.012002548,-0.06716004,-0.009695431999999999,-0.06331788
41,-0.030099479999999994,-0.06291812,0.010604862,-0.07236022,-0.010028076,-0.06759644000000001
42,-0.028941329999999998,-0.06436156,0.01351929,-0.07202301999999998,-0.007101441,-0.06829684
43,-0.03018187272727273,-0.06428111818181818,0.013055972727272725,-0.07004479090909091,-0.008005316363636364,-0.06724966363636364
44,-0.02993776,-0.06531677999999999,0.010656740000000001,-0.07166747999999999,-0.010369864000000001,-0.06838988
45,-0.027941880000000002,-0.06635438,0.012771598,-0.07155152,-0.008145144,-0.0688751
46,-0.02581647272727273,-0.06261653636363637,0.015884418181818183,-0.06924438181818182,-0.003678754,-0.06617736363636363
47,-0.0321106,-0.0609009,0.016250599999999997,-0.0699585,-0.0076477060000000015,-0.06550902
48,-0.03301698000000001,-0.05459291999999999,0.01676026,-0.07181094,-0.008230588,-0.06318358
49,-0.03511201,-0.05354769,0.01823122,-0.07273102000000001,-0.009600834,-0.06275175000000001
50,-0.03495484,-0.059124750000000004,0.018486029999999997,-0.07160033,-0.010249326,-0.06491393000000001
51,-0.035575880000000004,-0.0567047,0.016291829999999997,-0.07133485,-0.010948170000000002,-0.06367491
52,-0.03545448181818182,-0.054892799999999985,0.015362827272727276,-0.07085627272727274,-0.010946099999999999,-0.0626068090909091
53,-0.03213196,-0.054089359999999996,0.01690064,-0.0705536,-0.008062744000000002,-0.0621918
54,-0.029730219999999995,-0.05366515999999999,0.016763319999999998,-0.07015991999999999,-0.006762695999999999,-0.061831679999999986
55,-0.029333480000000002,-0.05208284,0.01657258,-0.07039187,-0.006486509,-0.06121216999999999
56,-0.02756568181818182,-0.06349597272727271,0.016698663636363634,-0.07131540909090908,-0.00574008,-0.06738697272727275
57,-0.031121840000000005,-0.06206358000000001,0.015005480000000005,-0.07130434,-0.010043331999999999,-0.06629334
58,-0.03097991,-0.05975495000000001,0.009576424,-0.07125393999999999,-0.01145175,-0.06532595
59,-0.03180901818181819,-0.05914723636363636,0.009130303636363636,-0.06759088181818183,-0.011374736363636366,-0.06337252727272726
60,-0.029006960000000005,-0.05986022,0.01116945,-0.07086790000000001,-0.009420774,-0.06524045999999999
61,-0.036050399999999996,-0.05681455999999999,0.014804059999999999,-0.07257079999999999,-0.011798099999999999,-0.06435244
62,-0.026745619999999998,-0.05982053999999999,0.01377566,-0.07275390000000001,-0.0067810039999999985,-0.06620788000000001
63,-0.0264557,-0.05980223999999999,0.014276100000000003,-0.07342225999999999,-0.005987548,-0.06665954000000002
64,-0.026940940000000003,-0.060220340000000004,0.013583359999999997,-0.0737091,-0.0069183360000000015,-0.06689758000000001
65,-0.02709046,-0.061199939999999994,0.014239500000000002,-0.07461853999999998,-0.006582639999999999,-0.06787414
66,-0.02741393999999999,-0.06025695999999999,0.013073749999999999,-0.07535552999999999,-0.007035827999999999,-0.06786804
67,-0.028747560000000005,-0.060815419999999995,0.014440919999999996,-0.07438966000000002,-0.007257080000000002,-0.06758117999999999
68,-0.025367045454545458,-0.06311450909090909,0.013995090909090912,-0.0758888909090909,-0.006539084545454544,-0.0692319090909091
69,-0.0210907,-0.05998228,0.016177379999999998,-0.07213744000000001,-0.0032073967999999994,-0.06582640000000001
70,-0.0346466,-0.05976868,0.02079772,-0.07087708,-0.006027228000000001,-0.06551206
71,-0.03297118,-0.058917220000000006,0.018551639999999998,-0.06909483999999999,-0.006121828,-0.06424864
72,-0.03634506363636363,-0.0623168909090909,0.017099563636363637,-0.06393846363636363,-0.009839145454545452,-0.06317693636363636
73,-0.03354491999999999,-0.05662842,0.014474480000000001,-0.0661255,-0.008078002,-0.06167599999999999
74,-0.034651318181818186,-0.06372488181818182,0.018902845454545455,-0.06677382727272728,-0.007628008181818181,-0.06538530000000001
75,-0.038345340000000006,-0.07117616,0.019232179999999998,-0.069458,-0.009799190000000003,-0.0703308
76,-0.036557019999999996,-0.07340086000000001,0.021450819999999995,-0.06838071999999999,-0.005847166000000001,-0.07079161999999999
77,-0.039556879999999996,-0.07460937999999999,0.02029724,-0.07010192000000001,-0.01141358,-0.07253112
78,-0.032702640000000005,-0.061306780000000005,0.018615720000000002,-0.06338197999999999,-0.005993652,-0.06243896
79,-0.02813112,-0.05641174,0.01911926,-0.06141664,0.0011322020000000001,-0.059448240000000006
80,-0.0289917,-0.05762024,0.019287100000000005,-0.06302793999999999,-0.004574583999999999,-0.06033326
81,-0.032757579999999994,-0.049603259999999996,0.01645508,-0.06676939999999998,-0.006771846,-0.058691419999999994
82,-0.0128326,-0.04634090000000001,0.018218999999999996,-0.0666046,0.018218999999999996,-0.0666046
83,-0.0128326,-0.046340900000000004,0.018218999999999996,-0.0666046,0.018218999999999996,-0.0666046
84,-0.0128326,-0.04634090000000001,0.018218999999999996,-0.0666046,0.018218999999999996,-0.0666046
85,-0.015487629999999999,-0.042546049999999995,0.01828308,-0.06858214,0.012268071,-0.06266326000000001
86,-0.01587218,-0.05731047,0.020182810000000002,-0.06554107999999999,0.004530347,-0.061041279999999996
87,-0.01952206,-0.060305779999999996,0.027276599999999995,-0.06225586000000001,0.02021182,-0.06194152000000001
88,-0.01880798,-0.06135864,0.031784059999999996,-0.06369934000000001,0.015423559999999998,-0.06293637999999999
89,-0.02073364,-0.06114808000000001,0.02893064,-0.06307068,0.005319213999999999,-0.06217957999999999
90,-0.04156802,-0.046490471600000007,0.023724379999999996,-0.06405027999999999,-0.005157480000000001,-0.056518540000000006
91,-0.03755742727272727,-0.049986409090909095,0.01749210909090909,-0.060412327272727266,-0.0058468823636363635,-0.05604276363636363
92,-0.034106439999999995,-0.04831848999999999,0.018106099999999997,-0.059577939999999996,-0.0077240009999999994,-0.05403135
93,-0.03340301999999999,-0.05249482,0.017710880000000002,-0.05986937999999999,-0.009292604999999999,-0.0560013
94,-0.03355102,-0.05426635999999999,0.01828612,-0.05958252000000001,-0.008926392,-0.05680236000000001
95,-0.03186172727272728,-0.05340991818181819,0.017696036363636366,-0.058842063636363635,-0.007461545454545456,-0.05610101818181818
96,-0.03093565,-0.05109863,0.01812594,-0.058143639999999996,-0.007051086,-0.054550169999999995
97,-0.030353122222222226,-0.050654111111111115,0.017776488888888886,-0.057518833333333325,-0.006866453333333334,-0.05401441111111111
98,-0.030351127272727273,-0.049911500000000004,0.02052860909090909,-0.056660018181818185,-0.004018611818181818,-0.053427963636363644
99,-0.03163299,-0.05307312000000001,0.021327229999999996,-0.05836335,-0.0012817368000000002,-0.05612183
100,-0.03262633,-0.05408935,0.02092439,-0.057841510000000006,-0.004383852,-0.05609590000000001
101,-0.031097389999999996,-0.05497437000000001,0.01819763,-0.057694999999999996,-0.006626892,-0.056340029999999985
102,-0.03122866000000001,-0.05691834,0.01521912,-0.0559601,-0.007601927999999999,-0.056448359999999996
103,-0.028022063636363635,-0.058911390909090894,0.018463127272727274,-0.05704014545454545,-0.004282171581818182,-0.05793625454545455
104,-0.02191162,-0.05861818,0.023901359999999996,-0.05761414,-0.002926636,-0.05823058
105,-0.023261354545454548,-0.0585021909090909,0.023308500000000006,-0.0574230090909091,-0.0005118630909090909,-0.057990354545454544
106,-0.023469549999999995,-0.0577835,0.022528059999999996,-0.05661010999999999,-0.0007034309,-0.05721741
107,-0.0268219,-0.0578888,0.021850599999999998,-0.05541073999999999,-0.0024200434,-0.056665040000000014
108,-0.02935182,-0.05870053999999999,0.020639039999999997,-0.05370484000000001,-0.00501709,-0.056289679999999995
109,-0.029115181818181814,-0.058811554545454545,0.020854618181818177,-0.0529896090909091,-0.004734384545454545,-0.05598310909090909
110,0.08205102,-0.007414244000000002,0.09963226,3.511000000000347e-05,0.090657089,-0.004129039999999999
111,0.2455122,0.08225555999999999,0.30803539999999996,0.11165630000000001,0.2760344,0.0961195
112,0.2747176,0.08940735,0.31926390000000004,0.11817169999999999,0.299913,0.10582426
113,0.27791580000000005,0.0916931,0.33280629999999994,0.1206346,0.30878449999999996,0.10813760000000001
114,0.2708712727272727,0.08904750000000002,0.338297,0.12289145454545455,0.3008990909090909,0.10408427272727275
115,0.27863770000000004,0.09271081,0.33963139999999997,0.1237822,0.30467370000000005,0.10599509999999998
116,0.28483590000000003,0.09392394000000001,0.33265210000000006,0.12184310000000001,0.3094545,0.10832220000000001
117,0.28221100000000005,0.09374083,0.3327055,0.1204558,0.30516640000000006,0.10586559999999998
118,0.28290627272727276,0.0926916,0.33401627272727274,0.12249763636363632,0.3057266363636364,0.10596263636363636
119,0.2824586,0.09237978,0.3348234,0.122937,0.30730749999999996,0.10684370000000001
120,0.2826644,0.09124909,0.3348126999999999,0.1217347,0.30751200000000006,0.1057373
121,0.2824166363636364,0.09235451818181818,0.33673245454545453,0.11991345454545453,0.3085244545454545,0.10558672727272728
122,0.28297579999999994,0.09217073,0.3572175,0.1219298,0.3171327,0.10582280000000002
123,0.28351590000000004,0.09230957,0.36496120000000004,0.1271469,0.322789,0.1090759
124,0.2869324,0.09451294,0.36388859999999995,0.13044139999999999,0.31981499999999996,0.1096924
125,0.2833238181818182,0.09336019090909091,0.34680463636363634,0.1255548181818182,0.30472927272727274,0.10420921818181818
126,0.2836304,0.09384306999999999,0.30763719999999994,0.1102003,0.2934784,0.10057829999999998
127,0.28391399999999994,0.09405518000000002,0.30894619999999995,0.11458569999999998,0.29520740000000006,0.10328849999999998
128,0.28458259999999996,0.09438019,0.31632230000000006,0.11792610000000003,0.2988647,0.1049668
129,0.28429336363636365,0.09510385454545454,0.323176909090909,0.12023781818181817,0.2999477272727273,0.10519136363636364
130,0.28372660000000005,0.09325867,0.32345270000000004,0.11870589999999999,0.29869710000000005,0.10282900000000002
131,0.2832535,0.09239498999999998,0.3233706,0.12102810000000001,0.3018097,0.10562749999999999
132,0.282274,0.09224853000000001,0.32117300000000004,0.12163389999999999,0.301111,0.10643620000000001
133,0.28115999999999997,0.09228971999999999,0.3235045,0.1242019,0.3007263,0.1069916
134,0.27807170000000003,0.09048613000000001,0.32879179999999997,0.12656249999999997,0.3010773,0.10681460000000001
135,0.2772492,0.0906433,0.3391050000000001,0.1267974,0.3056152,0.10715500000000003
136,0.27677490909090907,0.09058449999999998,0.34290227272727275,0.1262941818181818,0.307656,0.10721527272727274
137,0.27593520000000005,0.09085846000000002,0.3423752,0.1303712,0.30875550000000007,0.11026480000000001
138,0.2759184,0.0897827,0.33244779999999996,0.1323107,0.3007325,0.1082871
139,0.28053436363636364,0.09109357272727273,0.2976297272727273,0.11156400000000001,0.2872273636363637,0.09910307272727276
140,0.281723,0.09291382000000001,0.2956268000000001,0.11202079999999999,0.2879732,0.10148299999999999
141,0.2777178,0.09209746000000002,0.29807750000000005,0.11193849999999998,0.2871185,0.10123140000000001
142,0.27741400000000005,0.09400635,0.30167849999999996,0.11375280000000002,0.2877119999999999,0.1023666
143,0.2777666,0.09383239,0.3060119,0.1140504,0.2901123,0.10266109999999999
144,0.2783386,0.09437408,0.3088957,0.11418139999999999,0.2926254999999999,0.1036378
145,0.27771609999999997,0.09385071,0.3106827,0.11550429999999998,0.2935575999999999,0.10424030000000002
146,0.2760828181818182,0.09102146363636367,0.31865200000000005,0.11925845454545453,0.2924555454545454,0.10181490909090908
147,0.27528839999999993,0.09005126999999999,0.32808999999999994,0.12672429999999998,0.2939436,0.10295859999999998
148,0.2758772,0.08948824999999999,0.3308257,0.1316131,0.2972044,0.10574969999999999
149,0.273358,0.08946686000000001,0.3407103,0.1335175,0.3020218,0.10815269999999999
150,0.2713944,0.08914947,0.339357,0.13498090000000001,0.3023361,0.10989539999999998
151,0.2693283,0.09267426,0.3422392,0.13472140000000002,0.3053728,0.11339859999999999
152,0.2670838,0.09393311,0.34051049999999994,0.1339721,0.3029725,0.11345060000000003
153,0.2640306,0.09510653,0.33606120000000006,0.1296144,0.2965744,0.1106722
154,0.2615998,0.09510652,0.3325532,0.12525619999999998,0.29106289999999996,0.10762640000000001
155,0.25664200000000004,0.09429169,0.32437459999999996,0.12336719999999998,0.2873947,0.10745550000000001
156,0.2523888181818182,0.09254596363636364,0.31503563636363635,0.11819736363636363,0.2780497272727273,0.10303136363636364
157,0.25431349999999997,0.09154512000000001,0.30775310000000006,0.117685,0.2802718,0.1042587
158,0.22472999999999996,0.09845431999999998,0.2811981,0.12477729999999998,0.2519196,0.11105019999999999
159,0.039871192000000014,0.11352709999999999,0.06543421000000002,0.12038579999999999,0.050521839,0.11634499999999999
160,-0.005288698000000001,0.1073227,0.02729645,0.11283119999999999,0.016932682999999997,0.1115339
161,-0.005923461999999999,0.1061782,0.029248050000000005,0.1189621,0.013191230000000002,0.1130096
162,-0.004965209999999999,0.10320879999999999,0.030870049999999993,0.118698,0.010363778999999998,0.10985870000000002
163,-0.007580849090909092,0.10417727272727273,0.027210590909090913,0.114807,0.00435153,0.10785599999999997
164,-0.01378937,0.09962626000000001,0.020552090000000002,0.10782169999999999,0.002610781,0.10355990000000001
165,-0.01497038,0.09781644,0.01875458,0.10744000000000001,0.0020263700000000004,0.10268730000000001
166,-0.014771890909090908,0.09689886363636363,0.0191373,0.10752718181818183,0.0022263963636363635,0.102245
167,-0.0154114,0.09649048,0.01840516,0.10813899999999999,0.0013366692,0.1022798
168,-0.01586152,0.09687499999999998,0.01854858,0.10780819999999999,0.0009490975,0.10223370000000002
169,-0.014765422222222222,0.09667966666666666,0.017957877777777777,0.1089137777777778,0.0008884,0.10255422222222224
170,-0.014527745454545458,0.09509556363636365,0.01777231818181818,0.1091612727272727,0.001004305636363636,0.10187163636363636
171,-0.014103709999999997,0.09543607999999999,0.01605531,0.108789,0.0014587401999999997,0.1023406
172,-0.01206817,0.09582365999999999,0.017001359999999997,0.10845820000000002,0.00393982,0.10280159999999998
173,-0.012320781818181819,0.0961705909090909,0.01888761818181818,0.1079171818181818,0.003989478181818182,0.102331
174,-0.01908419,0.09786530000000002,0.01805725,0.1079329,-0.0018493639999999998,0.10259839999999998
175,-0.02073212,0.0968994,0.0156662,0.10989230000000001,-0.0029327410000000004,0.103389
176,-0.021672069999999998,0.09728242000000001,0.01201325,0.11568610000000001,-0.0041671749999999995,0.1068666
177,-0.02080688,0.09715576000000001,0.0129303,0.11504520000000003,-0.003134158,0.10654320000000002
178,-0.020677159999999993,0.09736174999999998,0.01288147,0.11467750000000002,-0.004069519,0.10594019999999997
179,-0.019839209090909093,0.09655344545454544,0.013814772727272728,0.11262645454545456,-0.0035067463636363635,0.10437027272727274
180,-0.018313579999999996,0.09786682999999999,0.014134249999999996,0.11065500000000002,-0.0023468039999999996,0.1041671
181,-0.021295180000000004,0.09830933999999998,0.015466300000000002,0.11226799999999997,-0.0026672359999999995,0.1054048
182,-0.021046429999999998,0.09788514000000001,0.01583404,0.1130798,-0.0018615740000000002,0.10580590000000001
183,-0.02192383,0.09735106999999998,0.0148758,0.11495819999999998,-0.0021682729999999996,0.10683139999999999
184,-0.022648630000000003,0.09553984999999998,0.013429260000000002,0.1161683,-0.003488161000000001,0.10650789999999999
185,-0.023753379999999998,0.09432983000000003,0.013708499999999998,0.11826790000000001,-0.0042694099999999995,0.10680710000000002
186,-0.026069640000000005,0.09417267,0.013174429999999997,0.11851819999999999,-0.0064636220000000005,0.10636759999999998
187,-0.025923290909090915,0.09524257272727271,0.01317110909090909,0.1187050909090909,-0.007318669999999999,0.10643554545454545
188,-0.024986269999999998,0.09604037000000001,0.01355131,0.11893150000000001,-0.006625364999999999,0.10697480000000001
189,-0.023011780000000003,0.09540711,0.017517079999999997,0.11863850000000001,-0.0032592789999999995,0.10675819999999998
190,-0.02251434,0.09221651000000002,0.01828155,0.1169632,-0.0027969360000000003,0.10420850000000001
191,-0.02555541,0.09007417000000001,0.017811559999999997,0.11256130000000002,-0.002371217,0.1021164
192,-0.029163718181818187,0.08825406363636364,0.018167663636363632,0.11333127272727274,-0.004161487272727272,0.10154163636363635
193,-0.03163299,0.08639527999999999,0.020391829999999996,0.11311639999999998,-0.0055023189999999994,0.09985492
194,-0.032504009090909086,0.08738153636363638,0.021466309090909092,0.11504018181818182,-0.002731324181818182,0.10266927272727272
195,-0.02836304,0.09278561999999999,0.02095644,0.11337879999999997,-0.0021392819999999997,0.1038084
196,-0.027153010000000005,0.09675141000000001,0.020173649999999994,0.11280190000000001,-0.0034576409999999996,0.10481579999999999
197,-0.026759320000000003,0.09731750000000002,0.020149229999999997,0.10934289999999999,-0.003237912,0.1033693
198,-0.02701774545454546,0.0976701272727273,0.020124954545454547,0.1084221818181818,-0.003613557272727272,0.10304527272727274
199,-0.02547914,0.09819946000000002,0.01993714,0.10806279999999997,-0.003652954,0.1029632
200,-0.0233383,0.09865111,0.019775400000000002,0.108043,-0.002561950999999999,0.10320130000000001
201,-0.02288678181818182,0.09745372727272729,0.019145627272727273,0.10784218181818182,-0.0016548845454545456,0.10272636363636364
202,-0.02473278888888889,0.09631346666666668,0.01886835555555556,0.10757611111111112,-0.0029788566666666665,0.10194555555555555
203,-0.026766970000000008,0.09591519000000001,0.018183909999999998,0.1100006,-0.005723568,0.10253780000000001
204,-0.027496319999999998,0.09814606,0.014784229999999999,0.1109435,-0.006556702,0.1044997
205,-0.029026790000000004,0.09892121999999998,0.015290849999999998,0.1167786,-0.005844115,0.1082902
206,-0.03395688,0.09934082000000001,0.014727780000000001,0.116568,-0.008639527999999999,0.108325
207,-0.03548586,0.09317931999999998,0.01200256,0.11605239999999999,-0.009417716000000001,0.1058258
208,-0.04626464545454545,0.09276781818181817,-0.0018629654545454536,0.11460754545454548,-0.021015516363636362,0.10604163636363637
209,-0.25369455555555553,0.11098066666666664,-0.20058344444444445,0.10826786666666666,-0.22875144444444442,0.10824411111111111
210,-0.36680872727272723,0.11092981818181818,-0.2653380909090909,0.0840801,-0.3034791818181818,0.09412996363636364
211,-0.3542038181818182,0.10444918181818184,-0.2726093636363636,0.08379573636363637,-0.30704036363636367,0.09251958181818183
212,-0.3545654,0.1036714,-0.27320859999999997,0.08407898000000001,-0.3200286,0.095401
213,-0.3656678,0.09517521999999998,-0.2835724,0.08111878,-0.31707739999999995,0.08708192
214,-0.3635652,0.09349668000000003,-0.2877016,0.08491822,-0.3215546,0.08877257999999999
215,-0.3670084545454546,0.09408706363636363,-0.2862161818181819,0.08544782727272726,-0.3268267272727272,0.08984515454545457
216,-0.3729188,0.09343262,-0.28594959999999997,0.08677066,-0.3292694,0.09016114
217,-0.3811094,0.09528198,-0.28449700000000006,0.08853757999999998,-0.33169560000000003,0.09192200000000002
218,-0.38185527272727265,0.09440335454545455,-0.2854171818181818,0.08935686363636364,-0.33396890909090915,0.09199661818181816
219,-0.3829318,0.09452514000000001,-0.28588880000000005,0.08919372,-0.33745119999999995,0.09212648
220,-0.38417060000000003,0.09463806,-0.2867430000000001,0.08750916,-0.3407746,0.09155274
221,-0.38431400000000004,0.09371949999999998,-0.28808259999999997,0.08652344000000001,-0.3385104000000001,0.0903778
222,-0.375,0.09397749090909091,-0.2884133636363637,0.08701948181818181,-0.332300090909091,0.09062056363636366
223,-0.37009859999999994,0.09478456000000002,-0.2876894,0.08653564,-0.32898859999999996,0.09072875999999999
224,-0.37005299999999997,0.09572144,-0.288568,0.08594359999999998,-0.3295562,0.09090882
225,-0.37193027272727264,0.09526754545454544,-0.28900418181818177,0.08551855454545455,-0.33042918181818187,0.09043885454545456
226,-0.3704466,0.0949524,-0.2888154,0.08456419999999999,-0.32828660000000004,0.08963317999999999
227,-0.36734919999999993,0.09374390000000002,-0.28850719999999996,0.0844635,-0.32645559999999996,0.08897706
228,-0.37317520000000004,0.09400024,-0.2889372,0.08569333999999999,-0.3312226,0.089917
229,-0.37509036363636367,0.09307720909090907,-0.2888557272727273,0.08605262727272728,-0.33102000000000004,0.08954826363636363
230,-0.36519,0.09461213,-0.28939220000000004,0.08697509,-0.32552489999999995,0.09065859999999999
231,-0.36703800000000003,0.09451906000000002,-0.2894132,0.08711242000000001,-0.32808220000000005,0.09085081999999998
232,-0.36699990000000005,0.09555664999999998,-0.2884628,0.08764495000000001,-0.32960519999999993,0.09184265999999999
233,-0.36586300000000005,0.09433896000000001,-0.28822319999999996,0.0878479,-0.32909560000000004,0.09131774
234,-0.36303719999999995,0.09465944000000001,-0.2872406,0.0877838,-0.3275268,0.09149779999999999
235,-0.3620574,0.09483644,-0.2874664,0.08834228,-0.326657,0.09181520000000001
236,-0.3614136,0.09393006,-0.28724659999999996,0.08949889999999999,-0.3255828,0.09185181999999999
237,-0.36106555555555553,0.0907813,-0.2876687777777778,0.08839755555555555,-0.3260007777777778,0.08969965555555554
238,-0.3622774,0.09238282,-0.28649279999999994,0.08746642000000002,-0.32622999999999996,0.09009703999999999
239,-0.36533819999999995,0.09500122,-0.285721,0.08754577999999998,-0.328061,0.09155884
240,-0.3669799,0.09579926999999996,-0.2855423000000001,0.08829497,-0.32784120000000005,0.09224853
241,-0.366223,0.09725035999999998,-0.28376139999999994,0.08584593999999998,-0.32561019999999996,0.09168094
242,-0.36457989999999996,0.09669952999999999,-0.2836381,0.08517760000000002,-0.3245744,0.09104156999999999
243,-0.36308150000000006,0.09541016,-0.28351460000000006,0.08493347000000001,-0.3236008000000001,0.09026185
244,-0.36142899999999994,0.09492795999999999,-0.28310240000000003,0.08442078000000001,-0.32211599999999996,0.08969728000000002
245,-0.35912179999999994,0.09510194000000001,-0.28285200000000005,0.08419190000000001,-0.32039819999999997,0.08959960000000002
246,-0.35799559999999997,0.0948822,-0.2839112,0.08386534,-0.3198854,0.08924560000000001
247,-0.35770260000000004,0.09194334,-0.28441780000000005,0.0838837,-0.3201598,0.08784484000000001
248,-0.35791290909090917,0.0916012818181818,-0.2843573636363636,0.08488326363636363,-0.32227245454545456,0.08839556363636364
249,-0.3599165,0.09244994,-0.284065,0.08532715,-0.32319329999999996,0.08904417999999999
250,-0.36320489999999994,0.09254302,-0.28518809999999994,0.08520051,-0.3250702,0.08899538
251,-0.36332719999999996,0.09175108000000001,-0.28583379999999997,0.08599854,-0.32393200000000005,0.08888548000000002
252,-0.363147,0.09066466000000002,-0.28593139999999995,0.08818972,-0.32360559999999994,0.08946532
253,-0.36246845454545457,0.08986181818181818,-0.2853531818181818,0.0863245,-0.32333945454545454,0.08813616363636365
254,-0.3622234999999999,0.08680113,-0.28621060000000004,0.08674926000000002,-0.3229478,0.08684235000000001
255,-0.3618284,0.08478698999999998,-0.2855666,0.08696898999999998,-0.32257539999999996,0.08598632
256,-0.36355740000000003,0.085466,-0.2833801,0.08641510999999999,-0.3207353,0.08605497999999998
257,-0.36507559999999994,0.08565064000000001,-0.28325199999999995,0.08630977999999999,-0.3237366,0.08606874
258,-0.37337190000000003,0.07074126,-0.28515949999999995,0.06759645,-0.3323881000000001,0.06963653
259,-0.41075554545454546,-0.018762781818181817,-0.2900001818181818,-0.04576109090909091,-0.3860113636363636,-0.024443216363636364
260,-0.40334460000000005,-0.024392699999999996,-0.2900055,-0.05717164,-0.37085270000000004,-0.0338791
261,-0.3833999,-0.033996580000000005,-0.2810653,-0.05937654999999999,-0.3364547,-0.04582365000000001
262,-0.37776629999999994,-0.03523867000000001,-0.2828185,-0.05775451,-0.32985089999999995,-0.04677277
263,-0.37622081818181824,-0.03487882727272728,-0.2821931818181818,-0.05814431818181818,-0.32924981818181814,-0.04666551818181818
264,-0.377845,-0.03513932222222222,-0.28304033333333334,-0.05901761111111111,-0.33038844444444443,-0.04725647777777778
265,-0.38002545454545444,-0.03550581818181818,-0.283769,-0.0602833181818182,-0.3310282727272727,-0.048301
266,-0.3910641,-0.03202821,-0.286551,-0.06096802,-0.3400177,-0.04639281000000001
267,-0.4016160999999999,-0.02953492,-0.2881196,-0.059776300000000004,-0.34731759999999995,-0.04425965
268,-0.40217279999999994,-0.030947879999999994,-0.2885774,-0.06029358,-0.34379880000000007,-0.04630127999999999
269,-0.4024213636363637,-0.03314624545454545,-0.29088954545454543,-0.06209079090909089,-0.3393665454545455,-0.04976585454545455
270,-0.40284909999999996,-0.034271249999999996,-0.2934019,-0.06315763,-0.34178480000000006,-0.05063783000000001
271,-0.4011781000000001,-0.034687789999999996,-0.2957472,-0.06327667000000001,-0.3479524,-0.049351490000000005
272,-0.4029861,-0.03445739999999999,-0.2975324,-0.06609497,-0.351837,-0.050077819999999995
273,-0.40185260000000006,-0.03479004,-0.2979139,-0.06663666,-0.34731600000000007,-0.05176393
274,-0.4014794545454546,-0.03619384545454545,-0.29758954545454547,-0.0667364,-0.34438118181818184,-0.05324902727272728
275,-0.40090640000000005,-0.04002227,-0.2979019,-0.06634827,-0.3477785000000001,-0.05382843
276,-0.4006485000000001,-0.042723080000000004,-0.29812920000000004,-0.06598664000000001,-0.34784560000000003,-0.05489807
277,-0.39976500000000004,-0.043371599999999996,-0.3002534,-0.06551515,-0.3475861,-0.055180360000000005
278,-0.3992616,-0.04315793999999999,-0.2992004,-0.06553346,-0.3492462,-0.054510499999999996
279,-0.3981335454545455,-0.040599481818181814,-0.2953116363636364,-0.06575289999999999,-0.34755654545454545,-0.05319075454545454
280,-0.3966919,-0.041314699999999996,-0.29252929999999994,-0.06611176,-0.3425813,-0.05441131000000001
281,-0.3986084,-0.04258729,-0.2931503999999999,-0.06583404000000001,-0.34421709999999994,-0.054805000000000006
282,-0.4010727,-0.04477234,-0.2942245,-0.06649626000000002,-0.34707940000000004,-0.055970759999999994
283,-0.39942518181818176,-0.046304872727272725,-0.2953171818181819,-0.06609135454545455,-0.34572545454545456,-0.056730790909090924
284,-0.39626170000000005,-0.04295197,-0.2958418,-0.06744079,-0.34326310000000004,-0.05606230999999999
285,-0.3968408181818182,-0.041290272727272724,-0.295374,-0.0664021,-0.3470983636363636,-0.05381359090909092
286,-0.40118259999999994,-0.04110718,-0.29799499999999995,-0.06708068,-0.3491208999999999,-0.054440310000000006
287,-0.4017307272727273,-0.043117190909090906,-0.29817227272727265,-0.06722189090909093,-0.34976063636363636,-0.05543100909090908
288,-0.4013093,-0.04274597,-0.29839920000000003,-0.06757811999999999,-0.35147239999999996,-0.054988079999999995
289,-0.398996,-0.04237824,-0.2963074,-0.06778107,-0.34806820000000005,-0.055198649999999995
290,-0.39792427272727265,-0.0422391,-0.29442663636363636,-0.06823176363636363,-0.3461845454545454,-0.05545738181818182
291,-0.3985109,-0.04226228,-0.2927489,-0.06778565,-0.345207,-0.05534208
292,-0.3983322,-0.04105223,-0.2925293,-0.06614226,-0.3442292,-0.05410919000000001
293,-0.3978258,-0.040852360000000004,-0.2937257,-0.06460874999999999,-0.34562499999999996,-0.05298309
294,-0.3977905,-0.041629049999999994,-0.294229,-0.06585084000000001,-0.34635459999999996,-0.05386961999999999
295,-0.3962859999999999,-0.043659979999999994,-0.2917129000000001,-0.06716156,-0.34534139999999997,-0.05531768
296,-0.38472655555555557,-0.044245422222222226,-0.2897915555555556,-0.06808299999999999,-0.33588644444444443,-0.0567271
297,-0.3760804,-0.04767609,-0.28871759999999996,-0.06911619999999999,-0.3286975,-0.05945281000000001
298,-0.3779371,-0.05083619,-0.2905289,-0.06604615,-0.3325774999999999,-0.05885618
299,-0.380156,-0.05055999000000001,-0.2914077999999999,-0.06520998000000001,-0.3355772,-0.058047470000000004
300,-0.3804843,-0.05066983999999999,-0.2914705000000001,-0.06505128,-0.3354279,-0.058074959999999995
301,-0.3803055,-0.05044709000000001,-0.2915784,-0.06609496000000001,-0.33624440000000005,-0.05833896000000001
302,-0.37733769999999994,-0.05117798,-0.2894012,-0.06768186999999999,-0.3335495000000001,-0.05953369000000001
303,-0.37658709999999995,-0.05283354999999999,-0.2865906,-0.07020874000000002,-0.3318925,-0.061608869999999996
304,-0.37679,-0.054676800000000005,-0.2846543,-0.07132877000000001,-0.32987350000000004,-0.06331024
305,-0.3767671,-0.05556641,-0.28411580000000003,-0.07223204,-0.33123320000000006,-0.06389771000000001
306,-0.3758527777777778,-0.05556744444444444,-0.28214344444444445,-0.07149762222222221,-0.3326314444444444,-0.06306457777777778
307,-0.3756781818181818,-0.0560303,-0.2805788181818182,-0.07120583636363637,-0.327709,-0.06381780000000001
308,-0.362561,-0.10630036000000001,-0.29353770000000007,-0.10397200999999998,-0.3294524,-0.10509187
309,-0.3488297,-0.1759751,-0.2989821000000001,-0.1920028,-0.3453628,-0.17714380000000002
310,-0.3546793636363636,-0.20391990909090915,-0.25242063636363643,-0.23900836363636363,-0.3534462727272727,-0.20435954545454546
311,-0.3335616,-0.2385133,-0.2656936,-0.23004480000000002,-0.3059464,-0.23465580000000003
312,-0.3412856999999999,-0.2282931,-0.29142149999999994,-0.23235769999999997,-0.30512839999999997,-0.23084260000000004
313,-0.33375954545454545,-0.22980136363636364,-0.2942406363636364,-0.23000827272727278,-0.31028063636363634,-0.23014127272727267
314,-0.3168855,-0.22498620000000003,-0.2960064,-0.22236479999999997,-0.30585169999999995,-0.22361289999999995
315,-0.3419405,-0.2113144,-0.3030258,-0.20948189999999994,-0.3173309,-0.2103422
316,-0.3345169,-0.21952660000000002,-0.30474219999999996,-0.2048858,-0.3156005,-0.21030119999999997
317,-0.2957504,-0.22448419999999997,-0.3047438,-0.20604240000000001,-0.30124660000000003,-0.21332999999999996
318,-0.2969894,-0.22553110000000004,-0.3033235,-0.20601980000000003,-0.30063950000000006,-0.21435530000000003
319,-0.2997061818181818,-0.2242986363636364,-0.2954283636363636,-0.20448172727272726,-0.29726609090909095,-0.21305554545454547
320,-0.3050181111111111,-0.22129644444444446,-0.2971171111111111,-0.20225355555555555,-0.30043877777777783,-0.2102778888888889
321,-0.3065047,-0.2200258,-0.30418690000000004,-0.20327469999999997,-0.30520010000000003,-0.2105194
322,-0.30942229999999993,-0.21880039999999998,-0.3070296,-0.20298940000000001,-0.30808099999999994,-0.2099501
323,-0.31020820000000005,-0.21988990000000003,-0.30707710000000005,-0.20276650000000002,-0.3083663,-0.20972110000000002
324,-0.3375610000000001,-0.21917550000000002,-0.3070723,-0.20244900000000002,-0.3193328,-0.20873270000000002
325,-0.3624998,-0.2182147,-0.3075728,-0.2017851,-0.33219909999999997,-0.20920419999999998
326,-0.362061909090909,-0.21812863636363639,-0.3075615454545454,-0.20094590909090906,-0.33082872727272733,-0.20833236363636365
327,-0.3585494000000001,-0.2153458,-0.308243,-0.20033860000000003,-0.3288116,-0.20651409999999998
328,-0.3507205454545454,-0.21169345454545452,-0.3090014545454545,-0.19983754545454546,-0.32665172727272723,-0.20487818181818182
329,-0.34909060000000003,-0.2113466,-0.30805960000000004,-0.1996672,-0.32687679999999997,-0.2050506
330,-0.34833390000000003,-0.2123246,-0.3051912,-0.20171520000000004,-0.32561359999999995,-0.2067641
331,-0.3489547272727273,-0.2145525454545455,-0.30327145454545457,-0.20168363636363634,-0.32469027272727274,-0.2077399090909091
332,-0.35045010000000004,-0.21529389999999998,-0.3015822,-0.20143450000000002,-0.3242538,-0.2079024
333,-0.3527772,-0.213806,-0.303319,-0.19992079999999998,-0.3262834,-0.20640239999999999
334,-0.3489975,-0.21557619999999997,-0.30830700000000005,-0.19982300000000003,-0.3270539,-0.2070939
335,-0.3466828,-0.21554249999999997,-0.30961439999999996,-0.2007447,-0.3255248,-0.20711060000000003
336,-0.34950719999999996,-0.21303869999999997,-0.30775920000000007,-0.2009705,-0.3270905,-0.20658859999999998
337,-0.3498717272727273,-0.21442927272727277,-0.3039065454545455,-0.20027172727272724,-0.3260735454545454,-0.2071338181818182
338,-0.34922288888888886,-0.21512688888888887,-0.30069477777777776,-0.20115144444444444,-0.32398655555555556,-0.20789088888888888
339,-0.34754169999999995,-0.2156145,-0.29758450000000003,-0.19902360000000002,-0.3192992,-0.20629879999999998
340,-0.34652540000000004,-0.215787,-0.2978896,-0.2008134,-0.3171692,-0.206784
341,-0.36178600000000005,-0.2143738,-0.3023299,-0.20106220000000002,-0.32825630000000006,-0.20691979999999996
342,-0.36320499999999994,-0.2120574,-0.30448300000000006,-0.2013306,-0.330893,-0.2062348
343,-0.36219159999999995,-0.2107698,-0.3057740000000001,-0.20300919999999997,-0.3323794,-0.2067596
344,-0.36172459999999995,-0.20859209999999995,-0.30649280000000007,-0.20596620000000004,-0.3315797,-0.207251
345,-0.3519348,-0.21168359999999997,-0.3074081000000001,-0.20624389999999998,-0.32425999999999994,-0.20832219999999996
346,-0.34642863636363636,-0.21421945454545455,-0.3069111818181817,-0.2039006363636364,-0.31908054545454545,-0.20708518181818178
347,-0.34653140000000004,-0.21539609999999998,-0.30704190000000003,-0.2025988,-0.3230868,-0.20778209999999997
348,-0.3464828,-0.21422409999999997,-0.3058734000000001,-0.2026444,-0.3263578,-0.20852049999999997
349,-0.34822549999999997,-0.21246179999999998,-0.30546860000000003,-0.2021178,-0.3267854,-0.2073089
350,-0.3465646363636364,-0.21353836363636367,-0.3046014545454545,-0.20218572727272727,-0.32578363636363633,-0.20794654545454547
351,-0.34680180000000005,-0.2143586,-0.3037872,-0.20019519999999996,-0.32377019999999995,-0.20679340000000002
352,-0.3442780000000001,-0.21523140000000002,-0.3040466,-0.20102539999999997,-0.32069999999999993,-0.20692760000000004
353,-0.3419814545454546,-0.215644,-0.3029468181818181,-0.20031318181818178,-0.3192404545454546,-0.20673972727272724
354,-0.3397246,-0.21594560000000002,-0.30195620000000006,-0.20061939999999998,-0.31901260000000004,-0.20755619999999997
355,-0.3391557,-0.21624159999999998,-0.3014206,-0.20112479999999996,-0.3190704000000001,-0.2082125
356,-0.3388993,-0.2169234,-0.3019702000000001,-0.2016128,-0.3177795,-0.2081863
357,-0.338591,-0.2176206,-0.3003037,-0.20294320000000005,-0.31854550000000004,-0.20996539999999997
358,-0.30533760000000004,-0.21507560000000003,-0.2681291,-0.20247030000000002,-0.28399349999999995,-0.2080126
359,-0.09084932999999998,-0.19465649999999995,-0.057098308,-0.19443490000000002,-0.06804203999999998,-0.1918609
360,-0.04865417,-0.1987167,0.011932354000000001,-0.21051479999999997,-0.035939019999999995,-0.20087440000000006
361,-0.05264433,-0.19250969999999998,0.009664919999999999,-0.2070586,-0.026222239999999997,-0.1981551
362,-0.044682309999999996,-0.19575979999999998,0.010789488000000002,-0.20288219999999998,-0.012420642999999999,-0.1998199
363,-0.026565545454545456,-0.21084718181818182,0.02032471818181818,-0.20358445454545454,0.007603043636363635,-0.20541099999999998
364,-0.026202400000000004,-0.21867679999999998,0.020629879999999996,-0.2039428,0.0047790556,-0.20911240000000003
365,-0.023822,-0.22152120000000003,0.020477300000000004,-0.20338439999999997,0.00010681165999999998,-0.2117918
366,-0.021084609999999997,-0.22408440000000002,0.019650290000000004,-0.2042388,0.00040435834,-0.21365049999999997
367,-0.01973115,-0.2251706,0.020175139999999998,-0.2046891,0.0029006949999999996,-0.21356349999999996
368,-0.023182679999999997,-0.2237976,0.022727989999999997,-0.20865169999999997,0.0028076164,-0.215231
369,-0.03418664545454546,-0.21737681818181817,0.01920389090909091,-0.20679418181818185,-0.003867410909090909,-0.21143263636363632
370,-0.030471819999999993,-0.2191284,0.017102040000000002,-0.2047026,-0.005078124,-0.211496
371,-0.028576639999999997,-0.22057319999999997,0.016037009999999997,-0.2036606,-0.006263732999999999,-0.21219799999999997
372,-0.02801056,-0.22255390000000003,0.01579895,-0.2033874,-0.007414245999999999,-0.213617
373,-0.028569555555555553,-0.22115433333333331,0.015392722222222223,-0.20410988888888892,-0.00724622888888889,-0.21294855555555553
374,-0.0287878,-0.21979163636363638,0.017052381818181823,-0.2059868181818182,-0.006097966363636362,-0.2130281818181818
375,-0.02849122,-0.22142019999999998,0.01943358,-0.20561220000000002,-0.0038055399999999996,-0.21333939999999996
376,-0.028280640000000003,-0.22303459999999994,0.021517920000000003,-0.20546540000000002,-0.0019500738,-0.2138216
377,-0.02755738,-0.22388919999999998,0.0215149,-0.2051056,-0.0037353499999999997,-0.21485300000000002
378,-0.02677154,-0.22602840000000005,0.02191009,-0.20541520000000002,-0.003306577,-0.21616660000000004
379,-0.026080045454545453,-0.2265110909090909,0.02278553636363637,-0.2072337272727273,-0.003942316363636364,-0.21785118181818183
380,-0.026214619999999994,-0.22666939999999997,0.021670539999999995,-0.20755300000000002,-0.0034088140000000005,-0.21763300000000002
381,-0.026481649999999995,-0.22673810000000003,0.02127382,-0.20701120000000003,-0.002459716,-0.2168868
382,-0.02837440909090909,-0.22582463636363634,0.0219893,-0.20488527272727275,-0.002691094545454545,-0.21524636363636365
383,-0.030365000000000003,-0.2223968,0.02300718,-0.20472420000000002,-0.0027679440000000005,-0.213324
384,-0.03148996363636364,-0.21830745454545458,0.023777354545454547,-0.20438599999999998,-0.005468194545454545,-0.21184463636363635
385,-0.030056779999999998,-0.2183684,0.02329408,-0.20403439999999998,-0.008447258,-0.2126402
386,-0.024054644444444443,-0.22273255555555554,0.020840111111111115,-0.19793166666666667,-0.0038130017777777783,-0.21130044444444446
387,-0.020505045454545456,-0.22236054545454548,0.020425981818181813,-0.19499072727272726,0.0014010343636363636,-0.20777345454545457
388,-0.020915239999999998,-0.22288049999999995,0.020788560000000005,-0.19809589999999996,0.0015624980000000003,-0.20956879999999994
389,-0.02121582,-0.2260374,0.021405039999999997,-0.1995516,0.0018280045999999994,-0.21176740000000005
390,-0.021713259999999995,-0.2284914,0.020498659999999995,-0.20398860000000002,-0.00039672860000000004,-0.2161864
391,-0.02409225454545455,-0.22829945454545458,0.02126799090909091,-0.20567745454545452,-0.0009640783636363636,-0.21683309090909095
392,-0.025036629999999997,-0.22674089999999997,0.02136842,-0.20525670000000001,-0.0009551994000000001,-0.21568740000000003
393,-0.027780160000000005,-0.22527760000000002,0.022589099999999997,-0.20554499999999995,0.00014038100000000002,-0.2144136
394,-0.02767946,-0.22371199999999997,0.022723379999999998,-0.2046112,0.0018341059999999998,-0.21260060000000003
395,-0.028002899999999997,-0.22164319999999998,0.023809780000000003,-0.2040556,0.0006439225999999999,-0.21198440000000002
396,-0.028820819999999997,-0.21938800000000006,0.024218740000000006,-0.20328079999999998,-0.0021240217999999996,-0.21137099999999998
397,-0.030457927272727277,-0.21987927272727273,0.024389118181818183,-0.20300436363636365,-0.00534473909090909,-0.2122428181818182
398,-0.03155213,-0.2187821,0.022650120000000003,-0.2030806,-0.005305480999999999,-0.21126109999999998
399,-0.033280920000000005,-0.2195404,0.02220308,-0.2043917,-0.005247497000000001,-0.21196750000000003
400,-0.03132631,-0.21943359999999998,0.022610450000000004,-0.2051331,-0.004585264,-0.21243439999999997
401,-0.030706779999999996,-0.21927179999999996,0.02321474,-0.2041778,-0.00428467,-0.21196600000000002
402,-0.030044579999999998,-0.21910080000000004,0.0232361,-0.20391860000000003,-0.0030883800000000004,-0.2115052
403,-0.02957916,-0.22110590000000002,0.02099761,-0.2051104,-0.0030303950000000004,-0.2127868
404,-0.028916929999999997,-0.2217028,0.020980860000000004,-0.20524900000000001,-0.0018310556999999999,-0.2128495
405,-0.027962436363636364,-0.22531272727272728,0.02313511818181818,-0.20583263636363636,0.0012942209090909091,-0.21422918181818182
406,-0.025952160000000002,-0.22493579999999996,0.024023419999999997,-0.20723279999999997,0.0016693116000000001,-0.2152316
407,-0.0267334,-0.22383720000000001,0.024066159999999996,-0.2074432,0.0011291504799999998,-0.21491380000000002
408,-0.02759621818181818,-0.22187409090909085,0.023993736363636362,-0.20756645454545455,0.0002233327272727273,-0.21422236363636363
409,-0.020230099999999997,-0.22026660000000003,0.03192444,-0.20742180000000002,0.007467643,-0.21350080000000005
410,0.19844340000000002,-0.1984191,0.2018659,-0.1905488,0.20177016,-0.19271370000000002
411,0.3308807,-0.19690100000000002,0.3358977,-0.19876410000000003,0.33313460000000006,-0.1984529
412,0.3088622,-0.2003692,0.33930360000000004,-0.19224839999999999,0.3104676,-0.20015580000000002
413,0.29692700000000005,-0.1973266,0.34317339999999996,-0.19156179999999998,0.30274940000000006,-0.1965118
414,0.2967848181818182,-0.19892309090909094,0.3435878181818182,-0.19354781818181818,0.2990083636363637,-0.1986831818181818
415,0.29850790000000005,-0.2008422,0.3499618,-0.1937196,0.30574619999999997,-0.1998779
416,0.29902650000000003,-0.20300909999999997,0.34780409999999995,-0.19872579999999998,0.3039199,-0.20253599999999997
417,0.2642106,-0.19922020000000001,0.34458939999999993,-0.1850386,0.27220910000000004,-0.19791720000000002
418,0.2449402,-0.19819939999999997,0.3403354,-0.1920928,0.2593964,-0.1974182
419,0.2845278,-0.1965944,0.33909,-0.19205319999999998,0.29267279999999996,-0.19602360000000002
420,0.2892578,-0.1943512,0.3402649000000001,-0.19720290000000001,0.29620350000000006,-0.1948366
421,0.2904692,-0.19271560000000001,0.34402760000000004,-0.19826339999999998,0.2986694,-0.193582
422,0.28936636363636364,-0.19288063636363637,0.3457140909090909,-0.19815609090909092,0.29744672727272725,-0.1936851818181818
423,0.2885455,-0.1947661,0.3439561,-0.19086899999999998,0.2922532,-0.19451900000000003
424,0.28758110000000003,-0.19526040000000003,0.3428101,-0.1896438,0.29560390000000003,-0.1944748
425,0.28727300000000006,-0.19539445454545454,0.3417981818181818,-0.18961018181818182,0.30365536363636364,-0.1937490909090909
426,0.28615589999999996,-0.1944687,0.3446059,-0.19646599999999997,0.2987596,-0.194687
427,0.26672909090909086,-0.19395563636363633,0.34058172727272723,-0.19573281818181815,0.27760581818181823,-0.19427627272727274
428,0.2551072,-0.19420330000000002,0.34101879999999996,-0.194629,0.2653595,-0.19428399999999998
429,0.2552575454545454,-0.19525436363636361,0.3403655454545454,-0.19404036363636362,0.26086445454545454,-0.1952
430,0.25749222222222223,-0.19901699999999994,0.34078144444444447,-0.19130444444444444,0.2690343333333333,-0.19802177777777774
431,0.25925390909090906,-0.20001081818181818,0.34013363636363647,-0.19889809090909089,0.2719393636363636,-0.19992227272727273
432,0.2622237,-0.20037550000000004,0.3395464,-0.20075829999999995,0.26886920000000003,-0.200444
433,0.2638103636363637,-0.20040900000000003,0.33884899999999996,-0.20281172727272725,0.2783007272727272,-0.20096381818181816
434,0.2630722,-0.20134599999999997,0.3378634,-0.2026887,0.2883148,-0.20193309999999998
435,0.2635742,-0.20114159999999998,0.3351287,-0.2024841,0.2877793,-0.20174419999999998
436,0.2640144444444445,-0.20004611111111106,0.33622100000000005,-0.1973283333333333,0.2833555555555555,-0.19943433333333335
437,0.26422099999999993,-0.20088040000000004,0.33991239999999995,-0.1957197,0.28561240000000004,-0.19952419999999998
438,0.2636001,-0.2010071,0.3425691,-0.19586489999999998,0.2876207,-0.19959409999999997
439,0.2629325454545454,-0.2007611818181818,0.3414516363636364,-0.19359654545454544,0.2870662727272727,-0.19873599999999997
440,0.2622192,-0.19987039999999998,0.3411668,-0.1919005,0.2782805,-0.1983932
441,0.26141040000000004,-0.20021679999999997,0.3427582,-0.1902952,0.2671236,-0.1995848
442,0.2623360909090909,-0.19904690909090908,0.3442730909090909,-0.1898720909090909,0.26617009090909094,-0.19864163636363633
443,0.2893631,-0.20085899999999998,0.3457306,-0.18854669999999998,0.2937074,-0.19994969999999998
444,0.2899584,-0.1978547,0.34138029999999997,-0.1891782,0.2925993,-0.1974275
445,0.2881485,-0.19611499999999998,0.33905930000000006,-0.1905425,0.29289239999999994,-0.1956389
446,0.28868569999999993,-0.19467009999999998,0.3454269,-0.18685600000000002,0.29555359999999997,-0.19382159999999998
447,0.2973814,-0.1920625,0.34442910000000004,-0.1785704,0.30145730000000004,-0.19092399999999995
448,0.30181881818181816,-0.1902160909090909,0.3417911818181818,-0.1724312727272727,0.3064741818181818,-0.18810072727272728
449,0.2968292,-0.18910370000000004,0.33077390000000007,-0.174353,0.30213919999999994,-0.18682859999999998
450,0.28600309999999995,-0.186809,0.3292358,-0.17346370000000003,0.2911865,-0.18523869999999998
451,0.28532270000000004,-0.1870346,0.3263535,-0.1756682,0.2876159,-0.18641340000000003
452,0.28479920000000003,-0.18816980000000003,0.3221542,-0.17915209999999998,0.28903179999999995,-0.18716439999999998
453,0.28501490909090915,-0.18703109090909092,0.32206854545454544,-0.18063200000000001,0.289545090909091,-0.186217
454,0.285224,-0.18356833333333336,0.32370011111111113,-0.16976411111111112,0.2891997777777778,-0.18197966666666668
455,0.2843865454545455,-0.18196672727272728,0.3251688181818182,-0.16112036363636362,0.29242090909090906,-0.17791463636363639
456,0.2856795,-0.1799317,0.32488540000000005,-0.14842980000000003,0.2947935,-0.17251280000000002
457,0.28603690909090906,-0.17844745454545452,0.32782536363636366,-0.14343818181818183,0.30319354545454547,-0.1642622727272727
458,0.27988460000000004,-0.13056341,0.35098450000000003,-0.09672712000000001,0.3183211,-0.11319872
459,0.2796281,-0.045323180000000005,0.318744,-0.03653869,0.31654210000000005,-0.0372116
460,0.2832275,-0.044723500000000006,0.3124453,-0.022702039999999996,0.30150920000000003,-0.031211859999999998
461,0.2776963,-0.04490356000000001,0.31620030000000005,-0.021101389999999998,0.2995284,-0.031475800000000005
462,0.2757630000000001,-0.04974824,0.3156690999999999,-0.02729338,0.29589850000000006,-0.03819882000000001
463,0.2710670909090909,-0.05833571818181818,0.316999909090909,-0.03778075454545455,0.2888725454545455,-0.05035817272727272
464,0.27114720000000003,-0.05751036,0.31694479999999997,-0.03574524999999999,0.2936963,-0.04689940999999999
465,0.271634,-0.05541687000000001,0.3299652,-0.03463899999999999,0.3014662,-0.04487761
466,0.27194680000000004,-0.05352325,0.3473847,-0.03135985000000001,0.3095609,-0.04258422
467,0.27232236363636364,-0.051119709090909085,0.3479227272727273,-0.030979509090909095,0.3102166363636364,-0.041126590909090925
468,0.2720032,-0.05135957,0.34694079999999994,-0.030091860000000005,0.3083604,-0.041149889999999995
469,0.27228111111111114,-0.05211215555555555,0.3439314444444445,-0.03135004444444444,0.3042465555555556,-0.04296027777777777
470,0.2724956363636364,-0.05214482727272727,0.3462789090909091,-0.030574454545454544,0.3031130909090909,-0.04330028181818182
471,0.27298279999999997,-0.053424070000000004,0.3470702,-0.03172303,0.3104828,-0.042536929999999994
472,0.2731262,-0.05634614,0.34653,-0.03040315,0.31171879999999996,-0.04283142999999999
473,0.27415910000000004,-0.05649569000000001,0.3455948999999999,-0.030909730000000003,0.31100760000000005,-0.04342042
474,0.27287690909090906,-0.0550217909090909,0.34605972727272727,-0.030345581818181814,0.3108450909090909,-0.042334809090909094
475,0.2713452,-0.055574040000000005,0.34831829999999997,-0.030529789999999994,0.3105365,-0.04294737999999999
476,0.27075489999999997,-0.0555008,0.347032,-0.03079071,0.3093582,-0.0431183
477,0.26948089999999997,-0.05583802,0.3472046,-0.030484,0.30821540000000003,-0.04332884000000001
478,0.269377,-0.05574544444444444,0.3451995555555556,-0.030371766666666664,0.307173,-0.04322644444444444
479,0.271168,-0.05547124545454545,0.34416490909090913,-0.0302762,0.30790436363636364,-0.042909109090909094
480,0.2728561,-0.0554306,0.34413160000000004,-0.03350526999999999,0.3088563,-0.0444687
481,0.27343772727272725,-0.054858109090909095,0.3434435454545455,-0.03471512727272728,0.30967872727272727,-0.04452651818181819
482,0.27179249999999994,-0.05608827000000001,0.34297469999999997,-0.03542631,0.3084900000000001,-0.045535290000000006
483,0.2708239,-0.05822448,0.34231120000000004,-0.03427579,0.3063035,-0.046458440000000004
484,0.27047879999999996,-0.060493469999999994,0.34417889999999995,-0.032597339999999995,0.3069351,-0.04682159
485,0.2713095454545455,-0.06202281818181818,0.34555354545454553,-0.030340027272727266,0.3093884545454545,-0.04593452727272728
486,0.273227,-0.06078032,0.34462589999999993,-0.02913666,0.3082274,-0.04541626
487,0.27488549999999995,-0.05969698,0.3437209,-0.029309080000000005,0.3091216,-0.04471129
488,0.2751908,-0.06105042000000001,0.34561610000000004,-0.029403679999999998,0.3107653,-0.04521789
489,0.275755,-0.060947,0.34597933333333336,-0.03093974444444444,0.31042299999999995,-0.04627989999999999
490,0.27520769999999994,-0.061784359999999997,0.3466202000000001,-0.03115538,0.3105651,-0.04678193
491,0.2753823636363636,-0.05990046363636363,0.3456891818181819,-0.030471809090909095,0.31147509090909087,-0.044928809090909086
492,0.27475459999999996,-0.06192015000000001,0.3447037,-0.029261770000000003,0.3101458,-0.04553526000000001
493,0.2755007,-0.05983886000000001,0.3449115,-0.029492199999999996,0.31053300000000006,-0.04465791
494,0.27611063636363636,-0.05824417272727272,0.34464754545454546,-0.03019299090909091,0.3100488181818182,-0.04447106363636365
495,0.27492679999999997,-0.05726622,0.34250200000000003,-0.03137514,0.3086576,-0.0444641
496,0.27444480000000004,-0.058743290000000004,0.34103249999999996,-0.03190614,0.30661780000000005,-0.045893859999999995
497,0.2746917,-0.05772708000000001,0.3404879,-0.030178829999999997,0.3051024,-0.04511108
498,0.2758774545454546,-0.05744102727272726,0.3408550909090909,-0.02966031818181818,0.30902918181818184,-0.04340569999999999
499,0.27536180000000005,-0.05332794,0.3424483,-0.030989080000000002,0.3072236,-0.04277649000000001
500,0.2744504,-0.050025940000000005,0.3448274,-0.027247640000000007,0.30684670000000003,-0.039630139999999994
501,0.27425540000000004,-0.04908754,0.34726870000000004,-0.025418099999999992,0.30938119999999997,-0.0378128
502,0.2734375,-0.0500351,0.34618679999999996,-0.025375369999999998,0.3100265,-0.037736490000000004
503,0.2725482727272727,-0.04849520909090909,0.34403709090909096,-0.023671918181818182,0.31329627272727273,-0.034464036363636354
504,0.27151800000000004,-0.04927669999999999,0.34285879999999996,-0.020294200000000002,0.3127226,-0.03272096
505,0.26988819999999997,-0.05018311999999999,0.34468079999999995,-0.0165039,0.30935039999999997,-0.032559199999999996
506,0.2689728,-0.048992900000000006,0.3459136,-0.011260994,0.309326,-0.029379279999999997
507,0.26728539999999995,-0.04577178,0.34590459999999995,-0.007412719,0.3076949,-0.026243579999999996
508,0.27758950000000004,0.00476839,0.33655859999999993,0.037211612,0.29908280000000004,0.01644896
509,0.279337,0.0812128090909091,0.3511115454545454,0.11318954545454546,0.2918437272727272,0.08661026363636362
510,0.27997,0.07981193333333335,0.35574677777777775,0.1243507777777778,0.30632166666666666,0.0949471111111111
511,0.2789489090909091,0.08185785454545455,0.3555491818181818,0.12299554545454545,0.3202151818181818,0.10395954545454544
512,0.28438100000000005,0.08520812,0.3558258,0.122754,0.31780400000000003,0.10271
513,0.28522780000000003,0.08749086,0.352394,0.1173081,0.31478259999999997,0.10051860000000001
514,0.2878204,0.09034271999999999,0.34071660000000004,0.11578380000000002,0.3128679,0.10237270000000001
515,0.28770436363636365,0.09016973636363637,0.33590854545454546,0.1148361818181818,0.31063027272727267,0.10188018181818181
516,0.28818960000000005,0.09039918,0.33615700000000004,0.11584799999999999,0.3119508,0.10297540000000001
517,0.2887838181818182,0.08985900909090908,0.33627190909090915,0.11840390909090907,0.31189518181818177,0.10371936363636364
518,0.28818766666666673,0.08833146666666668,0.33712777777777786,0.11667733333333333,0.31083333333333335,0.10141311111111112
519,0.28809572727272725,0.08766729090909091,0.3377630909090909,0.11573381818181817,0.3115344545454546,0.10087154545454545
520,0.28959039999999997,0.08687133999999999,0.3369814,0.11590280000000001,0.3114382,0.10020135999999999
521,0.2893814545454545,0.08679752727272728,0.33326845454545456,0.11670054545454546,0.30936209090909095,0.1003721818181818
522,0.289264,0.08663634,0.3312652000000001,0.11645520000000001,0.3087404,0.10042717999999999
523,0.2881743,0.08731230000000002,0.3310958,0.1157241,0.30711079999999996,0.09979709
524,0.28841309090909095,0.08713879090909091,0.3311864545454546,0.11586963636363636,0.30577245454545454,0.09875764545454543
525,0.2885528,0.08771362,0.33206479999999994,0.11772160000000001,0.3071168,0.10047312
526,0.2893109090909091,0.08716651818181818,0.3279101818181818,0.11769527272727275,0.305757090909091,0.10013920909090909
527,0.28922739999999997,0.08697511999999999,0.3234678,0.11485599999999999,0.30429680000000003,0.09922181999999999
528,0.2889586,0.08582764000000001,0.3205994,0.1147948,0.30291140000000005,0.09855953999999999
529,0.2877412,0.08622744,0.3208314,0.11619580000000003,0.3009977999999999,0.09819641999999999
530,0.2859009,0.08662261000000002,0.3217452,0.11887059999999998,0.2974854,0.09702605
531,0.28414,0.08791807999999998,0.32433480000000003,0.11698920000000002,0.29894419999999994,0.09858694
532,0.2833528,0.08915102,0.3306854,0.11943039999999998,0.30314620000000003,0.10176079999999998
533,0.2829910909090909,0.08915849090909089,0.3356032727272727,0.12014209090909093,0.30052600000000007,0.09942925454545454
534,0.282437,0.08639524,0.33634339999999996,0.12007160000000001,0.2992676,0.09692993999999999
535,0.28114170000000005,0.08395691000000001,0.33927589999999996,0.12053530000000001,0.3086885,0.10113220999999999
536,0.2800141818181818,0.08399685454545454,0.3418481818181818,0.12098418181818182,0.30798881818181817,0.10065946363636363
537,0.28061255555555553,0.08366562222222222,0.3297357777777778,0.1226892222222222,0.3014323333333333,0.10011115555555555
538,0.28157709090909094,0.08418137272727275,0.32398681818181824,0.11989518181818183,0.30077154545454543,0.10029050000000002
539,0.28199760000000007,0.08532408,0.32182000000000005,0.11874700000000002,0.29858399999999996,0.0991913
540,0.282242,0.08413695,0.3229445,0.119034,0.3005905,0.09981535
