0,0.15657,-0.223938,0.165558,-0.194778,0.161133,-0.209244
1,0.314392,0.0032196,0.308746,0.0460358,0.311676,0.0243378
2,0.3122575,0.003558347,0.3069169,0.04723664,0.3097549,0.024534629999999998
3,0.3122544545454545,0.002115422727272727,0.30746590909090915,0.046894427272727274,0.3100213636363636,0.02375794545454545
4,0.30966179999999993,-0.006864938699999999,0.31663490000000005,0.03923644,0.31300819999999996,0.014974969999999999
5,0.25314354545454537,-0.030520347,0.3248637272727273,0.021770129090909095,0.2597561818181818,-0.021039072727272724
6,0.194901,-0.0509033,0.32867399999999997,0.0075988800000000006,0.194901,-0.0509033
7,0.08682150909090908,-0.11350319090909093,0.1885401818181818,-0.19986253090909092,0.10341190909090912,-0.23709119090909095
8,-0.11256705,-0.06600185999999998,-0.07950744000000001,-0.0035720800000000005,-0.07950744000000001,-0.0035720800000000005
9,-0.12702954545454545,-0.024013165454545456,-0.06938310909090908,0.043408481818181806,-0.09777014545454545,0.008328527272727274
10,-0.13069150000000002,0.0011001598,-0.07264251,0.055117789999999986,-0.09758446000000001,0.032527179999999996
11,-0.13315654545454547,0.004576249000000001,-0.07341142727272726,0.049525872727272734,-0.11110899999999999,0.021566227272727275
12,-0.07238907272727273,-0.05149147827272727,0.0268832,-0.025498800000000002,-0.06409383636363637,-0.048288536363636364
13,-0.057597319999999994,-0.07194518000000001,0.061119069999999984,-0.058963009999999996,-0.034945669000000006,-0.06972197
14,-0.05671843,-0.07344667,0.05861664,-0.06357574,-0.00012664759999999998,-0.06872405
15,-0.055754227272727275,-0.0774230818181818,0.05532559090909091,-0.06746742727272727,-0.001714531818181818,-0.0726901
16,-0.057391349999999994,-0.07941744,0.05306700000000001,-0.07109528999999999,-0.004064939,-0.07551422
17,-0.04756718181818183,-0.08624822727272727,0.05361938181818182,-0.07643542727272727,0.0023332109090909094,-0.08152079090909091
18,-0.04179992,-0.08781433,0.052365110000000006,-0.07871703999999999,0.0037231450000000006,-0.08350982
19,-0.04080200909090909,-0.08904892727272727,0.05456542727272728,-0.07752851818181818,0.005236539999999999,-0.08357931818181817
20,-0.03953689999999999,-0.08808067272727273,0.05634238181818183,-0.07676003636363636,0.008431169090909092,-0.08250701818181817
21,-0.03645632,-0.08590392,0.05688476,-0.0752655,0.009524538,-0.0807526
22,-0.03559723,-0.08568572999999999,0.057978819999999986,-0.07393951,0.01036223,-0.0800049
23,-0.035218672727272735,-0.08554772727272728,0.0591291909090909,-0.07196322727272728,0.011254054545454546,-0.07894894545454546
24,-0.035800189999999996,-0.08320162,0.05917205,-0.07036131999999999,0.011636339999999998,-0.07687986
25,-0.03640051818181817,-0.08317980909090908,0.05984635454545455,-0.07194104545454548,0.012846518181818183,-0.07752297272727272
26,-0.04770202,-0.08303527999999999,0.05074922,-0.06818083999999999,0.007449334999999999,-0.07471925999999998
27,-0.044450263636363625,-0.08894210000000001,0.050867245454545455,-0.07201316363636363,0.00893332181818182,-0.07954543636363637
28,-0.043328036363636364,-0.08919180000000002,0.053848272727272724,-0.07299111818181818,0.001510622727272727,-0.08181624545454545
29,-0.04311218,-0.08770142,0.05338438000000001,-0.07565001999999998,0.0034301780000000003,-0.08200378
30,-0.043047836363636356,-0.08687660909090908,0.053193518181818174,-0.0756295090909091,0.005380807272727272,-0.08131406363636363
31,-0.0426178,-0.08588561999999998,0.05153809999999999,-0.07518004000000002,0.003503416,-0.08073118000000001
32,-0.04324186,-0.08398134000000002,0.05180970999999999,-0.07702484000000001,0.003108216,-0.0806778
33,-0.0435236090909091,-0.08382068181818182,0.052006118181818176,-0.07892956363636365,0.003487325454545455,-0.08150968181818183
34,-0.04060362,-0.08634338,0.05442201,-0.07901612,0.006993102000000001,-0.08276826000000001
35,-0.03862414545454545,-0.0860234909090909,0.05414650000000001,-0.07923194545454544,0.00651689,-0.08280806363636363
36,-0.037091059999999995,-0.08576049999999999,0.05361938000000001,-0.08006287999999999,0.007266236000000001,-0.08306271999999999
37,-0.03713988181818182,-0.08598602727272725,0.05387324545454544,-0.07971329090909092,0.008346556363636364,-0.0829329
38,-0.03774872,-0.08650818,0.05342408,-0.07940672,0.008215334,-0.08301695999999999
39,-0.03804154545454545,-0.08411893636363638,0.05367763636363636,-0.07874366363636365,0.00811074,-0.08149996363636362
40,-0.0383273,-0.08318538181818182,0.05385520909090911,-0.07848843636363638,0.008837613636363637,-0.08086879090909091
41,-0.04031984000000001,-0.08338623999999999,0.05194396,-0.07939760000000001,0.007162475999999999,-0.08141785999999998
42,-0.04107943636363636,-0.08312990909090909,0.05189516363636362,-0.07916676363636364,0.0070232036363636376,-0.08117120909090908
43,-0.04353748181818182,-0.08104220909090909,0.050707709090909096,-0.08025706363636363,0.004182296363636365,-0.08070927272727273
44,-0.043885654545454546,-0.07837469999999999,0.050287418181818186,-0.07916677272727274,0.001969772727272727,-0.07885603636363638
45,-0.04422912,-0.07683411999999998,0.050521859999999995,-0.07592774,0.00209961,-0.07648621999999998
46,-0.04484973636363636,-0.07744806363636363,0.050541263636363645,-0.0751634090909091,0.0008988823636363639,-0.07643960909090909
47,-0.044903540000000006,-0.07816464,0.050177000000000006,-0.07550658,0.00040283279999999994,-0.0769806
48,-0.04431567272727273,-0.07915706363636364,0.04971728181818183,-0.0749040090909091,0.0018005381818181816,-0.07715817272727271
49,-0.04393922,-0.07794498000000001,0.047485360000000004,-0.07449648,0.0017364499999999998,-0.07630309999999998
50,-0.045221518181818174,-0.07761728181818182,0.04651018181818181,-0.07406755454545456,-0.0009016568727272726,-0.07598323636363637
51,-0.04545179090909091,-0.07711097272727273,0.045770845454545454,-0.07488457272727272,-0.00031072436363636366,-0.07609140909090907
52,-0.04415283999999999,-0.07644653999999998,0.04757998,-0.07472534,0.0021484388,-0.07565308000000001
53,-0.03762264545454545,-0.070952,0.050806218181818186,-0.07271229090909091,0.006806806363636364,-0.07190358181818181
54,-0.03363648,-0.06832582000000001,0.051544200000000005,-0.07102662000000001,0.009970106000000001,-0.06976318000000001
55,-0.03359292727272728,-0.07671565454545454,0.05125980000000001,-0.07083269999999998,0.008331298181818185,-0.07388999090909092
56,-0.03386536,-0.07828674,0.051406839999999995,-0.07107848000000001,0.00862427,-0.07476806
57,-0.03511187272727273,-0.07759648181818184,0.05178416363636362,-0.07383452727272727,0.009291214545454545,-0.07574463636363638
58,-0.03708496,-0.07705688000000001,0.05220029999999999,-0.07441710000000001,0.00666809,-0.07584227999999998
59,-0.0356376,-0.0770859909090909,0.053491754545454545,-0.07476944545454545,0.00756975,-0.0760387090909091
60,-0.03403016,-0.07818909999999998,0.05234071999999999,-0.07443543999999999,0.009555046,-0.07636719999999998
61,-0.0315524,-0.07869647272727275,0.050990718181818176,-0.07446706363636361,0.008854254545454545,-0.07668652727272728
62,-0.03283384,-0.07876892000000002,0.050015239999999996,-0.07415772000000001,0.006143186,-0.0766693
63,-0.03347085454545454,-0.07900722727272728,0.05096849999999999,-0.07444347272727271,0.007855500909090908,-0.07684604545454544
64,-0.0335637909090909,-0.07855641818181819,0.05027494545454545,-0.0763633,0.00855047090909091,-0.07751882727272727
65,-0.03356016,-0.07865906000000003,0.04991152000000001,-0.07722472,0.0073150640000000005,-0.07802734000000001
66,-0.033942509090909095,-0.07772134545454545,0.04841892727272727,-0.07704162727272727,0.006749932727272728,-0.07745084545454545
67,-0.034806690909090915,-0.07712208181818182,0.050351236363636365,-0.07614830000000002,0.007547552727272727,-0.07670593636363637
68,-0.03562928,-0.07698363999999999,0.04990234,-0.07557372,0.0068481440000000005,-0.07634889999999998
69,-0.03526,-0.07749024000000002,0.05113217999999999,-0.07535096000000001,0.006997682000000001,-0.07651064
70,-0.03485524545454544,-0.07771022727272726,0.050917199999999996,-0.07673366363636364,0.006938589090909092,-0.07731071818181817
71,-0.033832881818181816,-0.07750215454545455,0.05100041818181818,-0.07717894545454546,0.008820960000000001,-0.0774092
72,-0.0340493,-0.07802373636363637,0.049376054545454545,-0.07791136363636363,0.007414378181818182,-0.07804315454545453
73,-0.03617706,-0.07782439,0.04791871,-0.07668760000000002,0.0042190560000000005,-0.07734832999999999
74,-0.0376906,-0.0777907,0.04848412727272728,-0.07624402727272726,0.004530471818181819,-0.07710404545454547
75,-0.03818968,-0.07525942,0.04725037,-0.0757843,0.004067994,-0.07558596000000001
76,-0.03934023999999999,-0.07189944,0.04684752,-0.07623596000000002,0.00322876,-0.07412414000000002
77,-0.039815718181818185,-0.07181618181818182,0.04725508181818181,-0.0747223,0.0019184481818181817,-0.07326992727272728
78,-0.03994195454545454,-0.07142915454545454,0.04900703636363637,-0.0733836909090909,0.0029976599999999996,-0.0724404
79,-0.039645379999999994,-0.07157592,0.04991456000000001,-0.07474976000000001,0.0049591060000000005,-0.07323304
80,-0.03904724,-0.07179262,0.04853209999999999,-0.07455750000000001,0.005117797999999998,-0.07326049999999999
81,-0.039514736363636366,-0.0728718,0.0488281,-0.07403147272727273,0.0052018609090909084,-0.07353487272727272
82,-0.039362145454545444,-0.07333094545454545,0.04855483636363636,-0.07609972727272728,0.004480535454545454,-0.07478610909090909
83,-0.03980713,-0.07337186999999999,0.04811554999999999,-0.07740782,0.004067993000000001,-0.07546235
84,-0.04052178181818182,-0.07364723636363638,0.04792090909090909,-0.07754516363636363,0.004232232727272727,-0.07569193636363637
85,-0.036253350000000004,-0.07599488,0.04827271000000001,-0.07720487000000001,0.006599425000000001,-0.07668
86,-0.03166337272727273,-0.07739812727272728,0.05028047272727272,-0.07845235454545454,0.00898880909090909,-0.07798767272727274
87,-0.032583600000000004,-0.07802425999999998,0.05251158,-0.07733764,0.008807373999999998,-0.07775878
88,-0.03231117272727273,-0.07872563636363636,0.05315192727272728,-0.07848426363636364,0.009421600909090909,-0.0786798909090909
89,-0.03119811,-0.07972869,0.05363464,-0.07839814,0.010029600999999999,-0.07914731
90,-0.03067155454545455,-0.07914595454545455,0.0546306090909091,-0.07836637272727275,0.012218136363636363,-0.07882413636363635
91,-0.03111875,-0.07916872,0.05358429,-0.07748258999999999,0.01174013,-0.07839357
92,-0.03282857272727273,-0.07675864545454546,0.05345569090909091,-0.07670452727272728,0.010907263636363641,-0.07680442727272727
93,-0.03204802999999999,-0.07767029,0.05336917000000001,-0.07767639000000001,0.01088561,-0.07774353
94,-0.03218494545454545,-0.07768389999999999,0.053853809090909095,-0.07825122727272726,0.010022257272727274,-0.07803761818181817
95,-0.031134872727272726,-0.07884078181818183,0.05381911818181819,-0.07877555454545455,0.010843454545454543,-0.07887820909090909
96,-0.03107759,-0.07868652000000001,0.05383454,-0.07864378000000001,0.01131286,-0.07873380999999999
97,-0.03129023636363636,-0.07974243636363637,0.053527845454545454,-0.07821514545454546,0.010507768181818181,-0.07905997272727272
98,-0.03174438,-0.08049011000000002,0.05282440000000001,-0.07658693,0.009640509000000002,-0.07864839000000001
99,-0.032183563636363634,-0.08091042727272729,0.052007481818181815,-0.07553793636363636,0.009841927272727273,-0.0782984
100,-0.03545837,-0.07916716,0.0510742,-0.07530973999999999,0.0072204589999999985,-0.07733155
101,-0.042674672727272725,-0.07403703636363637,0.040191663636363624,-0.08042075454545453,-0.00029546272727272725,-0.07737591818181819
102,-0.042352320000000006,-0.07183838000000001,0.04933168000000001,-0.07460936,-0.0033294659999999997,-0.07308652
103,-0.0413388,-0.07309376363636363,0.049860190909090905,-0.07400652727272727,0.004916103636363637,-0.07363333636363635
104,0.02916223636363636,-0.04702897272727273,0.08672412727272727,-0.0518771,0.057002658181818176,-0.047583845454545456
105,0.26734300000000005,0.07059022000000001,0.2465455,0.07433623,0.2588012,0.07305297999999999
106,0.2757305454545454,0.08005313636363635,0.2735359090909091,0.10026127272727271,0.27558900000000003,0.0832019909090909
107,0.27306027272727273,0.08128494545454545,0.26558081818181817,0.09682118181818183,0.27117763636363634,0.08518427272727273
108,0.2881884,0.08933265,0.2787903,0.09764402000000001,0.28517139999999996,0.0923995
109,0.33255263636363636,0.10068449090909092,0.346461909090909,0.1309009090909091,0.33302454545454546,0.10151267272727273
110,0.3435273,0.10417950000000001,0.3508195999999999,0.1320725,0.3446503000000001,0.11138
111,0.35109490909090907,0.10604863636363637,0.34879236363636373,0.12994936363636359,0.34990763636363637,0.11859972727272726
112,0.3490724545454546,0.10284963636363637,0.3510825454545455,0.13003127272727275,0.35012009090909085,0.11665899999999998
113,0.3455095,0.09990393,0.3522032,0.1296155,0.3489029999999999,0.11479329999999999
114,0.3435322727272727,0.09735107272727274,0.35374045454545455,0.12714727272727275,0.3485119090909091,0.11175645454545453
115,0.3415894,0.09887237,0.3539169,0.12483689999999999,0.34785320000000003,0.11199029999999999
116,0.34114063636363634,0.0978782181818182,0.3538984545454545,0.12304545454545456,0.34777681818181816,0.11091627272727274
117,0.33941809999999994,0.09789123,0.35727390000000003,0.123201,0.348256,0.11041729999999998
118,0.3390339090909091,0.09714023636363635,0.3564620909090909,0.12253500000000002,0.3470389090909091,0.10874672727272729
119,0.3448104,0.09807891,0.3589692,0.13005510000000003,0.35090200000000005,0.11184390000000002
120,0.34758663636363635,0.09904058181818182,0.3571803636363636,0.13195136363636362,0.35186509090909096,0.11363345454545457
121,0.34718010000000005,0.10011898000000001,0.35489820000000005,0.1331407,0.35094759999999997,0.11603850000000002
122,0.3460330909090909,0.10091763636363636,0.3539872727272727,0.13241581818181816,0.35002972727272724,0.11653981818181819
123,0.3419109999999999,0.10138240000000001,0.35397799999999996,0.1323103,0.3479233,0.11667190000000001
124,0.33985054545454546,0.10026420909090908,0.3549293636363636,0.1316638181818182,0.34721663636363637,0.11551045454545453
125,0.3389620000000001,0.10122393,0.3565828,0.13300810000000002,0.3474258,0.1163987
126,0.3397857272727273,0.10115309090909093,0.35733599999999993,0.1321218181818182,0.34833872727272736,0.11617463636363635
127,0.3394167,0.10161279999999999,0.3563995999999999,0.1321548,0.34799959999999996,0.1169739
128,0.3386118181818182,0.10142390909090909,0.3576671818181818,0.1315600909090909,0.3479904545454545,0.1161900909090909
129,0.336847,0.1019577,0.35724370000000005,0.13123169999999998,0.3466765,0.1159914
130,0.3368863636363636,0.10233500000000001,0.3577811818181818,0.131159,0.3471817272727273,0.11646745454545454
131,0.3377123,0.10362559999999998,0.35891439999999997,0.13039689999999998,0.3483918,0.1170579
132,0.33789481818181816,0.10440754545454545,0.3597912727272728,0.13126727272727273,0.3489478181818182,0.11791718181818181
133,0.3370604,0.10470589999999999,0.36094950000000003,0.1320862,0.3487213,0.1180207
134,0.3370277272727273,0.10402454545454544,0.36372800000000005,0.1335976363636364,0.3501409090909091,0.11849027272727271
135,0.33665480000000003,0.1034533,0.36426379999999997,0.13305070000000002,0.3508470999999999,0.11860820000000001
136,0.33759081818181813,0.10308,0.3632091818181818,0.13364627272727272,0.35141545454545453,0.11950963636363633
137,0.33830109090909083,0.10238527272727273,0.3633631818181819,0.1322242727272727,0.35158745454545454,0.11814881818181817
138,0.3376692,0.10141301,0.3631881,0.1307159,0.35067600000000004,0.1162782
139,0.3375947,0.09880981999999999,0.3639756,0.1284226,0.35088519999999995,0.11366879999999999
140,0.33779645454545454,0.10074134545454547,0.3626626363636364,0.12718354545454544,0.35052063636363634,0.11422181818181819
141,0.33754954545454546,0.10204218181818181,0.3639470000000001,0.12668945454545455,0.35091618181818185,0.11448536363636362
142,0.33691250000000006,0.10181589999999999,0.36265430000000004,0.12568220000000002,0.349791,0.1137253
143,0.3335584545454545,0.1010284,0.3635127272727273,0.12534536363636364,0.3478616363636364,0.11260009090909091
144,0.33338227272727267,0.10141963636363638,0.3618912727272727,0.12408045454545454,0.3465631818181818,0.11187054545454546
145,0.33317070000000004,0.10049761000000001,0.3618759,0.12375339999999999,0.34725340000000005,0.11187119999999999
146,0.33083545454545454,0.09814177272727273,0.3617277272727273,0.1246323636363636,0.3458112727272727,0.11093836363636365
147,0.3295425,0.0971985,0.36059719999999995,0.12689679999999998,0.34419420000000006,0.11115560000000002
148,0.32875481818181823,0.09683644545454545,0.3593028181818182,0.12799772727272726,0.3437043636363637,0.11202718181818185
149,0.3352356,0.09745036,0.35779409999999995,0.1264298,0.3463867,0.1117556
150,0.3334807272727272,0.10019756363636363,0.356713,0.12258509090909091,0.34479463636363633,0.11105199999999997
151,0.3341125,0.1023958,0.3542588,0.1246979,0.3437228,0.1130033
152,0.3338012727272728,0.10164145454545453,0.35693236363636355,0.12617363636363638,0.3450343636363636,0.11350581818181818
153,0.33310389999999995,0.1005768,0.35921159999999996,0.12642499999999998,0.34608300000000003,0.1133772
154,0.2948719090909091,0.09070380909090908,0.30136500000000005,0.11397618181818184,0.2998422727272727,0.0978449
155,0.04183501740000001,0.09283447,0.0924713,0.10170586000000001,0.06206359,0.09414828000000001
156,0.0030462127272727277,0.09753835454545454,0.06375538181818181,0.1094110909090909,0.023580381818181815,0.10157516363636364
157,0.0015502944000000002,0.09604644,0.06059266,0.1089507,0.026788319999999997,0.10161438
158,-0.000894721090909091,0.09500676363636362,0.06709427272727274,0.11025709090909092,0.031637009090909086,0.10236300000000002
159,-0.029159549999999996,0.08200988000000001,0.035166939999999994,0.11291680000000001,0.014773572999999998,0.10341639999999999
160,-0.032168327272727275,0.08361261818181817,0.023678863636363637,0.11014909090909092,-0.001735339090909091,0.09802796363636364
161,-0.031652809999999997,0.08605499000000001,0.02369079,0.11145019999999999,-0.004866026000000001,0.09836428
162,-0.032638572727272726,0.0874300818181818,0.024827445454545457,0.10982427272727273,-0.003556686363636363,0.09879926363636363
163,-0.03377228,0.08613892,0.02539975,0.1084533,-0.0038726789999999995,0.09746094000000001
164,-0.03497036363636363,0.08289268181818178,0.025267154545454543,0.10664381818181817,-0.00528508909090909,0.09464332727272726
165,-0.036625670000000006,0.08006439,0.0269806,0.10717189999999999,-0.00582886,0.09324494000000001
166,-0.0377960090909091,0.07489012727272727,0.027841736363636363,0.10776472727272726,-0.004663641818181818,0.09154719999999998
167,-0.03846589,0.07394716,0.02812348,0.10764789999999999,-0.004379272000000001,0.09126128
168,-0.03950499090909091,0.07308958181818181,0.028239854545454555,0.10697109090909089,-0.004934138181818182,0.09044022727272726
169,-0.04095611,0.07318878999999999,0.028096009999999998,0.10590980000000001,-0.006149293000000001,0.08974761999999999
170,-0.04020412727272727,0.07479025454545454,0.02933710909090909,0.10784218181818182,-0.005063142727272728,0.0915568909090909
171,-0.040325910000000006,0.07678679,0.03009033,0.10846249999999999,-0.004432677000000001,0.09300386000000001
172,-0.04038848,0.07640226000000001,0.029966729999999997,0.1079421,-0.005229186,0.09223481000000001
173,-0.04146785454545455,0.07559899090909092,0.02972136363636364,0.10924472727272727,-0.006288009090909091,0.09229349090909089
174,-0.04067991818181818,0.07423678181818182,0.030149963636363634,0.10829436363636363,-0.005991157272727272,0.09097982727272727
175,-0.040388490000000006,0.07541962999999999,0.03183288000000001,0.1074659,-0.004595947,0.09137268000000001
176,-0.039944754545454535,0.07607199999999999,0.032674609090909086,0.10759799999999999,-0.004026933636363637,0.09173168181818182
177,-0.041213980000000004,0.0772522,0.029425059999999992,0.11076679999999998,-0.006686402000000001,0.09370421999999999
178,-0.04216281818181818,0.07407586363636365,0.022012881818181815,0.11251000000000001,-0.00977393818181818,0.09353637272727272
179,-0.0436951,0.07463685,0.021855140000000002,0.1130263,-0.010488888000000004,0.09415282000000003
180,-0.04384820000000001,0.07523415454545455,0.02209887272727273,0.11185781818181818,-0.010682552727272728,0.0937180909090909
181,-0.04421082,0.07611695999999998,0.022393800000000002,0.11012899999999999,-0.011135860000000001,0.09307251999999999
182,-0.04541291818181818,0.07497476363636363,0.020577190909090905,0.11077463636363638,-0.01225420909090909,0.09303146363636365
183,-0.04546204,0.07534484,0.01686096,0.1091278,-0.013235480000000003,0.09287416000000001
184,-0.045779145454545464,0.07588194545454545,0.01733674545454545,0.109296,-0.013961790909090908,0.09278176363636365
185,-0.04533996,0.07428894,0.01955872,0.1100894,-0.01304932,0.09216919999999999
186,-0.0429951,0.07414799090909091,0.022591336363636364,0.11259318181818183,-0.013280700000000001,0.09160683636363637
187,-0.04378814000000001,0.07567748999999999,0.02750243,0.11172490000000002,-0.009552008,0.09291077
188,-0.044029945454545465,0.07906410909090908,0.030316445454545447,0.1124378181818182,-0.005769209090909091,0.09631763636363636
189,-0.0420624,0.07832185,0.029870619999999997,0.11513219999999999,-0.005128479,0.09730376
190,-0.04398193,0.07838439999999999,0.02915801,0.11603699999999999,-0.0064468400000000006,0.09778749
191,-0.04411038181818182,0.0760498,0.028811390909090906,0.11490836363636364,-0.006912229999999999,0.09596111818181817
192,-0.045428190909090914,0.07591803636363638,0.029503554545454547,0.11368772727272729,-0.008124613636363638,0.0948097909090909
193,-0.04466247999999999,0.07514344,0.029068,0.11236280000000001,-0.00859375,0.09342652
194,-0.04449048181818181,0.07494561818181819,0.02881830909090909,0.1116680909090909,-0.009063722727272728,0.09276926363636363
195,-0.04531403,0.07377778000000002,0.027894580000000002,0.11194599999999999,-0.008522031999999999,0.09304503
196,-0.043771909090909104,0.07240990909090908,0.028242627272727274,0.11043054545454546,-0.007160533636363638,0.09181352727272726
197,-0.0492859,0.05347595399999999,0.034500119999999995,0.07313842000000001,0.007376091999999999,0.06448667999999999
198,-0.0973371090909091,-0.052447284545454546,-0.04848544545454545,-0.08557400454545455,-0.07183135454545454,-0.04828996363636364
199,-0.09140938000000001,-0.045196539999999986,-0.10838926240000005,-0.22443852000000003,-0.13430478800000004,-0.17919315400000002
200,-0.030686940000000003,0.04542085,0.045355219999999995,0.08597706,-0.02668608,0.04764097
201,-0.04598998181818182,0.062499990909090926,0.04249434545454545,0.06361803636363636,-0.03504805454545454,0.06246670000000001
202,-0.03946476363636364,0.07400927272727274,0.026318663636363628,0.08828874545454544,-0.022852119454545457,0.0765186909090909
203,-0.03930817000000001,0.08072812999999998,0.02560881,0.09894102,-0.004515076099999999,0.09063569
204,-0.049985009090909104,0.07651310909090908,0.011689636363636362,0.09732612727272727,-0.014681729363636365,0.08822077272727274
205,-0.21326299999999998,0.08392342,-0.222708,0.11582339999999999,-0.21706860000000003,0.10531626000000001
206,-0.2844848181818181,0.10174027272727275,-0.33038209090909093,0.13565345454545455,-0.3118201818181819,0.12239336363636362
207,-0.28756119999999996,0.10550539999999997,-0.3276516,0.1326506,-0.30125740000000006,0.114801
208,-0.2917051818181818,0.10696972727272729,-0.32475699999999996,0.13283463636363635,-0.3071579090909091,0.11904218181818181
209,-0.3065124000000001,0.10408921999999998,-0.3549714,0.13835760000000003,-0.3302796,0.1206788
210,-0.338196,0.10596927272727275,-0.4203975454545455,0.16307054545454547,-0.37924336363636363,0.13478763636363636
211,-0.332971,0.104965,-0.42208860000000004,0.15699140000000003,-0.37261059999999996,0.1280212
212,-0.3339606363636364,0.10727636363636361,-0.42168918181818177,0.15629581818181817,-0.3787758181818182,0.13219090909090905
213,-0.332782,0.10580160000000001,-0.4180148,0.15500799999999998,-0.375528,0.1303466
214,-0.3298526,0.10304280000000002,-0.41544799999999993,0.1527192,-0.3708894,0.1267366
215,-0.3278695454545455,0.10112132727272728,-0.4103239090909092,0.14786709090909092,-0.36868409090909093,0.12414281818181822
216,-0.328021,0.09815982,-0.4121734,0.144046,-0.37121879999999996,0.1216126
217,-0.33162472727272724,0.09384985454545453,-0.4159213636363637,0.14388490909090906,-0.37344772727272724,0.11852481818181816
218,-0.3527618,0.10488299999999999,-0.4240112,0.14897159999999998,-0.3977632,0.13260500000000003
219,-0.3543755454545454,0.10667954545454546,-0.42173372727272723,0.15013127272727275,-0.3957741818181818,0.1333812727272727
220,-0.35187080000000004,0.10787379999999998,-0.4228088,0.14919739999999998,-0.3880248,0.12883280000000003
221,-0.35199390909090905,0.10814054545454543,-0.4241,0.1502588181818182,-0.3879964545454545,0.12906581818181817
222,-0.35150139999999996,0.1078214,-0.4275542,0.15007320000000002,-0.3910342,0.12969959999999997
223,-0.34456690909090915,0.10457683636363636,-0.42073627272727276,0.14753445454545452,-0.382824909090909,0.12616245454545452
224,-0.3396743,0.10677650000000001,-0.42136250000000003,0.1494322,-0.37971660000000007,0.12760770000000002
225,-0.3397429999999999,0.1091642,-0.4218902,0.1518158,-0.3803894,0.13017600000000001
226,-0.34046509090909094,0.11049036363636361,-0.4208900909090909,0.15072218181818184,-0.3793680909090909,0.12988281818181818
227,-0.3425142,0.11176139999999998,-0.4214262,0.15559099999999998,-0.38157659999999993,0.13342579999999998
228,-0.3484189999999999,0.11801836363636363,-0.4276871818181819,0.16039345454545456,-0.3873885454545455,0.13879399999999997
229,-0.3503814,0.11966839999999998,-0.42778920000000004,0.1678864,-0.39075000000000004,0.1447172
230,-0.34634654545454546,0.11664909090909088,-0.42732499999999995,0.16950163636363638,-0.38769227272727275,0.1434840909090909
231,-0.345996,0.11491379999999998,-0.4248138,0.1661804,-0.386084,0.1408386
232,-0.34382481818181815,0.11488345454545454,-0.4243872727272727,0.16649836363636367,-0.38212872727272723,0.13925445454545457
233,-0.3440703,0.1160187,-0.4257294,0.1669755,-0.3803817,0.13852990000000004
234,-0.3454812727272727,0.11888963636363638,-0.4290368181818182,0.1729598181818182,-0.3842137272727273,0.14382263636363637
235,-0.34814300000000004,0.11913460000000001,-0.431906,0.1746934,-0.39066009999999995,0.14716339999999997
236,-0.3517290909090909,0.11689763636363636,-0.42656218181818184,0.1697663636363636,-0.39048890909090905,0.14413172727272727
237,-0.3546478,0.1137328,-0.4256192,0.17035519999999998,-0.39090579999999997,0.1424316
238,-0.356421,0.11221620000000002,-0.42649220000000004,0.1717042,-0.3915162,0.1417694
239,-0.35608181818181817,0.10890209090909092,-0.429775,0.17000354545454543,-0.39361154545454546,0.139779
240,-0.35297036363636364,0.10715963636363636,-0.43286990909090917,0.1672530909090909,-0.39330090909090915,0.1372541818181818
241,-0.35124809999999995,0.10591569999999999,-0.4335294,0.1646989,-0.39253689999999997,0.1351883
242,-0.351729090909091,0.1054009090909091,-0.4310469090909091,0.16062927272727273,-0.3929692727272727,0.13391672727272727
243,-0.3549284,0.10582880000000001,-0.4293718000000001,0.15917050000000002,-0.391533,0.13186170000000003
244,-0.3570031818181818,0.10427972727272729,-0.43269627272727273,0.16083736363636364,-0.39305518181818183,0.1309952727272727
245,-0.35555280000000006,0.10451199999999998,-0.4375456,0.16260550000000001,-0.3977099,0.1341659
246,-0.3442340909090909,0.10227692727272729,-0.4313036363636363,0.16044890909090911,-0.38864681818181823,0.13172218181818185
247,-0.32374120000000006,0.10344086,-0.4239531,0.16047970000000003,-0.3888153,0.14041589999999998
248,-0.3260804,0.10234380000000001,-0.42158500000000004,0.15982359999999998,-0.382788,0.1363496
249,-0.32505645454545457,0.10425900000000002,-0.42284327272727273,0.16042945454545457,-0.37489618181818185,0.13273345454545454
250,-0.32493600000000006,0.1047086,-0.4234436,0.1612304,-0.37529619999999997,0.13344740000000002
251,-0.32576272727272726,0.10553518181818183,-0.423634,0.16253272727272727,-0.37450772727272724,0.1337572727272727
252,-0.3266569999999999,0.1056672,-0.42312320000000003,0.1623046,-0.3735656,0.13305640000000002
253,-0.339486,0.0929857818181818,-0.42267527272727273,0.13838065454545453,-0.3843092727272728,0.11662859999999999
254,-0.3760696,-0.009407048,-0.4101471,-0.02676543,-0.39449609999999996,-0.01900026
255,-0.3641052727272727,-0.019546499999999998,-0.4109997272727272,-0.02900556363636364,-0.3837847272727272,-0.023470799999999993
256,-0.3608383,-0.02090914,-0.4161498,-0.02365264,-0.3883744,-0.022288509999999997
257,-0.36218536363636367,-0.018083027272727273,-0.4255357272727273,-0.019468818181818184,-0.39239081818181826,-0.018746109090909093
258,-0.36762079999999997,-0.02056888,-0.4303192,-0.017562860000000003,-0.3986389999999999,-0.01904294
259,-0.3769669090909091,-0.026775000000000004,-0.42252281818181814,-0.024905145454545453,-0.3998746363636363,-0.025783200000000003
260,-0.3744172,-0.02594606,-0.41115890000000005,-0.03623659,-0.39246990000000004,-0.03099056
261,-0.37636636363636367,-0.02557511818181818,-0.40796590909090913,-0.03916235454545455,-0.3919636363636363,-0.032259836363636364
262,-0.38228300000000004,-0.02650604,-0.40947750000000005,-0.04517059,-0.39576720000000004,-0.035632330000000004
263,-0.4000797272727273,-0.029338500000000003,-0.41759281818181826,-0.05903764545454546,-0.40773281818181817,-0.042298745454545456
264,-0.3981109,-0.03118744,-0.41756290000000007,-0.06050568999999999,-0.4075713,-0.0453476
265,-0.39724729999999997,-0.031724569999999994,-0.41717529999999997,-0.057331830000000014,-0.40687249999999997,-0.04402923000000001
266,-0.38980499999999996,-0.03068540909090909,-0.4137322727272727,-0.05606495454545455,-0.40123400000000004,-0.04274679090909091
267,-0.38205999999999996,-0.033779909999999996,-0.4135085,-0.05362395000000001,-0.3975709,-0.04351500000000001
268,-0.37874818181818176,-0.039832381818181814,-0.4138570909090909,-0.054575127272727286,-0.3965178181818182,-0.04725786363636364
269,-0.37879672727272723,-0.04030680000000001,-0.41581036363636364,-0.055439336363636356,-0.39763590909090907,-0.04798749090909091
270,-0.37853089999999995,-0.04020386000000001,-0.4188644,-0.05397951000000001,-0.3987579,-0.047094739999999996
271,-0.3789909090909091,-0.04050238181818182,-0.4211009090909091,-0.05402028181818182,-0.399808,-0.04715938181818182
272,-0.3793792,-0.04076843,-0.4225372000000001,-0.054435710000000005,-0.4007904,-0.04752962
273,-0.3786610000000001,-0.04474984545454546,-0.4241459090909091,-0.05460425454545454,-0.40164890909090906,-0.04971729999999999
274,-0.38323690909090913,-0.04157189090909091,-0.4199356363636364,-0.05672800909090909,-0.4045910909090909,-0.05038729090909091
275,-0.3804887,-0.03556977,-0.41865379999999996,-0.05099639,-0.4023681,-0.04433442
276,-0.38173772727272726,-0.034798354545454546,-0.42245481818181824,-0.050657799999999996,-0.40174027272727264,-0.042556781818181816
277,-0.381529090909091,-0.03576105454545454,-0.4225685454545454,-0.05054405454545455,-0.40188318181818183,-0.043063063636363634
278,-0.3841768,-0.03611755,-0.4207582,-0.05268402,-0.4020902999999999,-0.044198589999999996
279,-0.37898936363636365,-0.036525363636363634,-0.4197469090909091,-0.05256653636363637,-0.39945690909090903,-0.04450155454545454
280,-0.380948,-0.0357086,-0.42010049999999993,-0.05003204,-0.4010313999999999,-0.043025200000000006
281,-0.3828623636363636,-0.03436279090909091,-0.4217959090909092,-0.05129448181818182,-0.4022437272727272,-0.042752345454545454
282,-0.38482219999999995,-0.03607482,-0.42299939999999997,-0.051596069999999994,-0.4040788,-0.04387207
283,-0.3914158181818182,-0.0367501,-0.4242106363636364,-0.05142072727272728,-0.40762872727272725,-0.04397860909090909
284,-0.39423427272727274,-0.03851041818181818,-0.4240611818181818,-0.05005991818181818,-0.40935581818181815,-0.04434480909090909
285,-0.39409950000000005,-0.03834227,-0.42374429999999996,-0.05076449000000001,-0.40963890000000003,-0.04483336
286,-0.3942026363636364,-0.0382843,-0.4235813636363636,-0.05128201818181817,-0.40913254545454547,-0.04486777272727272
287,-0.3948628181818181,-0.03951889090909091,-0.42421790909090906,-0.0523418,-0.409632,-0.04595112727272728
288,-0.39698339999999993,-0.03768159,-0.42519070000000003,-0.052818310000000014,-0.411276,-0.04532776000000001
289,-0.3980255454545454,-0.0391693,-0.42565627272727263,-0.05372757272727273,-0.4122159999999999,-0.046623918181818186
290,-0.39810480000000004,-0.03829804,-0.4259339,-0.05444335,-0.4126571000000001,-0.04671325999999999
291,-0.3981280909090909,-0.039622918181818186,-0.4261058181818182,-0.05547263636363637,-0.4126613636363636,-0.04782937272727272
292,-0.400184,-0.039593781818181815,-0.4271461818181818,-0.05572789090909091,-0.41385299999999997,-0.04774475454545455
293,-0.39869260000000006,-0.040979,-0.42758320000000005,-0.05489197,-0.4131837,-0.047938539999999995
294,-0.3977147272727273,-0.04079091818181819,-0.42872063636363644,-0.052806481818181816,-0.41309000000000007,-0.04672938181818182
295,-0.3966797000000001,-0.041722129999999996,-0.42809310000000006,-0.051593,-0.4124513,-0.046665950000000005
296,-0.3955631818181819,-0.040495427272727265,-0.4263969090909091,-0.051503936363636364,-0.4112576363636364,-0.046085699999999986
297,-0.3945268999999999,-0.039997880000000006,-0.4270402,-0.05129090999999999,-0.41103970000000006,-0.045722969999999995
298,-0.394749,-0.04093380909090909,-0.4278812727272727,-0.051534481818181814,-0.41139227272727275,-0.04624104545454546
299,-0.3948243000000001,-0.042741419999999995,-0.42749329999999996,-0.051747140000000004,-0.4114225,-0.047300720000000004
300,-0.39396790000000004,-0.04226837,-0.42726889999999995,-0.05131076,-0.41115120000000005,-0.04691924
301,-0.39406372727272726,-0.041384590909090906,-0.4274361818181818,-0.051368027272727275,-0.41079690909090905,-0.046377018181818185
302,-0.39445909090909104,-0.041060018181818175,-0.4266192727272728,-0.05106144545454545,-0.41056681818181817,-0.046051045454545456
303,-0.3978062727272728,-0.040213872727272726,-0.428317,-0.05222112727272729,-0.413054,-0.04615230909090909
304,-0.3471406,-0.16778858000000002,-0.42835989999999996,-0.15864569999999997,-0.3836196,-0.16342006000000003
305,-0.33968960000000004,-0.2383652,-0.4301772,-0.22754049999999998,-0.3789765,-0.234114
306,-0.3374982727272728,-0.23998745454545453,-0.43108163636363633,-0.22779700000000005,-0.37449763636363637,-0.2354530909090909
307,-0.3372925,-0.24237520000000004,-0.4304537,-0.226605,-0.38543400000000005,-0.23460860000000006
308,-0.3414013636363637,-0.24147609090909092,-0.4304060909090909,-0.2267399090909091,-0.387037909090909,-0.23426572727272726
309,-0.3424406,-0.23836059999999998,-0.43151519999999993,-0.22745959999999998,-0.38741020000000004,-0.2331711
310,-0.3426848181818182,-0.23632945454545454,-0.4332271818181818,-0.22804827272727274,-0.3869086363636364,-0.2326090909090909
311,-0.3375184,-0.2428175,-0.4305051,-0.2329287,-0.3824188,-0.2383637
312,-0.325556,-0.260072,-0.4226948181818182,-0.24553609090909093,-0.3817415454545455,-0.2521375454545455
313,-0.3270763636363636,-0.26062145454545455,-0.4239070909090909,-0.24619227272727276,-0.3809495454545455,-0.2530295454545454
314,-0.32518910000000006,-0.26407780000000003,-0.4232557,-0.24578409999999998,-0.37604210000000005,-0.2550508000000001
315,-0.32522454545454554,-0.26572199999999996,-0.42446199999999995,-0.24565827272727275,-0.37520118181818185,-0.25610499999999997
316,-0.3258083636363636,-0.2622887272727273,-0.42790627272727283,-0.24755572727272723,-0.37819190909090905,-0.25519499999999995
317,-0.33880009999999994,-0.25960700000000003,-0.42781509999999995,-0.24815530000000002,-0.3849043,-0.25402850000000005
318,-0.33939427272727274,-0.259126,-0.4279757272727273,-0.24870709090909093,-0.38540654545454545,-0.25405754545454545
319,-0.33901220000000004,-0.2592957,-0.42915030000000004,-0.24955599999999997,-0.38660429999999996,-0.254509
320,-0.33789209090909095,-0.2592702727272727,-0.4314448181818182,-0.2500110909090909,-0.3864317272727273,-0.25483990909090914
321,-0.33315719999999993,-0.26027530000000004,-0.43163159999999995,-0.24968720000000003,-0.38329,-0.2553115
322,-0.3320522727272727,-0.2573531818181818,-0.4304253636363637,-0.2513747272727273,-0.3822632727272728,-0.2546997272727273
323,-0.33094340000000005,-0.25590969999999996,-0.42880229999999997,-0.2512437,-0.38172290000000003,-0.2538726
324,-0.33024318181818185,-0.2548038181818182,-0.4282947272727272,-0.2516660909090909,-0.3815919090909091,-0.2535328181818182
325,-0.3315232,-0.25512850000000004,-0.4299406,-0.25164819999999993,-0.3809660999999999,-0.25376270000000006
326,-0.33249172727272724,-0.2554320909090909,-0.43133818181818173,-0.25177290909090905,-0.38170427272727275,-0.25400327272727274
327,-0.3341551818181818,-0.2557316363636364,-0.430989909090909,-0.2520740909090909,-0.3842177272727272,-0.25421018181818184
328,-0.3397462,-0.25346060000000004,-0.4297242,-0.25207820000000003,-0.38616320000000004,-0.253055
329,-0.34095289999999995,-0.2538209,-0.4287232,-0.2521226,-0.38558680000000006,-0.2532578
330,-0.33412172727272726,-0.25363436363636366,-0.42395281818181824,-0.24736300000000003,-0.37619318181818184,-0.2511597272727273
331,-0.33076780000000006,-0.2489013,-0.4207579000000001,-0.2363722,-0.36009539999999995,-0.24512459999999997
332,-0.3305374545454546,-0.24879036363636364,-0.4223841818181819,-0.2361283636363636,-0.3735990909090909,-0.24321663636363636
333,-0.32994918181818184,-0.24926890909090904,-0.4213810909090908,-0.23784836363636358,-0.37586436363636366,-0.24389127272727282
334,-0.3280762,-0.2496582,-0.42254319999999995,-0.239041,-0.37574159999999995,-0.24468080000000003
335,-0.32797936363636365,-0.24971690909090904,-0.42247681818181815,-0.24038436363636365,-0.37560463636363633,-0.2453807272727273
336,-0.3282286,-0.24961859999999997,-0.4226928000000001,-0.24073480000000003,-0.3750396,-0.245581
337,-0.3285954545454546,-0.2487971818181819,-0.4214742727272727,-0.24133463636363636,-0.3746836363636364,-0.24544463636363636
338,-0.3307130000000001,-0.2482634,-0.42132879999999995,-0.243045,-0.3765166,-0.24594719999999998
339,-0.3313349090909092,-0.24831327272727274,-0.42158372727272725,-0.24324872727272728,-0.3771764545454545,-0.24606036363636363
340,-0.33224480000000006,-0.24746100000000001,-0.42279039999999996,-0.24288340000000003,-0.37832340000000003,-0.24544699999999997
341,-0.3324721,-0.246666,-0.42430879999999993,-0.24172690000000002,-0.3793564,-0.24447210000000003
342,-0.3349279090909091,-0.2494366363636363,-0.4237351818181818,-0.24375781818181821,-0.3797121818181818,-0.2468886363636363
343,-0.3359400909090909,-0.2504024545454546,-0.4230834545454545,-0.24420427272727271,-0.3800644545454545,-0.24756827272727266
344,-0.33685599999999993,-0.25018300000000004,-0.4234162,-0.2450714,-0.3809600000000001,-0.2478758
345,-0.33759081818181813,-0.25007218181818186,-0.4240125454545455,-0.2436968181818182,-0.38032254545454547,-0.24722281818181815
346,-0.3382782,-0.24963700000000003,-0.4246002,-0.242984,-0.37948000000000004,-0.24676539999999997
347,-0.3386312727272727,-0.24969054545454544,-0.424591,-0.2413693636363636,-0.3818524545454545,-0.24581336363636364
348,-0.33682539999999994,-0.24933480000000002,-0.4245178,-0.2446014,-0.3831816,-0.2471374
349,-0.3367251818181818,-0.2470938181818182,-0.4246132727272727,-0.24589654545454548,-0.38225063636363643,-0.2467540909090909
350,-0.3373262,-0.24431760000000002,-0.42346500000000004,-0.24682899999999997,-0.3816408,-0.2458742
351,-0.3376353636363636,-0.24434318181818185,-0.4233551818181818,-0.24658227272727276,-0.3832827272727272,-0.24580254545454547
352,-0.3369138,-0.2466122,-0.42296759999999994,-0.24508680000000002,-0.3806244,-0.24611199999999997
353,-0.16832943636363637,-0.2562339090909091,-0.2526716181818181,-0.262332,-0.22636009090909084,-0.2601428181818182
354,-0.026397699999999996,-0.2403806,-0.0033325263999999994,-0.2439362,-0.01736752,-0.24163199999999999
355,-0.03284521818181819,-0.2397808181818182,0.004905007272727273,-0.24500481818181816,-0.02402289090909091,-0.24101254545454542
356,-0.03816224,-0.24160760000000003,0.00694275,-0.24525780000000003,-0.015411380000000002,-0.24348740000000002
357,-0.02905273090909091,-0.24297136363636362,0.020603517272727273,-0.2378165454545454,-0.008063586363636365,-0.24114172727272723
358,-0.0023132338000000003,-0.23629759999999997,0.04104004000000001,-0.22167660000000003,0.008062734000000002,-0.23290099999999994
359,-0.0015217205454545462,-0.23686900000000002,0.03785427272727272,-0.22000118181818185,0.02011109090909091,-0.2276208181818182
360,0.0009948740200000001,-0.23804659999999997,0.0375824,-0.22177739999999999,0.020022580000000005,-0.22963879999999998
361,0.00044111812727272735,-0.23767490909090905,0.03665022727272727,-0.22165745454545457,0.018739190909090906,-0.22961718181818178
362,-0.00364685,-0.23782959999999997,0.03547056,-0.2243744,0.016055299999999998,-0.2311004
363,-0.00602861,-0.23748372727272724,0.03180485454545454,-0.2240102727272727,0.012890899999999999,-0.23078209090909094
364,-0.007130432000000001,-0.2365309,0.03131255000000001,-0.2215149,0.011592100000000001,-0.22926639999999998
365,-0.0068345490909090915,-0.2358008181818182,0.03129439999999999,-0.22176572727272734,0.011861636363636364,-0.22895818181818184
366,-0.0078048710000000006,-0.23477620000000005,0.029229710000000002,-0.21981820000000002,0.010607910000000002,-0.2273756
367,-0.0061229372727272715,-0.23561400000000002,0.02793330909090909,-0.22047281818181813,0.010844827272727274,-0.22810790909090908
368,-0.006110450909090909,-0.2366875454545454,0.027329881818181814,-0.22138954545454545,0.010452260000000001,-0.22914563636363638
369,-0.0046051040000000005,-0.2368406,0.03138122,-0.22733440000000002,0.013403300000000002,-0.2321288
370,-0.003979768181818181,-0.23651281818181816,0.033789881818181815,-0.23345954545454548,0.014519445454545456,-0.23505445454545457
371,-0.0010284428000000001,-0.23542780000000002,0.03399352,-0.23250120000000002,0.0165863,-0.2339842
372,-0.0011679909090909091,-0.2338784545454545,0.03431009090909091,-0.23208872727272728,0.016608509090909086,-0.2330197272727273
373,-2.0000000000314906e-10,-0.2346346,0.03423462,-0.22980359999999997,0.017205800000000004,-0.2322452
374,-0.0002704968181818182,-0.23719818181818184,0.03426984545454546,-0.22944527272727272,0.016793,-0.23340390909090913
375,-0.0021057126000000002,-0.23758240000000003,0.03357848,-0.22932139999999998,0.015206920000000002,-0.233612
376,-0.005282316363636364,-0.23817318181818184,0.03428093636363636,-0.22838690909090903,0.014103309090909092,-0.2334259090909091
377,-0.005868532,-0.23875119999999997,0.03279420000000001,-0.2284944,0.013095119999999998,-0.23375859999999998
378,-0.0059592509090909095,-0.2404479090909091,0.03299780909090908,-0.22815772727272723,0.013653836363636363,-0.2343098181818182
379,-0.007302857999999998,-0.24018859999999997,0.0330261,-0.22922339999999997,0.01237488,-0.23488760000000003
380,-0.006507178181818182,-0.2387971818181818,0.03288683636363637,-0.2295629090909091,0.012466427272727275,-0.2343970909090909
381,-0.008032227999999999,-0.23741440000000003,0.031906140000000006,-0.23163740000000002,0.011636360000000002,-0.234619
382,-0.008320200909090908,-0.23554445454545456,0.032714845454545456,-0.23037972727272724,0.01182000909090909,-0.23306118181818183
383,-0.008865354,-0.236023,0.0333252,-0.22974240000000004,0.012142920000000001,-0.23294360000000003
384,-0.008801546363636363,-0.2360811818181818,0.03406592727272728,-0.22900927272727276,0.013408354545454549,-0.23247299999999999
385,-0.008464466363636363,-0.23498790909090908,0.033100472727272734,-0.228664,0.013694063636363635,-0.23167027272727275
386,-0.00727539,-0.23611600000000005,0.03222352,-0.22820720000000003,0.013555919999999999,-0.2319931
387,-0.007981734545454543,-0.2374435454545455,0.03118066363636364,-0.22810499999999997,0.012527472727272728,-0.23260363636363637
388,-0.010921132727272726,-0.23910800000000004,0.031129309090909087,-0.22866799999999998,0.01148708181818182,-0.23359700000000003
389,-0.01273804,-0.24063099999999998,0.03391113999999999,-0.22629380000000002,0.01146852,-0.2332582
390,-0.0132782,-0.2419558,0.035290520000000006,-0.2226928,0.01108398,-0.2323698
391,-0.012718909090909088,-0.24392972727272724,0.03441134545454546,-0.2217284545454545,0.010801827272727271,-0.23292790909090907
392,-0.01392159090909091,-0.2430129090909091,0.034730381818181826,-0.22026490909090912,0.010377354545454546,-0.23173672727272726
393,-0.015512099999999997,-0.24271119999999996,0.03503266000000001,-0.2221101,0.01015625,-0.23233810000000005
394,-0.0173828,-0.2447816,0.03225404,-0.22811559999999997,0.007815550000000001,-0.23640119999999998
395,-0.018128845454545454,-0.2456138181818182,0.029393954545454546,-0.22926054545454547,0.0063753990909090905,-0.23725063636363639
396,-0.017578100000000003,-0.246353,0.0310486,-0.2249756,0.007675171999999999,-0.23533300000000001
397,-0.017113427272727272,-0.24518536363636362,0.029079090909090912,-0.22441663636363637,0.006439210000000001,-0.2346718181818182
398,-0.01574096,-0.24568479999999998,0.02917178,-0.2239866,0.006936646,-0.2348052
399,-0.01633912,-0.24446099999999998,0.031072980000000007,-0.22427039999999998,0.008120727999999999,-0.23411240000000003
400,-0.014690063636363637,-0.24321672727272725,0.03065354545454545,-0.23129527272727274,0.008604572727272728,-0.23717118181818178
401,-0.011981180000000001,-0.24268499999999998,0.03134462,-0.23419479999999998,0.00991212,-0.23844279999999998
402,-0.012620418181818183,-0.24242318181818187,0.031700818181818184,-0.23345972727272726,0.009212143636363638,-0.23806900000000003
403,0.07978961818181819,-0.24754472727272728,0.10765352727272726,-0.23502699999999999,0.08843437454545454,-0.24659036363636366
404,0.2812291818181818,-0.234103,0.291415,-0.23510872727272733,0.28572781818181814,-0.23587609090909087
405,0.29427669999999995,-0.23436130000000005,0.2979522,-0.226581,0.2950913,-0.233296
406,0.29207263636363645,-0.23568145454545453,0.3028771818181818,-0.22713272727272732,0.2972288181818181,-0.23164372727272725
407,0.29483360000000003,-0.23110960000000005,0.3041885,-0.2274276,0.2994842,-0.2292924
408,0.34679072727272725,-0.23687854545454545,0.3462815454545454,-0.23038563636363635,0.346326,-0.23432781818181822
409,0.35112818181818184,-0.24071436363636362,0.3524267272727273,-0.23027599999999995,0.3517566363636364,-0.23542927272727274
410,0.35304260000000004,-0.2404878,0.3523226,-0.23641959999999998,0.35268999999999995,-0.23848889999999998
411,0.3518539090909091,-0.24197936363636366,0.35452409090909087,-0.23495927272727268,0.3530953636363637,-0.23873654545454545
412,0.3489808,-0.2420014,0.35526610000000003,-0.23509390000000002,0.3519334,-0.2387573
413,0.3482095454545454,-0.24168245454545456,0.3573747272727273,-0.2336925454545455,0.3527013636363636,-0.2377735454545455
414,0.3484359999999999,-0.24399869999999999,0.35789930000000003,-0.23288569999999997,0.35319999999999996,-0.2384201
415,0.34817781818181825,-0.24433618181818184,0.3597050909090909,-0.23351381818181818,0.35404545454545455,-0.2388429090909091
416,0.3492571,-0.24523920000000002,0.360199,-0.23434149999999998,0.3547652,-0.23978280000000002
417,0.35059290909090907,-0.243626,0.3590145454545454,-0.236378,0.35481127272727275,-0.24000827272727276
418,0.35217740000000003,-0.24236769999999996,0.3594621,-0.23805550000000003,0.3557144,-0.24027419999999994
419,0.3528235454545454,-0.241537,0.35993681818181816,-0.23785800000000004,0.35641345454545453,-0.23969081818181817
420,0.3521179,-0.24229569999999997,0.3599749,-0.2383925,0.35627260000000005,-0.24023759999999994
421,0.3533146363636363,-0.24292272727272735,0.3603100909090909,-0.23871,0.3569264545454545,-0.24076700000000004
422,0.3543949090909091,-0.24528090909090905,0.3597564545454546,-0.2388430909090909,0.35695290909090904,-0.24223054545454542
423,0.35444650000000005,-0.2465639,0.36172189999999993,-0.23844289999999999,0.3576994,-0.24294410000000002
424,0.3537416363636364,-0.24662927272727272,0.36283336363636365,-0.23799563636363638,0.3578893636363637,-0.24270745454545456
425,0.3548264,-0.24696179999999995,0.3632737999999999,-0.23819279999999998,0.35898140000000006,-0.242662
426,0.3556478181818182,-0.24653200000000003,0.36363345454545454,-0.23855154545454546,0.3598632727272728,-0.24232618181818183
427,0.35588240000000004,-0.24731010000000003,0.3649645,-0.2383088,0.36058799999999996,-0.2426545
428,0.3547821818181818,-0.2477319090909091,0.36583354545454544,-0.23833936363636365,0.36004218181818176,-0.24326263636363638
429,0.3544847,-0.24773409999999996,0.3648698,-0.2386549,0.35918579999999994,-0.2436371
430,0.3545559090909091,-0.246671,0.3646809090909091,-0.23831854545454545,0.35932509090909087,-0.24274245454545457
431,0.3532332,-0.245613,0.3627576,-0.2372635,0.35793299999999995,-0.24150530000000003
432,0.3527969090909091,-0.24443754545454546,0.3628261818181818,-0.23803300000000005,0.3576824545454546,-0.24132345454545454
433,0.36160554545454554,-0.23470372727272729,0.39285709090909093,-0.2302259090909091,0.368655090909091,-0.23297118181818186
434,0.36506959999999994,-0.2218353,0.40783700000000006,-0.2234514,0.37356560000000005,-0.2221482
435,0.362345,-0.22287536363636368,0.39902418181818183,-0.22411836363636367,0.3779950000000001,-0.2234496363636363
436,0.3618081818181818,-0.22413363636363634,0.3965634545454545,-0.2270324545454545,0.3773403636363637,-0.22546799999999997
437,0.36034390000000005,-0.2282133,0.39514630000000006,-0.2299271,0.3768403,-0.22905740000000002
438,0.35284749999999987,-0.22483210000000003,0.36955119999999997,-0.22542429999999997,0.3597825,-0.22518310000000002
439,0.34174554545454544,-0.22836572727272725,0.3629898181818182,-0.22874727272727274,0.34812790909090907,-0.2283642727272727
440,0.342169909090909,-0.23158409090909088,0.36467945454545453,-0.23005118181818185,0.35336845454545457,-0.2308420909090909
441,0.34153739999999994,-0.230902,0.3649323000000001,-0.22961269999999998,0.3531495,-0.23028110000000002
442,0.34063554545454544,-0.23143436363636363,0.36386263636363636,-0.2296515454545454,0.3521520909090909,-0.23057154545454542
443,0.34111920000000007,-0.23162999999999995,0.36372220000000005,-0.2293487,0.3524383000000001,-0.23050559999999995
444,0.3665713636363636,-0.20629609090909093,0.39196072727272724,-0.21286972727272727,0.37455472727272726,-0.20787445454545453
445,0.4013296363636364,-0.1647531818181818,0.4164083636363637,-0.17329399999999998,0.4020772727272728,-0.16524136363636363
446,0.39871369999999995,-0.1685045,0.40497429999999995,-0.17424950000000003,0.4009886,-0.17052459999999997
447,0.4007556363636363,-0.16874436363636364,0.4047670909090908,-0.17432609090909093,0.402778,-0.171567
448,0.39975740000000004,-0.16984709999999997,0.4159223000000001,-0.17582860000000003,0.40755300000000005,-0.17274939999999997
449,0.3996234545454545,-0.16958754545454546,0.42604345454545456,-0.17696763636363635,0.41238136363636363,-0.17316372727272725
450,0.398703,-0.16910410000000003,0.42365259999999993,-0.1777999,0.4111222,-0.17343760000000003
451,0.3982141818181819,-0.16956136363636365,0.4216194545454545,-0.17715309090909093,0.4097651818181818,-0.17331481818181824
452,0.39800579999999997,-0.1689119,0.42014769999999996,-0.176654,0.4086150999999999,-0.17262420000000003
453,0.38913954545454543,-0.1396263090909091,0.4023325454545455,-0.1328416,0.3952901818181818,-0.13635392727272727
454,0.3681488,-0.06469572999999999,0.3926240999999999,-0.04100034,0.38085930000000007,-0.05254977000000001
455,0.36874818181818186,-0.06661154545454546,0.3857519090909091,-0.04168979090909091,0.3768518181818182,-0.054962172727272725
456,0.3693167272727273,-0.06716640909090911,0.3829455454545455,-0.046637809090909095,0.37602918181818185,-0.05711224545454545
457,0.37148449999999994,-0.06386872000000002,0.38245070000000003,-0.04664153,0.3767838,-0.05557405
458,0.37277063636363633,-0.06471392727272728,0.38453809090909097,-0.04659618181818182,0.37861490909090917,-0.0557347909090909
459,0.3731336,-0.06146699,0.391246,-0.04385681,0.38179940000000007,-0.05307468
460,0.3734919090909091,-0.06156782727272727,0.39202872727272736,-0.04562517272727273,0.38225754545454554,-0.05405913636363637
461,0.37566845454545456,-0.062139336363636354,0.3915945454545455,-0.04493299090909091,0.38327572727272724,-0.05394399090909092
462,0.37699119999999997,-0.062455739999999996,0.39142160000000004,-0.04598848,0.3839371000000001,-0.05456086
463,0.3768144545454545,-0.0605760090909091,0.38943090909090916,-0.046217490909090914,0.38276227272727276,-0.05382607272727272
464,0.3766894545454545,-0.06025557272727273,0.3879063636363637,-0.04442527272727273,0.38178190909090914,-0.05310610909090908
465,0.3757339,-0.060128799999999996,0.38703649999999995,-0.045565800000000004,0.3808548,-0.05356139
466,0.37562090000000004,-0.05967101000000001,0.3816332,-0.04758909,0.37850180000000005,-0.05386046
467,0.3753107272727272,-0.060355436363636356,0.3780505454545455,-0.04913748181818183,0.3766783636363637,-0.05479428181818182
468,0.3757227272727272,-0.06153316363636364,0.3759279090909092,-0.049875445454545454,0.37583363636363637,-0.05572650000000001
469,0.37583629999999996,-0.06212464000000001,0.3759858,-0.050091580000000004,0.3759171,-0.056213400000000004
470,0.3753704545454545,-0.06010575454545455,0.37413863636363637,-0.04971590909090909,0.37479481818181826,-0.05516747272727273
471,0.3767807,-0.05935823,0.3743685,-0.047691340000000006,0.3756426,-0.05387879999999999
472,0.3749348181818182,-0.06001696363636364,0.3884154545454546,-0.042355645454545454,0.3800019090909091,-0.05322267272727273
473,0.37469640000000004,-0.06002961,0.38916320000000004,-0.04256440000000001,0.3815048000000001,-0.05184783
474,0.3767962727272727,-0.05900574545454546,0.3868490909090909,-0.04190895454545454,0.3815544545454545,-0.050951863636363635
475,0.37913936363636364,-0.05833434545454546,0.3835047272727273,-0.043179618181818175,0.38118809090909084,-0.051240418181818174
476,0.37973329999999994,-0.057000739999999994,0.3798645,-0.043280030000000004,0.3798036,-0.050274660000000006
477,0.3791266363636364,-0.05657679999999999,0.3806749090909091,-0.0436096,0.3799217272727274,-0.05000166363636363
478,0.37875372727272727,-0.05651995454545455,0.3811173636363636,-0.04284390909090909,0.3799507272727272,-0.049653499999999996
479,0.37995619999999997,-0.05658264,0.3811432,-0.04165038,0.3805358,-0.04940488
480,0.3794738999999999,-0.056118789999999995,0.38097220000000004,-0.041851820000000005,0.38019410000000003,-0.04934539
481,0.3798925454545454,-0.05506203636363637,0.37953172727272727,-0.04042748181818182,0.37973154545454546,-0.04808461818181819
482,0.37862463636363636,-0.054600118181818195,0.3800826363636363,-0.040222163636363634,0.3793153636363637,-0.047857109090909095
483,0.3763779,-0.05439756999999999,0.38077400000000006,-0.039874280000000005,0.3783660999999999,-0.04785613
484,0.3741565454545455,-0.05344460909090909,0.3799562727272728,-0.040550945454545455,0.37686972727272733,-0.04743261818181817
485,0.37399018181818183,-0.05354310909090909,0.38036700000000007,-0.041053072727272724,0.3770390909090909,-0.04758245454545455
486,0.37475899999999995,-0.05337523999999999,0.3793184,-0.04104309999999999,0.37697439999999993,-0.04740599999999999
487,0.37549920000000003,-0.0535202,0.38015000000000004,-0.039816300000000006,0.3777543,-0.04691925
488,0.3764288181818181,-0.05400779999999999,0.3847765454545454,-0.038077618181818186,0.38053745454545457,-0.046189736363636366
489,0.37708363636363634,-0.05516189999999999,0.3858405454545455,-0.03703167272727273,0.3813881818181818,-0.04629657272727272
490,0.37554300000000007,-0.05612488000000001,0.38483899999999993,-0.0363556,0.37985519999999995,-0.04702453999999999
491,0.37668919999999995,-0.05641935,0.383969,-0.03720090999999999,0.38008410000000004,-0.047518939999999996
492,0.37874654545454545,-0.05651439999999999,0.38328836363636365,-0.03973806363636363,0.38091345454545456,-0.048561790909090914
493,0.38013536363636374,-0.057367481818181826,0.3829624545454546,-0.03876563636363636,0.3814932727272727,-0.0485382
494,0.37997280000000005,-0.057502770000000016,0.38554369999999993,-0.04012604,0.3826829,-0.04910278
495,0.37786718181818185,-0.05615232727272727,0.38529854545454545,-0.0396007,0.38126427272727276,-0.048621427272727266
496,0.37504845454545455,-0.054595936363636355,0.38633581818181817,-0.039180409090909085,0.3804917272727272,-0.047191254545454545
497,0.3754578,-0.053189080000000014,0.38739019999999996,-0.03937988,0.3815794,-0.04612426
498,0.3759573636363637,-0.05278290000000001,0.38935572727272727,-0.04000717272727272,0.3826181818181818,-0.04644636363636365
499,0.3764136363636364,-0.05361939090909091,0.39070709090909084,-0.03986841818181818,0.3832633636363637,-0.0470497909090909
500,0.37639780000000006,-0.0530182,0.3924742,-0.038208,0.3841432,-0.04591369999999999
501,0.3758391818181818,-0.052236381818181805,0.39278209090909094,-0.0380568,0.3838487272727273,-0.04555719090909091
502,0.3763612,-0.0520813,0.39204440000000007,-0.038766480000000006,0.3839354,-0.045678720000000006
503,0.3543123,-0.005619814000000001,0.36764069999999993,0.021078464720000002,0.3607623,0.00537111
504,0.3516761818181818,0.08452674545454547,0.3617679090909091,0.10388756363636363,0.3536973636363636,0.08835394545454546
505,0.3498643636363636,0.09569201818181818,0.3729456363636363,0.10987827272727274,0.3593542727272727,0.10146690000000001
506,0.345224,0.09496153999999998,0.3694335999999999,0.10864880000000002,0.35610640000000005,0.10104077999999998
507,0.34439236363636366,0.09045827272727275,0.3664815454545454,0.11006154545454548,0.35401063636363633,0.09898527272727273
508,0.36063239999999996,0.1047792,0.36504200000000003,0.12294000000000001,0.36175520000000005,0.1094114
509,0.3602599090909091,0.1099560909090909,0.3715516363636364,0.12959981818181818,0.36315636363636367,0.11460054545454544
510,0.3589570000000001,0.1098238,0.37359020000000004,0.129819,0.3659608,0.11936659999999999
511,0.35621818181818177,0.11009372727272727,0.3730927272727273,0.12794918181818182,0.3644227272727273,0.11875090909090907
512,0.35623479999999996,0.110681,0.37234480000000003,0.12699880000000002,0.3642028,0.1187346
513,0.3546254545454545,0.1092559090909091,0.3701338181818181,0.12848618181818183,0.36231299999999994,0.1187619090909091
514,0.3548736,0.10939620000000001,0.3694762,0.1297788,0.3623476,0.11979039999999999
515,0.35554636363636366,0.10957590909090907,0.3690975454545455,0.12981336363636364,0.36242109090909097,0.11980645454545452
516,0.35635980000000006,0.1118408,0.36905200000000005,0.1289186,0.3625336,0.1201354
517,0.3555811818181818,0.11170136363636365,0.3695761818181818,0.12923645454545454,0.36179409090909087,0.11945954545454546
518,0.3551619,0.11219159999999999,0.37193319999999996,0.1287721,0.3630508,0.11996
519,0.35508327272727275,0.11123954545454544,0.3721341818181818,0.12966663636363637,0.36364609090909084,0.12046099999999998
520,0.3559266,0.1088684,0.37004099999999995,0.1294434,0.36285100000000003,0.11892999999999998
521,0.3552566363636363,0.10689045454545455,0.36828736363636366,0.1298608181818182,0.3617623636363636,0.11830145454545454
522,0.35532519999999995,0.10588680000000002,0.36810919999999997,0.1317444,0.36142280000000004,0.11813979999999999
523,0.3543034545454545,0.1037709090909091,0.3709134545454545,0.13286227272727272,0.3619302727272728,0.11705445454545452
524,0.3542054,0.10491599999999998,0.372586,0.1352784,0.3625642,0.11863700000000002
525,0.35280272727272727,0.10778536363636362,0.3728263636363636,0.13412327272727273,0.36197445454545457,0.11978427272727274
526,0.35179740000000004,0.10968639999999999,0.376364,0.13493060000000004,0.3634336,0.12159120000000001
527,0.35105218181818176,0.10939581818181819,0.3752648181818181,0.13283481818181817,0.3626249999999999,0.12056654545454547
528,0.35073560000000004,0.1084166,0.3754394,0.1327544,0.3626404,0.12010800000000002
529,0.3498369090909091,0.10855927272727274,0.3734131818181819,0.132689,0.36066372727272733,0.11960090909090909
530,0.34829080000000007,0.1090454,0.37189640000000007,0.134125,0.35899960000000003,0.1203794
531,0.34801340000000003,0.109619,0.37137459999999994,0.133484,0.3588958,0.12068780000000001
532,0.3462608181818182,0.11003236363636365,0.3709397272727273,0.13387781818181818,0.35874945454545454,0.12205654545454546
533,0.3445016363636363,0.10583236363636363,0.37061936363636366,0.1324891818181818,0.3573495454545455,0.11888672727272726
534,0.3432798,0.10345159999999998,0.369333,0.13163760000000002,0.355423,0.1165254
535,0.3461566363636363,0.10933472727272725,0.36566045454545465,0.12458945454545457,0.3555032727272728,0.11668536363636363
536,0.3433934545454545,0.10946090909090911,0.36342272727272723,0.12544663636363637,0.3535891818181818,0.117583
537,0.3427277999999999,0.1084076,0.3626496,0.12430119999999997,0.3526794,0.1163364
538,0.342371,0.1097370909090909,0.3628028181818182,0.12409436363636363,0.35232,0.11672009090909091
539,0.34463180000000004,0.11100459999999998,0.3622742,0.12371239999999999,0.3525938,0.1167238
540,0.344495,0.11464072727272724,0.35980081818181814,0.12516245454545455,0.35160127272727276,0.11952054545454543
541,0.34428433333333336,0.115906,0.3590136666666666,0.12268566666666665,0.35142999999999996,0.11919133333333333
