0,-0.0231018,-0.0449524,0.0115814,-0.00378418,-0.0154877,-0.0359192
1,0.298935,-0.030838,0.322556,-0.00778198,0.301071,-0.0287781
2,0.2967562,-0.025814780000000002,0.3131592,-0.008517448,0.30401619999999996,-0.018713399999999998
3,0.29413159999999994,-0.02410736,0.3120408,-0.004922485000000002,0.3026259,-0.015037530000000002
4,0.2914014545454546,-0.0219796,0.31390363636363633,-0.002351241090909091,0.3021211818181818,-0.012664790909090905
5,0.29000560000000003,-0.021376029999999997,0.31288130000000003,-0.0022979740000000004,0.30181270000000004,-0.011567679999999999
6,0.289509,-0.019772590909090913,0.30804845454545454,-0.0015383636363636363,0.29841336363636367,-0.011090372727272728
7,0.19563906999999997,-0.05404664,0.21778720000000001,-0.025608828,0.21214879999999997,-0.03960269
8,0.013086489090909087,-0.10400516363636364,0.062074072727272715,-0.07219903636363637,0.04416033272727274,-0.08439361818181818
9,-0.03055420999999999,-0.1196396,0.019483939999999998,-0.08087920999999999,0.003556826,-0.09303124000000002
10,-0.02768636363636364,-0.12292627272727272,0.0178847,-0.08318952727272728,-0.0061520663636363635,-0.10417990909090907
11,-0.02798157,-0.1241668,0.01739501,-0.08496247999999999,-0.005371094,-0.1046814
12,-0.029837881818181814,-0.11485025454545453,0.019557600000000005,-0.07866182727272726,-0.006926098181818181,-0.09784896363636363
13,-0.028138740000000002,-0.09618378000000001,0.03180846,-0.05276796,-0.015623469999999997,-0.08713073
14,-0.029418945454545455,-0.09813206363636363,0.024398800000000002,-0.05485673636363637,-0.00971292,-0.08219492727272727
15,-0.03020628000000001,-0.09759825999999999,0.024426259999999998,-0.05664672,-0.00350952,-0.07764587999999999
16,-0.032866036363636365,-0.09448659090909092,0.024199054545454547,-0.05550591818181818,-0.004185070909090909,-0.07497338181818182
17,-0.018598950000000006,-0.09064939999999999,0.023347469999999995,-0.059217830000000006,0.0048843359999999995,-0.07300720999999999
18,-0.021753472727272724,-0.08821520000000001,0.02566528181818182,-0.05809852727272727,0.002130682727272727,-0.07307711818181818
19,-0.021403480000000003,-0.08868104000000002,0.02841648,-0.057298249999999995,0.0008483893999999999,-0.07469023999999999
20,-0.02057161818181818,-0.08858697272727274,0.02555986363636363,-0.059509263636363635,0.0006214489636363637,-0.07525357272727272
21,-0.019650260000000003,-0.08956908,0.02447206,-0.05920716,0.0020446759999999996,-0.07466430000000002
22,-0.017820872727272726,-0.08887550909090909,0.02461381818181818,-0.058846218181818184,0.003207120909090909,-0.07401207272727273
23,-0.016833519999999998,-0.0863968,0.02606046,-0.05880585000000001,0.003771971,-0.07315981
24,-0.017006627272727278,-0.08484718181818181,0.025575109090909095,-0.058086036363636365,0.004050513636363637,-0.07163167272727274
25,-0.0171509,-0.08480416363636363,0.025247754545454547,-0.05806800909090908,0.004376497272727272,-0.07125300909090909
26,-0.01833135454545454,-0.08512323636363636,0.02557372727272728,-0.0603582090909091,0.0040713245454545455,-0.07250558181818181
27,-0.01896668,-0.08395082000000001,0.02514038,-0.062414540000000004,0.0034851079999999998,-0.07300414000000002
28,-0.01856691,-0.08268280000000001,0.025865150000000003,-0.06385347,0.004055787000000001,-0.07311707
29,-0.018443718181818183,-0.08266518181818182,0.02556262727272727,-0.06374149090909091,0.0036537854545454548,-0.07318255454545454
30,-0.018368790909090913,-0.08074118181818182,0.025436418181818184,-0.06379559090909091,0.0027410327272727273,-0.07258187272727273
31,-0.01842192,-0.08049164,0.02087554,-0.06415403,0.0002716074000000001,-0.07272794
32,-0.019220527272727276,-0.07939564545454546,0.01752538181818182,-0.06285094545454545,-0.0010570166363636363,-0.07123773636363635
33,-0.01971128,-0.07933349999999999,0.017532339999999997,-0.06204222,-0.0012146005999999997,-0.07075502
34,-0.019672745454545455,-0.07959122727272729,0.018296663636363637,-0.06049831818181819,-0.0005451549999999999,-0.06999347272727274
35,-0.019940180000000002,-0.07905276,0.019158920000000003,-0.0599823,2.4414039999999996e-05,-0.06932984
36,-0.01910676363636364,-0.07800292727272726,0.019615863636363636,-0.05951898181818182,0.00035372667272727277,-0.06872697272727274
37,-0.018883436363636364,-0.07830117272727272,0.019922436363636366,-0.05785439999999999,-0.00023304299999999997,-0.06849394545454544
38,-0.016687039999999997,-0.07925109999999999,0.0201996,-0.05628052,0.0015258782000000001,-0.0679199
39,-0.014595718181818181,-0.0801669,0.020563300000000003,-0.053500081818181805,0.0029990463636363636,-0.0668238
40,-0.01318054,-0.07957764000000002,0.019467160000000004,-0.05333254,0.0030181900000000005,-0.06656491999999999
41,-0.01303100909090909,-0.07805425454545456,0.019657490909090913,-0.05322819999999999,0.0028589409090909097,-0.06599704545454545
42,-0.012976080000000001,-0.07556762000000002,0.018875140000000002,-0.05373536000000001,0.0028625480000000003,-0.06470948
43,-0.012893663636363635,-0.07409808181818181,0.019346781818181814,-0.05344184545454545,0.0026078645454545458,-0.06415901818181818
44,-0.017391939999999998,-0.07316587999999999,0.02085876,-0.05468139999999999,-0.0004028339999999999,-0.06492006
45,-0.02158425454545455,-0.07050945454545454,0.02177011818181818,-0.05373035454545456,-0.0012692554545454546,-0.06264980909090909
46,-0.022026763636363633,-0.07029447272727272,0.011055681818181817,-0.05082426363636363,-0.00649747,-0.061165554545454554
47,-0.022158819999999996,-0.07063596,0.009088134000000001,-0.051867659999999996,-0.006484986,-0.06123048
48,-0.022888179999999998,-0.07192992000000001,0.01623536,-0.05396118000000001,-0.0035186759999999997,-0.06309816000000001
49,-0.02038019090909091,-0.06976456363636364,0.012655085454545455,-0.05573203636363637,-0.0031918604909090906,-0.06248613636363636
50,-0.00859346818181818,-0.07305354545454545,0.020260927272727273,-0.05723987272727273,0.007471258181818181,-0.06423119090909091
51,-0.011865221000000002,-0.07634580000000002,0.022732530000000004,-0.058050519999999994,-0.0004638670000000003,-0.07151489000000003
52,-0.009735110000000002,-0.08181760000000002,0.0268402,-0.0541687,-0.009735110000000002,-0.08181760000000002
53,-0.009735110000000002,-0.08181760000000002,0.0268402,-0.0541687,-0.009735110000000002,-0.08181760000000002
54,-0.009735110000000002,-0.08181760000000002,0.0268402,-0.0541687,-0.009735110000000002,-0.08181760000000002
55,-0.0074523939999999985,-0.08091122999999999,0.02648314,-0.05482026000000001,-0.006169129999999999,-0.08028104
56,-0.0042793961818181825,-0.0781582909090909,0.01890563636363636,-0.0596716,-0.0004203107272727274,-0.07664072727272728
57,-0.007763948181818182,-0.07594021818181818,0.022309745454545456,-0.06326572727272728,0.005437677272727272,-0.07033332727272727
58,-0.007183836000000002,-0.07610777999999999,0.02167968,-0.06018984000000001,0.006503294,-0.06854553999999999
59,-0.007062043636363636,-0.07388446363636363,0.021485781818181813,-0.05594427272727274,0.006564054545454546,-0.06531039090909091
60,-0.008139037999999998,-0.07205508,0.020947259999999995,-0.053259280000000006,0.006045531999999999,-0.06289368
61,-0.01000837090909091,-0.07256248181818181,0.02196430909090909,-0.05269134545454546,0.006036931818181818,-0.06259571818181818
62,-0.012402340000000001,-0.07466431999999998,0.0210205,-0.05314332000000001,0.004541014,-0.06376646000000001
63,-0.016207609090909094,-0.07672118181818184,0.020887918181818184,-0.05457511818181818,0.0028506209090909088,-0.06535616363636364
64,-0.017288199999999997,-0.07191772,0.01985474,-0.05428772,0.0017456059999999998,-0.06289672
65,-0.015955127272727274,-0.07476669090909092,0.020131899999999994,-0.052705254545454557,0.0018282818181818185,-0.06391073636363637
66,-0.01448364,-0.07461548,0.0198578,-0.05367736000000001,0.0022308360000000004,-0.06443481999999999
67,-0.0133334,-0.07449757272727271,0.020496681818181813,-0.055361645454545465,0.003581654545454545,-0.06493726363636364
68,-0.013122580000000003,-0.07491454,0.020883160000000005,-0.05426634,0.003952024,-0.06455078
69,-0.012374880000000001,-0.0736511,0.020785520000000005,-0.0558838,0.0037689200000000007,-0.06501158
70,-0.011800590909090908,-0.07546720000000001,0.020209581818181818,-0.055995600000000006,0.0034471000000000003,-0.06619955454545456
71,-0.01178588,-0.07507324000000001,0.018972779999999998,-0.05331114,0.003027344,-0.06459045999999999
72,-0.011968436363636365,-0.07473616363636364,0.01724659090909091,-0.052468027272727265,0.0030531436363636366,-0.06329346363636365
73,-0.01212464,-0.07427368,0.01824646,-0.051205420000000015,0.0029998759999999994,-0.06279602
74,-0.011596672727272727,-0.07412305454545454,0.020047290909090913,-0.052352881818181825,0.0041448399999999995,-0.06330177272727272
75,-0.01271749090909091,-0.07448509999999998,0.020500863636363633,-0.05296465454545454,0.0040532881818181815,-0.06362777272727273
76,-0.014765930000000002,-0.07390748,0.020401010000000004,-0.05111391,0.0027954119999999997,-0.06252593000000001
77,-0.015407227272727276,-0.0733947909090909,0.020582727272727273,-0.051374963636363645,0.0022777209090909093,-0.06258601818181818
78,-0.01559294,-0.07373045000000002,0.02092438,-0.05129243,0.002044678,-0.06290588999999999
79,-0.015441899999999998,-0.07330934,0.02059938,-0.05124818,0.001919556,-0.06268922
80,-0.015469654545454542,-0.07235441818181819,0.020681209090909095,-0.04994616363636364,0.0018421509090909094,-0.06162192727272728
81,-0.01251080909090909,-0.06896833636363636,0.022154381818181818,-0.05226553636363636,0.0027479692727272725,-0.061626081818181806
82,-0.011711120000000002,-0.0700531,0.027476490000000003,-0.05376130000000001,0.007540893999999999,-0.062075799999999993
83,-0.012329119999999999,-0.06968994,0.028604120000000004,-0.05498657999999999,0.007772828,-0.062481700000000015
84,-0.014078327272727275,-0.07072449999999998,0.029993227272727276,-0.05677794545454546,0.008135707272727272,-0.06370961818181818
85,-0.01518250909090909,-0.07024034545454547,0.030749236363636356,-0.05705535454545456,0.007804177272727273,-0.06366245454545455
86,-0.01497344,-0.07055357000000001,0.03026122,-0.05460205000000001,0.007173156999999998,-0.06275634999999999
87,-0.013520672727272727,-0.07226007272727272,0.027913863636363632,-0.057112272727272734,0.007073142727272727,-0.06475276363636363
88,-0.013055429999999998,-0.07271573,0.027194249999999996,-0.057131960000000016,0.005989075000000002,-0.06534883
89,-0.012587109090909088,-0.07354876363636363,0.026296436363636357,-0.05751313636363637,0.005361383636363636,-0.06615932727272728
90,-0.01763153,-0.07130586,0.01774598,-0.055450440000000004,-0.0009506235,-0.06388855
91,-0.01642540909090909,-0.07251809090909092,0.017904118181818182,-0.05675992727272725,0.0004327945454545454,-0.06479576363636363
92,-0.01729126,-0.07254943999999999,0.01785126,-0.05614318,0.00011444084000000001,-0.06443484
93,-0.017328436363636367,-0.07247647272727271,0.01812882727272727,-0.055844381818181826,0.0006824830909090909,-0.06403141818181818
94,-0.014379321818181818,-0.06923050909090908,0.018594909090909092,-0.053987018181818176,0.0030725650909090908,-0.06115445454545454
95,-0.01271817,-0.06867221,0.023042280000000002,-0.05222625999999999,0.005152892999999999,-0.060488890000000003
96,-0.013897990909090911,-0.06944690909090909,0.02192823636363636,-0.051152990909090895,0.0032390227272727275,-0.06069667272727273
97,-0.014334945454545457,-0.06992411818181818,0.02362617272727273,-0.05166763636363636,0.004212813636363636,-0.06101572727272728
98,-0.015037550000000002,-0.06923675000000001,0.025402849999999998,-0.051362630000000006,0.004983518000000001,-0.06039886
99,-0.015217172727272731,-0.06927629090909092,0.026050909090909093,-0.050630045454545455,0.005594428181818181,-0.05988243636363637
100,-0.014118950000000002,-0.06938629,0.027786249999999995,-0.05080262,0.007092284999999999,-0.05999452000000001
101,-0.012824991666666667,-0.07026927499999999,0.028675066666666665,-0.05073290833333332,0.007887521666666666,-0.060529066666666666
102,-0.01385958,-0.07027435000000001,0.028457660000000006,-0.05018921,0.006716919,-0.06052704
103,-0.014844054545454545,-0.0701696090909091,0.02729659090909091,-0.05135277272727274,0.005165792727272727,-0.061250172727272734
104,-0.014224249999999999,-0.06986542,0.027201840000000005,-0.05256042000000001,0.00640564,-0.061254869999999996
105,0.06802379636363637,-0.027357590909090897,0.08529114545454546,-0.015555645454545452,0.07675184181818183,-0.022621836363636363
106,0.28126518181818183,0.06716223636363636,0.26914836363636363,0.07006973636363635,0.2768389090909091,0.06960642727272727
107,0.3374541999999999,0.08752287000000002,0.319699,0.08223419000000001,0.32971049999999996,0.08522642999999999
108,0.33829545454545457,0.08601795454545455,0.3236888181818181,0.08260139999999999,0.3274465454545455,0.08319230000000001
109,0.34097910000000003,0.08653564,0.31910710000000003,0.08386841,0.3282423,0.08494872
110,0.345591,0.10650499090909092,0.319242909090909,0.09418693636363637,0.3308145454545455,0.09939998181818183
111,0.34079750000000003,0.10812050000000002,0.3208038999999999,0.09413146999999998,0.32749170000000005,0.09875955
112,0.3455825454545454,0.10910036363636362,0.3200377272727273,0.09401077272727275,0.32847736363636365,0.09903100000000001
113,0.3449996999999999,0.10653380000000001,0.31983649999999997,0.09277497000000001,0.3308684999999999,0.09891359
114,0.34412390000000004,0.10610970000000002,0.3177917,0.09164428,0.33158410000000005,0.09922637999999999
115,0.34341299999999997,0.10486136363636366,0.3154725454545454,0.09404408181818182,0.3290930909090909,0.09931393636363638
116,0.3450454,0.10513309999999998,0.3163194,0.09506223999999999,0.3294495,0.09966271
117,0.34653609999999996,0.1043044,0.31719090000000005,0.09371336,0.33050229999999997,0.09851226
118,0.3456863636363636,0.10567690909090909,0.31789445454545456,0.09216725454545455,0.33084363636363634,0.09845663636363637
119,0.34533400000000003,0.10697236363636363,0.3215122727272727,0.09408707272727274,0.3333934545454545,0.10051243636363637
120,0.34465009999999996,0.1073196,0.32597629999999994,0.09564057000000001,0.3351668,0.10137800000000001
121,0.3437847272727273,0.10757699999999999,0.32609854545454536,0.09716242727272727,0.33466536363636357,0.10220618181818185
122,0.3447786,0.1075107,0.3248138,0.09574433,0.33397519999999997,0.1011474
123,0.3506832727272728,0.1069570909090909,0.3296066363636363,0.09316740000000001,0.339969909090909,0.0999851090909091
124,0.35872190000000004,0.10392609999999998,0.334723,0.09236908000000002,0.34909510000000005,0.09926760999999999
125,0.35776472727272723,0.10539245454545455,0.3324001818181818,0.09517183636363637,0.3456143636363636,0.10049573636363637
126,0.3575023636363637,0.10360736363636364,0.33114354545454544,0.0964827090909091,0.3438026363636364,0.09992014545454547
127,0.3575973,0.10353830000000001,0.3303786,0.09653319999999999,0.34369679999999997,0.09996643999999999
128,0.35757890000000003,0.102913,0.3316635,0.09741667,0.34474810000000006,0.10020449999999999
129,0.3521286363636364,0.10586281818181818,0.32741190909090917,0.0963218,0.3404262727272727,0.1014295090909091
130,0.34335799999999994,0.1189559,0.31458149999999996,0.09787443000000001,0.33111879999999994,0.1097534
131,0.34094245454545463,0.11962490909090909,0.318075,0.09956910909090909,0.32714854545454547,0.10750799999999999
132,0.3400697,0.11406729999999998,0.3152238,0.09957429,0.32612919999999995,0.1059128
133,0.34040972727272734,0.11271672727272725,0.31722063636363634,0.09986321818181816,0.3287119090909091,0.10621227272727272
134,0.3396256000000001,0.111789,0.3186188,0.10024721,0.32897040000000005,0.10593129999999999
135,0.3387309999999999,0.11247118181818179,0.3200724545454546,0.10100481818181817,0.32901681818181816,0.10649645454545453
136,0.338254,0.11333390909090908,0.3205219090909091,0.10099918181818182,0.3293416363636364,0.10712509090909093
137,0.3382125,0.1129607,0.3204633,0.10070660000000001,0.3295121,0.10695049999999999
138,0.3381457272727273,0.11255454545454545,0.31966463636363635,0.10062345454545457,0.3285675454545455,0.10636345454545455
139,0.33951110000000007,0.11302800000000002,0.31924889999999995,0.10009139000000003,0.3290788,0.10635209999999999
140,0.33895590909090917,0.11369472727272728,0.3191471818181818,0.1005942909090909,0.3287563636363637,0.10694209090909089
141,0.33879099999999995,0.11312181818181818,0.31990772727272726,0.09873961818181819,0.3294581818181818,0.10600290909090909
142,0.3390215,0.1128112,0.3197816,0.09868774000000001,0.32958220000000005,0.10586870000000001
143,0.3407234545454545,0.1140469090909091,0.32028599999999996,0.10018220909090911,0.3302930909090909,0.10696836363636365
144,0.34092300000000003,0.11495145454545455,0.3202181818181818,0.10227818181818184,0.3304623636363636,0.10854836363636364
145,0.3413238,0.11555320000000002,0.32056880000000004,0.10277860000000001,0.3303497999999999,0.1087951
146,0.34116018181818175,0.11560763636363633,0.3233307272727273,0.10316900000000002,0.33122681818181815,0.10868000000000001
147,0.34118519999999997,0.11892080000000001,0.32323300000000005,0.1028322,0.33173650000000005,0.1104231
148,0.3420189090909091,0.11992427272727273,0.3236332727272727,0.10110205454545454,0.33238100000000004,0.11003236363636364
149,0.34236579999999994,0.1193069,0.32188430000000007,0.09938352000000002,0.331862,0.10905449999999998
150,0.34204381818181817,0.11881909090909087,0.31987718181818187,0.09952199090909092,0.3304999090909091,0.108751
151,0.3404749090909091,0.11814854545454546,0.3221045454545454,0.10053748181818181,0.3313474545454546,0.10937654545454545
152,0.3393068000000001,0.1174361,0.32242610000000005,0.1012605,0.3311857,0.1096405
153,0.338673,0.11581572727272729,0.32263854545454546,0.10067624545454547,0.33041663636363644,0.10801709090909091
154,0.20585347272727272,0.10542145454545451,0.2023024545454545,0.09985075454545456,0.2055621454545454,0.10330199999999999
155,0.016116352000000004,0.10405850000000001,0.04737856,0.09824826999999998,0.031752020000000006,0.10116574
156,0.008708607272727275,0.10750936363636364,0.036236836363636366,0.10130563636363635,0.027576809090909097,0.10329118181818185
157,0.006895443999999999,0.111316,0.03705599,0.10212270000000001,0.022039789999999997,0.1067139
158,0.004259976363636364,0.11145181818181818,0.037625418181818186,0.10176227272727272,0.02112788181818182,0.10657027272727272
159,-0.0013641362,0.10172118999999999,0.02620696,0.10389409999999999,0.011740105999999998,0.1027299
160,-0.004760745,0.09938356000000001,0.027418499999999995,0.10411369999999998,0.01115265,0.1017533
161,-0.004357078181818182,0.09916684545454543,0.027697454545454546,0.1029940909090909,0.011629972727272729,0.10109500000000002
162,-0.0047439579999999995,0.09878693000000001,0.02791747,0.10139329999999998,0.012355050000000001,0.10015727
163,-0.0045124399999999995,0.09660756363636365,0.027529627272727265,0.09923761818181819,0.012152918181818182,0.09798502727272727
164,-0.006394961,0.09374848,0.02847444,0.09800871000000001,0.011424260000000002,0.09593659000000002
165,-0.006300493636363636,0.09256536363636364,0.02968111818181819,0.09619420000000001,0.011420518181818183,0.09437975454545455
166,-0.008514402,0.09229124999999999,0.029089349999999996,0.09421846,0.009916678000000002,0.09325713999999999
167,-0.008284133636363636,0.09138903636363635,0.025303236363636364,0.09206320909090909,0.008141256363636364,0.09172610909090911
168,-0.008790590000000001,0.09192352,0.024986260000000003,0.09009094000000001,0.008253480999999998,0.09101105999999998
169,-0.007318668181818182,0.09095346363636363,0.025340700000000004,0.08941650000000001,0.009284278181818182,0.09018498181818181
170,-0.0070266750000000005,0.09032135,0.02544554,0.08791351,0.009216310000000002,0.08912354999999998
171,-0.007815276363636364,0.08982711818181818,0.025446118181818186,0.0874703090909091,0.009242665454545456,0.08863138181818182
172,-0.008607483999999999,0.09013518,0.023339820000000004,0.08742367999999999,0.008134459,0.08872374
173,-0.009418839090909091,0.08745645454545455,0.0316176090909091,0.0870930181818182,0.0009668463636363643,0.08676565454545454
174,-0.00947571,0.0821381,0.036483800000000004,0.0843201,-0.00947571,0.0821381
175,-0.00947571,0.0821381,0.036483800000000004,0.0843201,-0.00947571,0.0821381
176,-0.00947571,0.0821381,0.036483800000000004,0.0843201,-0.00947571,0.0821381
177,-0.01717722818181818,0.09061362727272727,0.024079745454545453,0.0921796818181818,-0.01717722818181818,0.09061362727272727
178,-0.018408219999999996,0.09301148,0.027590939999999998,0.08182981999999998,-0.012594597999999999,0.0916565
179,-0.02199707,0.09046326,0.02315674,0.08298035000000001,-0.0024810788,0.08742524
180,-0.01616598181818182,0.09181906363636362,0.018341072727272725,0.0900629090909091,0.0010570187272727273,0.09096873636363637
181,-0.015231054545454547,0.09107692727272729,0.01903049090909091,0.09190647272727272,0.0025884436363636364,0.09152915454545454
182,-0.01593627,0.09050141,0.019018550000000002,0.09349978,0.0024078389999999997,0.09209136
183,-0.013899354545454545,0.08959265454545454,0.019581172727272726,0.0947321090909091,0.0031987981818181817,0.09226573636363637
184,-0.012423689999999998,0.09054258,0.021078470000000002,0.0941208,0.0031997660000000006,0.09222871
185,-0.012159863636363637,0.09018915454545455,0.026485090909090913,0.0919564,0.0066514445454545455,0.0910713818181818
186,-0.011053480000000001,0.0896057,0.025476059999999995,0.09061280000000001,0.007128906,0.09012758000000001
187,-0.011720270000000001,0.08887025000000001,0.025129679999999998,0.08925935999999998,0.00656891,0.08907318
188,-0.011771436363636362,0.08876870909090909,0.025830345454545448,0.0872012181818182,0.006791547272727274,0.08800437272727274
189,-0.01150790909090909,0.08583209999999998,0.0257165909090909,0.08374025454545454,0.007482356363636364,0.08477922727272726
190,-0.0106445,0.08588865999999998,0.02595522,0.08362124000000001,0.007873534,0.08475648
191,-0.009983835,0.08485564999999998,0.026327500000000004,0.08332826,0.008198549000000001,0.08410644
192,-0.010020860909090908,0.0858945,0.026812454545454546,0.08316317272727275,0.008723865454545454,0.08452259090909091
193,-0.009254456000000001,0.08711546999999999,0.024856549999999998,0.08514861000000001,0.0074722309999999985,0.08616331000000002
194,-0.009378607272727275,0.08713878181818183,0.024473718181818184,0.08668101818181818,0.0075114836363636365,0.08692100909090908
195,-0.009582513636363634,0.0876118090909091,0.024844072727272726,0.08750081818181817,0.00799838090909091,0.0875591
196,-0.01021921818181818,0.08553381818181817,0.026392154545454547,0.08681835454545454,0.008264718181818183,0.08619410909090908
197,-0.011529540000000001,0.0872406,0.0256714,0.08559266,0.007043458,0.08643492
198,-0.01120968181818182,0.08754520909090911,0.024498699999999995,0.0847889090909091,0.00713833909090909,0.08614141818181818
199,-0.009710695,0.0867279,0.023406989999999996,0.08542785000000001,0.007350158999999999,0.08607021999999999
200,-0.009459061818181819,0.08414667272727273,0.023344554545454553,0.08539510909090908,0.006804034545454544,0.08478479090909091
201,-0.009735101999999999,0.08504028,0.023681639999999997,0.08552857999999999,0.00720215,0.0852997
202,-0.009439640000000001,0.08758267272727273,0.023975718181818182,0.08543949999999999,0.00786105090909091,0.08648681818181819
203,-0.022408235454545455,0.09049987272727271,0.008691947272727273,0.09009906363636364,-0.0070259854545454544,0.09009353636363637
204,-0.2096771,0.09552157000000001,-0.17040107,0.10329749000000002,-0.18176119000000002,0.10247814
205,-0.3649628,0.10468739999999999,-0.3009216,0.10302718,-0.3292756,0.10392167999999999
206,-0.3792945454545455,0.107759,-0.3054045454545455,0.10543418181818182,-0.33692272727272726,0.10638854545454546
207,-0.38013945454545456,0.10244880909090909,-0.3051386363636363,0.10384154545454548,-0.33776463636363635,0.10341572727272727
208,-0.38077700000000003,0.10034196,-0.30401,0.1023104,-0.3327972,0.1016356
209,-0.3704126363636364,0.09947214545454544,-0.28709018181818186,0.10325912727272728,-0.30556272727272726,0.10244623636363638
210,-0.3692932,0.101535,-0.28444519999999995,0.1022886,-0.314523,0.10207819999999998
211,-0.3675054545454545,0.10090500000000001,-0.28328636363636367,0.10262627272727275,-0.31886145454545456,0.10200645454545455
212,-0.36424790909090904,0.09710142727272729,-0.28374699999999997,0.10276490909090909,-0.3153007272727273,0.10072049090909091
213,-0.3620238,0.09313962,-0.2823302,0.09910576000000001,-0.3132752,0.09692688000000002
214,-0.3607828181818182,0.09414533636363637,-0.28129045454545454,0.09812927272727273,-0.31011836363636375,0.09678094545454545
215,-0.3592682,0.09221192000000002,-0.2786254,0.09905398000000001,-0.3042846,0.09698179999999999
216,-0.35719727272727275,0.08973140000000002,-0.28003072727272726,0.10019763636363636,-0.3085311818181818,0.09646191818181817
217,-0.35777,0.08737181999999999,-0.2807708,0.0995758,-0.3089324000000001,0.09522706
218,-0.3578435454545454,0.08953996363636364,-0.2806464545454545,0.09919185454545455,-0.3109465454545454,0.09552692727272728
219,-0.3559085454545455,0.08896985454545454,-0.2804648181818181,0.09716380909090909,-0.3074794545454545,0.09432843636363636
220,-0.3545945,0.08282015,-0.2792253,0.09622344999999997,-0.30768890000000004,0.09114230999999999
221,-0.3551524545454545,0.07836636363636364,-0.27883763636363634,0.0962469,-0.308304,0.08946090000000001
222,-0.3564299999999999,0.08425598000000001,-0.2766632,0.09734804,-0.306,0.09265442000000002
223,-0.35895618181818184,0.08625239090909091,-0.2773674545454546,0.09796556363636365,-0.30407036363636364,0.0942257909090909
224,-0.3594728,0.08459778,-0.2779572,0.09895011999999999,-0.31026600000000004,0.09343568000000001
225,-0.3586243636363637,0.08318955454545454,-0.277169,0.09807518181818181,-0.3067641818181818,0.09283170000000002
226,-0.35933336363636365,0.08236278181818181,-0.2777768181818182,0.09970506363636363,-0.3035363636363637,0.09434929090909092
227,-0.357053,0.08336848181818182,-0.27762945454545457,0.09958027272727271,-0.3088389999999999,0.09334493636363637
228,-0.3563112,0.08652649,-0.27878290000000006,0.10042863999999999,-0.3044146,0.09595032
229,-0.3551317272727273,0.0891266,-0.27748100000000003,0.09815145454545454,-0.2915579090909091,0.09658534545454546
230,-0.3555990909090909,0.08773390000000002,-0.278799,0.09758827272727272,-0.29210300000000006,0.09596114545454547
231,-0.35512249999999995,0.08825987999999999,-0.27990560000000003,0.09807738999999999,-0.2963011000000001,0.09600371999999999
232,-0.3530553636363637,0.08719424545454545,-0.2807700909090909,0.0987271272727273,-0.29411045454545454,0.09666443636363636
233,-0.35321172727272726,0.08662272727272727,-0.2812692727272727,0.09697378181818181,-0.3042686363636364,0.09374583636363636
234,-0.35344345454545456,0.08536044545454545,-0.2806242727272727,0.09915577272727272,-0.31302290909090913,0.0931354909090909
235,-0.353778,0.08618468000000001,-0.27900099999999994,0.09839478,-0.31183759999999994,0.09313966000000001
236,-0.3526375454545455,0.0862496181818182,-0.2801514545454546,0.09902815454545455,-0.312894,0.09336438181818182
237,-0.3508315454545455,0.0865354,-0.2804316363636364,0.09834566363636364,-0.3114653636363636,0.09323537272727273
238,-0.35027759999999997,0.08853759999999997,-0.2813172,0.10196235999999999,-0.3068664,0.0970673
239,-0.35332818181818176,0.0906371909090909,-0.28325581818181816,0.10416771818181818,-0.3087977272727272,0.09918495454545453
240,-0.3555006363636364,0.09124756363636365,-0.30026963636363635,0.114033,-0.31814300000000006,0.10680454545454544
241,-0.3535555,0.08785552999999999,-0.303836,0.112994,-0.3188415,0.1055329
242,-0.35410809090909096,0.08706800000000002,-0.3046543636363636,0.11073436363636363,-0.3266824545454545,0.10031000909090909
243,-0.35412336363636365,0.08867436363636365,-0.3036333636363636,0.10981072727272728,-0.3268211818181818,0.10018499999999998
244,-0.3539941818181819,0.09087301818181819,-0.30363745454545454,0.10913363636363638,-0.3235112727272727,0.10199663636363637
245,-0.3501511,0.09089354999999999,-0.3031875,0.10963729999999998,-0.31914359999999997,0.10332630000000001
246,-0.3502624,0.09180908000000002,-0.30251780000000006,0.1086182,-0.31473380000000006,0.10439139999999998
247,-0.3526720909090909,0.09295514545454543,-0.303163,0.10824027272727274,-0.3201003636363636,0.10312454545454547
248,-0.35541172727272735,0.0933491090909091,-0.3009797272727273,0.106333,-0.32709836363636363,0.10017670909090909
249,-0.3552047,0.09342500999999999,-0.2990676,0.10511179999999998,-0.3228165,0.100241
250,-0.3524349090909091,0.0922186,-0.29773063636363634,0.10469327272727273,-0.3211780000000001,0.09937363636363637
251,-0.3502973636363636,0.08973831818181818,-0.29917509090909095,0.10708618181818182,-0.3208867272727272,0.09981056363636363
252,-0.34720300000000004,0.08879394,-0.2987029,0.10726770000000001,-0.3156219,0.10089250000000001
253,-0.34724299999999997,0.0860706909090909,-0.2997506363636364,0.10789499999999999,-0.3191223636363636,0.09896848181818182
254,-0.376985,0.01719664,-0.3167648,0.03857882,-0.3298661,0.03489837
255,-0.3806981818181818,-0.044755418181818184,-0.3007895454545455,-0.041207054545454536,-0.31457936363636363,-0.04152332727272727
256,-0.3819094,-0.04172669,-0.3010252,-0.042269900000000006,-0.357834,-0.04145967
257,-0.3805057272727272,-0.0455794,-0.3032587272727273,-0.03766562727272727,-0.34244881818181816,-0.04166622727272728
258,-0.3684454545454546,-0.0694705,-0.28265527272727275,-0.04864500909090908,-0.3250883636363636,-0.05897520909090909
259,-0.3684632,-0.0741089,-0.2793228,-0.05253754000000001,-0.32125709999999996,-0.06267088000000001
260,-0.3696824,-0.07611542,-0.2808581,-0.05240325999999999,-0.3255323,-0.06430968000000001
261,-0.37253790909090906,-0.0739205,-0.27925090909090905,-0.0529369,-0.31335581818181824,-0.060616236363636354
262,-0.37118080000000003,-0.07122345999999999,-0.27499399999999996,-0.058314500000000005,-0.3085984,-0.06291812
263,-0.37158881818181827,-0.06891701818181818,-0.2740531818181818,-0.0566184,-0.31939281818181814,-0.06235713636363637
264,-0.3712616999999999,-0.06727143,-0.27592800000000006,-0.05687256,-0.31877300000000003,-0.06158753
265,-0.3685858181818181,-0.06598456363636364,-0.280285909090909,-0.05720935454545455,-0.3168017272727273,-0.06085344545454545
266,-0.3634247,-0.06756288,-0.28408490000000003,-0.058168,-0.318283,-0.06223603000000001
267,-0.36328527272727273,-0.0681846,-0.28448463636363636,-0.0586839090909091,-0.3191042727272727,-0.06287314545454545
268,-0.36422750000000004,-0.06696930000000001,-0.28587310000000005,-0.05881653,-0.32348809999999995,-0.06276549000000001
269,-0.36733336363636365,-0.06797098181818181,-0.28731890909090907,-0.05748957272727273,-0.3220868181818182,-0.06208662727272726
270,-0.3673814,-0.06502988,-0.29121720000000006,-0.0583191,-0.31930850000000005,-0.06081695
271,-0.3662799,-0.061454770000000006,-0.29111180000000003,-0.05877074000000001,-0.32503370000000004,-0.06000976
272,-0.3670722727272727,-0.06043312727272727,-0.29083409090909096,-0.058926681818181816,-0.32215072727272726,-0.059581427272727285
273,-0.36703763636363634,-0.06096441818181819,-0.2894548181818182,-0.05836210909090909,-0.3140579090909091,-0.05922353636363636
274,-0.3706573,-0.061756889999999995,-0.2887877,-0.059483350000000004,-0.3200487000000001,-0.060365289999999995
275,-0.3692433636363637,-0.06278022727272727,-0.28690290909090915,-0.060165427272727286,-0.32003918181818175,-0.06125155454545453
276,-0.3688292000000001,-0.06023866,-0.287796,-0.060571289999999986,-0.32119280000000006,-0.060481280000000005
277,-0.3661733636363637,-0.05788769090909091,-0.28891127272727274,-0.06021398181818181,-0.3222087272727273,-0.0592692909090909
278,-0.3632767,-0.058491520000000005,-0.28876660000000004,-0.06001281999999999,-0.31956789999999996,-0.059440599999999996
279,-0.3733017999999999,-0.06631319999999999,-0.2977646,-0.06216276999999999,-0.3269547,-0.06378785
280,-0.37194418181818184,-0.06349875454545453,-0.30020281818181815,-0.06253882727272726,-0.33380836363636374,-0.06299105454545456
281,-0.3717829999999999,-0.06408968181818184,-0.30018736363636367,-0.060215336363636365,-0.33587390909090914,-0.06218929090909093
282,-0.37115319999999996,-0.06085661,-0.29913029999999996,-0.059126279999999996,-0.33027200000000007,-0.059910569999999996
283,-0.3636752727272727,-0.06654772727272727,-0.2975355454545454,-0.058179009090909076,-0.3255908181818182,-0.06135558181818181
284,-0.35475140000000005,-0.06374969,-0.28309470000000003,-0.05572359,-0.30092319999999995,-0.05767823000000001
285,-0.3528997272727273,-0.0566419909090909,-0.2833182727272727,-0.05554892727272727,-0.30127354545454543,-0.055862436363636365
286,-0.3506774999999999,-0.06026457,-0.2839292,-0.05829161000000001,-0.3070449,-0.05902862000000001
287,-0.35032927272727277,-0.06118223636363637,-0.28457781818181815,-0.058629818181818186,-0.3101265454545454,-0.05965078181818182
288,-0.3504000909090909,-0.061676018181818185,-0.2843375454545454,-0.05908341818181818,-0.30667663636363635,-0.05999201818181818
289,-0.3518414545454545,-0.060981045454545454,-0.28388436363636366,-0.0580583090909091,-0.3022543636363636,-0.058868418181818184
290,-0.3530380999999999,-0.06178891999999999,-0.28401960000000004,-0.05896760999999999,-0.30343639999999994,-0.05978242
291,-0.3500851818181819,-0.06198676363636364,-0.2837550909090909,-0.05895580909090909,-0.3073551818181818,-0.060093281818181826
292,-0.3497176363636364,-0.0618744,-0.28251927272727273,-0.057474336363636365,-0.3121435454545454,-0.05943437272727272
293,-0.34815360000000006,-0.06188507000000001,-0.281502,-0.0578476,-0.3103483000000001,-0.05961763
294,-0.3473899090909091,-0.06041091818181818,-0.2795144545454545,-0.057704581818181826,-0.30674181818181817,-0.05882541818181819
295,-0.34718190000000004,-0.059437569999999995,-0.2788496,-0.058187859999999994,-0.30859059999999994,-0.05873871999999999
296,-0.34746890909090916,-0.056732163636363624,-0.2774074545454546,-0.05901682727272727,-0.31082418181818183,-0.057975081818181826
297,-0.3475173,-0.057795710000000014,-0.2767471,-0.059088110000000006,-0.30865790000000004,-0.058541880000000004
298,-0.34732463636363636,-0.05880321818181819,-0.27673745454545456,-0.06119050909090907,-0.30775600000000003,-0.0601875909090909
299,-0.34768820000000006,-0.060115039999999995,-0.2760636,-0.061288450000000015,-0.31011209999999995,-0.06079100999999999
300,-0.3498133636363636,-0.060832627272727285,-0.2736512727272728,-0.06118079090909092,-0.3078820909090909,-0.061092045454545454
301,-0.3500183,-0.06219329999999999,-0.2722154,-0.06162414000000001,-0.30453359999999996,-0.0619049
302,-0.35188409090909095,-0.06021117272727272,-0.2722845454545455,-0.06188964545454545,-0.30813481818181815,-0.06115861818181818
303,-0.35259389999999996,-0.058393839999999995,-0.27225789999999994,-0.062428269999999994,-0.30897080000000005,-0.0606552
304,-0.35705972727272733,-0.09530916363636362,-0.2756154545454546,-0.09328114545454547,-0.30208636363636354,-0.09386101818181819
305,-0.3724737272727273,-0.20510445454545453,-0.3065961818181819,-0.1805836363636363,-0.31148454545454546,-0.18202345454545454
306,-0.3746231,-0.2212571,-0.3029799000000001,-0.19118030000000003,-0.3116517,-0.1946427
307,-0.3711631818181819,-0.22648890909090913,-0.3023585454545455,-0.1915296363636364,-0.3346820909090909,-0.20804372727272727
308,-0.3696792,-0.227936,-0.30375969999999997,-0.1911514,-0.33657670000000006,-0.20947429999999997
309,-0.34819027272727265,-0.23103472727272722,-0.2903221818181818,-0.19735036363636363,-0.31891436363636366,-0.21404472727272728
310,-0.3462264,-0.232132,-0.28383640000000004,-0.19755089999999997,-0.3178498,-0.21640940000000003
311,-0.3468710909090909,-0.23058954545454535,-0.283106,-0.19747236363636358,-0.3152355454545455,-0.21419890909090913
312,-0.34731763636363644,-0.22991936363636362,-0.2841729090909091,-0.19750554545454546,-0.31791800000000003,-0.21486727272727277
313,-0.3464857,-0.2304564,-0.28859120000000005,-0.19699250000000004,-0.32311540000000005,-0.21698460000000003
314,-0.3441116,-0.23085930000000005,-0.29010630000000004,-0.1953065,-0.3209657,-0.21560819999999997
315,-0.3395190909090909,-0.23247054545454546,-0.28992527272727275,-0.19365772727272726,-0.31615518181818186,-0.2141419090909091
316,-0.3394677272727273,-0.23300018181818183,-0.2864394545454545,-0.19409890909090907,-0.3034724545454546,-0.20669709090909089
317,-0.3287429,-0.23509530000000006,-0.2828749,-0.19531559999999998,-0.2976242,-0.20814349999999998
318,-0.3259749090909091,-0.23620881818181824,-0.28474581818181816,-0.19250772727272733,-0.3035943636363636,-0.21247572727272723
319,-0.32585619999999993,-0.2338381,-0.28563530000000004,-0.19091810000000003,-0.3049336,-0.21146379999999998
320,-0.3246544545454546,-0.2316575454545455,-0.28377036363636365,-0.1919580909090909,-0.30409372727272727,-0.21165845454545454
321,-0.32476199999999994,-0.2303422,-0.28272410000000003,-0.19309550000000003,-0.3027526000000001,-0.21081560000000002
322,-0.32264854545454547,-0.229162,-0.28249018181818175,-0.19325663636363635,-0.30310899999999996,-0.2116604545454546
323,-0.32288581818181816,-0.22887054545454547,-0.282067,-0.19370081818181817,-0.3033254545454546,-0.21200163636363636
324,-0.32235699999999995,-0.22895210000000002,-0.28107609999999994,-0.19374539999999998,-0.2999421,-0.2098189
325,-0.3214237272727272,-0.2293202727272727,-0.28189781818181814,-0.19479663636363637,-0.29990300000000003,-0.21051145454545453
326,-0.32104320000000003,-0.22845300000000002,-0.2819382,-0.19664470000000006,-0.30081330000000006,-0.2119872
327,-0.3204774545454545,-0.22634600000000005,-0.2824734545454545,-0.19743772727272726,-0.3007867272727273,-0.21135518181818183
328,-0.32145539999999995,-0.2261244,-0.28332339999999995,-0.19651630000000003,-0.3020218,-0.2110426
329,-0.32081200000000004,-0.22648899999999997,-0.2834902727272727,-0.1945399090909091,-0.3009256363636364,-0.20944190909090904
330,-0.32268369999999996,-0.2266297,-0.2832886,-0.19403370000000003,-0.29984590000000005,-0.20771789999999996
331,-0.32381663636363633,-0.22592981818181823,-0.28242618181818185,-0.19426236363636365,-0.3012697272727273,-0.20867236363636366
332,-0.3276289,-0.22487630000000003,-0.28091740000000004,-0.1967024,-0.3033325,-0.21024009999999996
333,-0.32983545454545454,-0.2255846363636363,-0.2806882727272727,-0.19853463636363636,-0.30518536363636367,-0.21204027272727277
334,-0.3310195,-0.22471029999999997,-0.2808395,-0.20056759999999998,-0.30611550000000004,-0.21275170000000002
335,-0.3321283636363636,-0.2247813636363636,-0.28163972727272724,-0.19848209090909094,-0.30628272727272726,-0.21133563636363634
336,-0.33201889999999995,-0.22445359999999998,-0.28152920000000003,-0.19782560000000005,-0.30307150000000005,-0.2092164
337,-0.3335945454545455,-0.22424318181818179,-0.28140799999999994,-0.19827672727272727,-0.3048330909090909,-0.20995954545454545
338,-0.33392030000000006,-0.22454390000000002,-0.2803494000000001,-0.19883140000000005,-0.30796840000000003,-0.21211689999999997
339,-0.3348873636363636,-0.225823,-0.27962563636363635,-0.19899818181818182,-0.30704427272727275,-0.21234009090909092
340,-0.33533818181818176,-0.22602290909090905,-0.2794299090909091,-0.19802845454545456,-0.3053448181818182,-0.2110083636363636
341,-0.3353942,-0.2259062,-0.27970890000000004,-0.1988156,-0.30553430000000004,-0.2114183
342,-0.3345251818181819,-0.2255665454545455,-0.28145790909090906,-0.19761927272727273,-0.30732445454545454,-0.21126363636363638
343,-0.3329470909090909,-0.22642527272727275,-0.28202136363636365,-0.19879299999999997,-0.3073383636363636,-0.212548
344,-0.3325867,-0.22422939999999997,-0.28249519999999995,-0.1989744,-0.307486,-0.2115995
345,-0.3313708181818182,-0.22482872727272724,-0.28270645454545457,-0.19752899999999995,-0.3079916363636363,-0.2117366363636364
346,-0.33119820000000005,-0.22441869999999997,-0.28326720000000005,-0.19483789999999998,-0.3075637,-0.20984350000000002
347,-0.3303596363636363,-0.22455136363636366,-0.283772,-0.19442872727272723,-0.3069207272727273,-0.20940472727272727
348,-0.3309657272727273,-0.22518372727272726,-0.28384954545454544,-0.19503945454545457,-0.30736890909090914,-0.21009127272727277
349,-0.3306566,-0.2220949,-0.28206619999999993,-0.19571370000000005,-0.3071489,-0.2093552
350,-0.33084090909090913,-0.22319727272727266,-0.28208109090909095,-0.19657072727272729,-0.3081805454545455,-0.2108487272727273
351,-0.32996299999999995,-0.22236918181818185,-0.2811432727272728,-0.195408,-0.3061551818181818,-0.20923245454545458
352,-0.3299378,-0.2237672,-0.28112180000000003,-0.1948914,-0.3068692,-0.21013500000000002
353,-0.32987563636363637,-0.2236770909090909,-0.28093236363636365,-0.19521527272727274,-0.30706536363636366,-0.2104298181818182
354,-0.3219561,-0.22650920000000002,-0.2779817,-0.19775990000000004,-0.3000338,-0.21108409999999997
355,-0.11902560000000001,-0.2320767272727273,-0.11333112090909093,-0.19463990909090914,-0.11804740000000001,-0.2036687272727273
356,0.005545046,-0.2258086,0.026950079999999998,-0.20137940000000004,0.013168326000000003,-0.2155854
357,0.002416435545454546,-0.22446527272727276,0.032583081818181814,-0.20639036363636362,0.012802145454545454,-0.21825909090909093
358,0.002346802,-0.22652899999999998,0.0347565,-0.20455640000000003,0.01941528,-0.2149996
359,0.006665038999999999,-0.22584850000000004,0.03540189,-0.2048892,0.02236022,-0.2144304
360,0.0017117581818181815,-0.22598536363636362,0.03625624545454545,-0.20545836363636366,0.019919645454545457,-0.2151905454545454
361,-0.004937743999999999,-0.23007519999999998,0.024551399999999998,-0.19920639999999998,0.007397458,-0.21735220000000002
362,-0.00512834090909091,-0.22981372727272723,0.025860881818181816,-0.20221909090909088,0.009859958181818182,-0.21651800000000002
363,-0.004119876000000001,-0.22825920000000005,0.027371200000000002,-0.20305179999999998,0.01256104,-0.2149446
364,-0.0014246154545454546,-0.22679009090909086,0.02777236363636364,-0.20366181818181817,0.013522072727272731,-0.2149825454545455
365,-0.0006439222000000002,-0.22760640000000004,0.027825919999999997,-0.20392140000000003,0.012963859999999999,-0.216327
366,0.00020113858181818183,-0.2294605454545455,0.025776272727272728,-0.20562599999999998,0.012213963636363638,-0.218298
367,-0.00249938878,-0.2265502,0.0237549,-0.2080962,0.009811394,-0.21792899999999998
368,-0.0033666445454545446,-0.22586772727272722,0.023429163636363638,-0.20861799999999997,0.00984469090909091,-0.21739618181818185
369,-0.003393552,-0.22936399999999998,0.02413636,-0.20964059999999995,0.0106842,-0.2193054
370,-0.004347365454545454,-0.23085863636363635,0.0244654,-0.21062245454545456,0.010205338181818182,-0.22066690909090908
371,-0.007109211818181819,-0.22899572727272724,0.024723390909090905,-0.211036,0.00845059909090909,-0.2202439090909091
372,-0.007797242,-0.22879319999999997,0.0233551,-0.2103976,0.006817628000000001,-0.2201964
373,-0.006523826363636364,-0.22995654545454547,0.022693981818181816,-0.2085418181818182,0.007859664545454545,-0.2194464545454546
374,-0.0067459109999999985,-0.23032389999999997,0.022726450000000002,-0.2095126,0.007858275000000001,-0.220038
375,-0.006787112,-0.22923870000000007,0.02360077,-0.2090226,0.008030702999999998,-0.21941520000000003
376,-0.006820680909090909,-0.22861009090909096,0.023150372727272727,-0.20819245454545457,0.007611362727272728,-0.218811
377,-0.0059980927272727256,-0.22913854545454546,0.020675672727272727,-0.20831172727272723,0.006794323636363636,-0.21917327272727272
378,-0.004162598000000001,-0.2294922,0.0196869,-0.2069948,0.007492068,-0.21851820000000002
379,-0.0018615725454545456,-0.22984872727272732,0.01917612727272727,-0.20670381818181818,0.008500533636363635,-0.21846427272727276
380,-0.0044677760000000006,-0.22979120000000003,0.01889648,-0.2058106,0.006411744,-0.2186404
381,-0.006150676363636364,-0.2303827272727272,0.01874749090909091,-0.20705627272727273,0.0049785281818181815,-0.21998045454545456
382,-0.006207275000000001,-0.230336,0.017922959999999998,-0.20772719999999997,0.005157470999999999,-0.2197156
383,-0.00645752,-0.2302764,0.01788938,-0.20631400000000003,0.005413818000000001,-0.21861860000000002
384,-0.005685979999999999,-0.2293965454545455,0.017811181818181816,-0.20682872727272728,0.0060202836363636375,-0.21817427272727274
385,-0.006243617272727273,-0.22882763636363637,0.01771266363636364,-0.2077620909090909,0.006095191818181817,-0.2180037272727273
386,-0.004841614000000001,-0.22769940000000002,0.01777648,-0.20916600000000002,0.006390380999999999,-0.21851190000000004
387,-0.004003352727272727,-0.2276344545454546,0.01988358181818182,-0.20814654545454545,0.007296474545454546,-0.21844327272727274
388,-0.003821633636363637,-0.22683709090909085,0.021976827272727272,-0.20806745454545456,0.007963700909090909,-0.21829209090909094
389,-0.0029479990000000006,-0.23275759999999995,0.02511141,-0.21181490000000003,0.010209667000000002,-0.2229674
390,-0.0012692547272727271,-0.23342218181818183,0.02561811818181818,-0.21005263636363633,0.011821400000000003,-0.2220694545454545
391,-0.00032501218999999996,-0.23081199999999996,0.025206019999999996,-0.2092362,0.01203764,-0.22038279999999996
392,-0.0018629599999999997,-0.22564554545454546,0.02523111818181818,-0.2088749090909091,0.011219354545454545,-0.21757090909090906
393,-0.0014633200000000002,-0.2297223,0.025502010000000002,-0.20912150000000002,0.01179046,-0.2196319
394,-0.0022613539999999997,-0.2331176,0.025827040000000002,-0.20929900000000004,0.011148059999999998,-0.2217834
395,-0.0038174700000000003,-0.2329101818181818,0.026444863636363634,-0.21014400000000003,0.010801818181818183,-0.22196127272727273
396,-0.005658235454545454,-0.2281093636363636,0.02721336363636364,-0.20945599999999998,0.010173458181818184,-0.21917709090909085
397,-0.004612732999999999,-0.23148490000000005,0.02730865,-0.20736690000000002,0.010731510000000003,-0.2199325
398,-0.004416723636363637,-0.2298679090909091,0.02634081818181818,-0.20739327272727273,0.010478645454545453,-0.21901372727272728
399,-0.0046456090909090895,-0.230466,0.025720763636363633,-0.20782872727272725,0.009726783636363635,-0.21979581818181818
400,-0.006109619,-0.2291261,0.02585449,-0.20875059999999998,0.009283447999999998,-0.21934659999999995
401,-0.00830216818181818,-0.23036745454545457,0.026013454545454548,-0.20870299999999997,0.008149580000000002,-0.220015
402,-0.008599852,-0.22886949999999998,0.02491456,-0.20847310000000002,0.007130431999999999,-0.2193315
403,0.03711212909090909,-0.22695618181818178,0.06518563636363636,-0.20570509090909092,0.048604745454545455,-0.21929099999999996
404,0.23377370000000003,-0.2191941,0.22797080000000003,-0.19885250000000004,0.232707,-0.21463179999999998
405,0.2849329090909091,-0.2203921818181818,0.2770385454545454,-0.19504872727272723,0.2825998181818182,-0.2109581818181818
406,0.2826967272727272,-0.220538,0.28156227272727274,-0.19437336363636362,0.28192409090909093,-0.20349963636363633
407,0.2825698,-0.2195557,0.2830093000000001,-0.1934845,0.2828155,-0.2071701
408,0.29940245454545455,-0.21125099999999997,0.3061702727272727,-0.19018809090909092,0.300536909090909,-0.20498918181818182
409,0.29959860000000005,-0.2144057,0.3179674,-0.18355269999999996,0.30525820000000004,-0.20509329999999998
410,0.29747572727272725,-0.21539145454545452,0.3175089090909091,-0.18612118181818182,0.30849800000000005,-0.19933236363636367
411,0.29795839999999996,-0.21847369999999997,0.32063279999999994,-0.18634660000000003,0.30920100000000006,-0.2026703
412,0.30067990909090914,-0.2181992727272727,0.32075618181818183,-0.18626536363636362,0.310648,-0.20247572727272728
413,0.30143045454545453,-0.21845881818181817,0.3217857272727272,-0.18445227272727271,0.31129445454545457,-0.20211099999999996
414,0.30113210000000007,-0.21802359999999998,0.3221225,-0.18543530000000003,0.31089629999999996,-0.20298610000000003
415,0.30107419999999996,-0.2183913,0.32473169999999996,-0.1858536,0.311803,-0.2037445
416,0.30080754545454547,-0.21876527272727275,0.32357518181818185,-0.1879897272727273,0.31197018181818176,-0.20380054545454546
417,0.29931800000000003,-0.21944654545454545,0.323044,-0.19024390909090905,0.3097008181818182,-0.20677472727272728
418,0.3001494,-0.2188845,0.32075940000000003,-0.19086169999999997,0.30700990000000006,-0.2096679
419,0.29972981818181815,-0.2183129090909091,0.32042745454545457,-0.19020490909090906,0.3072428181818182,-0.20820063636363634
420,0.298123,-0.21753109999999998,0.32360700000000003,-0.18864580000000003,0.3084627,-0.20590830000000002
421,0.2963381818181817,-0.21646400000000002,0.3230950909090909,-0.1873862727272727,0.30715254545454546,-0.20480618181818186
422,0.2959733636363636,-0.21610045454545454,0.32413563636363635,-0.18736254545454545,0.3066893636363636,-0.2052691818181818
423,0.2959258,-0.21682449999999998,0.32203370000000003,-0.1875488,0.3054549000000001,-0.2062392
424,0.294707,-0.21708372727272726,0.32420618181818184,-0.18674672727272726,0.307316,-0.2042400909090909
425,0.2930979090909091,-0.21747372727272724,0.3228107272727273,-0.18636118181818181,0.30737427272727275,-0.202634
426,0.2912291,-0.2176669,0.32295979999999996,-0.18535600000000002,0.3073882,-0.20133970000000004
427,0.28964509090909096,-0.21824645454545458,0.3211892727272727,-0.18496281818181817,0.30569863636363637,-0.20144927272727273
428,0.31203640000000005,-0.2077578,0.2925765,-0.18779620000000002,0.30851739999999994,-0.20320290000000002
429,0.31231281818181816,-0.20718236363636364,0.2957293636363636,-0.1828071818181818,0.30802099999999993,-0.20087354545454542
430,0.31174169999999995,-0.2086775,0.29722879999999996,-0.1835847,0.3059173,-0.19844989999999998
431,0.311711909090909,-0.21017327272727276,0.29631590909090905,-0.1833204545454545,0.3050855454545455,-0.19857645454545453
432,0.31189110000000003,-0.2126647,0.29474490000000003,-0.18619239999999998,0.3044173,-0.20113849999999997
433,0.2905924545454545,-0.2162529090909091,0.3225293636363636,-0.17822554545454544,0.2983289090909091,-0.2057744545454545
434,0.2859552727272727,-0.2149187272727273,0.3315290000000001,-0.17770245454545458,0.2988781818181818,-0.2046605454545454
435,0.28726463636363636,-0.21547327272727276,0.3332477272727273,-0.17774409090909088,0.31053,-0.19657072727272729
436,0.28838060000000004,-0.21588589999999996,0.3337433000000001,-0.17685109999999998,0.31120329999999996,-0.19647230000000002
437,0.2899085454545454,-0.2163959090909091,0.3357946363636363,-0.17737645454545453,0.3119506363636364,-0.19780781818181817
438,0.2974303,-0.19007550000000004,0.3089447,-0.15784760000000003,0.30461109999999997,-0.16962460000000001
439,0.2941271818181818,-0.17146990909090906,0.29743836363636367,-0.1418720909090909,0.295709909090909,-0.16029909090909092
440,0.29659881818181816,-0.16957645454545453,0.29850899999999997,-0.14062081818181818,0.29713309090909096,-0.16173063636363638
441,0.29865569999999997,-0.16948090000000002,0.29393640000000004,-0.14164740000000003,0.29678930000000003,-0.15861519999999998
442,0.3008882727272727,-0.16986345454545457,0.29520363636363633,-0.14212181818181818,0.2985077272727273,-0.15808818181818182
443,0.30194109090909094,-0.16988854545454546,0.2953658181818182,-0.1417000909090909,0.2996702727272727,-0.15988272727272726
444,0.3007465454545454,-0.1712369090909091,0.2977169090909091,-0.14139481818181818,0.2995857272727273,-0.15932245454545454
445,0.3001586,-0.17068940000000002,0.30098579999999997,-0.14026929999999999,0.3005094,-0.15804420000000002
446,0.2995606363636364,-0.17442581818181818,0.2976089090909091,-0.1368712727272727,0.2988876363636364,-0.16063890909090908
447,0.2993668,-0.17456359999999999,0.293025,-0.1337206,0.2969437999999999,-0.15862130000000002
448,0.2987257,-0.1742936,0.29338040000000004,-0.13438270000000002,0.2965805,-0.1578538
449,0.29761,-0.17274466666666666,0.29318233333333327,-0.13493116666666669,0.2957659999999999,-0.15665183333333335
450,0.2966903,-0.17620709999999998,0.29141090000000003,-0.13647,0.29429929999999993,-0.15777419999999998
451,0.29684718181818187,-0.1762848181818182,0.2905052727272727,-0.1346629090909091,0.29398154545454547,-0.1570947272727273
452,0.2986633,-0.17347410000000002,0.29271679999999994,-0.13235760000000002,0.29575189999999996,-0.1527634
453,0.31145818181818186,-0.07714978181818181,0.33819318181818186,-0.05638398181818182,0.3312448181818182,-0.0627871090909091
454,0.32585430000000004,-0.043951409999999996,0.34930759999999994,-0.013111877,0.33173049999999993,-0.03518983
455,0.32968854545454557,-0.04688472727272727,0.3611699090909091,-0.013481846363636363,0.34360436363636365,-0.03196024545454545
456,0.3305925,-0.04606783,0.3381669,-0.02416992,0.3340531,-0.0359558
457,0.3294234545454545,-0.042814754545454546,0.33979381818181814,-0.024004836363636362,0.33440754545454543,-0.033830099999999995
458,0.3309341818181818,-0.04113075454545455,0.3401268181818182,-0.023229409090909092,0.33518581818181814,-0.03288683636363637
459,0.32358336363636364,-0.05752282727272726,0.34460745454545455,-0.033347381818181816,0.3350496363636363,-0.04447521818181818
460,0.32006563636363644,-0.06332536363636365,0.35141681818181814,-0.04182293636363636,0.3343616363636363,-0.053608300000000005
461,0.3230178,-0.06381529999999999,0.34677720000000006,-0.041720590000000016,0.33530270000000006,-0.052439879999999994
462,0.3223447272727272,-0.06339332727272727,0.34662818181818184,-0.041487245454545456,0.3343630909090909,-0.05260397272727273
463,0.32317349999999995,-0.06275024,0.3437272,-0.043084729999999995,0.33276510000000004,-0.05361174
464,0.3232518181818182,-0.061939581818181814,0.3416471818181818,-0.04615508181818182,0.33159154545454544,-0.05481927272727274
465,0.32583159999999994,-0.061804210000000005,0.3425797,-0.0468918,0.3333387,-0.05513764
466,0.32582379999999994,-0.06214447999999999,0.3435181,-0.04354857,0.3342545,-0.05332032
467,0.32566836363636364,-0.06236406363636364,0.3431938181818181,-0.0422516,0.33376245454545456,-0.05312834545454546
468,0.326061,-0.06310201818181817,0.34281790909090915,-0.04371645454545454,0.3333530909090909,-0.05469998181818181
469,0.3269592,-0.06334837999999998,0.3428392,-0.04361726,0.3339417,-0.05470581
470,0.32692227272727276,-0.06259986363636362,0.34237936363636357,-0.04118207272727273,0.33424663636363633,-0.052493000000000005
471,0.32650500000000005,-0.06253745454545455,0.3415319090909091,-0.039768572727272716,0.33353509090909095,-0.051947845454545456
472,0.326476,-0.06400680833333333,0.340295,-0.038565316666666655,0.3321724999999999,-0.05359520833333334
473,0.324965,-0.06433564,0.34073309999999996,-0.036914060000000005,0.331369,-0.05327451999999999
474,0.32435309090909087,-0.0634405,0.34018209090909096,-0.03902366363636364,0.33162881818181816,-0.05227936363636363
475,0.32089236363636364,-0.06202699090909091,0.33039163636363644,-0.03392583636363637,0.3252924545454545,-0.051519245454545455
476,0.31782400000000005,-0.06089479000000001,0.3114578,-0.034719850000000003,0.31687459999999995,-0.056765739999999995
477,0.3156432727272727,-0.059303999999999996,0.3157223636363637,-0.03407980909090909,0.31576400000000004,-0.04817755454545454
478,0.31417409090909093,-0.05977284545454546,0.3166889999999999,-0.03237915454545455,0.31537018181818177,-0.046986
479,0.31236263636363637,-0.057948709090909094,0.31717336363636367,-0.031767418181818184,0.3143143636363636,-0.04747008181818182
480,0.3107924000000001,-0.05859376000000001,0.31676630000000006,-0.030783079999999997,0.31349340000000003,-0.04615480000000001
481,0.3114428181818182,-0.05865617272727273,0.31527290909090916,-0.02996410909090909,0.31329627272727273,-0.04505640909090909
482,0.31016263636363633,-0.06096718181818181,0.3165726363636364,-0.02984063636363637,0.3131699090909091,-0.046561500000000006
483,0.31023700000000004,-0.06108397,0.31594550000000005,-0.029661540000000004,0.3130003,-0.046101369999999996
484,0.31082972727272723,-0.061363909090909094,0.31780745454545456,-0.030847718181818185,0.31407854545454544,-0.04733830909090908
485,0.3122786000000001,-0.061912539999999995,0.3158693,-0.031097430000000002,0.31390090000000004,-0.04841461
486,0.31305380000000005,-0.06198273,0.3149674000000001,-0.03077849,0.31399080000000007,-0.047149659999999996
487,0.3137346363636364,-0.06259986363636363,0.3127954545454546,-0.03070069090909091,0.3132809090909091,-0.04615366363636363
488,0.3154544545454545,-0.06132232727272726,0.3129565454545455,-0.030786699999999997,0.31419100000000005,-0.04549338181818181
489,0.31513659999999993,-0.06142884,0.3118012,-0.03199768,0.31350999999999996,-0.04653932000000001
490,0.3153689,-0.061842350000000004,0.3085665,-0.03457794999999999,0.312074,-0.0485184
491,0.3153025,-0.06256611666666667,0.3078600833333334,-0.032894133333333325,0.31163416666666666,-0.047810874999999996
492,0.3144745,-0.06211548,0.3108124000000001,-0.030957059999999998,0.3126922,-0.046766640000000005
493,0.311479,-0.06058849090909091,0.3124055454545455,-0.029941918181818187,0.31193963636363636,-0.04634926363636363
494,0.31251670000000004,-0.0598297,0.3137129,-0.029147309999999992,0.31311340000000004,-0.045236210000000006
495,0.31388872727272726,-0.06009186363636363,0.3135764545454545,-0.02847289090909091,0.3137733636363636,-0.04481228181818182
496,0.31440481818181815,-0.06102407272727273,0.3155044545454545,-0.027847290909090914,0.3149609090909091,-0.04532969090909091
497,0.31296700000000005,-0.06151426,0.31754140000000003,-0.02982788,0.3150725,-0.047253439999999994
498,0.31240154545454546,-0.06172734545454545,0.31887527272727273,-0.03062021818181818,0.31545336363636367,-0.04726201818181818
499,0.3109372,-0.061920180000000005,0.3160464,-0.035354619999999996,0.31347959999999997,-0.04886472
500,0.31002272727272734,-0.0623446181818182,0.31561136363636366,-0.036851354545454545,0.31283,-0.04966596363636364
501,0.3108552,-0.06366882,0.31546319999999994,-0.03737181999999999,0.31325400000000003,-0.05017396
502,0.3098129090909091,-0.06378174545454546,0.3156015454545455,-0.036639127272727265,0.31269845454545453,-0.05038173636363636
503,0.31032380000000004,-0.06311338000000001,0.3160034,-0.03910524,0.3131166,-0.05140382
504,0.3398034545454545,0.023798254545454547,0.32704590909090914,0.021313745454545452,0.33017918181818184,0.020807436363636366
505,0.34286218181818184,0.10486254545454544,0.33556018181818187,0.09388863636363637,0.33749118181818183,0.09852050909090909
506,0.3309448,0.10201408000000001,0.33524479999999995,0.09514770000000002,0.33260499999999993,0.09918828000000002
507,0.33087572727272735,0.09711249999999999,0.33389727272727265,0.09470298181818183,0.33250863636363637,0.09577941818181818
508,0.3317932,0.09935308,0.3328004,0.09325258,0.33231819999999995,0.09619752000000001
509,0.3319674545454545,0.09980376363636365,0.3308327272727272,0.09257089999999998,0.331346,0.09581271818181816
510,0.3324767,0.09921719,0.3304443,0.09307250999999998,0.33145449999999993,0.09604188999999999
511,0.3347237272727272,0.10115045454545454,0.3306331818181819,0.09422718181818182,0.33267481818181815,0.09768259090909094
512,0.335022,0.1006718181818182,0.3286006363636363,0.09640083636363635,0.33176218181818184,0.09850794545454546
513,0.3351870909090909,0.10074100000000001,0.32904754545454545,0.0954645090909091,0.3318744545454546,0.09788235454545453
514,0.33435960000000003,0.10013432,0.3301546,0.09460146000000003,0.33194599999999996,0.09696656000000001
515,0.33495480000000005,0.1007872,0.3310394,0.09402161999999999,0.3329256,0.09727171999999999
516,0.33520236363636363,0.10121981818181816,0.3317284545454545,0.0935558,0.3335405454545455,0.09754668181818182
517,0.3323578,0.10032345999999999,0.33336200000000005,0.09283446,0.33287959999999994,0.0964264
518,0.33649781818181823,0.10172638181818182,0.32090599999999997,0.09370281818181819,0.32897254545454546,0.0977755909090909
519,0.332498,0.1038146,0.3143524,0.09495238,0.3247678,0.10003347999999998
520,0.33238236363636364,0.1045780909090909,0.314833090909091,0.0956739818181818,0.32337118181818175,0.09999901818181817
521,0.33182659999999997,0.1045928,0.3155014,0.09597930999999998,0.32328619999999997,0.10007941999999999
522,0.3297687272727273,0.10575054545454546,0.31678490909090906,0.09742873636363636,0.32334209090909094,0.10162772727272729
523,0.32983660000000004,0.1059264,0.3182434,0.09775390000000002,0.3241608,0.10192559999999999
524,0.32888090909090906,0.1053799090909091,0.3210142727272727,0.09778941818181817,0.32506354545454547,0.1016859090909091
525,0.33174154545454543,0.10661999999999999,0.3206219090909091,0.09748564545454545,0.32644254545454543,0.10223536363636364
526,0.3339842,0.10549299999999999,0.319635,0.09657898000000001,0.32667539999999995,0.1009458
527,0.33431163636363637,0.10537018181818182,0.31924572727272726,0.09553945454545452,0.32664209090909097,0.10036672727272727
528,0.3337499090909091,0.10503027272727274,0.3203403636363636,0.0962455272727273,0.32743700000000003,0.10089245454545458
529,0.33292859999999996,0.1051422,0.3221986,0.0962799,0.3276336000000001,0.10076280000000001
530,0.3309438181818182,0.10511809090909091,0.3240064545454546,0.0964494181818182,0.3274439999999999,0.10073009090909091
531,0.3298385,0.10472569999999999,0.32380230000000004,0.09653168999999999,0.3269167,0.1007493
532,0.3306539090909091,0.1047239090909091,0.3231215454545454,0.09617892727272727,0.326914,0.1005110909090909
533,0.3169496,0.1073182,0.3121214,0.09458008000000001,0.314627,0.1009949
534,0.30741063636363636,0.11174863636363636,0.313048,0.09807794545454547,0.3113888181818182,0.10213654545454545
535,0.30458380000000007,0.1074892,0.3149688,0.09751587999999999,0.31012259999999997,0.1021086
536,0.3046735454545455,0.10633700000000003,0.3156266363636364,0.09727895454545453,0.31052745454545455,0.10150545454545455
537,0.30632290909090915,0.10581700000000001,0.31556545454545454,0.09655622727272727,0.3114612727272727,0.10067190909090912
538,0.3062712,0.1056824,0.3155087999999999,0.09586792000000002,0.3111635999999999,0.1005096
539,0.3057443636363637,0.10592509090909093,0.3137054545454545,0.0949388,0.30968290909090906,0.10050827272727272
540,0.305002,0.10342120000000002,0.3131834,0.09389038,0.30897519999999995,0.09879460000000001
541,0.306046,0.1048125,0.31177499999999997,0.0933456,0.30889900000000003,0.09910585000000001
