0,-0.00900269,-0.236496,0.0227814,-0.208115,0.00627136,-0.2229
1,0.0721436,-0.205078,0.0894775,-0.178772,0.0808716,-0.191879
2,0.08296812,-0.11251518,0.0872101,-0.07514960400000001,0.08476256,-0.104477
3,0.06671905,0.034512336,0.08101654,0.052578728,0.07357332000000001,0.04129487
4,0.058029172727272725,0.06470420909090908,0.08867297272727272,0.08531881818181818,0.07147494545454544,0.07393990909090907
5,0.054809569999999995,0.06067963,0.08800049000000001,0.08604587,0.07375487,0.07529298
6,0.051983890909090905,0.06146933636363636,0.08494710909090909,0.07829840909090909,0.06784055454545454,0.0695342818181818
7,-0.0226715,-0.06628572,0.0184433,-0.05586393999999999,0.007832345000000001,-0.05858306
8,-0.023463854545454545,-0.08703753636363636,0.021150081818181822,-0.07223093636363637,0.0043695625454545466,-0.07753683636363636
9,-0.024863499999999997,-0.08500253636363637,0.020280327272727276,-0.07164833636363638,-0.0032168318181818177,-0.07860080000000001
10,-0.02492064,-0.08265992,0.019473260000000003,-0.06992798000000001,-0.0058593740000000005,-0.0771942
11,-0.024118030000000002,-0.08371885999999999,0.01877746,-0.06516572000000001,-0.0036636379999999994,-0.07487943999999999
12,-0.02243596363636364,-0.08561847272727273,0.017949881818181815,-0.06409245454545455,-0.0023470772727272726,-0.07493453636363637
13,-0.019393929999999997,-0.09049377,0.01829072,-0.06508636999999999,-0.0008361809999999999,-0.0780197
14,-0.01765581818181818,-0.09229208181818181,0.017600300000000003,-0.06762695454545455,-0.0012068332727272729,-0.0808064
15,-0.016279609999999996,-0.0956482,0.01719972,-0.07306059999999999,0.0006515503000000001,-0.08424073000000001
16,-0.0158733,-0.0967213,0.01568741818181818,-0.0749151090909091,6.658376363636361e-05,-0.08572251818181818
17,-0.01360169,-0.09801025000000001,0.01494904,-0.07664489999999999,0.0004821778,-0.08747865
18,-0.014930018181818178,-0.09624134545454545,0.01444591818181818,-0.07716925454545454,-0.0014676201818181816,-0.08746753636363637
19,-0.015693640000000002,-0.0941879,0.013934340000000003,-0.07966616,-0.002299499,-0.08764953999999998
20,-0.01627418181818182,-0.09294542727272727,0.013092036363636365,-0.08043739999999999,-0.002476087272727273,-0.08708468181818184
21,-0.01626892,-0.09349670000000002,0.01338808,-0.0804016,-0.001831056,-0.0871338
22,-0.01615142,-0.09298706,0.013894649999999998,-0.07986604,-0.001364137,-0.08654481
23,-0.017260472727272727,-0.09206738181818182,0.01443898181818182,-0.07913623636363637,-0.0018934781818181817,-0.08581265454545454
24,-0.017672750000000004,-0.08952023,0.01487581,-0.07738646999999998,-0.001527405,-0.08351594
25,-0.017553163636363635,-0.08866329090909093,0.014819045454545455,-0.07383313636363636,-0.0008406207272727274,-0.08101860909090908
26,-0.016578000000000002,-0.08053311818181817,0.015615309090909092,-0.07243483636363637,-0.0005243476727272727,-0.07649924545454545
27,-0.0160614,-0.08072512,0.016394059999999995,-0.07244262,-0.00047912580000000006,-0.07675780000000001
28,-0.017807,-0.07852477999999999,0.015313700000000003,-0.07118226,-0.0006561277999999999,-0.07473754
29,-0.020618772727272725,-0.07740366363636364,0.01640459090909091,-0.07046647272727273,0.0006824840909090909,-0.0734238909090909
30,-0.02513428,-0.07083434000000001,0.017926019999999997,-0.06888426,-0.0017547588000000002,-0.06978147999999999
31,-0.02542251818181818,-0.06719278181818181,0.018331345454545452,-0.06817626363636366,-0.0027701636363636362,-0.06771713636363637
32,-0.02265624,-0.06857300000000001,0.018237299999999994,-0.06824949999999999,-0.001437378,-0.06841736
33,-0.022675954545454544,-0.06796540000000001,0.016916445454545456,-0.0664881,-0.0028617172727272724,-0.0672455
34,-0.02283018,-0.06786803999999999,0.0163086,-0.06613770000000001,-0.0038146980000000005,-0.06703796
35,-0.023721300000000008,-0.06723937999999999,0.016046139999999997,-0.06409606,-0.004489137999999999,-0.06573182
36,-0.023211390909090912,-0.06698192727272728,0.01645868181818182,-0.06350292727272729,-0.004585961818181818,-0.06535892727272727
37,-0.0231476,-0.06717222,0.015826439999999997,-0.06306764000000001,-0.004248047999999999,-0.06519467999999999
38,-0.022791081818181822,-0.06717194545454544,0.015143654545454547,-0.06252636363636364,-0.0033597063636363637,-0.06479714545454546
39,-0.024215709999999998,-0.06712188999999999,0.015461730000000002,-0.06318662,-0.004293822,-0.06515653
40,-0.023637254545454546,-0.07091036363636363,0.015398918181818183,-0.06390381818181817,-0.004906392727272727,-0.0675686909090909
41,-0.02408142,-0.07105712,0.013970939999999998,-0.06428222,-0.00510559,-0.06770324
42,-0.023372300000000002,-0.0710227090909091,0.013552599999999998,-0.06470974545454546,-0.0041670354545454555,-0.0677406909090909
43,-0.025091540000000002,-0.07055051999999999,0.014166259999999996,-0.06526488,-0.004638671999999999,-0.06781616
44,-0.024986963636363636,-0.07000870000000001,0.015905190909090906,-0.06687371818181818,-0.004712190909090909,-0.06846758181818183
45,-0.024627700000000006,-0.07089234000000001,0.0161316,-0.06536864,-0.004315185999999999,-0.06814882000000003
46,-0.020346872727272727,-0.07204090909090909,0.016308881818181818,-0.06658937272727272,-0.0020904527272727273,-0.06933871818181818
47,-0.020989999999999998,-0.07263794,0.01615602,-0.06721802,-0.002548216,-0.06995848000000002
48,-0.023481759999999997,-0.07255249999999999,0.016680919999999995,-0.06817321,-0.004498293,-0.07049409999999999
49,-0.025120127272727274,-0.07243487272727273,0.016981645454545453,-0.06824146363636363,-0.005355836363636363,-0.0704817090909091
50,-0.02542724,-0.07284546,0.01724242,-0.06884763999999999,-0.004318238,-0.07087404
51,-0.026060636363636366,-0.07357093636363636,0.017247990909090908,-0.06862016363636364,-0.004118486363636363,-0.07108239090909091
52,-0.0255127,-0.07235412,0.016888439999999998,-0.06838989999999999,-0.003997801999999999,-0.07036435999999999
53,-0.024174081818181817,-0.07136676363636363,0.01632551818181818,-0.06879772727272729,-0.0032015736363636364,-0.0700517
54,-0.021155636363636356,-0.06988801818181818,0.015679072727272727,-0.07012523636363636,-0.002265239090909091,-0.07002255454545454
55,-0.02231444,-0.06943054,0.016012560000000002,-0.07147521999999999,-0.003826904,-0.07042846
56,-0.02323499090909091,-0.06824146363636364,0.017009381818181818,-0.07195214545454547,-0.003811923636363637,-0.07004617272727273
57,-0.02402346,-0.06817319999999999,0.01704714,-0.06960754,-0.0035705580000000006,-0.06889341999999998
58,-0.02423095454545454,-0.06774484545454545,0.016916454545454547,-0.06894198181818183,-0.003000433636363636,-0.06837463636363635
59,-0.024899279999999996,-0.06771244000000001,0.017239400000000002,-0.06902466,-0.0039672859999999996,-0.06837768000000002
60,-0.024239290909090907,-0.06680575454545455,0.01722995454545455,-0.07134039999999998,-0.003348610909090909,-0.06910841818181818
61,-0.022061160000000003,-0.06806336,0.018100000000000005,-0.07154542000000001,-0.0010772718000000001,-0.06989746
62,-0.021402000000000004,-0.07024230000000001,0.018353280000000003,-0.07207032,-0.0011260982000000001,-0.07119139999999999
63,-0.02148578181818182,-0.07022927272727274,0.016590445454545456,-0.07391495454545455,-0.0021279072727272727,-0.07211719090909091
64,-0.02223760909090909,-0.06791547272727273,0.01572210909090909,-0.07590970909090909,-0.002707742727272727,-0.07203674545454546
65,-0.021676650000000002,-0.06670076999999999,0.01553192,-0.07618715000000001,-0.0029022230000000006,-0.07149963
66,-0.02095642,-0.06698914,0.016433720000000002,-0.07608640000000003,-0.00199585,-0.07161254
67,-0.020106909090909092,-0.0672122090909091,0.01721190909090909,-0.07636189999999998,-0.00038008252727272734,-0.07206170909090909
68,-0.01942442,-0.06935271,0.01782834,-0.07648316000000001,0.0008773809000000001,-0.07324220000000001
69,-0.0183383,-0.06756452727272727,0.01760448181818182,-0.07611359090909091,0.00032182163636363634,-0.07201176363636363
70,-0.01713868,-0.06734464999999999,0.016926579999999997,-0.07667389,5.3405880000000015e-05,-0.07206269000000001
71,-0.016075836363636364,-0.06716503636363635,0.016465636363636363,-0.07728021818181818,0.0007046786363636363,-0.07239324545454545
72,-0.0177704,-0.06869048,0.016767869999999997,-0.07869418000000002,-0.00018768314,-0.07379305000000001
73,-0.0182412,-0.06996154545454546,0.017131472727272726,-0.0787089909090909,-0.00041614861818181815,-0.0743783
74,-0.0176483,-0.07135008,0.017004399999999996,-0.07925108000000002,-0.0003723144,-0.07530213999999999
75,-0.01751155454545454,-0.07246261818181819,0.016630690909090907,-0.0774244818181818,-0.00025801227272727274,-0.07497614545454545
76,-0.01643524,-0.07237091,0.01670379,-0.0772598,0.0007446283,-0.07491608000000001
77,-0.019944636363636362,-0.07542140909090908,0.016439254545454543,-0.07681275454545455,-0.0012623167272727274,-0.07614968181818181
78,-0.0243744,-0.07595978,0.016735859999999998,-0.07554472999999999,-0.0032058679999999997,-0.07574617
79,-0.020480360000000003,-0.06959227999999999,0.016339120000000002,-0.07458494,-0.00172729496,-0.07218628
80,-0.018477018181818183,-0.06615655454545455,0.016232572727272725,-0.07530906363636364,-0.00015952345454545454,-0.07099912727272727
81,-0.022958380000000004,-0.06095276000000001,0.013134780000000002,-0.07253723999999999,-0.0048278795999999995,-0.06676026
82,-0.024006245454545452,-0.060398454545454554,0.013259872727272727,-0.07198405454545455,-0.004441697272727273,-0.06644369999999998
83,-0.02397158,-0.06329343999999999,0.014437840000000002,-0.07368166000000001,-0.004000854,-0.06871337999999999
84,-0.0269817,-0.06846896363636362,0.015593081818181819,-0.07486793636363637,-0.006005026363636364,-0.07165804545454546
85,-0.02701418,-0.06709899999999999,0.01613464,-0.07739563999999999,-0.0065185519999999995,-0.07199706000000002
86,-0.026694545454545457,-0.06734676363636362,0.01609108181818182,-0.07537425454545456,-0.006964943636363635,-0.07103380909090909
87,-0.02641755,-0.06757357,0.01627807,-0.07160951,-0.005433653999999999,-0.06957243999999999
88,-0.025871972727272728,-0.06705544545454546,0.016168763636363635,-0.07053029090909091,-0.0075225836363636365,-0.06858687272727272
89,-0.02323456,-0.06578674,0.015831,-0.07152101,-0.004792788,-0.06852568
90,-0.023358139999999993,-0.06658629,0.016223140000000004,-0.07472075,-0.0033142090000000007,-0.07072753000000001
91,-0.023236381818181818,-0.06746325454545454,0.017424127272727272,-0.07376651818181817,-0.003336124545454546,-0.07056359090909091
92,-0.023264118181818182,-0.0677004818181818,0.016461454545454543,-0.07302302727272726,-0.005562521818181817,-0.0700960909090909
93,-0.02328644,-0.06737212000000001,0.011711120000000002,-0.06959230000000001,-0.007630921000000001,-0.06837615999999999
94,-0.024230950000000005,-0.06751861,0.01300811,-0.07204591,-0.006217956999999999,-0.06975402
95,-0.027345127272727268,-0.06756036363636364,0.015584790909090908,-0.07736761818181818,-0.0061159990909090915,-0.07242237272727271
96,-0.026812739999999995,-0.06888733999999999,0.016409299999999998,-0.07785492000000001,-0.004544066,-0.07352142
97,-0.02607271,-0.06907195000000002,0.015249630000000004,-0.07876586000000001,-0.005976868000000001,-0.07380065999999999
98,-0.025203381818181814,-0.07055248181818181,0.01341248181818182,-0.07781707272727273,-0.006641736363636363,-0.07404256363636363
99,-0.025557072727272725,-0.06992269999999999,0.011079254545454545,-0.07457109090909092,-0.006566825454545455,-0.07234885454545455
100,-0.023623670000000006,-0.0701721,0.010063158999999999,-0.07348936999999998,-0.0054565429999999995,-0.07196504
101,-0.02122082727272727,-0.0706356909090909,0.009613036363636364,-0.07480690909090909,-0.005255957272727273,-0.0728066090909091
102,-0.0205414,-0.07214814,0.010145558,-0.07508698,-0.005766294,-0.07355501000000002
103,0.09930861199999999,0.0027221600000000025,0.121919281,0.010301198000000001,0.10404965599999998,0.004321300000000002
104,0.31471390909090907,0.07940536363636365,0.3512226363636364,0.1056518,0.3330702727272727,0.09255421818181818
105,0.3688769090909091,0.10683918181818183,0.40684509090909093,0.12469763636363634,0.387626,0.11564909090909091
106,0.3755661,0.10619509999999999,0.3904618000000001,0.11250913999999998,0.38157050000000003,0.10865945999999997
107,0.3751787999999999,0.10920090000000002,0.40516189999999996,0.11851629999999999,0.3899796000000001,0.11380159999999999
108,0.39398054545454547,0.11378190909090907,0.3990424545454546,0.12183736363636365,0.3962275454545455,0.1185038181818182
109,0.3960969,0.11161340000000002,0.3923019000000001,0.12079010000000001,0.393698,0.1170899
110,0.3942076,0.1094665,0.3930799,0.12100230000000001,0.3936112,0.1156296
111,0.39489581818181824,0.11141,0.3935032727272727,0.12141818181818183,0.39417472727272734,0.1166450909090909
112,0.3960388,0.1123338,0.3933579,0.12115640000000001,0.39474639999999994,0.116652
113,0.3960569090909091,0.1152342727272727,0.3929458181818182,0.11933345454545453,0.39465027272727277,0.11709181818181819
114,0.39456490000000005,0.1087477,0.39165339999999993,0.11701350000000003,0.39341729999999997,0.1120072
115,0.3895180909090909,0.1078491818181818,0.39065700000000003,0.11621781818181819,0.38995763636363634,0.11120190909090909
116,0.3854722,0.10800159999999999,0.390567,0.11734769999999999,0.38756740000000006,0.11186370000000001
117,0.38312899999999994,0.10337430909090908,0.3884971818181819,0.11707645454545453,0.38453254545454546,0.10676718181818182
118,0.37531260000000005,0.10558927,0.3747985,0.11278525000000002,0.37751009999999996,0.10976558
119,0.027929090909090907,0.004329336363636364,0.08359036363636364,-0.02586362727272727,-0.8770516363636364,-0.901593290909091
120,0.1695893,0.04076692,0.31280209999999997,0.05647738,-0.3304107,-0.45923308000000007
121,0.3621133636363636,0.10533134545454546,0.41510545454545456,0.13956672727272726,0.38545390909090904,0.1192528909090909
122,0.3748945,0.11247589999999999,0.42732849999999994,0.1487837,0.40239260000000004,0.1306669
123,0.37181372727272727,0.11810190909090909,0.4139694545454546,0.14054872727272724,0.38737481818181824,0.12634290909090912
124,0.37420489999999995,0.11648090000000003,0.3713562,0.11975860000000002,0.3732987,0.11749260000000002
125,0.3750625454545455,0.11802390909090907,0.3792627272727273,0.11879390909090909,0.3761929090909091,0.11816963636363637
126,0.3770129090909091,0.11610427272727271,0.4133730909090909,0.13379718181818182,0.39466454545454543,0.12485854545454544
127,0.3785124999999999,0.12103109999999999,0.44029379999999996,0.14726560000000002,0.4114943999999999,0.1350845
128,0.37860099999999997,0.12380669999999998,0.4375458000000001,0.14525149999999998,0.407663,0.13437200000000002
129,0.37910072727272726,0.11805990909090909,0.430951090909091,0.1421369090909091,0.4043105454545456,0.12965536363636362
130,0.38655530000000005,0.118254,0.38965449999999996,0.1219101,0.38800350000000006,0.1201037
131,0.39147536363636365,0.11941536363636365,0.3895207272727273,0.1189490909090909,0.39034481818181815,0.11915318181818182
132,0.3926422000000001,0.12038109999999999,0.38999619999999996,0.11942439999999999,0.3911712,0.1198411
133,0.3927112727272728,0.11875763636363637,0.39063881818181817,0.11827636363636365,0.3916875454545455,0.1185220909090909
134,0.39272919999999995,0.1171996,0.3910582000000001,0.1156999,0.3918992,0.11646429999999999
135,0.39195690909090913,0.11283181818181819,0.39199418181818185,0.11458090909090911,0.39196781818181825,0.11382099999999996
136,0.3916609,0.10640259999999999,0.3926195,0.11651310000000001,0.39224099999999995,0.11283269999999998
137,0.39046690909090914,0.11084127272727273,0.39338136363636367,0.1179781818181818,0.3921121818181818,0.11538563636363636
138,0.38802499999999995,0.1128008,0.3947268,0.11825420000000002,0.3906799,0.11496870000000001
139,0.3892796363636364,0.11339518181818181,0.3923077272727273,0.11178718181818183,0.3903126363636363,0.11283581818181818
140,0.3909039999999999,0.113289,0.3917876,0.11086130000000001,0.39122619999999997,0.11237359999999999
141,0.3926484,0.1126251,0.39060979999999995,0.11797170000000001,0.3917132,0.11505130000000001
142,0.3882471818181818,0.11512736363636365,0.3889076363636363,0.12022954545454546,0.3886330909090909,0.11761354545454544
143,0.3853883,0.11714759999999999,0.3874573,0.12152570000000003,0.38665010000000005,0.1198151
144,0.38763563636363635,0.11644127272727274,0.39404018181818184,0.1237001818181818,0.39086054545454546,0.1201420909090909
145,0.3881104000000001,0.11651440000000002,0.4464981,0.1510145,0.4168550000000001,0.1334272
146,0.3890838181818182,0.117196,0.44550381818181817,0.14794918181818184,0.4157798181818183,0.13170281818181817
147,0.38885481818181816,0.11952772727272726,0.4368383636363637,0.1419150909090909,0.4102756363636363,0.12949281818181818
148,0.38946689999999995,0.12118529999999998,0.43670349999999997,0.1402175,0.40871119999999994,0.1289198
149,0.388449909090909,0.11994645454545455,0.4242635454545454,0.13309827272727273,0.4024798181818181,0.1250651818181818
150,0.3879348,0.11874079999999998,0.40254350000000005,0.1190153,0.3945647,0.1189117
151,0.3883127272727272,0.11684081818181817,0.40690881818181823,0.12481409090909092,0.3981072727272728,0.12106063636363636
152,0.38603969999999993,0.1177703,0.41118470000000007,0.1276488,0.4005982,0.12348030000000002
153,0.3797522727272727,0.11867045454545457,0.40817945454545457,0.12771881818181818,0.39391536363636365,0.12366118181818182
154,0.20463401,0.13538522,0.20405583,0.1388779,0.20377642000000007,0.13363809999999998
155,0.017916876999999998,0.1317947,0.04709626,0.12973020000000002,0.03251191,0.1307815
156,0.002397018727272727,0.1423701818181818,0.0438801,0.1277935454545454,0.039617372727272726,0.12897963636363638
157,6.866454e-05,0.1445237,0.0431793,0.1281889,0.02118072,0.136551
158,-0.001610500218181818,0.13826000000000002,0.037843199999999994,0.12697963636363638,0.018095535454545456,0.13263754545454545
159,-0.0053924488,0.12268370000000002,0.02059023,0.12710399999999997,0.006280517000000001,0.1246401
160,-0.00914554909090909,0.12124909090909088,0.020899000000000004,0.12385009090909092,0.006048029090909091,0.12257254545454545
161,-0.007949829,0.12136379999999998,0.020903030000000003,0.12342679999999999,0.006842042,0.1224317
162,-0.01038569909090909,0.12168472727272728,0.0199363,0.12365872727272728,0.005097821818181817,0.12269309090909092
163,-0.01078645,0.12219110000000002,0.019673160000000002,0.12402639999999998,0.004649351000000001,0.12312940000000001
164,-0.011371972727272727,0.12300100000000001,0.018268936363636367,0.12316609090909093,0.003995028181818182,0.12309836363636366
165,-0.012640359999999998,0.12311380000000001,0.017678839999999998,0.12415759999999998,0.0033905040000000003,0.12367239999999999
166,-0.013621945454545452,0.12205790909090909,0.017522654545454545,0.12267099999999999,0.0024955054545454545,0.12239472727272725
167,-0.013912959999999999,0.11913460000000001,0.017184440000000002,0.12009860000000001,0.001531982,0.11962900000000001
168,-0.0139368,0.11724163636363637,0.017714063636363634,0.11873290909090907,0.0007518416363636364,0.11794472727272726
169,-0.012091039999999999,0.11463900000000002,0.016314679999999998,0.1186126,0.00175476,0.1165924
170,-0.010736641818181817,0.11676718181818178,0.015498772727272729,0.11798236363636364,0.0028298118181818185,0.11740536363636365
171,-0.0121399,0.1178984,0.01529846,0.1178834,0.0017761219999999998,0.11790179999999999
172,-0.01313019,0.11936050000000001,0.01477811,0.11762570000000001,0.001084902,0.11848460000000002
173,-0.012519136363636364,0.11981336363636362,0.013032381818181815,0.11636481818181817,0.0006713872727272728,0.11804063636363636
174,-0.010159307000000001,0.11967189999999998,0.012918079999999998,0.1159943,0.0014953623999999998,0.1178237
175,-0.010529946363636362,0.11979827272727274,0.013257127272727275,0.11606381818181818,0.0018046990909090911,0.11786872727272728
176,-0.013188150000000001,0.12048790000000001,0.01532594,0.11645040000000002,0.0009094239,0.1185014
177,-0.013037945454545454,0.1204389090909091,0.01740056363636364,0.11752309090909091,0.0019004129090909089,0.11901709090909093
178,-0.013150039999999998,0.1193756,0.02029724,0.11887180000000001,0.00321045,0.11914679999999997
179,-0.013553963636363636,0.1201769090909091,0.01919970909090909,0.11961500000000001,0.0023678863636363637,0.11992572727272725
180,-0.01328122,0.1201538,0.018283059999999997,0.1199708,0.0021453839999999997,0.1200776
181,-0.011131981818181817,0.12033236363636363,0.018013672727272726,0.11918654545454546,0.0027840336363636367,0.11979809090909091
182,-0.009078975999999999,0.11876519999999999,0.017675780000000002,0.11925060000000001,0.004003904,0.11902160000000002
183,-0.00963439,0.119273,0.017448429999999997,0.1190917,0.004301454,0.1191894
184,-0.01058543,0.1191821818181818,0.016801318181818178,0.11822381818181818,0.0034207436363636367,0.11869945454545454
185,-0.013624709090909091,0.12018936363636361,0.015070136363636362,0.1172472727272727,0.0008642034545454546,0.11872018181818184
186,-0.011932380000000001,0.1190644,0.01368104,0.1168702,0.00068664468,0.1179872
187,-0.01259306,0.12102039999999999,0.015237420000000002,0.11894989999999998,0.001451111,0.11998749999999998
188,-0.011757572727272726,0.12079281818181821,0.015287918181818183,0.12132672727272725,0.0025218618181818185,0.12108954545454545
189,-0.012362670000000003,0.12226870000000001,0.017070000000000002,0.1225036,0.0027069089999999995,0.12240760000000002
190,-0.012864554545454548,0.12115054545454546,0.018148245454545454,0.12328399999999999,0.0015383632727272725,0.122141
191,-0.0143982,0.12121900000000001,0.017010479999999998,0.12421579999999999,-7.934660000000001e-05,0.12259519999999999
192,-0.014294718181818183,0.12158327272727275,0.015150590909090907,0.12278472727272728,-0.0002358177818181818,0.12216745454545457
193,-0.014465339999999998,0.1239316,0.015731799999999997,0.12261659999999999,0.00077819912,0.12327239999999998
194,-0.013977063636363635,0.12419699999999999,0.016039763636363634,0.12107836363636361,0.001613269090909091,0.12259163636363635
195,-0.012319960000000001,0.123999,0.01641844,0.12126759999999999,0.0020355239999999995,0.1226502
196,-0.012152119999999999,0.1237946,0.01658018,0.12319320000000003,0.0017120360000000001,0.12351679999999998
197,-0.012526063636363638,0.12339236363636362,0.016235327272727272,0.12384454545454546,0.0022111381818181817,0.12363509090909092
198,-0.01254410909090909,0.122689,0.015455763636363638,0.12443963636363636,0.0018019254545454547,0.12359354545454546
199,-0.01311038,0.12105400000000002,0.01609804,0.1243774,0.0016174320000000002,0.12274460000000001
200,-0.013626081818181819,0.1228791818181818,0.01560698181818182,0.12303727272727275,0.0007435186363636365,0.12297463636363638
201,-0.014242559999999998,0.12335220000000002,0.013613900000000002,0.12243640000000003,-0.0008331296,0.12292479999999999
202,-0.07968421818181819,0.13050427272727275,-0.0643338909090909,0.12577272727272726,-0.07260679454545454,0.12857081818181818
203,-0.328406,0.1338136,-0.2696992,0.11598800000000001,-0.301282,0.1259704
204,-0.4236699090909091,0.12287500000000001,-0.35262645454545455,0.1096300909090909,-0.3781624545454545,0.1146878181818182
205,-0.4242616,0.12069400000000001,-0.36146540000000005,0.1136628,-0.40122359999999996,0.11784659999999998
206,-0.4231568181818183,0.11850654545454545,-0.35958990909090904,0.10854699999999999,-0.39754690909090906,0.11452
207,-0.43492440000000004,0.1149202,-0.36654659999999994,0.108725,-0.3988342,0.1118562
208,-0.4390778,0.1107086,-0.37218019999999996,0.10994280000000001,-0.38453360000000003,0.11019000000000001
209,-0.43786054545454545,0.11046963636363637,-0.37275845454545453,0.11131854545454546,-0.397827,0.11107990909090909
210,-0.43945000000000006,0.11257620000000002,-0.37232980000000004,0.1117156,-0.3989774,0.11213360000000001
211,-0.4401286363636363,0.11246027272727273,-0.37355454545454536,0.11037109090909088,-0.39869018181818183,0.11124063636363637
212,-0.4392517999999999,0.11109319999999998,-0.3736206,0.1119414,-0.396872,0.11169739999999999
213,-0.43409318181818174,0.11105781818181816,-0.3741289090909092,0.11028636363636363,-0.39532472727272727,0.11060936363636364
214,-0.4278745999999999,0.1129424,-0.37433479999999997,0.11106260000000004,-0.399826,0.11209100000000001
215,-0.42605590909090907,0.11638154545454546,-0.3752066363636363,0.11037109090909092,-0.3999619090909091,0.11331581818181817
216,-0.42450400000000005,0.1172912,-0.3740782,0.1120651,-0.395407,0.11433279999999998
217,-0.42754572727272716,0.11588363636363637,-0.37388200000000005,0.11252790909090908,-0.3965567272727272,0.11397063636363636
218,-0.42968759999999995,0.11387640000000002,-0.37335179999999996,0.111725,-0.394449,0.11260079999999999
219,-0.43110927272727273,0.10879799999999999,-0.3719676363636364,0.110669,-0.3915363636363636,0.11010590909090907
220,-0.4324676,0.1031142,-0.37095040000000007,0.10971059999999999,-0.39272159999999995,0.10745869999999999
221,-0.43559880000000006,0.10355220000000002,-0.3711884,0.10971679999999999,-0.39823280000000005,0.10721739999999999
222,-0.4360073636363637,0.10641490909090909,-0.3708039090909091,0.10985918181818181,-0.3938778181818181,0.10862463636363637
223,-0.4384646,0.10884999999999997,-0.37185060000000003,0.1099762,-0.3868226,0.10976559999999999
224,-0.4437270909090909,0.11042227272727273,-0.371488909090909,0.10971227272727276,-0.39570336363636366,0.11004072727272728
225,-0.4428743,0.10945909999999999,-0.3716811000000001,0.1087736,-0.387326,0.108995
226,-0.44157545454545455,0.10945118181818181,-0.36899200000000004,0.10836499999999999,-0.37859827272727276,0.10860099999999999
227,-0.44847100000000006,0.10790889999999997,-0.36704879999999995,0.10717760000000001,-0.39411619999999997,0.10743719999999998
228,-0.44424563636363634,0.1083848181818182,-0.36723754545454546,0.11170545454545455,-0.3951138181818182,0.11059436363636363
229,-0.4290389,0.11517340000000002,-0.3691192,0.10657969999999999,-0.38641499999999995,0.10895249999999998
230,-0.4332345454545454,0.11601272727272725,-0.3674357272727272,0.11183581818181819,-0.4014892727272727,0.1140429090909091
231,-0.43461149999999993,0.11615160000000002,-0.36747749999999996,0.1116212,-0.3952499,0.11356649999999999
232,-0.43357427272727284,0.11795336363636365,-0.36744836363636374,0.11418572727272727,-0.3903404545454546,0.11553963636363634
233,-0.42818890000000004,0.11789260000000001,-0.36688080000000006,0.11397970000000002,-0.39304039999999996,0.1157257
234,-0.42907419999999996,0.11794419999999999,-0.3655824000000001,0.11365080000000001,-0.3958343999999999,0.115753
235,-0.4301993636363635,0.1149986363636364,-0.3648958181818182,0.10940136363636364,-0.39392372727272734,0.11192736363636363
236,-0.43645940000000005,0.11605239999999999,-0.36597599999999997,0.10990899999999999,-0.3886322,0.1119416
237,-0.43799381818181826,0.1155269090909091,-0.3662442727272727,0.11325063636363636,-0.3898177272727273,0.11404700000000002
238,-0.43958140000000007,0.1116274,-0.36533819999999995,0.11672379999999997,-0.40740979999999993,0.11391019999999999
239,-0.4414158181818182,0.10998827272727273,-0.36090209090909087,0.11797672727272727,-0.40855390909090905,0.11337981818181818
240,-0.4429855,0.1092727,-0.36072840000000006,0.11446530000000002,-0.40610670000000004,0.11180130000000002
241,-0.4442637272727273,0.10957736363636364,-0.3622658181818182,0.11595554545454544,-0.4019888181818182,0.11300527272727273
242,-0.4428147,0.10955979999999998,-0.36331940000000007,0.1142137,-0.4010025,0.11213550000000001
243,-0.4422401818181818,0.11029463636363634,-0.36338390909090906,0.11425363636363638,-0.3966092727272727,0.11268890909090912
244,-0.44531269999999995,0.11097879999999997,-0.3636992,0.11228940000000003,-0.3958754,0.11190779999999997
245,-0.4562468,0.1107148,-0.36349780000000004,0.11115420000000001,-0.4091310000000001,0.11110540000000002
246,-0.45549136363636367,0.10938463636363636,-0.36338818181818183,0.1095080909090909,-0.4095540909090909,0.10958318181818183
247,-0.4525604,0.1105834,-0.36355899999999997,0.10866399999999998,-0.40984160000000003,0.10979299999999999
248,-0.4518546363636364,0.11085236363636362,-0.36376390909090917,0.109271,-0.4130497272727273,0.110278
249,-0.44586489999999984,0.1084031,-0.3640213,0.10843669999999998,-0.4075303,0.10851439999999998
250,-0.4474277272727273,0.10751463636363634,-0.3637916363636364,0.10781436363636364,-0.39651890909090903,0.10768809090909093
251,-0.44847280000000006,0.1079694,-0.36540230000000007,0.1072755,-0.38903659999999995,0.1075609
252,-0.4523439090909091,0.09535911818181818,-0.3669849090909091,0.08924577272727273,-0.39296381818181825,0.09184947272727273
253,-0.4597899999999999,-0.008370971999999999,-0.3587984000000001,-0.031262213999999997,-0.40903619999999996,-0.017846681999999996
254,-0.46703399999999995,-0.06495388181818183,-0.3762928181818181,-0.06773376363636364,-0.4541390909090909,-0.0650607090909091
255,-0.46865679999999993,-0.062451169999999986,-0.3762422,-0.06927644000000001,-0.42484730000000004,-0.06502838999999999
256,-0.4685181818181819,-0.06284818181818184,-0.3716238181818181,-0.07673645454545454,-0.4263192727272727,-0.06908070909090909
257,-0.4645247,-0.063591,-0.37286530000000007,-0.07805481000000002,-0.4198029,-0.07083893999999999
258,-0.4567674545454546,-0.06935675454545455,-0.3705375454545454,-0.0828371818181818,-0.4161030909090908,-0.07587361818181819
259,-0.4503724,-0.07462921,-0.3658066,-0.08613280999999999,-0.4016968,-0.0813446
260,-0.4489716,-0.07698824000000001,-0.36632849999999995,-0.08584289,-0.3971525000000001,-0.08262787
261,-0.4553972727272726,-0.07072032727272728,-0.3695707272727273,-0.08088129090909092,-0.40966518181818184,-0.07629947272727272
262,-0.4540680000000001,-0.0692917,-0.37255570000000005,-0.07236635,-0.4224122,-0.07059022000000001
263,-0.4538920000000001,-0.06857853636363637,-0.3730066363636363,-0.06997127272727273,-0.4094406363636363,-0.0693831
264,-0.4520493,-0.06984405,-0.373953,-0.06964722000000001,-0.3963972,-0.0697571
265,-0.44408081818181827,-0.07091867272727273,-0.37404827272727276,-0.06907514545454546,-0.39698927272727275,-0.06972295454545453
266,-0.44174670000000005,-0.07209166999999998,-0.374585,-0.06935881,-0.39691629999999994,-0.07030790999999999
267,-0.4449947272727273,-0.07212690000000001,-0.37651181818181817,-0.06908622727272729,-0.3960502727272727,-0.06998789090909091
268,-0.448735,-0.07826997,-0.37650599999999995,-0.07009584,-0.39839630000000004,-0.07261505000000001
269,-0.44942672727272726,-0.0792957909090909,-0.3774110909090909,-0.06995877272727272,-0.4008344545454545,-0.07300496363636363
270,-0.44882339999999993,-0.07995605000000001,-0.37873229999999997,-0.06784211,-0.403952,-0.07221984000000001
271,-0.4502702727272728,-0.0784815090909091,-0.37883418181818185,-0.0669749818181818,-0.4059684545454545,-0.0713542818181818
272,-0.45117019999999997,-0.07741091000000001,-0.3787661,-0.06557618000000001,-0.4032134,-0.06957094
273,-0.4500593636363636,-0.07794881818181819,-0.3781473636363636,-0.06417150909090909,-0.40353536363636366,-0.06903630909090909
274,-0.4480208,-0.07922971,-0.3766113000000001,-0.06515807,-0.40147390000000005,-0.07004548000000001
275,-0.45062254545454544,-0.07913763636363637,-0.3766798181818183,-0.06862986363636364,-0.4026504545454545,-0.07229477272727272
276,-0.4503202,-0.0771164,-0.37682499999999997,-0.06927032,-0.4099594,-0.07284395
277,-0.4492158,-0.07959289000000001,-0.37738180000000004,-0.06802673,-0.40607139999999997,-0.07259977000000001
278,-0.44567990909090904,-0.08368611818181818,-0.3768794545454544,-0.06715534545454545,-0.3976675454545454,-0.07214631818181817
279,-0.4462216,-0.08413392999999998,-0.37559200000000004,-0.06662442,-0.39263900000000007,-0.07084503
280,-0.4446604545454546,-0.08381932727272726,-0.3754785454545455,-0.06573764545454544,-0.39602799999999994,-0.07109901818181819
281,-0.444975,-0.08237154000000001,-0.37583010000000006,-0.06571653999999999,-0.3967516,-0.07074128
282,-0.44676227272727276,-0.08279557272727274,-0.3761376363636364,-0.06601785454545456,-0.39101199999999997,-0.06958561818181819
283,-0.45128009999999996,-0.08272094,-0.3744584,-0.06510621,-0.39615759999999994,-0.07012481
284,-0.4547008181818182,-0.08180651818181818,-0.3743314545454546,-0.06679743636363639,-0.4041028181818182,-0.07229891818181818
285,-0.4545684,-0.08199769,-0.37335830000000003,-0.06722106,-0.40747240000000007,-0.07342378000000001
286,-0.4568479,-0.08106082,-0.37226420000000005,-0.06755216,-0.4070893,-0.07308806999999999
287,-0.4564737272727272,-0.08124750909090908,-0.37177627272727265,-0.06818460909090909,-0.4036365454545454,-0.07315755454545453
288,-0.45679489999999995,-0.08193511,-0.37218320000000005,-0.06797943999999999,-0.41288290000000005,-0.07470856000000001
289,-0.45894700000000005,-0.08179404545454547,-0.37305109090909094,-0.06800703636363636,-0.4146659090909091,-0.07469039999999999
290,-0.46000800000000003,-0.08239747,-0.3731276,-0.06879120000000001,-0.4103346,-0.07463381
291,-0.4602409090909092,-0.08271650000000003,-0.3717734545454545,-0.07269844545454546,-0.40858881818181825,-0.07691677272727272
292,-0.46001290000000006,-0.08453828,-0.3719681,-0.0735077,-0.4114228,-0.07853241999999999
293,-0.46147027272727265,-0.0883165090909091,-0.3746283636363636,-0.0739968090909091,-0.4137504545454545,-0.08047483636363635
294,-0.4601286,-0.0905197,-0.3748566,-0.07329559999999999,-0.411505,-0.08069307
295,-0.45934499999999995,-0.0908647,-0.37408590909090905,-0.07254307272727271,-0.41035881818181824,-0.08033059999999999
296,-0.4579560000000001,-0.09003601000000001,-0.37528829999999996,-0.07318726,-0.4092008999999999,-0.08012695
297,-0.4583364545454545,-0.08641886363636363,-0.37516645454545455,-0.07487349090909091,-0.4081116363636363,-0.07947196363636365
298,-0.45541849999999995,-0.08652346999999999,-0.37574620000000003,-0.07522582,-0.4025148999999999,-0.07902068
299,-0.4526796363636363,-0.08735794545454546,-0.37498345454545456,-0.07325746363636364,-0.4006419999999999,-0.07793774545454546
300,-0.455237,-0.08776246000000001,-0.375827,-0.07328796,-0.4033812,-0.07829896
301,-0.4570189,-0.08707123,-0.37587439999999994,-0.07405548,-0.40326390000000006,-0.07842102
302,-0.4610343636363636,-0.08624960909090908,-0.3764011818181819,-0.07546167272727274,-0.40695872727272725,-0.07936373636363636
303,-0.4433548,-0.11138609,-0.3723386999999999,-0.09892575,-0.40669259999999996,-0.10355211000000002
304,-0.4536521818181818,-0.22523772727272726,-0.3724739090909091,-0.21532663636363633,-0.4380245454545454,-0.22229563636363636
305,-0.44800710000000005,-0.2547561000000001,-0.3742600000000001,-0.2221803,-0.39899439999999997,-0.2325409
306,-0.4469410909090909,-0.25421427272727276,-0.37262799999999996,-0.21695090909090908,-0.398453,-0.2298485454545455
307,-0.44787119999999997,-0.2567079,-0.37057320000000005,-0.21715849999999998,-0.4059537,-0.2353288
308,-0.44236470000000006,-0.2716507,-0.38276530000000003,-0.23807679999999998,-0.4227967,-0.26031800000000005
309,-0.4328169090909091,-0.28711227272727274,-0.396196,-0.2467347272727273,-0.4306416363636363,-0.28467490909090903
310,-0.43138580000000004,-0.2868898,-0.39856739999999996,-0.2477295,-0.4196808000000001,-0.2728394
311,-0.4293645454545454,-0.2874338181818182,-0.396786909090909,-0.2489194545454545,-0.41423581818181815,-0.2694591818181818
312,-0.4269959,-0.28940140000000003,-0.3964231,-0.25468769999999996,-0.41297000000000006,-0.27338110000000004
313,-0.42627627272727275,-0.2899390909090909,-0.39532609090909093,-0.26028172727272725,-0.41478918181818175,-0.2788682727272727
314,-0.42885290000000004,-0.2895708,-0.39497699999999997,-0.2630935,-0.41723930000000004,-0.28048710000000004
315,-0.42961963636363637,-0.28879745454545447,-0.39383618181818175,-0.2626956363636363,-0.417837090909091,-0.280207
316,-0.4301316,-0.28693369999999996,-0.3934616,-0.26334389999999996,-0.41423350000000003,-0.27671049999999997
317,-0.4300968181818183,-0.2864298181818182,-0.39369054545454546,-0.2626552727272727,-0.41306927272727284,-0.2753003636363637
318,-0.43048110000000006,-0.28630520000000004,-0.3939699,-0.2623046,-0.41580030000000007,-0.276671
319,-0.43015781818181814,-0.28667809090909097,-0.3932813636363637,-0.26017345454545454,-0.414552,-0.2754320909090909
320,-0.4304639,-0.2864424,-0.3936814,-0.26497350000000003,-0.4152405,-0.27758800000000006
321,-0.43105372727272734,-0.2861633636363637,-0.3922273636363636,-0.26633781818181823,-0.41472409090909096,-0.2778000909090909
322,-0.4308624,-0.28584899999999996,-0.391928,-0.2680452,-0.4160676,-0.2791322
323,-0.43109136363636363,-0.2858679090909091,-0.39755090909090907,-0.24694527272727276,-0.42058354545454546,-0.27350827272727274
324,-0.4309906,-0.28382579999999996,-0.398108,-0.24183040000000006,-0.419562,-0.26910399999999995
325,-0.4303492727272728,-0.2836403636363636,-0.3963875454545455,-0.24582854545454544,-0.41585754545454545,-0.2675420909090909
326,-0.4294904999999999,-0.2819991,-0.39552160000000003,-0.24568779999999996,-0.4154159,-0.2668792
327,-0.42834599999999995,-0.2828176363636363,-0.39416500000000004,-0.2460797272727273,-0.41830154545454545,-0.27196
328,-0.42830200000000007,-0.28238520000000006,-0.3919922,-0.24452979999999996,-0.416974,-0.27048210000000006
329,-0.4297070909090909,-0.28308790909090914,-0.3927360909090909,-0.24552345454545457,-0.4152527272727273,-0.2683605454545455
330,-0.4321626,-0.2807036,-0.39008800000000005,-0.2419892,-0.41693420000000003,-0.26664140000000003
331,-0.4322468181818182,-0.28276054545454543,-0.3900008181818182,-0.2388540909090909,-0.4143038181818182,-0.2639354545454546
332,-0.4306794,-0.28178080000000005,-0.3910096,-0.23489659999999998,-0.41403180000000006,-0.2619628
333,-0.42983027272727276,-0.2822403636363636,-0.3933118181818181,-0.23532390909090914,-0.4161001818181818,-0.26446936363636364
334,-0.4292328,-0.2806976,-0.39537960000000005,-0.23681939999999999,-0.4161806,-0.2636598
335,-0.42863299999999993,-0.2830198,-0.39436329999999997,-0.2403717,-0.41330410000000006,-0.2637679
336,-0.42851809090909093,-0.2824637272727273,-0.3923006363636363,-0.2418143636363636,-0.41247700000000004,-0.2643390909090909
337,-0.42921409090909085,-0.28331263636363635,-0.3898649090909091,-0.24171736363636362,-0.4094198181818181,-0.2623484545454545
338,-0.4312988,-0.2811706,-0.38686220000000004,-0.24373460000000002,-0.40733040000000004,-0.26091319999999996
339,-0.430774,-0.280655,-0.38578799999999996,-0.24606019999999998,-0.4077026,-0.26289660000000004
340,-0.43169745454545455,-0.28136654545454554,-0.38468372727272726,-0.2459968181818182,-0.4123090909090909,-0.2667498181818182
341,-0.4313751,-0.28207089999999996,-0.38677979999999995,-0.2438291,-0.4099762,-0.26366269999999997
342,-0.43167945454545453,-0.2842198181818182,-0.38528854545454544,-0.24437654545454546,-0.4163622727272728,-0.2710351818181818
343,-0.4286134,-0.28760979999999997,-0.38576060000000006,-0.24439380000000002,-0.418213,-0.27709340000000005
344,-0.4284334545454545,-0.2884340909090909,-0.3853079090909091,-0.25043963636363636,-0.4134188181818182,-0.2752631818181819
345,-0.42926319999999996,-0.2889894,-0.3863587999999999,-0.2545196,-0.4111236,-0.27439600000000003
346,-0.4283335454545455,-0.28956609090909097,-0.38782436363636363,-0.25471781818181816,-0.41431500000000004,-0.27747118181818176
347,-0.4284304,-0.289343,-0.3875336,-0.2564392,-0.41473379999999993,-0.2783048
348,-0.4290511,-0.2899644,-0.38778380000000007,-0.25353559999999997,-0.4123548,-0.2751829
349,-0.43059054545454534,-0.28858654545454543,-0.3894239090909091,-0.25156618181818186,-0.41201363636363636,-0.27184509090909087
350,-0.4299316,-0.28753039999999996,-0.3883392,-0.2504364,-0.4102388,-0.26990079999999994
351,-0.4285668181818181,-0.2852852727272727,-0.3917695454545454,-0.2506657272727273,-0.41209709090909086,-0.26972681818181815
352,-0.28006279999999995,-0.26447139999999997,-0.26118500000000006,-0.24430240000000003,-0.2685884,-0.24874560000000004
353,-0.03442076200000001,-0.2646364,-0.028860486000000008,-0.2395874,-0.031646738600000016,-0.25214220000000004
354,-0.022083614545454544,-0.25063236363636365,0.020679816363636364,-0.23788181818181817,-0.11083429272727273,-0.33821527272727275
355,0.0,0.0,0.0,0.0,-1.0,-1.0
356,0.0,0.0,0.0,0.0,-1.0,-1.0
357,0.0,0.0,0.0,0.0,-1.0,-1.0
358,0.01655161727272727,-0.19344390909090906,-0.01578590909090909,-0.16925736363636365,-1.0,-1.0
359,-0.014160154,-0.25851459999999993,-0.0272644,-0.322272,-0.8040405199999998,-0.8539154
360,-0.022399879999999997,-0.2576203999999999,-0.0059936500000000005,-0.2711944,-0.0205078,-0.2601046
361,-0.017922145454545454,-0.26955209090909094,-0.0015883014545454545,-0.2624527272727273,-0.009748999999999999,-0.2658177272727273
362,-0.018008419999999997,-0.26899419999999996,0.004809577999999999,-0.25401,-0.006332398,-0.26133419999999996
363,-0.015115890909090908,-0.27294081818181826,0.012140454545454545,-0.2509043636363636,-0.0011735405454545453,-0.26174381818181813
364,-0.016455100000000004,-0.2752564,0.00906372,-0.249051,-0.003543092,-0.2620482
365,-0.0127328,-0.2761769090909091,0.009124755454545457,-0.2459800909090909,-0.0015217178181818182,-0.26074072727272735
366,-0.01201478,-0.27725219999999995,0.010546880000000002,-0.2460112,-0.00020751952,-0.26095580000000007
367,-0.01367879090909091,-0.2764463636363636,0.013057363636363638,-0.24302272727272725,0.00018449254545454548,-0.25917063636363635
368,-0.01385496,-0.27595819999999993,0.013717660000000003,-0.24622799999999997,3.0517599999999994e-05,-0.2610382
369,-0.014076918181818178,-0.27523390909090906,0.015093736363636366,-0.24896663636363642,0.0006921945454545455,-0.2619671818181818
370,-0.01470948,-0.2732298,0.013201896000000001,-0.24929799999999996,-0.0009582512799999998,-0.26152040000000004
371,-0.013562290909090911,-0.27474272727272725,0.005788628181818182,-0.24589263636363637,-0.0037827909090909083,-0.26021227272727276
372,-0.01219788,-0.27669069999999996,0.004974363,-0.2494355,-0.0037673929999999995,-0.2633544
373,-0.008056642000000001,-0.280136,0.007592771999999999,-0.2502928,-0.00026855560000000006,-0.2653074
374,-0.005185215454545456,-0.2807853636363636,0.010316334545454546,-0.25052418181818187,0.002743809090909091,-0.2653390909090909
375,-0.005359996363636364,-0.28039,0.011001581818181817,-0.25178118181818177,0.0026161881818181814,-0.2664573636363636
376,-0.004481504,-0.2800202,0.010781859999999999,-0.25198360000000003,0.002764893,-0.26674049999999994
377,-0.004150392,-0.2794983999999999,0.011676019999999999,-0.254245,0.003756714,-0.26688839999999997
378,-0.003831345454545454,-0.27972836363636366,0.0126967,-0.2530767272727273,0.0046220263636363645,-0.2661134545454546
379,-0.004376222,-0.27972420000000003,0.012561059999999999,-0.2530608,0.003952026,-0.2666442
380,-0.004216975454545455,-0.28062009090909096,0.012993572727272725,-0.25285490909090913,0.004171197272727274,-0.2671094545454545
381,-0.005207410000000001,-0.28080490909090905,0.010166518181818183,-0.2528049090909091,0.002355402727272727,-0.267044
382,-0.005102538000000001,-0.2816862,0.009881606000000001,-0.2521088,0.002252198,-0.2671906
383,-0.008221436000000002,-0.28021840000000003,0.010952739999999999,-0.2523804,0.0011779776,-0.2666138
384,-0.008243906363636363,-0.2813205454545455,0.01638377272727273,-0.25280345454545455,0.003981156363636364,-0.26720472727272726
385,-0.008712769999999998,-0.28179319999999997,0.01923222,-0.2527406,0.004483033999999999,-0.268112
386,-0.008486661818181819,-0.28114572727272724,0.018854299999999997,-0.2509904545454546,0.004025546363636364,-0.2673964545454546
387,-0.008148194,-0.28052979999999994,0.01731872,-0.24976819999999997,0.004040528,-0.2658416
388,-0.008206456363636365,-0.28094072727272734,0.015661054545454547,-0.24943690909090915,0.004104615454545455,-0.2647388181818182
389,-0.008755493999999999,-0.2808716,0.015081799999999998,-0.2489868,0.00367737,-0.2642884
390,-0.00879044090909091,-0.2811099090909091,0.015099272727272729,-0.24786518181818185,0.0035927518181818187,-0.26392690909090905
391,-0.008892822,-0.28139340000000007,0.015078719999999999,-0.24920360000000003,0.0034729,-0.2648376
392,-0.008901421818181819,-0.2826885454545454,0.015117290909090907,-0.25155072727272726,0.0032223809090909093,-0.267026
393,-0.009555041,-0.2829483,0.015855400000000002,-0.2527924,0.0029357919999999996,-0.26815940000000005
394,-0.010585418181818183,-0.2829729999999999,0.015773445454545457,-0.2539670909090909,0.0018130236363636365,-0.2693731818181819
395,-0.01099852,-0.28399969999999997,0.016880770000000003,-0.2549376,0.0020477299999999998,-0.27044809999999997
396,-0.011940681818181819,-0.2839244545454545,0.017069036363636363,-0.25460827272727277,0.0016049463636363637,-0.2702843636363636
397,-0.01152649,-0.28475039999999996,0.01614988,-0.2539015,0.0015243529999999998,-0.2702486
398,-0.010591140000000002,-0.28545220000000004,0.014648439999999999,-0.252748,0.0018173190000000006,-0.2694322
399,-0.009163594545454545,-0.28572636363636367,0.0149231,-0.2517812727272728,0.0026148018181818182,-0.26917900000000006
400,-0.009301757999999999,-0.2848178,0.0151367,-0.2493515,0.002430725,-0.2678557999999999
401,-0.009744821818181818,-0.28368181818181826,0.016679254545454547,-0.2496282727272727,0.0029685290909090916,-0.2673644545454545
402,-0.00827181,-0.28253769999999995,0.01895142,-0.24974659999999993,0.005618286,-0.26585400000000003
403,0.16791463636363635,-0.26912881818181816,0.1588564727272727,-0.23464418181818178,0.16032816363636362,-0.24737136363636364
404,0.36047670000000004,-0.2797959,0.3741563,-0.23141799999999998,0.3674545,-0.2556991
405,0.36743990909090907,-0.2718714545454545,0.40586463636363634,-0.23631845454545453,0.38617900000000005,-0.25324036363636365
406,0.36322449999999995,-0.27133320000000005,0.4046983999999999,-0.23155820000000005,0.381012,-0.2535965
407,0.3618226,-0.27111810000000003,0.4050093,-0.2386778,0.37695309999999993,-0.2601274
408,0.36186500000000005,-0.2684950909090909,0.3967701818181819,-0.238119,0.3758600909090909,-0.25648772727272723
409,0.3629136,-0.26648859999999996,0.4055847,-0.23840939999999997,0.3765353000000001,-0.25752579999999997
410,0.36842054545454545,-0.26434745454545455,0.4071946363636364,-0.24956427272727266,0.3737180909090908,-0.2624831818181818
411,0.36798680000000006,-0.2652632,0.4102219000000001,-0.2426574,0.38328090000000004,-0.2573227
412,0.37357836363636365,-0.26585536363636364,0.421083,-0.24576509090909093,0.3971973636363637,-0.25602318181818184
413,0.3765119,-0.2666214,0.4194655000000001,-0.24642779999999997,0.39603150000000004,-0.25757890000000006
414,0.378244,-0.2664014,0.41947779999999996,-0.24612289999999995,0.395334,-0.25813460000000005
415,0.37934163636363644,-0.2661688181818182,0.42059190909090916,-0.24549590909090907,0.39388345454545454,-0.2589914545454545
416,0.3792707999999999,-0.2645584999999999,0.42160649999999994,-0.24478450000000002,0.3975509,-0.25614939999999997
417,0.3775539090909091,-0.2629572727272727,0.41154354545454547,-0.24302536363636362,0.39251718181818185,-0.25431536363636364
418,0.37504119999999996,-0.2619569,0.4051013,-0.2418674,0.3882645,-0.2532197
419,0.37426336363636353,-0.2625456363636363,0.4061806363636364,-0.24488827272727268,0.3899495454545454,-0.25396727272727265
420,0.3750262,-0.26215059999999996,0.40860889999999994,-0.2456499,0.39164129999999997,-0.2540603
421,0.3762581818181818,-0.2628368181818182,0.4112407272727273,-0.24652109090909088,0.38847354545454543,-0.25722981818181817
422,0.3737519,-0.26482100000000003,0.41809840000000004,-0.2406525,0.38749999999999996,-0.2575655
423,0.3754855454545455,-0.2640880909090909,0.41276663636363636,-0.24585109090909094,0.3897330909090909,-0.2572270909090909
424,0.3755614,-0.26369319999999996,0.4102462,-0.243913,0.3892593999999999,-0.2559663
425,0.37540927272727276,-0.26252045454545453,0.4085099090909091,-0.24350254545454542,0.3887884545454546,-0.25491181818181824
426,0.375467,-0.26277759999999994,0.4037185000000001,-0.24359290000000003,0.3884921,-0.2540148
427,0.37544527272727274,-0.26297254545454546,0.401814090909091,-0.2447410909090909,0.3868992727272728,-0.25511036363636364
428,0.37635509999999994,-0.2631071,0.4016952,-0.24730820000000003,0.3868777,-0.25659329999999997
429,0.37691581818181813,-0.26347099999999996,0.401703,-0.247757,0.3878256363636364,-0.25660554545454545
430,0.3772231,-0.26369139999999996,0.4016266,-0.24635020000000002,0.38690199999999997,-0.2568985
431,0.37769536363636363,-0.26220018181818183,0.40071381818181817,-0.24401045454545453,0.38685736363636364,-0.25504354545454544
432,0.3787478,-0.2604021,0.4003176,-0.24472969999999994,0.3876707,-0.25397190000000003
433,0.37924754545454553,-0.26076981818181816,0.4021161818181818,-0.24593154545454546,0.3884929090909091,-0.2548149090909091
434,0.37961730000000005,-0.26260680000000003,0.4035950999999999,-0.24622319999999998,0.3886581,-0.25647760000000003
435,0.3795302,-0.2642365,0.40539690000000006,-0.24548489999999998,0.39033679999999993,-0.2564576
436,0.38038363636363637,-0.26532936363636367,0.40322600000000003,-0.24453454545454542,0.3880491818181818,-0.2584268181818182
437,0.38002480000000005,-0.2662505,0.4038972,-0.24371340000000002,0.38739149999999994,-0.2593535
438,0.3806899999999999,-0.26365836363636364,0.4075634545454545,-0.2403619090909091,0.38827536363636367,-0.2568028181818182
439,0.38015440000000006,-0.2622208,0.4131118,-0.24395140000000004,0.3852951,-0.2594345
440,0.3809232727272727,-0.2620935454545455,0.41244363636363635,-0.2436649090909091,0.3895330909090909,-0.2571324545454546
441,0.3812148000000001,-0.26216419999999996,0.4114883,-0.24268320000000002,0.39271090000000003,-0.2548555
442,0.3794588,-0.2629486,0.41048439999999997,-0.2422623,0.3903275,-0.25578160000000005
443,0.37642881818181806,-0.2637719090909092,0.41249500000000006,-0.2415966363636364,0.38914345454545446,-0.2560842727272727
444,0.37214629999999993,-0.26354510000000003,0.4118376,-0.242563,0.39034440000000004,-0.25408630000000004
445,0.3697244545454545,-0.26321672727272727,0.4103394545454545,-0.24348163636363634,0.38817672727272723,-0.25436963636363635
446,0.3697663,-0.26386560000000003,0.41068709999999997,-0.24176000000000003,0.38985610000000004,-0.2531417
447,0.36778090909090905,-0.2631848181818182,0.41091236363636363,-0.24129272727272727,0.3894224545454545,-0.2523334545454546
448,0.36777960000000004,-0.26219019999999993,0.41402279999999997,-0.24076380000000003,0.3878798,-0.25302880000000005
449,0.36775810000000003,-0.2616731,0.41334989999999994,-0.24091049999999997,0.3883073,-0.25246739999999995
450,0.36795590909090914,-0.26217654545454544,0.41083036363636366,-0.2425272727272727,0.38696300000000006,-0.2536023636363636
451,0.3682633999999999,-0.26305379999999995,0.40898109999999993,-0.24400490000000002,0.38741760000000003,-0.2542145
452,0.37215781818181826,-0.1815947272727273,0.41825463636363636,-0.14427055454545457,0.382340909090909,-0.17309836363636363
453,0.3825622000000001,-0.10254825000000001,0.4117278000000001,-0.05507965,0.3851119,-0.09884645
454,0.37577936363636366,-0.09502893636363638,0.4097569999999999,-0.06217956363636363,0.3881418181818182,-0.0832061818181818
455,0.367897,-0.09326629,0.4067611000000001,-0.06379393000000001,0.38468939999999996,-0.08071899000000002
456,0.36291927272727276,-0.09015865454545456,0.4107804545454546,-0.0632033090909091,0.3852858181818182,-0.07771718181818182
457,0.36564339999999995,-0.08569030999999999,0.4084397,-0.05107571999999999,0.38193380000000005,-0.07263031
458,0.365841909090909,-0.08514542727272727,0.40840563636363636,-0.05295216363636363,0.38399300000000003,-0.07160117272727272
459,0.36617279999999996,-0.08371276000000001,0.40912160000000003,-0.05364534,0.38653239999999994,-0.06959076
460,0.36699069999999995,-0.0844162,0.40956259999999994,-0.05432889,0.38580929999999997,-0.07124633999999999
461,0.3673817272727273,-0.08502751818181818,0.41062090909090904,-0.0561565090909091,0.3869461818181818,-0.07207837272727273
462,0.3682997,-0.08577728,0.41084889999999996,-0.05535582,0.38651290000000005,-0.07290954999999999
463,0.36964127272727265,-0.08718317272727273,0.4112464545454546,-0.054471127272727286,0.3846685454545455,-0.0755018818181818
464,0.3714251,-0.08666077999999999,0.4131349,-0.054617309999999995,0.3872129999999999,-0.07464293000000001
465,0.3725833636363636,-0.08676426363636364,0.41357972727272724,-0.05556973636363637,0.3921178181818182,-0.0720506090909091
466,0.37071529999999997,-0.08664704000000002,0.41411599999999993,-0.056622320000000004,0.39312880000000006,-0.07128145
467,0.370697090909091,-0.08662416363636365,0.4143887272727273,-0.056203681818181826,0.39254199999999995,-0.07154848181818182
468,0.3691897,-0.08800352,0.41280220000000006,-0.05440367,0.3892502000000001,-0.07270507
469,0.36834259999999996,-0.08874663,0.4133712,-0.05351412000000001,0.38796710000000006,-0.07355651999999999
470,0.36925972727272727,-0.0866269090909091,0.41445790909090907,-0.0515441909090909,0.3900201818181818,-0.07068289090909091
471,0.37268345454545454,-0.08483885454545455,0.41505281818181816,-0.05467917272727273,0.3928500000000001,-0.07060240909090909
472,0.3694976,-0.0863312,0.415088,-0.05632933999999999,0.390146,-0.07288206
473,0.36738879999999996,-0.08489837,0.4140593,-0.05463258,0.3879716,-0.07167664
474,0.36518599999999996,-0.08423128181818182,0.4137143636363636,-0.0524736,0.38810472727272727,-0.06937065454545452
475,0.3649943636363636,-0.08451843636363636,0.4113963636363637,-0.051515072727272716,0.3883557272727273,-0.06804726363636364
476,0.3636399999999999,-0.08367002,0.4125641,-0.05031588,0.38829640000000004,-0.06701810999999999
477,0.3635850000000001,-0.0832283818181818,0.413898818181818,-0.050797890909090905,0.38917118181818183,-0.06690145454545454
478,0.363379,-0.08416444,0.4145692,-0.049935900000000005,0.38600139999999994,-0.06922911999999999
479,0.3631502,-0.08397676000000001,0.41597300000000004,-0.048574820000000005,0.3849061,-0.06960752
480,0.36289554545454544,-0.08332407272727273,0.414645090909091,-0.04814147272727273,0.3845645454545455,-0.06876857272727271
481,0.36234,-0.08325041,0.41523259999999995,-0.050251769999999994,0.3852906,-0.06909792999999999
482,0.36197745454545455,-0.08396635454545454,0.41619581818181833,-0.05095324545454545,0.38784381818181823,-0.06839128181818181
483,0.36170800000000003,-0.08452451,0.4169999,-0.051858520000000005,0.3896622,-0.06817322
484,0.3608480909090909,-0.08537569090909093,0.41408763636363627,-0.05447805454545454,0.38918227272727274,-0.06908622727272729
485,0.359137,-0.08518525000000002,0.4124574,-0.055011,0.3889694,-0.06845246
486,0.36003399999999997,-0.08389281818181818,0.414494,-0.05334891818181819,0.3897678181818182,-0.06736893636363636
487,0.3600828000000001,-0.08217774,0.41586,-0.05227052000000001,0.39143360000000005,-0.06550906
488,0.3591754545454546,-0.08401905454545454,0.41594627272727275,-0.052814827272727266,0.3905362727272727,-0.06693477272727272
489,0.3568694,-0.08349305999999998,0.4158874,-0.054229759999999995,0.38642280000000007,-0.06899110000000001
490,0.35765872727272724,-0.08438388181818181,0.4156271818181818,-0.05460702727272727,0.38650245454545457,-0.06972294545454547
491,0.3595094,-0.08433534000000001,0.415207,-0.05480957999999999,0.3872498000000001,-0.06977846000000001
492,0.35988554545454554,-0.08452676363636363,0.41515018181818175,-0.05437540909090909,0.3848227272727273,-0.07107682727272728
493,0.35961610000000005,-0.08456574999999998,0.41420129999999994,-0.05261842,0.3834672,-0.07077026
494,0.35730419999999996,-0.08397981000000002,0.4133316000000001,-0.052958680000000015,0.3819871,-0.07047273
495,0.3577618181818182,-0.08370280000000001,0.4112812727272727,-0.05242087272727272,0.3828319090909091,-0.06919307272727272
496,0.3554741818181818,-0.08343366363636365,0.4109512727272728,-0.053529227272727284,0.3837558181818182,-0.06833997272727271
497,0.357376,-0.08128966,0.40974759999999993,-0.056094340000000006,0.3842865999999999,-0.06846312
498,0.35764159999999995,-0.08145144,0.4077026,-0.05780944000000001,0.38385600000000003,-0.06917725999999999
499,0.3576286363636363,-0.08268323636363638,0.406795,-0.057665736363636366,0.382029,-0.07038324545454544
500,0.35773639999999995,-0.08358151999999999,0.40525839999999996,-0.05759888,0.3805298000000001,-0.07123717999999998
501,0.35867027272727275,-0.08061356363636364,0.4043512727272727,-0.05295078181818182,0.3815751818181818,-0.06704432727272726
502,0.3686919999999999,0.04897766,0.3900116,0.07088012000000002,0.3749966,0.05508118399999999
503,0.3742273636363636,0.09126142727272729,0.3878619090909092,0.09632595454545455,0.38296509090909087,0.09445468181818181
504,0.3831022,0.09498292,0.38795779999999996,0.09587098,0.38624880000000006,0.09574892
505,0.38724718181818185,0.10011561818181818,0.3893405454545454,0.09618866363636364,0.3884138181818182,0.09803909999999999
506,0.388211,0.11010430000000002,0.39760739999999994,0.11301874000000003,0.39223320000000006,0.11114499999999998
507,0.3843078000000001,0.1166016,0.41362299999999996,0.11774599999999999,0.4001404,0.11722080000000001
508,0.3815436363636364,0.11696145454545456,0.41720009090909094,0.11941945454545456,0.39920572727272724,0.11820436363636361
509,0.3795928,0.11411760000000004,0.41847520000000005,0.1217802,0.39948739999999994,0.1180452
510,0.37937790909090907,0.11056772727272725,0.41548845454545447,0.12318981818181816,0.39422590909090904,0.11571018181818182
511,0.3767974,0.107074,0.41314399999999996,0.12398400000000001,0.38995359999999996,0.11312859999999998
512,0.3779657272727272,0.10527190909090907,0.41129245454545454,0.12471027272727274,0.3905403636363637,0.11260572727272727
513,0.3784333999999999,0.1057342,0.4138672,0.1265962,0.3930848,0.11432799999999999
514,0.37946663636363637,0.10544254545454544,0.415132,0.12392927272727272,0.3969378181818182,0.11447409090909089
515,0.37849720000000003,0.1056702,0.4184784,0.1242522,0.39815659999999997,0.11477359999999999
516,0.3767768181818182,0.10648545454545455,0.4215045454545454,0.12256418181818184,0.3967784545454546,0.11367236363636364
517,0.3765656,0.1061798,0.4233888,0.12394079999999999,0.3974976,0.11411440000000002
518,0.3753661818181818,0.10868290909090908,0.42789390909090913,0.12639954545454546,0.3990036363636364,0.11663827272727273
519,0.37407379999999996,0.1089431,0.4490736,0.1358244,0.40574830000000006,0.12027290000000002
520,0.3745630909090909,0.10804881818181818,0.42914781818181813,0.12295927272727272,0.4009594545454545,0.11528154545454546
521,0.37338699999999997,0.1075623,0.42730100000000004,0.12115469999999999,0.401027,0.1145478
522,0.3727936,0.10876459999999999,0.41904879999999994,0.11235659999999999,0.3959106,0.11057419999999998
523,0.3743135454545455,0.10619145454545455,0.4148364545454545,0.11043772727272727,0.3949475454545455,0.10837072727272729
524,0.37381600000000004,0.10605780000000001,0.41494459999999994,0.1106964,0.39492200000000005,0.10844119999999999
525,0.3748268181818181,0.105484,0.4188648181818182,0.11609718181818182,0.398212909090909,0.11110472727272726
526,0.375519,0.1064454,0.4235202,0.1231444,0.4016052,0.11552740000000002
527,0.37810036363636357,0.10808227272727274,0.423903,0.123936,0.4064872727272727,0.11791154545454546
528,0.3780946,0.1086916,0.42118520000000004,0.1255404,0.4055054,0.11936640000000001
529,0.3775720909090909,0.10785045454545455,0.3981431818181818,0.11718209090909087,0.38848609090909103,0.11275981818181817
530,0.37602060000000004,0.10522779999999998,0.3916687,0.1144591,0.38316029999999995,0.10943299999999997
531,0.37763272727272723,0.10796836363636363,0.3887854545454546,0.11468372727272724,0.3836212727272727,0.11158627272727274
532,0.376004,0.1092314,0.3864013999999999,0.10422040000000002,0.38133539999999994,0.10664959999999998
533,0.36004518181818185,0.10125043636363634,0.3875856363636363,0.102757,0.37442690909090914,0.1021743
534,0.3482437,0.09053955,0.3753113999999999,0.10202169999999997,0.3625533,0.0966034
535,0.35073581818181826,0.09140012727272727,0.3715778181818182,0.101919,0.3617095454545455,0.09693072727272728
536,0.35205549999999997,0.09328461,0.3702776,0.1005249,0.3619522,0.09720304999999999
537,0.35291139999999993,0.09178772,0.37163399999999996,0.1005523,0.3634676,0.09670103999999999
538,0.3533532727272727,0.09142650909090907,0.37396672727272723,0.0999146,0.364065,0.09586680909090908
539,0.35535,0.09577332,0.37695920000000005,0.1000763,0.3663056,0.09795533999999999
540,0.36629836363636364,0.10123381818181819,0.37542445454545453,0.09877986363636365,0.3707787272727273,0.10001038181818184
541,0.3763783333333333,0.10798666666666668,0.375132,0.09944666666666667,0.3757626666666667,0.10373966666666667
