0,-0.0748138,-0.0860748,-0.0621796,-0.0664063,-0.0692291,-0.0773773
1,-0.0689697,-0.0863953,-0.0576324,-0.0677185,-0.0631104,-0.0767517
2,-0.06876832000000001,-0.08505248,-0.057449339999999995,-0.06681824,-0.06298522000000001,-0.07573852
3,-0.07021788,-0.08568114,-0.05644835999999999,-0.06651308,-0.06331482,-0.07607116
4,-0.0695856090909091,-0.09003657272727272,-0.058603445454545454,-0.06688207272727274,-0.06412992727272727,-0.07854252727272729
5,-0.025433627272727268,-0.07891568181818182,-0.007446297090909093,-0.06956481818181819,-0.019726836363636358,-0.07527577272727272
6,-0.01452943,-0.07858732,-0.0038558949999999994,-0.06984254000000001,-0.011251820000000001,-0.07587587
7,-0.01374204,-0.07679748,-0.0033416759999999996,-0.06882022,-0.008483886,-0.07276002000000001
8,-0.013092030000000001,-0.07520141,-0.003533937,-0.06593475000000001,-0.008312991,-0.07057801999999999
9,-0.013455209999999999,-0.07386166,-0.008404538,-0.06172027,-0.010955806,-0.06782834
10,-0.015838639999999998,-0.07413940000000001,-0.009399416,-0.06272582,-0.01269532,-0.068573
11,-0.01447089090909091,-0.07814026363636363,-0.006888651818181817,-0.06777955454545453,-0.010966898181818183,-0.07337120000000001
12,-0.01383668,-0.08057859999999999,-0.0016906732000000005,-0.07188111999999999,-0.008154306,-0.07653504000000003
13,-0.011930997272727274,-0.08346002727272726,0.0010584045454545452,-0.07241544545454547,-0.0054848427272727275,-0.07799184545454545
14,-0.008227537999999998,-0.08358462,0.002648924,-0.07087708,-0.002893068000000001,-0.07736514000000001
15,-0.007526742727272728,-0.07865628181818184,0.004807906363636364,-0.06992270909090909,-0.0010292750909090909,-0.0741161
16,-0.008199517272727273,-0.07422847272727273,0.004422275454545454,-0.06978815454545453,-0.0016645958181818181,-0.07189383636363635
17,-0.008772277,-0.07026215,0.0007980356000000001,-0.06980742999999998,-0.004168702,-0.07004239999999999
18,-0.008926392,-0.06833494000000001,-0.0011230484,-0.07070312000000001,-0.005108642000000001,-0.06949462000000001
19,-0.00979336909090909,-0.06677939090909092,-0.0022680106363636367,-0.07161921818181818,-0.006060513636363635,-0.06919165454545452
20,-0.010324080000000001,-0.06687623000000001,-0.00012969974999999998,-0.07342684,-0.005149842,-0.07020110999999998
21,-0.010897554545454545,-0.06687093636363636,0.0024857954545454545,-0.07423125454545455,-0.004062999090909091,-0.07062600909090909
22,-0.010395811000000001,-0.06789703,0.003059387,-0.07513581,-0.003488159,-0.07161101
23,-0.012732763636363637,-0.06743552727272727,0.003007366363636364,-0.07546719090909092,-0.0045651527272727276,-0.07160398181818181
24,-0.01321716,-0.07177126,0.002972414,-0.07799988000000001,-0.005197146000000001,-0.07485656
25,-0.012804900000000001,-0.07059270909090909,0.003601075454545455,-0.07608725454545455,-0.00465948,-0.07331431818181817
26,-0.01244508,-0.06959228,0.0051818839999999994,-0.07571412,-0.004208375999999999,-0.07245788
27,-0.011381681818181817,-0.06864514545454546,0.0073394790909090905,-0.07134177272727273,-0.0023692727272727277,-0.0699434818181818
28,-0.011364749999999998,-0.06862032,0.008111572999999999,-0.07027739000000001,-0.0020812990000000004,-0.06941222
29,-0.011398309090909092,-0.06796402727272727,0.00861982818181818,-0.06879496363636364,-0.00170205,-0.06835939090909092
30,-0.013160699999999997,-0.06768951000000002,0.006376646999999999,-0.06952972,-0.002825924,-0.06869506
31,-0.01861878,-0.06617735999999999,0.006854248,-0.07141112000000001,-0.005200194,-0.06893617999999999
32,-0.02021653636363636,-0.06621066363636362,0.005845504545454545,-0.07100608181818183,-0.007042623636363637,-0.06863680909090909
33,-0.020060719999999997,-0.06538695000000001,0.005877685,-0.06993864999999999,-0.006385803,-0.06778870000000001
34,-0.019216381818181822,-0.06627447272727273,0.006009189090909092,-0.06927767272727274,-0.005350285454545455,-0.06792658181818181
35,-0.01798096,-0.06353456,0.007955931999999999,-0.06895448,-0.004067994,-0.06644594
36,-0.018185690909090908,-0.05838982727272726,0.007915150000000001,-0.06750763636363637,-0.0047135809090909095,-0.06310064545454547
37,-0.018405139999999997,-0.05690461,0.007357787,-0.06602327,-0.005538940000000001,-0.06145935
38,-0.0193523,-0.05485119999999999,0.007272894545454545,-0.0648790090909091,-0.006433662727272727,-0.0597229090909091
39,-0.018818659999999997,-0.0548462,0.006935119000000001,-0.06267091,-0.005950926,-0.05875551000000001
40,-0.02017072727272727,-0.05603859090909091,0.006375400909090908,-0.06129456363636363,-0.006472502727272728,-0.0587504909090909
41,-0.021023570000000002,-0.056985450000000014,0.006376646,-0.06157834999999999,-0.007182312999999998,-0.059301740000000006
42,-0.021894972727272727,-0.05794732727272727,0.007389416363636364,-0.0637082181818182,-0.007209083636363636,-0.06083538181818183
43,-0.020600879999999995,-0.05843504000000001,0.007781985,-0.06374664,-0.005897521999999999,-0.06118776
44,-0.01812329090909091,-0.0592041,0.008314652727272727,-0.06400645454545455,-0.003527555454545454,-0.06185496363636364
45,-0.019290170000000002,-0.058943180000000005,0.008808897,-0.06471254000000001,-0.004205321,-0.062045289999999996
46,-0.020459010000000003,-0.058407579999999994,0.008506773,-0.06474915,-0.0055023189999999994,-0.061686719999999994
47,-0.02043010909090909,-0.05943577272727273,0.008857033636363636,-0.06514256363636362,-0.0057442409090909105,-0.06230164545454546
48,-0.020556639999999998,-0.05722657999999999,0.008715819999999999,-0.06326599999999999,-0.005795286,-0.06026306
49,-0.01863793636363636,-0.05457931818181819,0.00912198,-0.060660600000000016,-0.0048370363636363635,-0.05760332727272726
50,-0.01420594,-0.056750499999999995,0.009118653999999999,-0.05847472,-0.0025390639999999997,-0.057611060000000006
51,-0.015511272727272724,-0.05477768181818183,0.011077887272727273,-0.05952313636363637,-0.0026786118181818187,-0.05707205454545456
52,-0.018807990000000004,-0.053002919999999995,0.009942624,-0.061116000000000004,-0.004299927,-0.05710906000000001
53,-0.020833799999999996,-0.04919850909090908,0.01062706,-0.05872274545454546,-0.004776000909090908,-0.054074381818181826
54,-0.01696166,-0.049978629999999996,0.011552419999999999,-0.05536803,-0.002810668,-0.05265657
55,-0.015989827272727273,-0.05068553636363637,0.011455199999999999,-0.056999890909090904,-0.002566251818181818,-0.053776127272727285
56,-0.01572877,-0.05099332999999999,0.011262499999999998,-0.055209350000000004,-0.002113341,-0.053134139999999996
57,-0.017564281818181815,-0.05125565454545455,0.011070963636363637,-0.05498711818181818,-0.0029324627272727275,-0.05316438181818183
58,-0.01937256,-0.052055370000000004,0.009281916,-0.05466005,-0.005253602,-0.053341700000000006
59,-0.020007018181818183,-0.05346401818181818,0.008468628181818181,-0.057141381818181826,-0.005975895454545454,-0.05528952727272728
60,-0.020270599999999996,-0.05760056363636363,0.01009160090909091,-0.05916387272727274,-0.005973122727272726,-0.05834405454545454
61,-0.01995849,-0.058155820000000004,0.01200409,-0.06453552,-0.004151914,-0.06134033
62,-0.01965027,-0.05748596,0.01559143,-0.06710968999999999,-0.0019912730000000004,-0.06231689
63,-0.013444372727272726,-0.05996565454545455,0.016114654545454545,-0.06578619090909092,0.0013552572727272727,-0.06289395454545453
64,-0.01190645,-0.05699616999999999,0.01510926,-0.06595001,0.0021423327,-0.061660780000000005
65,-0.014063054545454546,-0.05702761818181819,0.012420663636363637,-0.0662856,-9.293995454545456e-05,-0.061920163636363636
66,-0.01448975,-0.05706329,0.012146019999999999,-0.06679842,-0.00064239527,-0.062126150000000005
67,-0.014405681818181816,-0.05611071818181817,0.013010172727272729,-0.06667397272727273,-0.0004910558181818181,-0.061474890909090925
68,-0.014997889999999996,-0.055587779999999996,0.013436900000000002,-0.06604462,-0.0005737305,-0.060899350000000005
69,-0.01649324,-0.055896,0.013534530000000003,-0.06576995,-0.0013168334,-0.06089174000000001
70,-0.016931709090909096,-0.05836072727272727,0.013484609090909089,-0.06689313636363638,-0.0019711590909090907,-0.06256935454545455
71,-0.017456054545454545,-0.05879349090909092,0.014366827272727272,-0.06511757272727273,-0.0015022969090909095,-0.061968699999999995
72,-0.017097460000000002,-0.05815126,0.016242999999999997,-0.06592561,-3.967270000000004e-05,-0.06213227
73,-0.0169955,-0.059323390909090896,0.017512927272727272,-0.06522439090909092,0.0001789440909090909,-0.062273881818181824
74,-0.01613922,-0.059600819999999985,0.01793517,-0.06471404,0.0007675166000000001,-0.06214906
75,-0.016440654545454545,-0.05916524545454546,0.01613408181818182,-0.06415072727272726,-9.571349090909091e-05,-0.06167603636363636
76,-0.01804352,-0.05873567,0.012371829999999997,-0.05804749,-0.003315735,-0.058410649999999995
77,-0.018107619999999998,-0.059014889999999987,0.01206359,-0.060942079999999996,-0.0035324090000000002,-0.059959399999999996
78,-0.017995654545454546,-0.06073276363636364,0.016127145454545452,-0.0657112909090909,-0.001141635581818182,-0.06320883636363638
79,-0.01596986,-0.06114349000000001,0.01935426,-0.06755368,0.002250671,-0.06446075
80,-0.015193590909090908,-0.05997536363636364,0.02031777272727273,-0.06696528181818182,0.0029921100000000005,-0.06356256363636363
81,-0.01518707,-0.060511789999999996,0.01897281,-0.06791687999999999,0.0026931769999999997,-0.06440125000000001
82,-0.014981345454545457,-0.06249166363636363,0.018386854545454547,-0.0696286181818182,0.0025204745454545457,-0.06625367272727273
83,-0.016685469999999997,-0.06441497,0.01799622,-0.06954805,0.0011672972,-0.06706084000000001
84,-0.01691285,-0.06532135000000001,0.01846619,-0.06933746999999998,0.002212523,-0.06750184000000001
85,-0.016494745454545455,-0.06500245454545454,0.017874990909090907,-0.06907236363636364,0.002703579090909091,-0.06728709090909092
86,-0.014523320000000001,-0.0651184,0.018321229999999997,-0.06775209,0.0030761729999999998,-0.06654359
87,-0.013949318181818186,-0.0650163090909091,0.01787634545454545,-0.06706652727272729,0.001836603636363636,-0.06603863636363637
88,-0.013805036363636366,-0.06661155454545456,0.016819354545454548,-0.06851614545454546,0.0016382399999999998,-0.06758397272727272
89,-0.01451875,-0.06911927,0.01669462,-0.0702438,0.0015731810000000003,-0.06971589
90,-0.017439270000000003,-0.06736755,0.017262270000000003,-0.07113493,0.00011138770000000014,-0.06928862
91,-0.018868172727272727,-0.0668348818181818,0.017623890909090913,-0.07125299090909089,-0.0003703724545454545,-0.06910566363636363
92,-0.01696321,-0.06158751999999999,0.01687161,-0.06903379,0.00036010748000000006,-0.06540373000000002
93,-0.016311663636363636,-0.05995317272727272,0.015780354545454543,-0.06827475454545455,-0.00028159387272727273,-0.06411604545454547
94,-0.016583260000000002,-0.0588913,0.016398620000000003,-0.06746673,0.0005905146,-0.06336517
95,-0.018638630000000003,-0.05922394000000001,0.016540520000000003,-0.06695251999999999,-0.0005966185,-0.06319579
96,-0.019031890909090913,-0.057379999999999994,0.017003854545454545,-0.06705959090909092,-0.0008281356363636364,-0.06228080909090909
97,-0.018879709999999997,-0.056527709999999995,0.01759337,-0.06651916999999999,-0.00041503916,-0.06159515
98,-0.018375754545454544,-0.056930527272727266,0.01728264545454546,-0.06629945454545455,-0.0005784468727272728,-0.0616135909090909
99,-0.01878663,-0.05771792,0.01750792,-0.06556243999999999,-0.0011642456,-0.061529539999999994
100,-0.018237319999999998,-0.05816650999999999,0.018949889999999997,-0.0654129,9.002680000000002e-05,-0.061750790000000014
101,-0.017583681818181818,-0.056929154545454545,0.019857227272727273,-0.06624254545454546,0.0008544930909090909,-0.06152760909090908
102,-0.010697827272727273,-0.056514418181818175,0.021800645454545454,-0.06112114545454545,0.005294791909090909,-0.05869225454545454
103,0.15242022000000002,0.019322182,0.18404994000000002,0.04230803000000001,0.16913282000000002,0.032165504
104,0.2926009,0.06354217,0.3196791,0.07234039,0.3169402,0.07019198000000001
105,0.3219701818181818,0.07859524545454545,0.330734,0.10532296363636365,0.32261245454545445,0.0869848090909091
106,0.2951523,0.09796136999999999,0.3599548,0.10854050000000001,0.3214644,0.10267184
107,0.2890305454545455,0.09925857272727273,0.3534545454545454,0.11011454545454548,0.32040699999999994,0.10459336363636364
108,0.29410699999999995,0.10369279999999999,0.35240930000000004,0.10932929999999999,0.3212116,0.106343
109,0.29287309090909097,0.10446027272727272,0.35363363636363637,0.10775336363636366,0.32367063636363635,0.1062096363636364
110,0.2924744,0.10186153999999999,0.3559631999999999,0.1095734,0.32399279999999997,0.10570379999999999
111,0.29196180000000005,0.0972046,0.357904,0.1108706,0.3235962,0.10378400000000002
112,0.2816733636363637,0.09330473636363636,0.35652445454545456,0.10951381818181817,0.31862990909090905,0.10133627272727273
113,0.28104463636363636,0.09127946363636362,0.35377645454545453,0.11008118181818181,0.316664090909091,0.10050399999999998
114,0.27822900000000006,0.09031066,0.35217600000000004,0.11533220000000002,0.31553359999999997,0.1029296
115,0.274457,0.09046631000000001,0.34849870000000005,0.11542489999999998,0.31286179999999997,0.10341059999999998
116,0.2734458181818182,0.08984651818181819,0.34806827272727275,0.11552154545454543,0.311381909090909,0.10289145454545455
117,0.27200660000000004,0.09015504,0.34661559999999997,0.1153014,0.3102461000000001,0.1030381
118,0.27316145454545454,0.08932356363636364,0.3469571818181818,0.1163511818181818,0.31047054545454544,0.10298281818181816
119,0.2732194,0.09016111,0.34828029999999993,0.11557010000000001,0.30933229999999995,0.1023897
120,0.27318936363636365,0.09007678181818181,0.3518607272727273,0.11369045454545455,0.31198818181818183,0.10172054545454547
121,0.2733705,0.09057161,0.3520477,0.11304640000000002,0.31361700000000003,0.10207970000000002
122,0.2740172727272727,0.08927777272727273,0.3506525454545455,0.11229072727272728,0.3121962727272727,0.10073572727272727
123,0.2745111818181819,0.08941092727272726,0.3499961818181819,0.11262218181818183,0.31146372727272725,0.10077872727272727
124,0.27394710000000005,0.08870238,0.3506394,0.112976,0.31389609999999996,0.10134119999999998
125,0.27376090909090905,0.08927778181818181,0.34985054545454547,0.11378763636363637,0.31412572727272725,0.10227954545454546
126,0.27368760000000003,0.09047091000000002,0.34968269999999996,0.11440279999999999,0.31240379999999995,0.1026688
127,0.2766819090909091,0.0919675090909091,0.34950400000000004,0.11470027272727275,0.31104763636363636,0.10269854545454547
128,0.2927763,0.09866636999999999,0.3501145,0.1139953,0.3187364,0.1056136
129,0.29439609090909086,0.10023917272727272,0.3508564545454545,0.11386099999999998,0.32251672727272723,0.10704872727272728
130,0.2942566,0.09752198,0.3532348,0.114258,0.324823,0.106195
131,0.29304781818181813,0.0994526727272727,0.35560745454545456,0.11521754545454545,0.3229135454545454,0.10700427272727274
132,0.292215,0.10026854,0.3566496,0.11686699999999998,0.3221282,0.10799539999999999
133,0.2923470909090909,0.10121581818181818,0.3548083636363637,0.11880627272727273,0.32276918181818176,0.10982463636363637
134,0.2910492,0.10117799999999999,0.3548156,0.12527480000000002,0.32418840000000004,0.1136902
135,0.29021759999999996,0.1020583,0.3539658,0.1246661,0.32473129999999994,0.1142947
136,0.2891498181818182,0.09916949090909091,0.354207909090909,0.12397627272727273,0.32318800000000003,0.11213681818181821
137,0.28812879999999996,0.09844053999999999,0.354431,0.12344660000000003,0.32157,0.1110504
138,0.28876427272727273,0.09921820909090907,0.35465427272727273,0.12200945454545455,0.321407,0.11050709090909093
139,0.28988319999999995,0.09963678,0.3544708,0.12157300000000001,0.322824,0.1108304
140,0.29078400000000004,0.10078009090909089,0.3536573636363636,0.12112436363636361,0.32392881818181823,0.11150963636363637
141,0.291417,0.10101331,0.3534255,0.12171029999999998,0.3233595,0.11166709999999999
142,0.2915179090909091,0.10088413636363634,0.35344063636363643,0.12149045454545453,0.3209519090909091,0.11070263636363635
143,0.2905550909090909,0.10108663636363634,0.3522211818181818,0.12068190909090908,0.318468909090909,0.10996736363636365
144,0.28773800000000005,0.10039062000000001,0.35223379999999993,0.11832279999999999,0.31840179999999996,0.10891120000000001
145,0.2870997272727273,0.09989241818181817,0.35297600000000007,0.11607218181818184,0.3196826363636363,0.10791163636363638
146,0.28694690909090914,0.09931667272727274,0.35231000000000007,0.11598209090909091,0.3185965454545455,0.10740663636363634
147,0.2877962,0.09815979999999999,0.3516452,0.11619260000000001,0.31892400000000004,0.10696400000000002
148,0.28866880000000006,0.09432371999999997,0.35248100000000004,0.11453260000000001,0.3194306,0.1040648
149,0.2894550000000001,0.09202022727272728,0.35540618181818184,0.11371418181818184,0.32208681818181817,0.10275254545454547
150,0.2895996,0.09074708000000001,0.3563842,0.11328740000000001,0.3210388,0.10134860000000001
151,0.28983081818181816,0.08900036363636364,0.35566300000000006,0.1123659090909091,0.32306299999999993,0.10079832727272729
152,0.2916534,0.08965759999999999,0.35275880000000004,0.11133420000000002,0.3245914,0.1013368
153,0.12336191818181817,0.08494981818181818,0.16592399090909088,0.1118649090909091,0.1315181,0.08935132727272728
154,0.020632940000000002,0.08934935999999997,0.05860598,0.10665920000000002,0.04291079999999999,0.09945066
155,0.015292063636363635,0.08310214545454545,0.05862704545454545,0.10378490909090911,0.04894603636363637,0.09883523636363636
156,0.011166400000000003,0.0870209,0.044427499999999995,0.10007336,0.02691956,0.09336844
157,-0.013290399999999997,0.09246132727272727,0.025226954545454542,0.09920434545454547,0.009790583636363636,0.09632456363636366
158,-0.012495419999999998,0.09356232,0.02305602,0.1018389,0.006518555,0.09798738
159,-0.012435919999999998,0.09397581999999997,0.021466080000000002,0.10349739999999999,0.00425415,0.0986786
160,-0.01225419090909091,0.09530500000000001,0.021867245454545454,0.10736509090909091,0.00486478,0.1013739090909091
161,-0.01172486,0.09429933999999998,0.020843499999999997,0.10949400000000001,0.004623412000000001,0.10194699999999998
162,-0.010700581818181816,0.09545898181818183,0.018981936363636362,0.10898781818181816,0.004266913636363636,0.1022990909090909
163,-0.010183719999999999,0.09751892000000001,0.01790464,0.10845339999999999,0.003802492,0.10298460000000001
164,-0.012410936363636365,0.09696545454545454,0.013515120909090912,0.10761881818181819,0.001697888181818182,0.10278054545454546
165,-0.01937868,0.09636228000000001,0.012744140000000001,0.10678119999999999,-0.0034149177999999994,0.10156539999999999
166,-0.020538340000000002,0.09383240000000001,0.010714719999999997,0.1068756,-0.005337524,0.1001892
167,-0.020663190909090908,0.09441305454545454,0.009585283636363635,0.10829163636363635,-0.006014737272727272,0.10114245454545454
168,-0.021152854545454545,0.09481393636363636,0.009353641818181819,0.10583218181818181,-0.006396205454545454,0.1001506181818182
169,-0.020764150000000002,0.09536133,0.010945119999999997,0.1051346,-0.004792784999999999,0.10029597999999999
170,-0.02020538181818182,0.09462668181818183,0.011986463636363636,0.1051830909090909,-0.003680142727272727,0.10005329090909089
171,-0.020230100000000004,0.09500123,0.01318358,0.10690469999999999,-0.003965758,0.1008071
172,-0.021227754545454544,0.09612481818181819,0.012627372727272724,0.1094319090909091,-0.004751033636363636,0.10261409090909092
173,-0.021316500000000002,0.09811703999999999,0.01377564,0.1096436,-0.0036254880000000005,0.10394620000000002
174,-0.022885418181818183,0.09494436363636365,0.01691646363636364,0.10752300000000002,-0.002734097272727273,0.1013558181818182
175,-0.02213746,0.09484556,0.017092879999999998,0.10594479999999999,-0.002407838,0.10044852
176,-0.022209150000000004,0.09251252000000001,0.016490190000000002,0.10493490000000001,-0.002212525,0.09895322999999999
177,-0.020020936363636364,0.09385542727272728,0.01465814545454545,0.105126,-0.0022971445454545453,0.09963704545454545
178,-0.019818119999999998,0.09649964000000003,0.012487800000000002,0.10273120000000002,-0.003469846,0.09966440000000001
179,-0.01975041818181818,0.09714021818181817,0.012828472727272727,0.10629136363636364,-0.002653641818181818,0.10196054545454544
180,-0.018692010000000002,0.09692231,0.01318969,0.10560610000000001,-0.0021911590000000007,0.1014299
181,-0.019403645454545454,0.09648134545454547,0.013634418181818181,0.10478218181818179,-0.002445569090909091,0.10075111818181819
182,-0.019052160000000002,0.09620516999999998,0.014241020000000002,0.10291120000000001,-0.0018631,0.09967957000000002
183,-0.019176127272727276,0.09487915454545455,0.014255863636363636,0.10324500000000002,-0.002252752727272727,0.09911972727272728
184,-0.019625860000000002,0.09244996,0.014216600000000005,0.1033402,-0.0026214619999999993,0.09793091999999999
185,-0.019215000000000006,0.09132249090909092,0.014151845454545455,0.10371563636363636,-0.0021306809090909087,0.09767844545454546
186,-0.01931916,0.09026336999999998,0.013494869999999997,0.10268860000000002,-0.0027572649999999996,0.09654081
187,-0.018617127272727272,0.08897539090909092,0.014635927272727276,0.10223118181818182,-0.0019572854545454547,0.0956309909090909
188,-0.018299859999999994,0.08962553999999999,0.015551759999999998,0.1019762,-0.001454163,0.09578705
189,-0.015383618181818182,0.08998246363636364,0.017858336363636367,0.10150421818181819,0.001058405181818182,0.09568926363636364
190,-0.016232299999999998,0.08897553000000001,0.016738870000000003,0.10409090000000001,6.256104999999999e-05,0.09645843000000001
191,-0.016987209090909092,0.0887368,0.016551618181818183,0.1042981818181818,-0.0002718838181818182,0.0965049
192,-0.017533879999999998,0.08906860999999999,0.017350770000000005,0.1036636,-0.0006195068999999999,0.09616086999999998
193,-0.018847372727272726,0.08803905454545456,0.016333836363636365,0.10246390909090909,-0.0015938490909090908,0.09511636363636365
194,-0.019149770000000003,0.08664094999999998,0.01455688,0.10055254000000002,-0.0021484370000000004,0.09367372
195,-0.01875445454545455,0.08653398181818182,0.014137963636363637,0.10065245454545453,-0.001598010909090909,0.09390951818181818
196,-0.017593389999999997,0.08611298000000002,0.01344149,0.10018165999999999,-0.0019073489999999998,0.09322816
197,-0.01645204,0.08691253000000002,0.01366119,0.09875488,-0.0014450050000000003,0.09282072
198,-0.017830572727272724,0.0867476,0.013621927272727274,0.0978906909090909,-0.0018060836363636367,0.09243772727272727
199,-0.01843400909090909,0.08902393636363636,0.0133015,0.09925423636363635,-0.002509376363636364,0.09417586363636364
200,-0.018771379999999997,0.09065703,0.01274109,0.10048503000000002,-0.003092956,0.09555816999999997
201,-0.019180319999999997,0.09093781000000001,0.01393738,0.10030203,-0.00219574,0.095755
202,-0.0743713090909091,0.09826949090909091,-0.04739103636363637,0.09900470909090911,-0.06351397454545454,0.09939709090909092
203,-0.31009980000000004,0.09237057000000001,-0.2629639,0.08678135000000001,-0.28913580000000005,0.08957511000000001
204,-0.35861336363636365,0.07208668181818183,-0.30276627272727274,0.07365695454545455,-0.31555736363636366,0.07374574545454546
205,-0.3593413,0.06924134000000001,-0.30464929999999996,0.07591400000000001,-0.3239211,0.0737091
206,-0.36223554545454545,0.07106573636363635,-0.3067642727272728,0.07523693636363635,-0.3371859090909091,0.0730230090909091
207,-0.3628615,0.07148438000000001,-0.30948970000000003,0.07556916,-0.3382494,0.07340698000000001
208,-0.3622505454545455,0.06791687272727273,-0.31029436363636365,0.0735113090909091,-0.3375106363636363,0.07063154545454547
209,-0.3603103,0.06719511,-0.3111802,0.07474364,-0.33562329999999996,0.07104035
210,-0.3617171,0.06647798,-0.3116987,0.07600098,-0.3348204,0.0716492
211,-0.36097299999999993,0.0660775090909091,-0.3135348181818181,0.07582507272727272,-0.3358486363636363,0.0712738
212,-0.3616124545454546,0.06414100909090908,-0.3141424545454546,0.0765020090909091,-0.3370209090909091,0.07059964545454546
213,-0.3632782,0.06588899,-0.3150085,0.07885436,-0.3385697000000001,0.07257386999999998
214,-0.3655467272727273,0.06579590909090909,-0.3160483636363636,0.08032501818181818,-0.34122409090909095,0.0730022090909091
215,-0.36560210000000004,0.06638183999999998,-0.3159257000000001,0.07926788000000001,-0.3411544,0.07277676999999999
216,-0.3664801818181818,0.06859381818181819,-0.3156321818181818,0.08035972727272729,-0.34091163636363636,0.07454751818181819
217,-0.36542339999999995,0.07093964,-0.3131454000000001,0.08119504999999998,-0.33808299999999997,0.07635347
218,-0.3654313636363637,0.07101719090909091,-0.31205600000000006,0.08184812727272726,-0.33764809090909087,0.07670731818181818
219,-0.3641757,0.06972351000000002,-0.31228629999999996,0.08060758999999999,-0.33816369999999996,0.07524871
220,-0.36588190909090906,0.07022094545454545,-0.3118451818181819,0.0782110090909091,-0.3380833636363637,0.07437690000000001
221,-0.3694441,0.07187805,-0.31156009999999995,0.07710722,-0.34054730000000005,0.07454070000000002
222,-0.3701588181818181,0.07209361818181817,-0.31165236363636356,0.07594716363636364,-0.3423348181818181,0.07397323636363635
223,-0.37010189999999993,0.07212829999999999,-0.31176159999999997,0.07629547,-0.34261620000000004,0.07413941
224,-0.37027119999999997,0.07085114,-0.3126985,0.07640076,-0.3425186,0.07357331
225,-0.37028363636363637,0.07019735454545455,-0.3117690909090909,0.0746252,-0.3417911818181818,0.07240294545454545
226,-0.3694012727272728,0.06956482727272727,-0.3082512727272728,0.07327409090909093,-0.33910572727272725,0.07144303636363637
227,-0.3686659,0.06937713999999998,-0.3076996,0.07313233999999999,-0.3386763,0.07126922
228,-0.3689966363636364,0.06887539090909091,-0.3086270909090909,0.07665597272727273,-0.33886290909090905,0.0728218909090909
229,-0.3693543636363637,0.06878245454545455,-0.3091930909090909,0.07677808181818181,-0.3386964545454545,0.07291204545454545
230,-0.36885660000000003,0.06657255000000001,-0.30740799999999996,0.07509614,-0.3382539,0.07088166999999998
231,-0.3681793,0.06689452999999998,-0.3066924000000001,0.07306670000000001,-0.33978879999999995,0.06979368
232,-0.36754272727272724,0.06676692727272726,-0.3071411818181819,0.07493035454545455,-0.33959399999999995,0.0706052
233,-0.36758880000000005,0.06662141000000002,-0.3093091,0.07528687,-0.3401552,0.07076567
234,-0.3679713636363637,0.06634659090909092,-0.3099181818181818,0.07841769090909091,-0.3407233636363636,0.0720839090909091
235,-0.3678668,0.06651460000000002,-0.31108679999999994,0.07756501,-0.3414536000000001,0.07171478
236,-0.36834445454545456,0.06597346363636362,-0.3108270909090909,0.07699308181818182,-0.34119327272727273,0.07123496363636363
237,-0.3679749,0.06645815999999999,-0.3097182,0.07532806,-0.3393556999999999,0.07087555999999999
238,-0.3678562727272727,0.06739808181818181,-0.30884745454545454,0.07512734545454545,-0.3398991818181818,0.07112815454545454
239,-0.36764830000000004,0.06854553,-0.3084685,0.07559661000000001,-0.33976429999999996,0.07192689
240,-0.3683360909090909,0.06910010909090908,-0.30726772727272733,0.07493453636363635,-0.3393096363636363,0.07192577272727273
241,-0.3686189,0.07074435,-0.30752389999999996,0.07546233,-0.3395249,0.07304381000000001
242,-0.3688783636363636,0.06944272727272728,-0.3076629090909091,0.0752189,-0.339934,0.07222262727272728
243,-0.3678727,0.06810152,-0.30921,0.07622222999999999,-0.33941799999999994,0.07210083
244,-0.36860245454545454,0.06688899999999999,-0.31030254545454544,0.07470566363636365,-0.34031127272727274,0.07074251818181819
245,-0.36947169999999996,0.06671145,-0.3092728,0.07506103,-0.34088609999999997,0.07073821
246,-0.36949000000000004,0.06681684545454547,-0.30824427272727273,0.07393714545454545,-0.3393027272727272,0.07037908181818182
247,-0.3689376,0.06649323999999998,-0.31013640000000003,0.07343142,-0.3391269,0.07005615
248,-0.3692406363636364,0.06571682727272726,-0.31129018181818174,0.07479997272727272,-0.3402363636363636,0.0703250090909091
249,-0.3689531,0.06692503,-0.3088607,0.07522278,-0.3390992,0.07110442000000003
250,-0.3698561999999999,0.0685425,-0.3081862,0.07530365,-0.34024499999999996,0.07185211
251,-0.37021318181818186,0.07056636363636362,-0.30729254545454554,0.07520087272727272,-0.3408827272727272,0.07278165454545453
252,-0.36792119999999995,0.07088625000000001,-0.30805950000000004,0.07374878000000001,-0.3396163999999999,0.07228244
253,-0.3592987272727273,-0.016554409090909092,-0.3022252727272728,-0.019280163636363642,-0.3262203636363636,-0.01720496818181818
254,-0.34857639999999995,-0.06033021000000001,-0.29609230000000003,-0.059097279999999995,-0.3120483,-0.05944670999999999
255,-0.3471638181818182,-0.058794872727272726,-0.297115,-0.05864646363636364,-0.3170444545454546,-0.058688072727272715
256,-0.3471816,-0.056822189999999995,-0.2991973,-0.05759124,-0.3220352999999999,-0.057234190000000004
257,-0.35134890909090905,-0.055046763636363634,-0.30011799999999994,-0.0581998,-0.3237790909090909,-0.056786281818181815
258,-0.35307,-0.056083669999999995,-0.3023697,-0.06102144,-0.32377179999999994,-0.05901945000000001
259,-0.3547003636363637,-0.06012379090909092,-0.30327109090909093,-0.06929571818181818,-0.3282001818181819,-0.06490397272727272
260,-0.3545643636363636,-0.06614129999999999,-0.3034583636363636,-0.06841902727272728,-0.3274383636363636,-0.06733424545454544
261,-0.3555236,-0.06970826,-0.3043578,-0.0677185,-0.32858,-0.06867374000000001
262,-0.3548309,-0.07044828,-0.3058107,-0.06782684000000001,-0.3277742,-0.06901704
263,-0.35487918181818184,-0.0716941181818182,-0.3058166363636364,-0.0687241909090909,-0.3281859090909091,-0.07009610909090908
264,-0.3536651999999999,-0.07192536999999999,-0.30773800000000007,-0.06797181,-0.33143160000000005,-0.07002713
265,-0.35266663636363643,-0.07204507272727273,-0.3087283636363636,-0.06791132727272728,-0.33259727272727274,-0.07016547272727272
266,-0.35161119999999996,-0.07213287,-0.308307,-0.06492154,-0.33137399999999995,-0.06876069
267,-0.3651176363636363,-0.06519664545454545,-0.3098420909090909,-0.06756450909090908,-0.3377753636363636,-0.06635630909090907
268,-0.3706941,-0.06189423000000001,-0.3083603,-0.06420593,-0.34102030000000005,-0.06304477
269,-0.3646809090909091,-0.062490281818181816,-0.3086588181818182,-0.0660441909090909,-0.33895318181818185,-0.06418539090909092
270,-0.3426818,-0.07236938000000001,-0.30774219999999997,-0.06537474,-0.3260316,-0.06903688
271,-0.33986970000000005,-0.0725464,-0.30704790000000004,-0.06768949,-0.32397909999999996,-0.07019958999999999
272,-0.3485566363636364,-0.06772265454545455,-0.30840500000000004,-0.0682567090909091,-0.3294384545454545,-0.06792656363636364
273,-0.36459650000000005,-0.05953670999999999,-0.3079392,-0.06981504999999999,-0.3362564,-0.0647354
274,-0.3671651818181818,-0.05988934545454545,-0.3069917272727273,-0.07018626363636363,-0.337151090909091,-0.0650940090909091
275,-0.369098,-0.06026306,-0.305896,-0.07068176,-0.338568,-0.06536559999999998
276,-0.35550463636363644,-0.0676977,-0.30610645454545454,-0.06977845454545456,-0.3315152727272727,-0.0687463909090909
277,-0.3446594,-0.07331543999999998,-0.3057098,-0.06979984,-0.3252808,-0.07157288
278,-0.34698660000000003,-0.07313079,-0.3062117999999999,-0.06879423999999998,-0.32631089999999996,-0.07094576
279,-0.37200909090909096,-0.0622739090909091,-0.30617718181818177,-0.06870616363636363,-0.3387990909090909,-0.06558366363636361
280,-0.3744689,-0.05997314999999999,-0.3042173,-0.06875763,-0.3396086000000001,-0.0644043
281,-0.3739263636363636,-0.061294536363636375,-0.3052784545454545,-0.06876858181818182,-0.3388643636363637,-0.06518137272727273
282,-0.37188720000000003,-0.060702540000000006,-0.3048372,-0.06913756,-0.3377411,-0.06506806000000001
283,-0.3730666999999999,-0.06132662,-0.3054613,-0.07031556000000001,-0.33746810000000005,-0.06614075999999999
284,-0.3724642727272727,-0.061003272727272725,-0.30456136363636366,-0.0710657,-0.33480418181818183,-0.0666601
285,-0.37198180000000003,-0.062292459999999994,-0.3056,-0.07069398,-0.33542799999999995,-0.0669861
286,-0.3713158181818182,-0.06398285454545455,-0.30512872727272733,-0.0712640909090909,-0.33514545454545447,-0.06803478181818183
287,-0.3751524,-0.06413575999999999,-0.3036836,-0.07162781999999998,-0.33711240000000003,-0.06817932000000002
288,-0.37306345454545453,-0.06356394545454545,-0.3038067272727273,-0.07047341818181818,-0.3376047272727272,-0.0671692
289,-0.37049279999999996,-0.06138308,-0.3027008,-0.07020567999999999,-0.3356384,-0.06600647999999999
290,-0.34626330000000005,-0.07252349,-0.3040147000000001,-0.07138364,-0.3229626,-0.07190855
291,-0.3505610909090909,-0.07070366363636364,-0.30413954545454547,-0.07188693636363636,-0.32458499999999996,-0.07138478181818182
292,-0.37472539999999993,-0.06087340000000001,-0.3041656,-0.07247924,-0.3382142,-0.06695556
293,-0.37741100000000016,-0.0616025,-0.3035929090909091,-0.07291064545454545,-0.3391958181818182,-0.06754790000000001
294,-0.3754272,-0.06271363999999999,-0.30370800000000003,-0.07327271999999999,-0.33685580000000004,-0.06848143999999998
295,-0.3727112727272727,-0.06405086363636363,-0.30342654545454545,-0.07167195454545455,-0.3341272727272728,-0.06837325454545455
296,-0.37205819999999995,-0.06298831999999999,-0.30432120000000007,-0.07013244,-0.33541260000000006,-0.0669159
297,-0.37149872727272726,-0.061246,-0.3041575454545455,-0.0689212,-0.33634409090909095,-0.06531871818181818
298,-0.373929,-0.05894776,-0.304071,-0.06745606,-0.3372408,-0.0634857
299,-0.3710869090909091,-0.058718599999999996,-0.3048914545454546,-0.0687019909090909,-0.3367906363636364,-0.0639592909090909
300,-0.3702912,-0.060018919999999996,-0.30483099999999996,-0.07098085999999999,-0.33772860000000005,-0.06554259999999999
301,-0.36888109999999996,-0.061161810000000004,-0.3041866999999999,-0.07194977,-0.33768909999999996,-0.06643522
302,-0.36398172727272726,-0.06629668181818181,-0.30358999999999997,-0.07285794545454546,-0.33505809090909094,-0.06944137272727274
303,-0.34689319999999996,-0.15462942,-0.31421520000000003,-0.1600644,-0.33607780000000004,-0.15559092
304,-0.34610118181818184,-0.21611309090909092,-0.3209328181818181,-0.19433036363636366,-0.32681954545454545,-0.2014771818181818
305,-0.3446898,-0.2177276,-0.3157896,-0.20171820000000001,-0.3234162,-0.20456539999999998
306,-0.3563938181818181,-0.21945172727272724,-0.3125514545454546,-0.1991423636363636,-0.3328441818181819,-0.2081647272727273
307,-0.3584440000000001,-0.21658019999999997,-0.310315,-0.19489740000000003,-0.33440539999999996,-0.205783
308,-0.35498172727272725,-0.2175419090909091,-0.24306709090909095,-0.1996791818181818,-0.28865036363636365,-0.20726590909090914
309,-0.34910879999999994,-0.2178834,-0.22870819999999997,-0.2066864,-0.2818542,-0.21204520000000002
310,-0.3468688,-0.22200939999999997,-0.23590699999999995,-0.21287219999999998,-0.2842652,-0.21717839999999997
311,-0.3479930909090909,-0.22218190909090915,-0.24556390909090905,-0.21472863636363637,-0.29327954545454543,-0.21848636363636365
312,-0.3492360909090909,-0.22279909090909086,-0.28585245454545455,-0.20984309090909087,-0.31634090909090906,-0.2162988181818182
313,-0.34674689999999997,-0.22352770000000005,-0.3313631,-0.20588860000000003,-0.3390212999999999,-0.21462710000000002
314,-0.346106,-0.22276939999999995,-0.35261240000000005,-0.21419380000000002,-0.34936819999999996,-0.21845699999999998
315,-0.3479033636363636,-0.21863345454545452,-0.3500934545454545,-0.2136259090909091,-0.349085,-0.2160687272727273
316,-0.3525636,-0.2176546,-0.3298616,-0.20833900000000005,-0.33954609999999996,-0.2124114
317,-0.3544218,-0.21785280000000004,-0.321887,-0.2072572,-0.33495779999999997,-0.21152359999999998
318,-0.3546696363636364,-0.21920772727272728,-0.3219522727272727,-0.20480063636363635,-0.3340925454545454,-0.2102048181818182
319,-0.3565396363636364,-0.21819236363636366,-0.3232366363636363,-0.20341636363636362,-0.3375451818181818,-0.2097612727272727
320,-0.3581343,-0.218173,-0.32415779999999994,-0.20496359999999997,-0.34060250000000003,-0.21138010000000002
321,-0.35939620000000005,-0.21843580000000004,-0.32455779999999995,-0.20550539999999998,-0.3408602,-0.211572
322,-0.3606122727272727,-0.21674854545454544,-0.32468209090909084,-0.207826,-0.3412142727272727,-0.21195290909090908
323,-0.362951,-0.21698563636363638,-0.3258806363636364,-0.208585,-0.3432810909090909,-0.21256181818181819
324,-0.36199630000000005,-0.2161424,-0.3255431000000001,-0.2101671,-0.34275969999999994,-0.21300039999999995
325,-0.3625212,-0.2153018,-0.3250702,-0.2123384,-0.34285560000000004,-0.21377259999999998
326,-0.3571487272727273,-0.21478681818181816,-0.3244793636363637,-0.21269627272727273,-0.3401793636363637,-0.21373699999999995
327,-0.35400672727272736,-0.21560963636363634,-0.3248165454545454,-0.2129989090909091,-0.33694036363636365,-0.214103
328,-0.35419919999999994,-0.21719220000000003,-0.32640240000000004,-0.21129630000000002,-0.3393645,-0.21409890000000004
329,-0.35330520000000004,-0.21667779999999998,-0.3274752,-0.21271660000000003,-0.34051220000000004,-0.21474599999999996
330,-0.3525793636363636,-0.2166082727272727,-0.3265437272727272,-0.21342454545454545,-0.3390320909090909,-0.21497127272727268
331,-0.3528333636363636,-0.21718672727272725,-0.326179,-0.21269509090909092,-0.33867872727272724,-0.2148119090909091
332,-0.35052500000000003,-0.2176451,-0.3254732,-0.21208820000000003,-0.3371065,-0.2146865
333,-0.3521507272727273,-0.216937,-0.32356,-0.21388109090909094,-0.3374703636363636,-0.2153887272727273
334,-0.35242910000000005,-0.21643209999999996,-0.3215209,-0.21407459999999995,-0.3367645,-0.2152648
335,-0.3535017272727273,-0.21597554545454542,-0.32108936363636364,-0.21239672727272724,-0.33655599999999997,-0.21413227272727278
336,-0.3527206,-0.2160856,-0.3209582,-0.21154769999999998,-0.3355787,-0.2136596
337,-0.3527831818181818,-0.21722709090909093,-0.3220854545454546,-0.20885945454545454,-0.33487499999999987,-0.21236336363636363
338,-0.35433190000000003,-0.2164536,-0.32173019999999997,-0.20785090000000003,-0.3358460000000001,-0.21158580000000002
339,-0.355871,-0.2162641818181818,-0.3222447272727273,-0.20737536363636364,-0.3378725454545455,-0.21152027272727275
340,-0.34293490000000004,-0.22649650000000005,-0.3212373,-0.20879820000000002,-0.3312622,-0.2169693
341,-0.33996563636363636,-0.23283381818181817,-0.3212365454545455,-0.2103619090909091,-0.33038481818181814,-0.22132172727272728
342,-0.339397,-0.2343722727272727,-0.3203804545454545,-0.2108,-0.3294815454545455,-0.2220569090909091
343,-0.33897540000000004,-0.23429260000000002,-0.3202667,-0.20915980000000003,-0.32950120000000005,-0.22154400000000002
344,-0.3389460909090909,-0.23320145454545455,-0.3195135454545455,-0.206393,-0.32939018181818186,-0.21997763636363635
345,-0.33933849999999993,-0.23305340000000002,-0.319728,-0.20604280000000003,-0.32905280000000003,-0.2188491
346,-0.3395314545454546,-0.234514,-0.32031654545454546,-0.20802709090909088,-0.32946627272727275,-0.22060754545454547
347,-0.34197690000000003,-0.2342865,-0.3208051,-0.2093718,-0.3309953,-0.22133499999999998
348,-0.3425994,-0.23471379999999997,-0.3212676,-0.2100372,-0.33183279999999993,-0.22224460000000001
349,-0.33608863636363634,-0.23726581818181813,-0.3195381818181817,-0.21168236363636364,-0.32724272727272724,-0.2235622727272727
350,-0.3352271818181819,-0.2387767272727273,-0.31869636363636367,-0.21177263636363639,-0.32672127272727264,-0.2249088181818182
351,-0.33218699999999995,-0.23928670000000002,-0.3177398,-0.21149749999999998,-0.3255296,-0.2264341
352,-0.1638712545454546,-0.2187166363636364,-0.16765110000000003,-0.21379763636363636,-0.1686815818181818,-0.21407372727272725
353,-0.032180780000000006,-0.2025756,-0.0037353540000000006,-0.23193219999999998,-0.017959618,-0.21729440000000003
354,-0.03390224545454546,-0.20566754545454546,-0.0033347401818181826,-0.22920927272727276,-0.026773627272727276,-0.21123009090909092
355,-0.033795170000000006,-0.208069,-0.004071045,-0.22827460000000005,-0.017118820000000003,-0.2194353
356,-0.028189909090909085,-0.21130218181818183,0.014064454545454547,-0.22909945454545458,-0.011172218181818181,-0.21839654545454543
357,-0.01916504,-0.2098252,0.021714789999999994,-0.2286468,-0.004089355000000001,-0.21685960000000004
358,-0.018348009090909088,-0.21193218181818183,0.02293396363636364,-0.2289509090909091,0.003820246363636364,-0.22112063636363635
359,-0.019773869999999995,-0.21423940000000002,0.021040319999999994,-0.22801970000000002,0.0017608650000000003,-0.2215681
360,-0.01942861818181818,-0.21389627272727274,0.021098745454545455,-0.2277344545454545,0.00174644,-0.22117754545454546
361,-0.0191391,-0.21287999999999996,0.019950860000000004,-0.22551130000000003,0.0011520402,-0.2194841
362,-0.01822871818181818,-0.20813545454545457,0.019011081818181817,-0.22474972727272727,0.0005701238181818183,-0.216568
363,-0.016610720000000002,-0.20736100000000005,0.01835634,-0.2250427,0.0008392339000000001,-0.21623379999999998
364,-0.01566926,-0.2080749,0.018222069999999996,-0.22572169999999997,0.001956176,-0.21729759999999998
365,-0.014796854545454548,-0.2095074545454545,0.018346599999999994,-0.22575509090909085,0.0026786136363636365,-0.21811336363636363
366,-0.014611820000000003,-0.2083818,0.01845399,-0.2254426,0.001786803,-0.21688369999999998
367,-0.014787163636363636,-0.208295,0.017776490909090906,-0.22511854545454543,0.0013469327272727272,-0.21667627272727275
368,-0.01381532,-0.20839239999999998,0.017967209999999997,-0.22497089999999997,0.002177428,-0.2167769
369,-0.013861080000000001,-0.20827039999999997,0.01767882,-0.22387100000000001,0.0013549810000000001,-0.2158356
370,-0.014941109090909092,-0.207507,0.017447727272727278,-0.22344300000000003,0.000922464,-0.2153653636363636
371,-0.015982040000000003,-0.2072358,0.017262269999999996,-0.22491189999999994,0.0011016849000000002,-0.2163637
372,-0.017589236363636365,-0.20917427272727274,0.01950766363636364,-0.22564427272727272,0.001684015454545454,-0.2177969090909091
373,-0.017228719999999996,-0.2089128,0.02092894,-0.2256991,0.002317812,-0.2175584
374,-0.016515554545454544,-0.2074583636363637,0.02250808181818182,-0.22504490909090907,0.003123890909090909,-0.216368
375,-0.01634676,-0.20742490000000005,0.023718259999999998,-0.2237166,0.0032348620000000002,-0.21544029999999997
376,-0.016644572727272725,-0.20708390909090904,0.02337233636363636,-0.22328172727272727,0.003119728181818182,-0.21514045454545458
377,-0.01710815,-0.20739559999999999,0.02237245,-0.22348649999999998,0.0024047849,-0.21539940000000005
378,-0.01770296363636364,-0.20820881818181822,0.020020927272727276,-0.2237676363636364,0.0008669756363636365,-0.21591036363636365
379,-0.017135610000000003,-0.2075455,0.02026671,-0.22340089999999996,0.0013320918999999997,-0.21542350000000005
380,-0.01867065,-0.206833,0.020515440000000003,-0.22335499999999997,0.0006576545,-0.2150374
381,-0.018062236363636366,-0.20665945454545456,0.018234263636363636,-0.2230611818181818,0.0006464171636363635,-0.2151559090909091
382,-0.016943359999999998,-0.20733619999999994,0.019657920000000002,-0.2219605,0.001774597,-0.2148682
383,-0.016030036363636365,-0.20746545454545454,0.019789254545454542,-0.2215618181818182,0.0022735609090909093,-0.21471327272727275
384,-0.01516114,-0.2059585,0.020227059999999998,-0.2228043,0.0031265269999999996,-0.2147172
385,-0.014011736363636363,-0.20560636363636364,0.01969632727272727,-0.22492445454545454,0.0035497481818181813,-0.21571227272727275
386,-0.013562000000000001,-0.2068756,0.01830289,-0.22648450000000003,0.0023818979999999995,-0.2167282
387,-0.013699618181818184,-0.2072478181818182,0.01803311818181818,-0.22720054545454546,0.0027992936363636367,-0.2176637272727273
388,-0.01520387,-0.20870670000000002,0.01934812,-0.22730869999999997,0.003590393,-0.21887949999999998
389,-0.015586136363636365,-0.21134936363636364,0.01958259090909091,-0.22719200000000003,0.002892233636363637,-0.21972663636363635
390,-0.01669616,-0.20942840000000001,0.020861819999999996,-0.22658229999999996,0.0029937740000000003,-0.2184677
391,-0.016890081818181822,-0.20957399999999995,0.020453718181818185,-0.22609218181818183,0.002992108181818182,-0.21840736363636362
392,-0.017947399999999995,-0.2118929,0.019070470000000003,-0.227092,0.00172882,-0.2200179
393,-0.019918272727272725,-0.21272145454545452,0.019134527272727273,-0.22747654545454543,0.0011887975272727271,-0.2207487272727273
394,-0.02107696,-0.21389760000000005,0.02003936,-0.2288634,0.0006958002999999999,-0.221875
395,-0.02061603636363636,-0.21772618181818182,0.01958258181818182,-0.2282702727272727,0.0012054431818181819,-0.2235010909090909
396,-0.020350640000000003,-0.2175827,0.0200287,-0.22786419999999996,0.0020248426,-0.22332769999999996
397,-0.020140209090909092,-0.2176153636363636,0.019762927272727274,-0.22649181818181818,0.0019850290909090907,-0.2225868181818182
398,-0.020481859999999998,-0.21552730000000003,0.01908112,-0.2270994,0.0008911139199999999,-0.22182010000000002
399,-0.02012771818181818,-0.21513500000000005,0.018338290909090907,-0.22616018181818182,0.0008433946363636363,-0.2211926363636364
400,-0.01985474,-0.21350860000000002,0.018118279999999997,-0.22609849999999998,0.0006362917,-0.2203414
401,-0.01928849090909091,-0.2129320909090909,0.016405963636363638,-0.2259508181818182,-0.0014426475454545457,-0.2194768181818182
402,0.05857994727272728,-0.20302381818181822,0.08500107272727274,-0.21415718181818183,0.07403991254545456,-0.2095711818181818
403,0.27135770000000003,-0.20330809999999996,0.298628,-0.2018402,0.2843062,-0.20177600000000004
404,0.26359272727272726,-0.21122618181818184,0.33193818181818185,-0.19323163636363636,0.2806091818181818,-0.20788845454545457
405,0.2668488,-0.2114457,0.33221290000000003,-0.19507899999999997,0.3047683,-0.2021424
406,0.2720337272727273,-0.21510727272727273,0.3351829090909091,-0.1946688181818182,0.30750072727272726,-0.20379927272727272
407,0.2775559,-0.218381,0.3367599,-0.19645079999999998,0.30847009999999997,-0.2070465
408,0.28065645454545457,-0.21557500000000002,0.3344684545454546,-0.1983628181818182,0.3018771818181818,-0.20903436363636363
409,0.2810621,-0.22074450000000004,0.3346604000000001,-0.19868330000000003,0.30047769999999996,-0.2129086
410,0.2815537,-0.22187349999999997,0.3357529,-0.19806980000000002,0.2982225,-0.21467899999999998
411,0.2806633636363637,-0.22048963636363636,0.3372427272727273,-0.19890690909090908,0.2968680909090909,-0.2144498181818182
412,0.2816008181818182,-0.21917999999999999,0.3373647272727273,-0.20011218181818186,0.30169545454545454,-0.21242854545454548
413,0.2842924,-0.2170378,0.33341659999999995,-0.20016160000000002,0.3061434,-0.20964359999999999
414,0.2872575,-0.21354979999999996,0.33187390000000005,-0.20098280000000002,0.30775129999999995,-0.2078627
415,0.2862078181818182,-0.21303609090909095,0.3311890909090909,-0.20131081818181817,0.308294,-0.20736563636363642
416,0.2840807000000001,-0.2142611,0.33105300000000004,-0.20346059999999996,0.3073682999999999,-0.20898890000000003
417,0.2820727272727273,-0.216601,0.33151381818181813,-0.20409181818181824,0.30683499999999997,-0.2104201818181818
418,0.2823532,-0.21389769999999997,0.3315019,-0.20510869999999998,0.307724,-0.20948039999999998
419,0.2803803636363637,-0.20881663636363637,0.3308714545454545,-0.20636690909090907,0.3075216363636364,-0.20755981818181815
420,0.2843414,-0.2109286,0.33265359999999994,-0.2063812,0.3056214,-0.20900260000000004
421,0.2857000909090909,-0.21194863636363637,0.33213945454545457,-0.2019709090909091,0.3058651818181818,-0.20768736363636364
422,0.28608154545454545,-0.21342454545454545,0.3322159090909091,-0.20111645454545457,0.3084286363636364,-0.20755290909090912
423,0.2864928,-0.2162718,0.33158859999999996,-0.20086359999999998,0.30942379999999997,-0.2085448
424,0.28836529999999994,-0.2161041,0.33031150000000004,-0.20005659999999997,0.30996860000000004,-0.207898
425,0.2886185454545454,-0.21362872727272728,0.3285062727272727,-0.199205,0.3083427272727272,-0.20656254545454544
426,0.287886,-0.2125151,0.32836790000000005,-0.19803150000000005,0.3068574,-0.2058047
427,0.2872591818181818,-0.21304445454545454,0.32854809090909093,-0.19800500000000001,0.30527718181818186,-0.2065499090909091
428,0.28731045454545456,-0.2120581818181818,0.3159914545454546,-0.19862918181818182,0.29924709090909085,-0.20650409090909091
429,0.285675,-0.214258,0.31477340000000004,-0.2022672,0.2994446,-0.20861800000000003
430,0.2871081818181818,-0.22966700000000004,0.3299865454545454,-0.19942709090909094,0.3038219999999999,-0.21743509090909094
431,0.28327359999999996,-0.29502860000000003,0.3360476,-0.25265180000000004,0.3323246000000001,-0.260153
432,0.28205899999999995,-0.29576100000000005,0.33747900000000003,-0.263519,0.33747900000000003,-0.263519
433,0.2670777999999999,-0.3384154,0.3187198,-0.2926694,0.3187198,-0.2926694
434,0.27737145454545453,-0.29655036363636367,0.3360763636363637,-0.23539736363636363,0.3360763636363637,-0.23539736363636363
435,0.29406140000000003,-0.24191900000000005,0.33447580000000005,-0.20658859999999998,0.3336578,-0.20710140000000005
436,0.32344745454545465,-0.22509345454545449,0.33564218181818184,-0.19937254545454544,0.33487481818181813,-0.2032262727272727
437,0.2803924,-0.226288,0.3302582,-0.19903260000000003,0.30641480000000004,-0.2124482
438,0.24073950000000002,-0.21811229999999998,0.3232878,-0.1942522,0.28417820000000005,-0.2059097
439,0.22489489999999995,-0.2175489,0.3215225,-0.20118560000000002,0.27035660000000006,-0.2102082
440,0.2631268181818182,-0.2168190909090909,0.32433254545454543,-0.2017683636363636,0.2904054545454545,-0.21023154545454545
441,0.28245240000000005,-0.214865,0.3273072,-0.199713,0.3045168,-0.20750140000000003
442,0.28562329999999997,-0.21371310000000002,0.3309525,-0.19767610000000002,0.30788299999999996,-0.2059296
443,0.2875281818181818,-0.213487,0.334914,-0.1892770909090909,0.30706936363636356,-0.20374909090909094
444,0.2889763636363636,-0.21104027272727277,0.32955799999999996,-0.18548599999999996,0.3065210909090909,-0.20010954545454548
445,0.28990820000000006,-0.21225580000000002,0.3301482,-0.18620580000000003,0.3068084,-0.20142819999999997
446,0.28953539999999994,-0.21064119999999997,0.3337612,-0.18695060000000002,0.3080294,-0.20085760000000003
447,0.28810945454545456,-0.2097222727272727,0.3353615454545455,-0.1884058181818182,0.3100252727272727,-0.19995527272727276
448,0.2870788,-0.20862419999999998,0.33651420000000004,-0.1887176,0.30870359999999997,-0.20003960000000004
449,0.28618009090909086,-0.208825,0.33648972727272725,-0.1919180909090909,0.3093123636363636,-0.20119827272727273
450,0.28508900000000004,-0.2074248,0.3353575999999999,-0.19286820000000002,0.3097596,-0.20039679999999999
451,0.29526727272727277,-0.2099150909090909,0.33472927272727276,-0.18828918181818183,0.31325309090909087,-0.20012181818181818
452,0.33638599999999996,-0.20199280000000003,0.33723140000000007,-0.175946,0.3365296,-0.1889954
453,0.22981136363636362,-0.11636630909090907,0.3453287272727273,-0.07266794545454547,0.2853547272727273,-0.09693772727272729
454,0.237863,-0.10431212000000001,0.3614626,-0.05586241999999999,0.306009,-0.07789917999999998
455,0.2564558181818182,-0.08958294545454545,0.3566187272727273,-0.059015463636363646,0.31064672727272724,-0.07320471818181817
456,0.2385376,-0.08190308,0.3507144,-0.048712160000000004,0.2866636,-0.06818236
457,0.236793,-0.07506630909090908,0.356136,-0.040292900000000006,0.2663865454545454,-0.06679464545454546
458,0.2384034,-0.07255857999999998,0.36174599999999996,-0.03905944,0.298636,-0.056494140000000005
459,0.2398778181818182,-0.0751093090909091,0.3606928181818182,-0.041251427272727265,0.2987641818181818,-0.058908636363636364
460,0.24362159999999994,-0.0730499,0.35763540000000005,-0.041314680000000006,0.30029619999999996,-0.057543939999999995
461,0.24622009090909092,-0.07164279090909093,0.3557780909090909,-0.04203102727272728,0.30066736363636354,-0.057170527272727284
462,0.24640840000000006,-0.06994017999999999,0.354541,-0.042633080000000004,0.3022003999999999,-0.056073
463,0.24626281818181814,-0.06923607272727274,0.3532093636363636,-0.04156910909090909,0.3016274545454546,-0.0551286090909091
464,0.24793400000000002,-0.06754760000000001,0.3527741999999999,-0.04087828,0.300412,-0.0544159
465,0.24930781818181816,-0.06807501818181817,0.35347954545454546,-0.04044828181818183,0.2995702727272728,-0.05495802727272727
466,0.2511536,-0.06739808,0.354297,-0.04063416000000001,0.30204459999999994,-0.05440064
467,0.2518795454545455,-0.06553926363636363,0.35511218181818177,-0.040034918181818174,0.303471,-0.05298685454545455
468,0.252063,-0.06673890000000002,0.35425719999999994,-0.03958434,0.3045806,-0.05300294
469,0.25271190909090907,-0.06499411818181818,0.35369036363636364,-0.038736509090909095,0.3038095454545454,-0.05189928181818182
470,0.254953,-0.06737366,0.35266420000000004,-0.03961488,0.30897220000000003,-0.052206419999999996
471,0.255141,-0.0687227909090909,0.3524363636363637,-0.04005989090909091,0.3036194545454545,-0.05462923636363636
472,0.2553831999999999,-0.06953124000000001,0.3509458,-0.040036,0.29764399999999996,-0.05668640000000001
473,0.2539704,-0.06941224000000001,0.3501954,-0.04064026,0.29847080000000004,-0.056301880000000006
474,0.2547135454545455,-0.06916669090909092,0.35106990909090907,-0.040297072727272724,0.30181600000000003,-0.05524930000000001
475,0.25567218181818185,-0.0677296090909091,0.35265418181818187,-0.040858872727272726,0.3002013636363636,-0.0555725090909091
476,0.25607300000000005,-0.06645965999999999,0.3532303,-0.04127043000000001,0.2988234,-0.05556030000000001
477,0.25524879999999994,-0.06618041999999999,0.353421,-0.04146122000000001,0.3023498,-0.054519660000000005
478,0.25434199999999996,-0.0639177090909091,0.3521534545454545,-0.04318790909090909,0.3007588181818182,-0.05423945454545454
479,0.25433360000000005,-0.06374206000000002,0.3511934,-0.042453000000000005,0.2989104,-0.05410155999999999
480,0.25594809090909093,-0.06248055454545456,0.35052900000000003,-0.041187636363636364,0.30189527272727273,-0.05228769090909091
481,0.25836499999999996,-0.06217958,0.35270080000000004,-0.04082029999999999,0.30388780000000004,-0.0520294
482,0.25920654545454547,-0.06262484545454544,0.3521674545454545,-0.0410614,0.3026734545454545,-0.05270105454545455
483,0.2583157,-0.06317750999999999,0.35151959999999993,-0.04335786999999999,0.3035385,-0.05370941
484,0.25909760000000004,-0.06379697999999999,0.349945,-0.044964580000000004,0.30249000000000004,-0.0549408
485,0.25714518181818186,-0.06466952727272728,0.3500352727272728,-0.04542956363636364,0.3015730909090909,-0.05561412727272727
486,0.2566466,-0.06512756,0.35060119999999995,-0.04495848000000001,0.30351859999999997,-0.05521852000000001
487,0.2574976363636364,-0.0662814181818182,0.3517536363636363,-0.04368453636363637,0.30606781818181816,-0.054795718181818186
488,0.25851318181818184,-0.06488592727272727,0.35347654545454543,-0.04103920909090909,0.3080041818181818,-0.05264420909090908
489,0.25977490000000003,-0.06882935,0.35646529999999993,-0.03724365,0.30875859999999994,-0.05305023
490,0.2609313999999999,-0.06841735,0.3567841,-0.03690493,0.30795589999999995,-0.05316618999999999
491,0.26025118181818185,-0.06818596363636363,0.35514563636363633,-0.038062354545454556,0.30952454545454544,-0.052744090909090914
492,0.2583723,-0.06795807000000001,0.35612949999999993,-0.0407364,0.305969,-0.054902660000000006
493,0.25615859999999996,-0.0688782,0.35405879999999995,-0.040777600000000004,0.3009581999999999,-0.056213360000000004
494,0.25507018181818186,-0.0690363181818182,0.35505527272727283,-0.03689158181818182,0.3035402727272727,-0.053684581818181816
495,0.2543361818181818,-0.06908765454545454,0.3555047272727273,-0.03542398181818182,0.3033378181818182,-0.05301736363636364
496,0.25325563636363635,-0.0683011090909091,0.35429499999999997,-0.0351299090909091,0.3037957272727273,-0.05194371818181819
497,0.2520675,-0.06832428,0.35289010000000004,-0.035917649999999995,0.30114599999999997,-0.05277556
498,0.2516386,-0.06805113999999998,0.34953169999999995,-0.03856965,0.29966119999999996,-0.053791809999999995
499,0.24888445454545452,-0.06860630000000001,0.34716663636363637,-0.03734380909090909,0.29665427272727274,-0.05362494545454544
500,0.24770189999999997,-0.06876830999999999,0.34500729999999996,-0.038189669999999995,0.2924467,-0.054914839999999986
501,0.24621909999999997,-0.06926728,0.34309559999999995,-0.03770142,0.2884249,-0.05572815
502,0.26347081818181817,0.01735616,0.34213809090909086,0.03940520909090908,0.3043117272727273,0.028508945454545454
503,0.2834596,0.08350984000000002,0.343242,0.1177568,0.30637029999999993,0.09673918
504,0.2846845,0.09570770999999997,0.3540556,0.1212174,0.3142379,0.10544289
505,0.2885091818181818,0.09904619999999999,0.35448409090909094,0.12002427272727269,0.32326581818181827,0.11011290909090908
506,0.2890154,0.09841765,0.3530976,0.1194731,0.3235627,0.1097655
507,0.2887669090909091,0.09787542727272727,0.3528040909090909,0.119096,0.32262772727272726,0.10908936363636364
508,0.2879515999999999,0.09708862,0.352974,0.1189545,0.32259340000000003,0.10873419999999998
509,0.28767100000000007,0.09731085454545454,0.3539928181818181,0.11974809090909093,0.3224001818181818,0.10905609090909091
510,0.28807679999999997,0.09761962000000002,0.3546754,0.12070600000000001,0.32214960000000004,0.10943
511,0.28873227272727275,0.09801137272727271,0.3546598181818182,0.12102436363636365,0.323464,0.11013390909090909
512,0.2907884,0.09858245,0.35370029999999997,0.1208022,0.32281180000000004,0.1098908
513,0.2928468181818182,0.09724844545454546,0.35425481818181814,0.1209620909090909,0.32281909090909094,0.10881627272727273
514,0.2942447272727273,0.09516626363636363,0.3553843636363636,0.12193163636363638,0.3220949090909091,0.10733581818181817
515,0.29249430000000004,0.09083097000000001,0.35490720000000003,0.12083590000000002,0.32113500000000006,0.1045763
516,0.2919811818181817,0.08980490909090909,0.35555490909090903,0.1208648181818182,0.32235036363636366,0.10459781818181818
517,0.29236010000000007,0.08884125000000001,0.35512999999999995,0.1168515,0.32399279999999997,0.1029269
518,0.2943739090909091,0.08802935454545456,0.3554922727272728,0.11477954545454548,0.3253171818181818,0.10155418181818182
519,0.29376079999999993,0.08917389,0.3567808,0.1158601,0.32494049999999997,0.10236060000000002
520,0.29264700000000005,0.08993114545454547,0.3571555454545455,0.11791327272727271,0.3247970909090909,0.10384309090909093
521,0.29182280000000005,0.09050293000000001,0.35634180000000004,0.11951750000000001,0.32283159999999994,0.10441900000000001
522,0.291139,0.09049432727272727,0.35644527272727267,0.1157961818181818,0.32222399999999995,0.10253481818181819
523,0.29188390909090906,0.09004766363636363,0.3583485454545454,0.11664645454545454,0.32393427272727277,0.10285100000000001
524,0.2939041,0.08956450000000002,0.3589202,0.11701050000000002,0.3238618,0.1021879
525,0.2912368,0.08802947999999998,0.3574691,0.11699529999999998,0.32212840000000004,0.1015077
526,0.29122109090909093,0.08838305454545455,0.35671427272727274,0.11603472727272725,0.32292045454545454,0.10173872727272727
527,0.2910966,0.0888809,0.35534509999999997,0.11537170000000001,0.322833,0.10194700000000001
528,0.2908727272727272,0.08912936363636365,0.3566033636363635,0.11595290909090906,0.3236916363636364,0.10250027272727275
529,0.2905565,0.09163208,0.356256,0.11576829999999998,0.3235734,0.10374750000000002
530,0.29031790909090904,0.09176079090909091,0.3557392727272727,0.11653536363636365,0.32163036363636366,0.10360309090909091
531,0.28919090000000003,0.09219664,0.3546937,0.1166185,0.3213258,0.1041642
532,0.2879596363636364,0.09323814545454545,0.3537155454545454,0.11468654545454546,0.3204970000000001,0.10385009090909092
533,0.2873704,0.09190978,0.3545363,0.11624319999999999,0.3219770999999999,0.10443709999999999
534,0.28761145454545456,0.0927470818181818,0.3549680909090909,0.11692527272727272,0.322862,0.10538963636363637
535,0.28894190000000003,0.09284362,0.3542892999999999,0.11648419999999997,0.32227480000000003,0.10489630000000001
536,0.28817745454545457,0.09248354545454546,0.3543243636363637,0.11207581818181821,0.3216260909090909,0.10239636363636362
537,0.2878448,0.093544,0.35385439999999996,0.11166230000000002,0.3209688,0.1026506
538,0.28732981818181813,0.09388732727272729,0.3530039090909092,0.11140854545454544,0.31939545454545454,0.10244754545454549
539,0.2885466,0.09401399999999999,0.3525008,0.1145294,0.3186996999999999,0.103679
540,0.2886752727272727,0.09374445454545453,0.3525667272727272,0.1162941818181818,0.31957863636363637,0.104646
541,0.2889353333333333,0.09483846666666666,0.352829,0.11667899999999999,0.32107033333333335,0.10581933333333333
