0,664.4985431592754,391.4978146283684,627.8248318058858,382.3595498963577,646.7557012869908,387.11758365413095
1,664.1541296463281,394.4737459283388,630.0268288949004,383.5076221498371,647.7773497645526,389.2211074918567
2,662.8942988769571,396.0168433520877,633.1483642921551,385.1233520876518,647.9676773506025,390.5638614154575
3,662.7391826871055,396.2718175895766,635.217578358882,385.4412117263843,649.514624346258,391.0895765472313
4,662.7109972948602,396.17507491856674,636.2442791704237,384.88784364820845,649.7523996393148,390.6532377850163
5,665.3759396671859,396.3046727864969,633.7102988769572,381.0338288421676,649.0900355766868,388.47102161681966
6,673.8714777276828,392.94175895765477,634.2242337240758,379.63278175895766,653.4437626690712,386.10867752442994
7,675.0426142470694,395.67084039087945,635.0555065825067,377.82028143322475,654.6889175834084,386.60798697068407
8,674.3562429707354,394.53015102161686,635.0423949504058,377.45187681374,653.8755819329455,385.654983713355
9,589.0716508566277,316.987605732899,557.8885493958522,310.5461505928339,577.0834594048692,315.142817980456
10,519.4606613656858,231.01853479419603,473.5792245266006,213.13689665383478,517.2256296417739,230.1304210838022
11,488.42330027051406,224.4537732899023,467.65221280432826,208.561145276873,480.2673110910731,216.90648469055373
12,479.8843708500698,227.85799703879184,467.71466513648664,208.79538406870006,473.6306385769326,218.06562392656207
13,488.4989807033364,229.39760755700328,476.212965915239,212.560264495114,482.69431343552753,221.2043945276873
14,632.6071674071645,304.65003944329294,595.4355309123699,317.588343500148,610.2789046971063,313.3850871187444
15,647.4793487990819,315.7128149244891,606.120962308386,340.61671305892804,614.2062771046808,335.8164536570921
16,650.8178813345357,322.4360638436482,609.5997253020739,343.0201954397394,631.1985861136159,332.23431400651464
17,651.9046820231167,321.4386378442404,611.2619371423888,339.4081172638437,632.041975899664,330.22897009179746
18,650.8759949504057,319.1419231270359,608.6222808295762,337.42504495114014,630.2352158701533,328.0812977198697
19,647.9292427248134,318.513896357714,608.1831106156243,336.64279064258216,628.3259698008034,327.46204441812256
20,646.1825154192967,320.7380013029316,607.6959105500451,338.2552964169381,627.0052564833184,329.48056026058634
21,645.3803859332733,323.15307787977497,605.9848567259612,340.28486704175305,625.950000623002,331.6132377850163
22,644.9608892532176,326.0517548119633,604.049197475203,341.73908794788275,624.6371376014428,333.8563778501629
23,645.2473190261499,329.537796742671,604.0626553651939,339.16244951140067,625.5822415870153,334.14885732899023
24,645.598129682761,330.87311104530653,605.3156304615133,338.36704885993487,626.0428627920322,334.52170091797456
25,649.0020818755636,332.99831140065146,606.5141716140668,338.6686280130293,627.8259453922453,335.8361667752443
26,649.4390425444709,336.249157240154,607.4866516927617,339.95627243115194,628.6269612919093,338.1035356825585
27,645.8425940486926,337.6737850162867,607.1992647790804,340.24142931596094,630.1189759422904,338.7401941368079
28,641.2816998114599,334.44521291086767,607.4226107713747,336.43948711874447,625.6970319534388,335.45210423452767
29,638.9297483400279,329.2497210541901,607.9925785392245,336.6785774355937,623.8846426100502,332.8657328990228
30,638.3277590622182,328.8972195439739,603.5906366095581,337.45371596091206,621.2374599098287,333.1164078175896
31,636.5454427412084,327.4819270358306,601.9175415689812,336.5608221498371,618.902165814247,332.11261758957653
32,634.8950779572097,327.1480864672787,600.4340342651037,336.71763695587805,617.6901668136733,331.93531892212025
33,634.8318355275022,327.52843387622147,600.7410957619477,336.9884951140066,617.8032010964833,332.2557732899023
34,635.9902077219444,328.60235001480606,600.2275071727191,337.2690755108084,617.3347328377737,333.1308877702103
35,636.3499339945897,330.7616912052118,601.6639538322814,336.117084039088,618.518230495221,333.5422749185668
36,635.7292341995246,334.51026236304415,602.0078288384294,336.35651761918865,619.6946838527748,335.39355759549903
37,633.9152205918518,335.8799040568552,600.0385343060908,334.68596624222687,617.1009790048365,335.2878389102754
38,633.8931419296664,336.2208508143323,599.9327220919748,334.2490475570032,617.0388581568982,335.24568469055373
39,633.2668054758587,338.7184033165532,600.8983136322651,334.4371003849571,616.9712936732519,336.54847853124073
40,634.5571260595132,341.8088482084691,599.464235166817,335.9238214983713,616.6866252407574,338.82251335504884
41,632.8521668989262,344.335181522061,599.0122888761374,335.90431625703286,615.1236758422823,339.93025051821144
42,633.191552094434,345.7340965353864,596.8492473153538,335.91082973053005,614.833887367817,340.77772697660646
43,631.216187556357,346.8797472312703,594.9503826871056,330.4199374592834,612.5884121911633,338.43244690553746
44,630.9116747274367,348.0504412200177,596.1848308877777,329.7783784424045,613.5530437576851,338.93639680189517
45,631.8572378719568,348.81399087947887,596.6816259693418,329.6612638436482,614.7493499729487,339.5096091205212
46,630.2774824165915,348.384535504886,596.315296663661,331.6813915309446,613.0515967538323,339.92291726384366
47,628.7198371014018,347.5640627776133,594.4156524305271,333.4562203138881,611.1450614640545,340.35646194847493
48,626.168705500451,346.14791530944626,592.6820126239857,333.8804638436482,608.7085752209197,339.7565433224756
49,621.9361623739651,342.5019638732603,592.3919114681531,335.0096784127924,606.9503003196984,338.70214628368376
50,622.0986667628496,342.197132247557,591.1357287646529,335.19917785016287,606.8892993327321,338.76524169381105
51,622.7735083859333,340.208400355345,587.744049840151,335.53507373408354,604.8881635543897,337.83350903168497
52,623.6414418755636,340.08933811074917,588.1681716862039,332.51342540716615,605.5278941027954,336.23519218241046
53,623.5388138699893,341.2071471720462,592.3102470694321,328.26886230381996,607.8500913189607,334.72338406870006
54,623.2592701172227,341.70865798045605,593.823278629396,329.7560951140065,608.657506798918,335.78426579804557
55,623.3002600213132,341.6284655019248,595.1793399458973,333.96701095647023,609.5424068202312,337.8855741782648
56,623.2874508926961,341.3167973941368,591.0318283137963,339.07657719869707,607.4616786293959,340.2217524429968
57,622.5142997294861,339.6742241042345,585.6778964833184,339.9676885993485,604.221164147881,339.82453289902287
58,622.603802147717,340.37268700029614,584.7629058119518,334.7201006810779,603.9099073694566,337.6122961208173
59,621.996521839495,341.1790358306189,583.8427758340848,331.56330684039085,603.8195938683499,336.60557003257327
60,621.7632453807688,342.74107551080846,581.7321000081973,325.578424637252,602.643463890483,334.5363269173823
61,619.9201139188459,345.1548547231271,583.1770488728584,326.1184299674267,601.0316753832282,335.3709342019544
62,616.4157258267072,346.97846846313297,584.0071717353883,327.53689073141845,599.1739913107633,336.6395605567071
63,615.0170500270514,351.5265850162867,585.2288115419298,326.553267752443,599.701998917944,338.7187114006515
64,615.5351498319535,354.02508735564106,584.8077199770473,326.0615303523838,599.9809085990655,339.87821735267994
65,630.245776735798,360.8309433224756,583.8216425608657,325.25601302931597,606.7924359963932,342.88420456026057
66,629.9463790802525,364.6940482084691,581.9266654643825,322.6651035830619,605.7868199819658,343.57845342019544
67,627.2740677104681,366.0118187740598,578.9558567095664,324.13718803671895,603.2038455611115,345.179427894581
68,626.9999725879171,366.56924951140064,578.4025680793508,324.499145276873,603.3211902614969,346.09780846905545
69,626.345459660628,368.293975718093,576.8377027625215,334.36549481788575,602.608250512337,352.0584767545158
70,625.4607189179441,366.86806123778507,576.3191228133453,334.49238175895766,601.4631704238053,351.0828469055375
71,623.6925156488238,365.7027432632514,576.1156291499304,332.99100266508736,600.605295516026,349.8625300562629
72,623.1359896122633,364.08032442996745,575.808380883679,331.7887348534202,599.6544577096483,348.0839530944626
73,621.0067494319206,363.83876091205207,573.8904468890894,331.4291218241043,597.9971981965735,348.041022801303
74,619.8067634396261,363.08546757477046,574.2087764570867,322.89443648208464,597.4224510205754,343.365729345573
75,620.3815392605952,363.5274019543973,574.3360346257891,322.2553133550489,598.477977276826,343.91307752443
76,622.8935906221823,363.2416523541605,572.839882613329,321.1897719869707,599.953701123043,344.0114800118448
77,622.0106064562669,359.34938501628665,569.040227953111,321.19606905537455,595.906735437331,340.5742475570032
78,622.7863178293303,356.34792419307075,568.5698303139602,322.884682262363,596.6795599639314,340.2539520284276
79,623.0796326780884,355.6097589576548,566.8035751127142,325.67112703583064,595.566802524797,341.00546188925085
80,621.9894766456267,354.6900351791531,565.3400353471596,325.1432755700326,592.715484220018,339.44874918566774
81,619.9476526272646,355.0027160201363,566.0962269038447,325.0562380811371,593.0147139929503,340.0587610305004
82,617.8630802813345,354.36082866449516,566.7366550045086,325.5959843648209,592.4918016230838,340.1179622149838
83,616.3981159898352,354.3617838318034,564.7305228297403,326.9642700621854,589.4475757029265,340.10755344980754
84,608.9692173850317,351.3118280130293,565.6024757439135,328.576948534202,586.7962517583409,339.7278957654723
85,603.9723492089515,349.1289061297009,565.3100955816051,326.70568196624225,585.1887715386508,338.2515652946402
86,604.3902153291255,349.8339048859935,567.5362106402164,333.2398749185668,585.7078247069431,341.46351791530947
87,604.3918144110173,350.3586520580397,569.9611679645873,334.02394788273614,586.6329187638331,341.94404382588095
88,601.7449550946799,346.89408859934855,567.5626185752931,333.8178449511401,584.1773879170424,340.20206384364826
89,601.7036675137307,346.7084844536571,564.903441921469,331.2928090020729,583.2467054676614,338.9965424933373
90,603.0133197803099,345.6609025762511,562.5322573981474,330.77387385253184,582.3837258791705,338.0888883624519
91,603.4250791704238,345.4680078175896,562.3443275022544,330.7312729641694,582.2313262398558,337.88851856677525
92,600.3907939995083,346.53932602901983,559.6407731781294,328.6429979271543,579.5098588408886,337.3878211430264
93,599.6456512173129,347.9300794788274,558.543708566276,327.67511921824104,579.4134564472498,337.9815087947883
94,598.7945451266498,348.2586378442405,558.899477006312,328.7845247260882,578.7573669972949,338.4971690849867
95,598.0436376752193,347.2355001480604,558.3615076645627,327.7922274207877,578.0608849905731,337.4707693218833
96,596.9792807935077,347.72611074918564,558.9382117222724,322.8941315960912,577.8424844003608,335.2474788273616
97,594.9767906221821,347.9032377850163,557.4465327321911,323.05157003257324,576.2997439134356,335.56059674267107
98,594.3788231822281,349.8169783831803,554.8471999344209,322.4373526798934,574.1319281908354,335.82298845128815
99,592.8514376588245,349.60060527095055,551.2848672842036,321.0368172934557,570.252538732683,334.0987622149837
100,592.4988652840397,348.45612508143324,552.6720288548241,319.8845315960912,571.262822723174,333.24705146579805
101,590.2111278629396,348.04280521172643,554.137322993688,320.59666319218246,570.5196032461678,333.082413029316
102,588.4565226657924,349.7096073437963,554.7079413066645,321.38493100384954,570.0908362980573,334.32157417826477
103,587.1537168620379,348.7066241042345,554.5881853922454,322.59891986970683,570.0441219116321,335.00592703583067
104,587.7360439380278,349.38265442700623,553.1292886302157,323.12869766064557,569.7193960160669,335.73676754515844
105,589.1353665054513,348.7157429671306,553.8946130010657,321.4060491560557,570.7729118780229,334.50375954989636
106,590.001537962128,352.7790801302932,553.4328266907123,322.89415504885994,571.4318658250677,337.62007817589574
107,590.9349736863677,352.26830441220017,553.5055240593492,323.6020704767545,572.5148199032708,338.19139828249934
108,589.7162214607755,352.1850214983714,551.6400187556358,325.08778631921825,571.639735978359,339.3485706840391
109,586.6553415853759,350.6254059816405,551.0222988769572,326.7560840983121,569.3015256988278,339.0209653538644
110,587.3985558160506,349.86967035830617,549.3434286744815,326.6623817589576,569.5509698827773,339.01218762214984
111,586.3975578326092,349.9422055078472,546.086245757849,326.54463606751557,566.7366361177146,338.559009771987
112,585.5951523895402,350.23823061889254,544.8102203787196,326.00394527687297,564.8768577096484,337.9493315960912
113,585.0670986146406,348.445716316257,545.1880422985491,325.9379236008292,564.8698024428231,337.05922653242527
114,583.9889774571686,346.5057928338762,546.9341662759243,326.08980586319217,564.9085749323715,336.0204586319218
115,585.0094414296254,348.16267337873853,544.6548890892697,329.23508439443293,563.6226025084023,338.1507183891028
116,584.7981296827609,347.9935149541013,544.9559131076319,328.4754598756292,563.9908530207395,337.8172519988155
117,584.9082690712354,348.0589055374593,542.5946546438233,329.33918697068407,563.5877165013526,338.6399921824105
118,584.670035248791,347.52177317145396,542.8649561439463,328.4982303819959,563.8851604229856,338.08401658276574
119,584.9364544634806,345.5002084690554,543.3061915238954,328.970603257329,564.866285302074,337.552135504886
120,586.8860710550045,342.1828143322476,543.7817190261499,326.0146749185668,565.4792079350767,334.17212247557
121,589.5420621362408,338.24993426117857,543.0282429707354,322.96275866153394,566.5845344700386,330.7316162274208
122,588.9624642019838,336.57157524429965,541.372433543733,321.1226970684039,564.8662622182146,328.78450553745927
123,587.5103362570703,336.6802191294048,541.2910986146405,320.51629375185075,564.418345110255,328.6332223867338
124,588.7053330928765,336.7469081433225,542.5665154192967,319.4264521172638,566.6133641118124,328.47675830618897
125,588.0770974670055,334.14426058631926,542.7912871546848,318.4325578916198,564.9882855971802,326.1460775836541
126,584.9681486023444,332.4812482084691,543.0208750225429,315.88004169381105,563.6229193868351,324.0571778501629
127,583.6293309287647,331.75640627776136,541.5985126649725,316.31306721942553,562.2456922698583,323.91596446550193
128,585.0174788097386,334.166751791531,541.0378330027052,314.999742019544,562.7493799819658,324.48303322475573
129,584.4314950405771,333.35537340835066,540.6442888761375,315.29152857565884,561.7429572915813,324.015212318626
130,582.6539686203787,330.26247557003256,540.6820645626691,313.5145719869707,561.407376735798,321.8026397394137
131,581.3158035904582,326.0615196920343,541.9219280268875,310.74017767249035,560.8911838675301,318.1397607343796
132,580.6991119927864,322.9907570032574,546.7510189359784,314.10504234527696,563.0170834986475,318.3421133550488
133,579.6283524879088,318.48790642582173,546.1519193376507,316.0316659757181,563.2527466185754,317.2955463429079
134,580.7096844003607,318.24907622149834,547.0891743913436,314.03348794788275,564.1089962128043,316.17707100977196
135,581.9802724813511,318.9628782943441,548.47981113206,314.55791530944623,565.587070415608,316.8156920343501
136,584.1122452660054,321.2909003257329,549.4491065825068,318.463809771987,564.98957619477,319.76998827361564
137,586.1410625789,333.45458501628667,550.8932559062218,319.84871921824106,568.6738986474302,326.73398306188926
138,585.0623034674974,332.69332306781166,550.7469294204443,321.1132839798638,567.6156275104518,326.81788214391474
139,584.3729082055906,331.18932899022803,550.4318095581606,320.9652820846906,567.3847574391343,326.07906449511404
140,584.4010348389212,331.0406810778798,549.478891056644,321.2580621853716,567.3626389048284,326.2778821439148
141,583.1874533978195,329.929680781759,547.1237078449054,319.2214770506367,564.8681970653332,324.50481018655614
142,580.1355195671778,327.0274241042345,546.4710117222724,318.3385719869707,567.1945464382327,323.68498241042346
143,575.271851135339,320.1860894284868,538.8398970407411,317.1621747112822,559.0307612099353,318.8847805744744
144,574.6900371505861,320.01515179153097,534.0759256988279,320.0759648208469,555.1288209197476,320.05273485342013
145,576.4617464382327,323.3987179153094,533.5951350766456,313.0923048859935,555.0037756537422,318.2777589576547
146,577.0458142470694,329.0854344092389,536.3086364456103,314.27813443885105,557.7739604885647,322.08926029019847
147,577.1979137962129,327.9220534201954,537.9487509467989,313.58258501628666,557.7970380522994,320.84717394136806
148,577.0266126731699,325.68091323660053,538.49729059759,314.0894462540717,558.042918927781,319.95020787681375
149,574.0470530371342,319.82822149837136,535.9067569472908,316.5001350310927,558.0781532912534,318.46022149837137
150,566.0814889089271,315.10705016286647,533.8593413886384,304.08497589576547,551.3229965734896,310.0344039087948
151,566.3668054102795,317.0717237785017,527.9312562669072,294.7698527687296,549.4773150586113,307.30570944625407
152,566.4628720386918,320.82374888954695,521.4396616116077,294.4461320698845,546.7506726780883,309.289218833284
153,566.5394034265105,324.12873224755697,524.507573669973,301.28648599348537,546.9341893597837,313.48237133550487
154,577.2715743913435,332.6315143618596,526.6670959914746,315.3354598756293,552.1126334945487,324.06563577139474
155,575.3311220919747,334.1237863192182,531.8269807033363,315.6116716612378,553.7674964833184,324.86238175895767
156,571.6230694319206,333.85634586911465,535.6185549635217,317.7461379923009,551.696379047463,324.92449748297304
157,573.0592201983769,331.06587361563516,536.6437395852118,316.7084755700326,554.9350896302976,323.93012247557004
158,573.3092761045988,324.83015765472317,537.0364768259694,307.6420925081434,555.690658972047,316.4955596091205
159,571.7719288466269,320.7912135031093,535.6537473563407,304.98678708913235,554.6967141568982,313.3281800414569
160,570.0018207394049,320.5143557003257,531.7705637511272,308.2969641693811,552.9925482416593,315.05696677524435
161,569.3863903598657,319.74528397986376,525.44387179277,306.7598164050933,548.1163977375195,313.49734912644357
162,570.2624836789902,317.6800885993485,523.9756984670876,305.84922214983715,547.4132256086565,311.8505511400651
163,571.8039944257727,316.45623571217055,525.8473251905893,306.517421379923,548.8336657103041,311.50309623926563
164,572.4604133453562,317.8232442996743,528.3927026149686,306.40385667752446,550.861561767358,312.23705276872965
165,572.8990927125174,317.28417175007405,529.6386497253874,308.12293396505777,551.6483226493975,312.80278472016585
166,573.3427361587017,316.8516195439739,530.0816447249774,309.4672104234528,551.9887119927863,313.2139661237785
167,573.2897555537339,317.39965531536865,528.4730722190344,306.4865596683447,551.2960734486434,312.0512620669233
168,573.7742081154192,317.7123127035831,525.965804147881,302.0737954397394,550.097232100992,309.989667752443
169,573.7844846298877,318.1251347349719,525.2229487662923,301.7432585134735,551.1231753422412,310.50431744151615
170,573.2599920649234,317.76956091205216,526.2934102795311,301.5656208469055,552.0344757439135,310.4620299674267
171,573.2247660955817,318.3457250814333,526.8252623985574,302.5390045602606,550.8580530207395,310.7411648208469
172,573.7780841052546,317.3573870299082,528.218509713911,302.9014095350903,550.9918911386179,310.1367059520284
173,572.4796275104517,316.40904234527693,526.950481842774,302.62323837725796,549.9015879990163,309.59180219129405
174,572.5097204688909,319.84515439739414,529.3789489630298,300.40256286644956,551.0271076645627,310.145335504886
175,570.1821119763915,323.4019437370447,537.6647187474383,308.955784424045,554.7383700303304,316.6432715427895
176,576.9777976555456,332.0285159609121,533.9421085662759,316.91964429967425,554.5370892696124,324.1841980456026
177,574.2391747520289,338.44853550488597,529.8667801623084,316.46692377850167,553.5226575293058,328.2065706840391
178,576.0531558324453,337.7635664791235,531.479849823756,312.14562748001185,553.4222857611279,324.748836245188
179,575.6181583408477,336.51965081433224,535.9780241659153,311.57494592833876,555.2063480613166,323.7011296416938
180,577.5165256168539,334.4436138584543,539.9141988687597,312.2285649985194,559.0147703910156,323.46865620373114
181,580.4631141568982,326.50317263843647,543.5228220018035,311.70378371335505,563.290050135257,319.635803257329
182,580.209503336339,327.4675856677525,543.5105067628496,313.62552703583066,562.604944274121,320.8328208469055
183,583.3347703910157,327.65237429671305,544.9991533732274,307.9878886585727,564.5384021641119,318.06007462244594
184,583.90970748422,325.95564429967425,542.7567264201984,311.20995048859936,562.3918571686205,318.2598058631922
185,585.5858349045004,319.17108557891623,538.2122573981475,304.65167900503405,561.0833360111485,311.67389635771394
186,586.7187592425608,318.0146892508144,538.4524292155096,302.51033355048855,562.5609579801624,310.27056156351796
187,586.5144670874663,317.9901320698845,534.874069022051,303.52767308261775,560.6142090335273,310.75809771986974
188,584.2407992786294,320.4338423452769,536.3742701532914,302.4495439739414,559.8328959422904,311.27975765472314
189,583.9175538978606,322.08765057743557,538.9391471432085,303.2267527391176,561.230632019018,312.61083446846317
190,582.004134896303,323.02476351791535,539.3312432822363,302.3028117263844,562.0660862037872,313.3517628664495
191,584.5147228461349,322.65697719869706,534.9653447003853,301.674904352976,560.4316891548488,312.48070358306194
192,583.811081695221,322.4593055374593,535.729676465284,298.70093550488605,559.7818229035167,310.60515048859935
193,581.9258155586523,322.1770802487415,535.5961531273056,296.73807521468757,558.8610528731864,309.53324489191584
194,582.0006146077548,321.89570032573295,536.2369096483319,297.5432364820847,558.7480353471597,309.53698241042343
195,583.2178926141487,319.69322949363345,536.4287144847938,298.41837015102163,558.4688056398065,308.4726680485638
196,583.4804820067219,314.52702161681964,535.101403065825,298.7241835949067,557.349679154029,306.01480722534797
197,580.776581424707,313.5092130293159,532.3077482416593,293.0950319218241,555.91783877367,303.0579087947883
198,579.992872858431,311.3745889250814,531.679001623084,293.5853120521173,555.5427029756538,302.40120781758964
199,580.3520209853268,313.45508084098316,532.3251807525207,293.39045898726675,554.895245839823,302.8346864080545
200,585.4524595130749,313.51637785016294,532.6617392245266,293.1254384364821,558.3940443642922,303.07936807817583
201,585.942889745061,314.3643340242819,533.2810413968358,292.5787586615339,559.3813945405361,303.3959111637548
202,586.6430441839497,314.5810045602606,534.1534412984671,293.1773628664496,559.8874661857529,303.69487426710094
203,587.0492151815723,316.59932958246964,533.9502739568818,294.06876636067517,560.0778660545948,305.17383358010073
204,587.5148061316502,314.0764416938111,534.1305421100091,294.33862671009774,561.3070081154193,304.4034527687296
205,589.021720468891,311.6478318033758,534.26888367899,294.30460527095056,562.0215270104108,303.11611963281024
206,590.1847083859334,310.6982462540717,536.2192735798018,293.68551400651467,563.0346964833184,302.15427361563513
207,590.7540591851791,311.65762866449506,536.5039468808919,293.0016973645248,564.9930807443233,302.8217021024578
208,589.6810301172227,312.3121954397394,536.8533179440939,294.1990592833876,565.0740977457169,303.8952781758958
209,588.8055611115666,313.41276991412496,538.9247512091156,291.22863606751554,565.8784831543569,303.2185975718093
210,587.9022571686204,313.79373029315957,542.7901518485122,286.8217446254072,566.3245273219117,300.9053550488599
211,587.9137686695631,313.2809866745632,546.5089217148947,289.5434373704471,567.7372899417986,301.748140953509
212,587.9920764652841,312.80065798045604,548.6407444544635,294.37980977198697,567.6401110910731,303.28870749185666
213,590.3953989671285,312.6758732602902,549.9831894417576,295.0918933965058,569.2198717927699,303.4739875629257
214,591.4950290351669,313.37143973941374,549.5600591523896,296.322942019544,569.2163347159603,304.32471009771984
215,591.0952165915239,313.63985667752445,545.5164133453562,294.53544234527686,568.1420580703336,304.0330749185668
216,593.0083659316339,312.3896108972461,546.957231248463,295.171643470536,569.871497663743,303.7553888066331
217,593.7721940486927,311.10797785016285,547.3868176735798,294.22053029315964,569.1740797114518,302.15965602605866
218,595.3106346421837,309.2550843944329,549.1330633658497,293.63769381107494,571.1122970735306,301.08120817293457
219,595.2392425608656,308.6333589576547,549.5213128944996,293.2936534201955,572.0007444544635,300.85347752443
220,594.8399337650627,308.27095291679007,551.0495378309698,292.9317334912644,572.9247157963769,300.6078779982233
221,595.9260797114517,308.5725107491857,551.3494160504961,293.0628312703583,572.4498409377818,300.41868664495115
222,597.4976939093369,309.53484394432934,551.220830559882,291.72639976310336,573.1024090499221,300.1572756884809
223,599.628680383638,309.1379378146284,552.0309900811543,292.76908854012436,575.3903342896959,300.82258809594316
224,600.6935314697927,307.2448612377851,553.5490885482417,293.42067361563517,576.729461496844,300.2361654723127
225,602.5445107303879,306.8816247557004,555.7434748422003,295.583980456026,578.2211404869252,301.0163100977199
226,604.6848010492663,308.1815019247853,556.7556580047545,294.65108794788273,580.377612591196,301.3316944033166
227,604.8621994589721,308.0214175895766,557.185904418395,293.2059752442997,581.1658214607755,300.6673915309446
228,605.0242250676285,306.86912442996737,557.8269201082056,291.27711400651464,580.7959834084761,298.87988013029315
229,603.949894909419,305.6602013621558,558.5872783015002,290.2445472312704,580.750679236003,297.7840153982825
230,604.9281668333471,306.3205886881848,560.9952710877942,291.10989043529764,583.0465788999098,298.7583286941072
231,607.4845697385032,306.7259921824104,564.3661273219117,290.83874657980454,586.394673399459,298.95862280130297
232,609.1469467333387,306.96475096239266,566.2467126813674,292.76256440627776,587.8833609312239,299.9360627776133
233,610.8730402164113,306.47904625407165,568.1156385933274,292.4634019543974,589.3428631199279,299.4291791530945
234,612.0688701696861,306.7077619188629,569.5432766620216,290.9976476162274,590.7556540700059,298.83967782055083
235,613.9515475563571,306.3538084690554,569.4417601442742,292.61732247557,591.0600021641118,299.3039648208469
236,612.0544532502664,307.3388652650281,569.72900729568,291.6906023097424,591.0454089679481,299.59117915309446
237,607.4775291614067,305.39652508143325,568.5664663660956,289.24448599348534,591.6183083859332,298.81187882736157
238,608.8027191737028,307.3226295528576,561.363511107468,287.5589493633403,586.3975578326092,298.0165922416346
239,609.4095212263302,307.98921693811076,561.8054117222724,287.7396625407166,586.5003859332733,298.2482618892508
240,610.198836232478,307.36327746520584,564.8505903762604,286.6024814924489,587.4094283137962,296.9462931596091
241,610.1051764111812,306.0048664495114,565.0494441839495,286.1489785016287,586.9195311091073,295.804061237785
242,609.4783658988442,307.43650340538943,565.0779349126979,286.39751495410127,587.3502182146078,296.95927746520584
243,609.7071541208296,308.3739361563518,566.0885179440938,287.9508195439739,588.6454766456267,298.53096156351796
244,612.03684761046,308.552343500148,566.9031651774736,288.7643044122002,590.3089394212641,299.0316280722535
245,614.1230199196656,308.565359786793,568.7507762931389,286.0461818181818,590.7524433150259,296.9690423452769
246,616.4294972479712,309.7284156351792,568.7109251577998,284.7121563517915,591.5108414788099,296.67005472312707
247,619.5505903106813,310.2831151909979,568.4337824411838,286.27388688184783,593.1091689482745,297.871846017175
248,619.0131142290353,310.1256469055375,568.6193168620379,286.16684951140064,593.4340385933274,297.97271530944624
249,620.6825356832528,309.61617175007405,568.614654971719,286.65781936630145,594.4444652840397,298.05890316849275
250,621.9295982687107,310.0451570032574,568.9873774571686,286.84502149837135,595.6390203787197,298.5363205211726
251,623.0649022378884,311.21681255552267,568.6482944503649,288.25677583654135,596.0759485203705,299.8433283979864
252,622.4484960406592,311.9666935149541,569.626556930896,288.0436967722831,594.4620719731125,299.2935421972165
253,623.9337954914337,313.15851205211726,571.0162524797115,285.708793485342,594.9909294860234,298.17126644951145
254,625.6698160832855,311.9146070476755,572.4459985244692,284.7383808113711,597.1550664808591,297.36594847497776
255,624.0500319567178,312.3049954397394,573.0310117222723,284.64415504886,597.836973128945,298.10510618892505
256,623.9470823510123,312.4839549896358,572.9583447823593,286.338978975422,597.8563226493975,299.1227420787681
257,623.4512401082056,312.7774045602606,575.5195094679891,286.6607413680782,598.4656504959423,299.1768977198697
258,624.2160628248217,313.21108676339946,578.7989809000738,288.71385963873263,599.8848482662514,300.0857021024578
259,623.8157977276826,311.81294462540717,581.3049478809739,292.05547622149834,601.9562878268711,301.6461342019544
260,623.1993898516271,310.94840627776136,581.5143772440365,291.59625821735267,603.1413932289531,301.6407699141249
261,623.534013056808,311.47658501628666,583.3901475202886,290.87271791530947,604.457135437331,301.68728208469054
262,624.1592220739406,312.08314397394133,585.6127653742111,293.53878175895767,604.7653511271417,302.7591087947883
263,620.932299263874,307.8610411607936,586.4151855070088,292.6193959135327,603.5544683990493,300.19958661533906
264,620.0152180342651,302.8109863192182,588.3760072137061,292.1574605863192,604.4413229936881,297.56474267100975
265,619.5137673579802,303.60901154871186,589.1337611279613,293.07812140953513,604.3005597180097,298.3370530056263
266,619.2896207754734,304.65754006514663,588.2755924256086,294.72331074918566,604.0045532912535,299.76198566775247
267,620.3303064185588,306.1677192774652,588.3444715140586,295.84666745632217,604.5935358635954,301.0974438851051
268,620.6210562308386,305.4788208469055,588.057219116321,297.27843127035834,605.0207047790803,301.54950879478827
269,622.2835870481188,306.1189055374593,587.8817450610705,297.7856251110453,605.5542021477171,302.06693870299085
270,622.996058824494,307.0981332543678,587.9313963439625,299.5749434409239,606.1593738503155,303.480479715724
271,622.4244850495943,307.42380586319223,588.0536988277728,300.8338006514658,606.1742606311993,304.3157863192182
272,623.4683692761702,308.25468522357124,588.9336450528732,302.89979982232757,607.0271538322814,305.70084927450404
273,623.7136470333635,309.26319478827367,588.9853518485122,301.89309185667753,606.7536908926961,305.6631361563518
274,623.8910452332159,310.49133313591943,592.2126233297812,300.7266129700918,608.5033204688909,305.75615516730824
275,625.7900551848512,310.4030110749186,592.7277994589721,300.87854853420197,609.3126532732191,305.65776547231275
276,625.653806377572,310.97282913828843,596.2905129928683,299.81732780574475,611.0041680793508,305.4015493041161
277,629.3141260234447,308.848080781759,597.9831285843103,298.6562110749186,613.8828592245266,303.8344651465798
278,632.042007377654,309.21928694107197,598.6696614476597,298.21993840686997,616.7103218296581,304.1669315960912
279,633.3559805229937,309.2882540716613,598.3318218214608,302.90042345276873,616.2111125121731,306.1641224755701
280,632.9450059840971,310.4164868226236,597.7730843511763,303.6122736156352,615.2181391917371,306.99404560260587
281,632.8716811541931,310.3117211726384,596.5248981064021,303.9096312703583,614.9430801082057,307.1589889250814
282,633.5373902778917,309.085883328398,597.1886849741783,303.6545738821439,615.8073305680794,306.4442061000889
283,633.3894521190263,307.65642214983717,596.9475635707845,305.9744833876221,614.622549179441,306.80827622149843
284,633.5673363390442,307.343280781759,597.2381547339946,306.84943583061886,614.4059290892696,307.0910110749186
285,634.9959544224936,306.4084299674267,596.0135171735388,308.3050980159905,615.4743091728831,307.35679597275686
286,634.9318967128453,308.0757619188629,596.2104120009839,309.4633023393544,615.97543877367,308.7670749185668
287,634.7966095581605,307.06235179153094,596.5046131650136,309.1334657980456,615.6836472497747,308.10013680781765
