0,0.0,0.0,0.0,0.0,0.5130387131984417,0.5226839459859408
1,0.0,0.0,0.0,0.0,0.5128416220347086,0.5193042159080505
2,0.0,0.0,0.0,0.0,0.5113537907600403,0.5331787765026093
3,0.0,0.0,0.0,0.0,0.5114166885614395,0.523833841085434
4,0.0,0.0,0.0,0.0,0.5092038512229919,0.5339072048664093
5,0.0,0.0,0.0,0.0,0.5033142367998759,0.5256149172782898
6,0.0,0.0,0.0,0.0,0.5069854259490967,0.5246301144361496
7,0.0,0.0,0.0,0.0,0.5087112039327621,0.5242462307214737
8,0.0,0.0,0.0,0.0,0.5061983019113541,0.5102625638246536
9,0.0,0.0,0.0,0.0,0.5051055997610092,0.5097528100013733
10,0.0,0.0,0.0,0.0,0.5068170030911764,0.5028454760710398
11,0.0,0.0,0.0,0.0,0.49952922761440277,0.5060525983572006
12,0.0,0.0,0.0,0.0,0.5003688782453537,0.5151954144239426
13,0.0,0.0,0.0,0.0,0.5077229738235474,0.5186195572217306
14,0.0,0.0,0.0,0.0,0.5097521096467972,0.5208853632211685
15,0.0,0.0,0.0,0.0,0.5072120875120163,0.5077978223562241
16,0.0,0.0,0.0,0.0,0.5038497522473335,0.5136875808238983
17,0.0,0.0,0.0,0.0,0.5005274415016174,0.5053461988766988
18,0.0,0.0,0.0,0.0,0.5022026598453522,0.5159527659416199
19,0.0,0.0,0.0,0.0,0.5078362822532654,0.5231355279684067
20,0.0,0.0,0.0,0.0,0.5090660601854324,0.525361180305481
21,0.0,0.0,0.0,0.0,0.5035601109266281,0.5071762874722481
22,0.0,0.0,0.0,0.0,0.5030402938524882,0.5040060679117838
23,0.0,0.0,0.0,0.0,0.5044309794902802,0.5115905255079269
24,0.0,0.0,0.0,0.0,0.4994780197739601,0.49062953889369965
25,0.0,0.0,0.0,0.0,0.5021683052182198,0.5046319514513016
26,0.0,0.0,0.0,0.0,0.502475361029307,0.49221758047739667
27,0.0,0.0,0.0,0.0,0.503229022026062,0.50173769146204
28,0.0,0.0,0.0,0.0,0.5044234991073608,0.5099689364433289
29,0.0,0.0,0.0,0.0,0.5082508325576782,0.513878658413887
30,0.0,0.0,0.0,0.0,0.5004004736741384,0.49988144636154175
31,0.0,0.0,0.0,0.0,0.5067521035671234,0.4996747747063637
32,0.0,0.0,0.0,0.0,0.49869904667139053,0.49688582867383957
33,0.0,0.0,0.0,0.0,0.499555803835392,0.4949994832277298
34,0.0,0.0,0.0,0.0,0.499107966820399,0.5026667614777883
35,0.0,0.0,0.0,0.0,0.5017211139202118,0.4944981038570404
36,0.0,0.0,0.0,0.0,0.49707984924316406,0.5007322952151299
37,0.0,0.0,0.0,0.0,0.5014733523130417,0.5084415152668953
38,0.0,0.0,0.0,0.0,0.49958735704421997,0.5048021773497263
39,0.0,0.0,0.0,0.0,0.49879518151283264,0.4980797991156578
40,0.0,0.0,0.0,0.0,0.4989149868488312,0.49446336925029755
41,0.0,0.0,0.0,0.0,0.49788159132003784,0.485030397772789
42,0.0,0.0,0.0,0.0,0.4953240652879079,0.4755767186482747
43,0.0,0.0,0.0,0.0,0.4977682903409004,0.4894257187843323
44,0.0,0.0,0.0,0.0,0.5022342801094055,0.4922652691602707
45,0.0,0.0,0.0,0.0,0.5039187073707581,0.4950273036956787
46,0.0,0.0,0.0,0.0,0.5016459027926127,0.5181199510892233
47,0.0,0.0,0.0,0.0,0.5012406557798386,0.5091461688280106
48,0.0,0.0,0.0,0.0,0.5031187236309052,0.5058142095804214
49,0.0,0.0,0.0,0.0,0.5022461414337158,0.49935321509838104
50,0.0,0.0,0.0,0.0,0.4974619348843892,0.4845537543296814
51,0.0,0.0,0.0,0.0,0.503601610660553,0.5008123219013214
52,0.0,0.0,0.0,0.0,0.5028307139873505,0.49810533970594406
53,0.0,0.0,0.0,0.0,0.502201221883297,0.501302033662796
54,0.0,0.0,0.0,0.0,0.5020963624119759,0.5167183130979538
55,0.0,0.0,0.0,0.0,0.5050043861071268,0.5123130679130554
56,0.0,0.0,0.0,0.0,0.5048879683017731,0.5208240449428558
57,0.0,0.0,0.0,0.0,0.5025367513298988,0.506884977221489
58,0.0,0.0,0.0,0.0,0.5011503001054128,0.502201646566391
59,0.0,0.0,0.0,0.0,0.5017044171690941,0.506688803434372
60,0.0,0.0,0.0,0.0,0.5003423318266869,0.5066167861223221
61,0.0,0.0,0.0,0.0,0.5072433948516846,0.49955952167510986
62,0.0,0.0,0.0,0.0,0.5030224323272705,0.511273980140686
63,0.0,0.0,0.0,0.0,0.5050487319628397,0.5172166426976522
64,0.0,0.0,0.0,0.0,0.5044159293174744,0.5140237212181091
65,0.0,0.0,0.0,0.0,0.5067654401063919,0.5133859366178513
66,0.0,0.0,0.0,0.0,0.5056250989437103,0.5186601728200912
67,0.0,0.0,0.0,0.0,0.5052603681882223,0.5248205065727234
68,0.0,0.0,0.0,0.0,0.5066450983285904,0.5203677862882614
69,0.0,0.0,0.0,0.0,0.5096755772829056,0.5215401500463486
70,0.0,0.0,0.0,0.0,0.5100625306367874,0.512665331363678
71,0.0,0.0,0.0,0.0,0.5141889303922653,0.5158210545778275
72,0.0,0.0,0.0,0.0,0.506015400091807,0.5248081882794698
73,0.0,0.0,0.0,0.0,0.5019955039024353,0.5102164298295975
74,0.0,0.0,0.0,0.0,0.5008867010474205,0.49588701128959656
75,0.0,0.0,0.0,0.0,0.5022481580575308,0.4948527316252391
76,0.0,0.0,0.0,0.0,0.5058155208826065,0.5068257451057434
77,0.0,0.0,0.0,0.0,0.5086815059185028,0.5283003598451614
78,0.0,0.0,0.0,0.0,0.5020444244146347,0.4988427683711052
79,0.0,0.0,0.0,0.0,0.5053413112958273,0.5125223795572916
80,0.0,0.0,0.0,0.0,0.5055650323629379,0.5037856847047806
81,0.0,0.0,0.0,0.0,0.5067594647407532,0.5183093398809433
82,0.0,0.0,0.0,0.0,0.5016117691993713,0.5121089518070221
83,0.0,0.0,0.0,0.0,0.5060219367345175,0.505817691485087
84,0.0,0.0,0.0,0.0,0.5079994797706604,0.5079451352357864
85,0.0,0.0,0.0,0.0,0.509421706199646,0.5060878694057465
86,0.0,0.0,0.0,0.0,0.5053177401423454,0.51634481549263
87,0.0,0.0,0.0,0.0,0.5054721683263779,0.5220215320587158
88,0.0,0.0,0.0,0.0,0.5054607391357422,0.5114447474479675
89,0.0,0.0,0.0,0.0,0.5038646310567856,0.5141817331314087
90,0.0,0.0,0.0,0.0,0.5063552558422089,0.5103489011526108
91,0.0,0.0,0.0,0.0,0.5064371079206467,0.4983186423778534
92,0.0,0.0,0.0,0.0,0.5025316874186198,0.48877541224161786
93,0.0,0.0,0.0,0.0,0.5046778470277786,0.4991210326552391
94,0.0,0.0,0.0,0.0,0.500645324587822,0.4982534870505333
95,0.0,0.0,0.0,0.0,0.49576733261346817,0.5001745671033859
96,0.0,0.0,0.0,0.0,0.3277833163738251,0.3703959882259369
97,0.0,0.0,0.0,0.0,0.24047332629561424,0.29693853855133057
98,0.0,0.0,0.0,0.0,0.23802697286009789,0.2924267277121544
99,0.0,0.0,0.0,0.0,0.24193090572953224,0.2982623726129532
100,0.0,0.0,0.0,0.0,0.2338347832361857,0.2875101864337921
101,0.0,0.0,0.0,0.0,0.234058428555727,0.28718409687280655
102,0.0,0.0,0.0,0.0,0.23494110628962517,0.3129305988550186
103,0.0,0.0,0.0,0.0,0.2391878291964531,0.31004028022289276
104,0.0,0.0,0.0,0.0,0.23791558047135672,0.2984221776326497
105,0.0,0.0,0.0,0.0,0.23788465186953545,0.3009747639298439
106,0.0,0.0,0.0,0.0,0.24014751985669136,0.3065700903534889
107,0.0,0.0,0.0,0.0,0.24439053609967232,0.31034212559461594
108,0.0,0.0,0.0,0.0,0.24692135552565256,0.31669143835703534
109,0.0,0.0,0.0,0.0,0.24568375945091248,0.3059987872838974
110,0.0,0.0,0.0,0.0,0.24421154335141182,0.30223792791366577
111,0.0,0.0,0.0,0.0,0.24103755876421928,0.30061594396829605
112,0.0,0.0,0.0,0.0,0.24192490180333456,0.3047376275062561
113,0.0,0.0,0.0,0.0,0.24477646872401237,0.32011909782886505
114,0.0,0.0,0.0,0.0,0.24642468616366386,0.3089871183037758
115,0.0,0.0,0.0,0.0,0.24400034546852112,0.3206544741988182
116,0.0,0.0,0.0,0.0,0.24713820219039917,0.31628822286923725
117,0.0,0.0,0.0,0.0,0.2450040578842163,0.32105153053998947
118,0.0,0.0,0.0,0.0,0.24502986297011375,0.32095296680927277
119,0.0,0.0,0.0,0.0,0.24292832240462303,0.32107507437467575
120,0.0,0.0,0.0,0.0,0.24175592760245004,0.3160204192002614
121,0.0,0.0,0.0,0.0,0.24247150123119354,0.32058748602867126
122,0.0,0.0,0.0,0.0,0.24199475347995758,0.3091276064515114
123,0.0,0.0,0.0,0.0,0.2412598617374897,0.31675534695386887
124,0.0,0.0,0.0,0.0,0.24558831254641214,0.30852774779001874
125,0.0,0.0,0.0,0.0,0.24605130776762962,0.31677791476249695
126,0.0,0.0,0.0,0.0,0.2469700686633587,0.3086202144622803
127,0.0,0.0,0.0,0.0,0.24569962918758392,0.3009222373366356
128,0.0,0.0,0.0,0.0,0.24353313446044922,0.30492985248565674
129,0.0,0.0,0.0,0.0,0.24233892560005188,0.30393077433109283
130,0.0,0.0,0.0,0.0,0.2426876500248909,0.3077331393957138
131,0.0,0.0,0.0,0.0,0.24203214794397354,0.3084486648440361
132,0.0,0.0,0.0,0.0,0.23838834464550018,0.2982512315114339
133,0.0,0.0,0.0,0.0,0.24240409582853317,0.3108117803931236
134,0.0,0.0,0.0,0.0,0.24683640897274017,0.30538635700941086
135,0.0,0.0,0.0,0.0,0.24118347465991974,0.3101068362593651
136,0.0,0.0,0.0,0.0,0.24233476320902506,0.31545308232307434
137,0.0,0.0,0.0,0.0,0.24833384901285172,0.3097948133945465
138,0.0,0.0,0.0,0.0,0.2422872744500637,0.32243306934833527
139,0.0,0.0,0.0,0.0,0.2414451166987419,0.3194632902741432
140,0.0,0.0,0.0,0.0,0.23830280701319376,0.3124419351418813
141,0.0,0.0,0.0,0.0,0.24029415845870972,0.3252616450190544
142,0.0,0.0,0.0,0.0,0.24136194959282875,0.32241880893707275
143,0.0,0.0,0.0,0.0,0.3243560865521431,0.31762775033712387
144,0.0,0.0,0.0,0.0,0.48660050829251605,0.29552726944287616
145,0.0,0.0,0.0,0.0,0.4900243803858757,0.28647877275943756
146,0.0,0.0,0.0,0.0,0.4940826818346977,0.2796228602528572
147,0.0,0.0,0.0,0.0,0.49863483011722565,0.2871045246720314
148,0.0,0.0,0.0,0.0,0.49864039818445843,0.28726881742477417
149,0.0,0.0,0.0,0.0,0.4996955692768097,0.29399486631155014
150,0.0,0.0,0.0,0.0,0.5022016763687134,0.2906202971935272
151,0.0,0.0,0.0,0.0,0.5069844424724579,0.2902810201048851
152,0.0,0.0,0.0,0.0,0.5046241482098898,0.29062647620836896
153,0.0,0.0,0.0,0.0,0.5072897225618362,0.2968112826347351
154,0.0,0.0,0.0,0.0,0.5054836869239807,0.3024303987622261
155,0.0,0.0,0.0,0.0,0.5017750114202499,0.2976105660200119
156,0.0,0.0,0.0,0.0,0.5032021999359131,0.28883814811706543
157,0.0,0.0,0.0,0.0,0.5028714761137962,0.2874525338411331
158,0.0,0.0,0.0,0.0,0.5021222084760666,0.28581608086824417
159,0.0,0.0,0.0,0.0,0.5002509951591492,0.28521525114774704
160,0.0,0.0,0.0,0.0,0.5033150464296341,0.29833847284317017
161,0.0,0.0,0.0,0.0,0.5042179028193156,0.2860211928685506
162,0.0,0.0,0.0,0.0,0.49949435889720917,0.2951739579439163
163,0.0,0.0,0.0,0.0,0.5086766630411148,0.2877405509352684
164,0.0,0.0,0.0,0.0,0.5036944597959518,0.29041217267513275
165,0.0,0.0,0.0,0.0,0.4988568226496379,0.2829294006029765
166,0.0,0.0,0.0,0.0,0.5016814023256302,0.2852330505847931
167,0.0,0.0,0.0,0.0,0.5030963867902756,0.28943411260843277
168,0.0,0.0,0.0,0.0,0.505745530128479,0.29486484328905743
169,0.0,0.0,0.0,0.0,0.505036011338234,0.2925071343779564
170,0.0,0.0,0.0,0.0,0.5023802518844604,0.29650846123695374
171,0.0,0.0,0.0,0.0,0.5022244602441788,0.28822533041238785
172,0.0,0.0,0.0,0.0,0.5083146393299103,0.29037730395793915
173,0.0,0.0,0.0,0.0,0.5061458547910055,0.2926657299200694
174,0.0,0.0,0.0,0.0,0.49946150928735733,0.29286669194698334
175,0.0,0.0,0.0,0.0,0.5060822516679764,0.3026319593191147
176,0.0,0.0,0.0,0.0,0.5043156743049622,0.3072541654109955
177,0.0,0.0,0.0,0.0,0.5057234942913056,0.30128135681152346
178,0.0,0.0,0.0,0.0,0.5064917504787445,0.2992756888270378
179,0.0,0.0,0.0,0.0,0.5048518925905228,0.2949860692024231
180,0.0,0.0,0.0,0.0,0.5072125395139059,0.28201666474342346
181,0.0,0.0,0.0,0.0,0.509012758731842,0.28662893176078796
182,0.0,0.0,0.0,0.0,0.5110789984464645,0.2880474254488945
183,0.0,0.0,0.0,0.0,0.510601744055748,0.29578468948602676
184,0.0,0.0,0.0,0.0,0.5105721751848856,0.3027983009815216
185,0.0,0.0,0.0,0.0,0.5075950473546982,0.297830231487751
186,0.0,0.0,0.0,0.0,0.5040756464004517,0.2895883098244667
187,0.0,0.0,0.0,0.0,0.5010543316602707,0.2984554395079613
188,0.0,0.0,0.0,0.0,0.5016913016637167,0.3032856384913127
189,0.0,0.0,0.0,0.0,0.5023162066936493,0.2908002808690071
190,0.0,0.0,0.0,0.0,0.5053365528583527,0.2949863374233246
191,0.0,0.0,0.0,0.0,0.5023643970489502,0.285025916993618
192,0.0,0.0,0.0,0.0,0.6042406558990479,0.2663890942931175
193,0.0,0.0,0.0,0.0,0.7593541145324707,0.27189921339352924
194,0.0,0.0,0.0,0.0,0.7615812867879868,0.2666868194937706
195,0.0,0.0,0.0,0.0,0.7638186067342758,0.2804257944226265
196,0.0,0.0,0.0,0.0,0.7623705863952637,0.2728261724114418
197,0.0,0.0,0.0,0.0,0.7631683945655823,0.2661585807800293
198,0.0,0.0,0.0,0.0,0.7652075886726379,0.2654096707701683
199,0.0,0.0,0.0,0.0,0.7662799209356308,0.2776956409215927
200,0.0,0.0,0.0,0.0,0.7655559629201889,0.2857661172747612
201,0.0,0.0,0.0,0.0,0.7678046027819315,0.28626368443171185
202,0.0,0.0,0.0,0.0,0.7656270563602448,0.28520215302705765
203,0.0,0.0,0.0,0.0,0.7657405138015747,0.28167644888162613
204,0.0,0.0,0.0,0.0,0.7677732557058334,0.29334475845098495
205,0.0,0.0,0.0,0.0,0.7668956518173218,0.29578985770543414
206,0.0,0.0,0.0,0.0,0.7678480595350266,0.2905869260430336
207,0.0,0.0,0.0,0.0,0.7665154784917831,0.27996328473091125
208,0.0,0.0,0.0,0.0,0.7675393521785736,0.27870049327611923
209,0.0,0.0,0.0,0.0,0.7738129496574402,0.2825138072172801
210,0.0,0.0,0.0,0.0,0.7719763070344925,0.28546641767024994
211,0.0,0.0,0.0,0.0,0.7734104543924332,0.2826358824968338
212,0.0,0.0,0.0,0.0,0.7716431319713593,0.2911336347460747
213,0.0,0.0,0.0,0.0,0.7667463223139445,0.28779982527097064
214,0.0,0.0,0.0,0.0,0.7691565752029419,0.27735505253076553
215,0.0,0.0,0.0,0.0,0.7737728208303452,0.28006376326084137
216,0.0,0.0,0.0,0.0,0.7694703638553619,0.2783171087503433
217,0.0,0.0,0.0,0.0,0.7655059695243835,0.27687449256579083
218,0.0,0.0,0.0,0.0,0.7695857584476471,0.2858804985880852
219,0.0,0.0,0.0,0.0,0.768982321023941,0.2889460399746895
220,0.0,0.0,0.0,0.0,0.7686190009117126,0.28855428099632263
221,0.0,0.0,0.0,0.0,0.7735205292701721,0.29784342646598816
222,0.0,0.0,0.0,0.0,0.7728952765464783,0.2898903861641884
223,0.0,0.0,0.0,0.0,0.7717811465263367,0.29045795649290085
224,0.0,0.0,0.0,0.0,0.7659655511379242,0.2897406816482544
225,0.0,0.0,0.0,0.0,0.7689457734425863,0.28793084621429443
226,0.0,0.0,0.0,0.0,0.7657590210437775,0.30145806074142456
227,0.0,0.0,0.0,0.0,0.7674108445644379,0.28543444722890854
228,0.0,0.0,0.0,0.0,0.7736023962497711,0.2911050096154213
229,0.0,0.0,0.0,0.0,0.7686266501744589,0.2875324587027232
230,0.0,0.0,0.0,0.0,0.7664256989955902,0.2892306223511696
231,0.0,0.0,0.0,0.0,0.7709060460329056,0.28699032962322235
232,0.0,0.0,0.0,0.0,0.7671837508678436,0.26795240491628647
233,0.0,0.0,0.0,0.0,0.769999106725057,0.2734052936236064
234,0.0,0.0,0.0,0.0,0.7713322937488556,0.2777581810951233
235,0.0,0.0,0.0,0.0,0.7678301483392715,0.2903514504432678
236,0.0,0.0,0.0,0.0,0.772601529955864,0.2835685834288597
237,0.0,0.0,0.0,0.0,0.772740975022316,0.2854059264063835
238,0.0,0.0,0.0,0.0,0.7698700626691183,0.2875251571337382
239,0.0,0.0,0.0,0.0,0.7725794762372971,0.2871588245034218
240,0.0,0.0,0.0,0.0,0.7726273834705353,0.2784535214304924
241,0.0,0.0,0.0,0.0,0.768729493021965,0.29067443311214447
242,0.0,0.0,0.0,0.0,0.774311343828837,0.4297609825929006
243,0.0,0.0,0.0,0.0,0.7748918831348419,0.4909512624144554
244,0.0,0.0,0.0,0.0,0.7697241008281708,0.4875074625015259
245,0.0,0.0,0.0,0.0,0.7733065485954285,0.48199522495269775
246,0.0,0.0,0.0,0.0,0.7703848481178284,0.48914750417073566
247,0.0,0.0,0.0,0.0,0.7743767201900482,0.49024952203035355
248,0.0,0.0,0.0,0.0,0.7738497704267502,0.4912647157907486
249,0.0,0.0,0.0,0.0,0.7689772546291351,0.4850345179438591
250,0.0,0.0,0.0,0.0,0.7722463409105936,0.4808762272198995
251,0.0,0.0,0.0,0.0,0.7737481147050858,0.4858195409178734
252,0.0,0.0,0.0,0.0,0.7725546509027481,0.4994368478655815
253,0.0,0.0,0.0,0.0,0.7696881741285324,0.5047060549259186
254,0.0,0.0,0.0,0.0,0.7754380702972412,0.494109183549881
255,0.0,0.0,0.0,0.0,0.7811352908611298,0.4913122057914734
256,0.0,0.0,0.0,0.0,0.7730109542608261,0.48454682528972626
257,0.0,0.0,0.0,0.0,0.7748872935771942,0.48603327572345734
258,0.0,0.0,0.0,0.0,0.7734241088231405,0.47118104497591656
259,0.0,0.0,0.0,0.0,0.7736832350492477,0.48732348531484604
260,0.0,0.0,0.0,0.0,0.7776743471622467,0.5058102160692215
261,0.0,0.0,0.0,0.0,0.7792448848485947,0.5049517527222633
262,0.0,0.0,0.0,0.0,0.7819578647613525,0.4800250430901845
263,0.0,0.0,0.0,0.0,0.7778400629758835,0.4945182353258133
264,0.0,0.0,0.0,0.0,0.7763593345880508,0.5041622146964073
265,0.0,0.0,0.0,0.0,0.7802532613277435,0.4917481243610382
266,0.0,0.0,0.0,0.0,0.7757965922355652,0.4955360492070516
267,0.0,0.0,0.0,0.0,0.7750796377658844,0.5119580626487732
268,0.0,0.0,0.0,0.0,0.7733370959758759,0.5181936621665955
269,0.0,0.0,0.0,0.0,0.7703487873077393,0.5121053755283356
270,0.0,0.0,0.0,0.0,0.7682822744051615,0.5020221471786499
271,0.0,0.0,0.0,0.0,0.772698163986206,0.49823496490716934
272,0.0,0.0,0.0,0.0,0.7773578763008118,0.5001477152109146
273,0.0,0.0,0.0,0.0,0.7746037095785141,0.5321652591228485
274,0.0,0.0,0.0,0.0,0.7720287839571635,0.5321864088376363
275,0.0,0.0,0.0,0.0,0.7762966603040695,0.5164801627397537
276,0.0,0.0,0.0,0.0,0.7756039947271347,0.5206756144762039
277,0.0,0.0,0.0,0.0,0.7760387808084488,0.48871879279613495
278,0.0,0.0,0.0,0.0,0.7747576634089152,0.4807223876317342
279,0.0,0.0,0.0,0.0,0.7754198908805847,0.49258869886398315
280,0.0,0.0,0.0,0.0,0.7752199620008469,0.4838510751724243
281,0.0,0.0,0.0,0.0,0.7759823352098465,0.4843450263142586
282,0.0,0.0,0.0,0.0,0.7705395966768265,0.495829701423645
283,0.0,0.0,0.0,0.0,0.7737454970677694,0.4859431982040405
284,0.0,0.0,0.0,0.0,0.7752492129802704,0.5023255571722984
285,0.0,0.0,0.0,0.0,0.7746721655130386,0.5119717568159103
286,0.0,0.0,0.0,0.0,0.7759063690900803,0.5004457011818886
287,0.0,0.0,0.0,0.0,0.7776444554328918,0.49149555961290997
288,0.0,0.0,0.0,0.0,0.7759698927402496,0.49315880984067917
289,0.0,0.0,0.0,0.0,0.7774882465600967,0.5006545186042786
290,0.0,0.0,0.0,0.0,0.7772959172725677,0.5134375393390656
291,0.0,0.0,0.0,0.0,0.7775241533915201,0.526108185450236
292,0.0,0.0,0.0,0.0,0.782771959900856,0.646693542599678
293,0.0,0.0,0.0,0.0,0.7781104892492294,0.6736262440681458
294,0.0,0.0,0.0,0.0,0.778657540678978,0.6763677597045898
295,0.0,0.0,0.0,0.0,0.7784786621729533,0.6754481196403503
296,0.0,0.0,0.0,0.0,0.7792349308729172,0.6872902065515518
297,0.0,0.0,0.0,0.0,0.7851675152778625,0.6940013468265533
298,0.0,0.0,0.0,0.0,0.7845575511455536,0.6969746798276901
299,0.0,0.0,0.0,0.0,0.7834596236546835,0.6995332439740499
300,0.0,0.0,0.0,0.0,0.7812934219837189,0.6984413117170334
301,0.0,0.0,0.0,0.0,0.7775415778160095,0.6939730942249298
302,0.0,0.0,0.0,0.0,0.779358297586441,0.6993971914052963
303,0.0,0.0,0.0,0.0,0.7821257511774699,0.7123534878094991
304,0.0,0.0,0.0,0.0,0.7807494103908539,0.7201878577470779
305,0.0,0.0,0.0,0.0,0.7841751575469971,0.7053681164979935
306,0.0,0.0,0.0,0.0,0.7799558490514755,0.70247982442379
307,0.0,0.0,0.0,0.0,0.7835794538259506,0.704179435968399
308,0.0,0.0,0.0,0.0,0.780724306901296,0.6984382271766663
309,0.0,0.0,0.0,0.0,0.7829258143901825,0.7062631696462631
310,0.0,0.0,0.0,0.0,0.7883014231920242,0.7212560474872589
311,0.0,0.0,0.0,0.0,0.7820035368204117,0.724966749548912
312,0.0,0.0,0.0,0.0,0.7834412654240926,0.7269719243049622
313,0.0,0.0,0.0,0.0,0.7866141498088837,0.7116800546646118
314,0.0,0.0,0.0,0.0,0.783070519566536,0.6997103989124298
315,0.0,0.0,0.0,0.0,0.7880082726478577,0.6899800697962443
316,0.0,0.0,0.0,0.0,0.7807472199201584,0.7066229283809662
317,0.0,0.0,0.0,0.0,0.78394415974617,0.7044748812913895
318,0.0,0.0,0.0,0.0,0.783088743686676,0.7243197858333588
319,0.0,0.0,0.0,0.0,0.7857675850391388,0.74054916203022
320,0.0,0.0,0.0,0.0,0.7759815255800883,0.7240076462427775
321,0.0,0.0,0.0,0.0,0.7744271904230118,0.7225210120280584
322,0.0,0.0,0.0,0.0,0.7826802730560303,0.7398472627003988
323,0.0,0.0,0.0,0.0,0.780141144990921,0.731216236948967
324,0.0,0.0,0.0,0.0,0.7870693504810333,0.7198267579078674
325,0.0,0.0,0.0,0.0,0.7851058542728424,0.7196007668972015
326,0.0,0.0,0.0,0.0,0.7806095083554586,0.7129798928896586
327,0.0,0.0,0.0,0.0,0.7781224101781845,0.7197241336107254
328,0.0,0.0,0.0,0.0,0.7862514704465866,0.702028289437294
329,0.0,0.0,0.0,0.0,0.7842180877923965,0.7096145153045654
330,0.0,0.0,0.0,0.0,0.7808626294136047,0.7099154591560364
331,0.0,0.0,0.0,0.0,0.7828839719295502,0.7337236851453781
332,0.0,0.0,0.0,0.0,0.7811562865972519,0.7204964756965637
333,0.0,0.0,0.0,0.0,0.7847539633512497,0.7243125140666962
334,0.0,0.0,0.0,0.0,0.7876315712928772,0.7161387801170349
335,0.0,0.0,0.0,0.0,0.7839597165584564,0.7139561325311661
336,0.0,0.0,0.0,0.0,0.780700072646141,0.7157269418239594
337,0.0,0.0,0.0,0.0,0.7812426835298538,0.7265641093254089
338,0.0,0.0,0.0,0.0,0.778496245543162,0.7281741897265116
339,0.0,0.0,0.0,0.0,0.7580216974020004,0.727217435836792
340,0.0,0.0,0.0,0.0,0.535865917801857,0.7218931913375854
341,0.0,0.0,0.0,0.0,0.5000709965825081,0.7129914313554764
342,0.0,0.0,0.0,0.0,0.5010456144809723,0.7218076785405477
343,0.0,0.0,0.0,0.0,0.4960548058152199,0.7306980788707733
344,0.0,0.0,0.0,0.0,0.5000317320227623,0.7377952635288239
345,0.0,0.0,0.0,0.0,0.5041777491569519,0.7352858483791351
346,0.0,0.0,0.0,0.0,0.5028997212648392,0.7369497120380402
347,0.0,0.0,0.0,0.0,0.5031117995580038,0.7422528068224589
348,0.0,0.0,0.0,0.0,0.5015676021575928,0.7414649575948715
349,0.0,0.0,0.0,0.0,0.4996303841471672,0.7404413670301437
350,0.0,0.0,0.0,0.0,0.5008576139807701,0.732297882437706
351,0.0,0.0,0.0,0.0,0.5041489005088806,0.7098854581514994
352,0.0,0.0,0.0,0.0,0.5060760974884033,0.7264133542776108
353,0.0,0.0,0.0,0.0,0.4978884533047676,0.7276510894298553
354,0.0,0.0,0.0,0.0,0.49886804819107056,0.7275350689888
355,0.0,0.0,0.0,0.0,0.5034592673182487,0.7252480685710907
356,0.0,0.0,0.0,0.0,0.49901343137025833,0.7331583946943283
357,0.0,0.0,0.0,0.0,0.5041271299123764,0.742968887090683
358,0.0,0.0,0.0,0.0,0.5051516517996788,0.7314374446868896
359,0.0,0.0,0.0,0.0,0.49669169386227924,0.7357092102368673
360,0.0,0.0,0.0,0.0,0.49748545140028,0.7291985601186752
361,0.0,0.0,0.0,0.0,0.5057525932788849,0.7154186815023422
362,0.0,0.0,0.0,0.0,0.5034330859780312,0.7356727421283722
363,0.0,0.0,0.0,0.0,0.49761173129081726,0.7384019295374552
364,0.0,0.0,0.0,0.0,0.5015409141778946,0.7367267906665802
365,0.0,0.0,0.0,0.0,0.5103425085544586,0.7353552877902985
366,0.0,0.0,0.0,0.0,0.5027643069624901,0.7401343137025833
367,0.0,0.0,0.0,0.0,0.5025005340576172,0.7363935708999634
368,0.0,0.0,0.0,0.0,0.5057201087474823,0.7266462445259094
369,0.0,0.0,0.0,0.0,0.4997815936803818,0.7300641089677811
370,0.0,0.0,0.0,0.0,0.49576953798532486,0.7324551194906235
371,0.0,0.0,0.0,0.0,0.5004023909568787,0.7231864333152771
372,0.0,0.0,0.0,0.0,0.49949076771736145,0.7265011072158813
373,0.0,0.0,0.0,0.0,0.5018693432211876,0.7304215431213379
374,0.0,0.0,0.0,0.0,0.5020687729120255,0.7297627329826355
375,0.0,0.0,0.0,0.0,0.4969806373119354,0.7351473371187845
376,0.0,0.0,0.0,0.0,0.49536801129579544,0.7571934312582016
377,0.0,0.0,0.0,0.0,0.49852997064590454,0.7601890712976456
378,0.0,0.0,0.0,0.0,0.49768543243408203,0.7673759460449219
379,0.0,0.0,0.0,0.0,0.49969762563705444,0.751252015431722
380,0.0,0.0,0.0,0.0,0.4988744482398033,0.7459053099155426
381,0.0,0.0,0.0,0.0,0.4925781413912773,0.7533569186925888
382,0.0,0.0,0.0,0.0,0.49471015483140945,0.75733283162117
383,0.0,0.0,0.0,0.0,0.4994775354862213,0.7446337342262268
384,0.0,0.0,0.0,0.0,0.4881129711866379,0.7530121058225632
385,0.0,0.0,0.0,0.0,0.485278382897377,0.7379900515079498
386,0.0,0.0,0.0,0.0,0.4791311100125313,0.7352983951568604
387,0.0,0.0,0.0,0.0,0.47801169753074646,0.7456662257512411
388,0.0,0.0,0.0,0.0,0.47027041763067245,0.7522291839122772
389,0.0,0.0,0.0,0.0,0.38330399990081787,0.7367888391017914
390,0.0,0.0,0.0,0.0,0.2365427389740944,0.7258218675851822
391,0.0,0.0,0.0,0.0,0.24482526630163193,0.7234588116407394
392,0.0,0.0,0.0,0.0,0.2380227247873942,0.7272268931070963
393,0.0,0.0,0.0,0.0,0.2452227957546711,0.7269590497016907
394,0.0,0.0,0.0,0.0,0.23817140236496925,0.7273792922496796
395,0.0,0.0,0.0,0.0,0.2271156944334507,0.733913779258728
396,0.0,0.0,0.0,0.0,0.2288515716791153,0.7252577145894369
397,0.0,0.0,0.0,0.0,0.22364623844623566,0.7273987382650375
398,0.0,0.0,0.0,0.0,0.2227826490998268,0.7322529256343842
399,0.0,0.0,0.0,0.0,0.22518568858504295,0.7335791289806366
400,0.0,0.0,0.0,0.0,0.22905618449052176,0.7320793469746908
401,0.0,0.0,0.0,0.0,0.22868138551712036,0.7272432297468185
402,0.0,0.0,0.0,0.0,0.22624970600008965,0.7238317131996155
403,0.0,0.0,0.0,0.0,0.22295324876904488,0.7290836572647095
404,0.0,0.0,0.0,0.0,0.222687358657519,0.7268429597218832
405,0.0,0.0,0.0,0.0,0.22717520222067833,0.7213098555803299
406,0.0,0.0,0.0,0.0,0.22711774334311485,0.7142757773399353
407,0.0,0.0,0.0,0.0,0.23243329301476479,0.7287490516901016
408,0.0,0.0,0.0,0.0,0.2299625724554062,0.7369609475135803
409,0.0,0.0,0.0,0.0,0.22620411589741707,0.7360848039388657
410,0.0,0.0,0.0,0.0,0.22248893976211548,0.7393997758626938
411,0.0,0.0,0.0,0.0,0.22818101570010185,0.7342777848243713
412,0.0,0.0,0.0,0.0,0.22886353234450021,0.7328096826871237
413,0.0,0.0,0.0,0.0,0.23008523508906364,0.7247034907341003
414,0.0,0.0,0.0,0.0,0.2331167869269848,0.725182980298996
415,0.0,0.0,0.0,0.0,0.22973478585481644,0.7399747520685196
416,0.0,0.0,0.0,0.0,0.23725258310635886,0.7394369641939799
417,0.0,0.0,0.0,0.0,0.23167655989527702,0.7388178110122681
418,0.0,0.0,0.0,0.0,0.22556660696864128,0.7419540286064148
419,0.0,0.0,0.0,0.0,0.23115884885191917,0.7225319147109985
420,0.0,0.0,0.0,0.0,0.2320633182922999,0.7230565349260966
421,0.0,0.0,0.0,0.0,0.23194079846143723,0.7414480596780777
422,0.0,0.0,0.0,0.0,0.22914982959628105,0.7391275316476822
423,0.0,0.0,0.0,0.0,0.22707828879356384,0.7286566197872162
424,0.0,0.0,0.0,0.0,0.22639655570189157,0.7183822790781657
425,0.0,0.0,0.0,0.0,0.2355075143277645,0.7151544243097305
426,0.0,0.0,0.0,0.0,0.23380572721362114,0.7090930938720703
427,0.0,0.0,0.0,0.0,0.23362812027335167,0.7250012755393982
428,0.0,0.0,0.0,0.0,0.22985519096255302,0.7010345607995987
429,0.0,0.0,0.0,0.0,0.23049805064996085,0.702211598555247
430,0.0,0.0,0.0,0.0,0.23118585348129272,0.706623762845993
431,0.0,0.0,0.0,0.0,0.23246242105960846,0.6950259804725647
432,0.0,0.0,0.0,0.0,0.23052500560879707,0.6908944845199585
433,0.0,0.0,0.0,0.0,0.23256898919741312,0.6900426348050436
434,0.0,0.0,0.0,0.0,0.23159445077180862,0.7002118080854416
435,0.0,0.0,0.0,0.0,0.23429006338119507,0.6846445947885513
436,0.0,0.0,0.0,0.0,0.23315057530999184,0.6831596046686172
437,0.0,0.0,0.0,0.0,0.236362487077713,0.6841782331466675
438,0.0,0.0,0.0,0.0,0.23036598414182663,0.6707146614789963
439,0.0,0.0,0.0,0.0,0.22967420145869255,0.6692006587982178
440,0.0,0.0,0.0,0.0,0.23340485244989395,0.5380553975701332
441,0.0,0.0,0.0,0.0,0.23648043970266977,0.4809678594271342
442,0.0,0.0,0.0,0.0,0.22961287572979927,0.46732284128665924
443,0.0,0.0,0.0,0.0,0.23165437951683998,0.4658675417304039
444,0.0,0.0,0.0,0.0,0.233319703489542,0.5007143393158913
445,0.0,0.0,0.0,0.0,0.22943001488844553,0.5015725096066793
446,0.0,0.0,0.0,0.0,0.22777285799384117,0.5056414231657982
447,0.0,0.0,0.0,0.0,0.23070744797587395,0.5104156285524368
448,0.0,0.0,0.0,0.0,0.2327067144215107,0.50546495616436
449,0.0,0.0,0.0,0.0,0.2347594847281774,0.5112688938776652
450,0.0,0.0,0.0,0.0,0.23543130978941917,0.5093435347080231
451,0.0,0.0,0.0,0.0,0.2343154437839985,0.5090829730033875
452,0.0,0.0,0.0,0.0,0.23567508533596992,0.5167357474565506
453,0.0,0.0,0.0,0.0,0.2310106505950292,0.5137398640314738
454,0.0,0.0,0.0,0.0,0.23418426513671875,0.5056771486997604
455,0.0,0.0,0.0,0.0,0.23202958330512047,0.5086807012557983
456,0.0,0.0,0.0,0.0,0.240449957549572,0.5094129741191864
457,0.0,0.0,0.0,0.0,0.23384265104929605,0.5047718485196432
458,0.0,0.0,0.0,0.0,0.23223397880792618,0.5018097385764122
459,0.0,0.0,0.0,0.0,0.23694580793380737,0.5077179223299026
460,0.0,0.0,0.0,0.0,0.23424116522073746,0.5040082484483719
461,0.0,0.0,0.0,0.0,0.23188134531180063,0.5169027845064799
462,0.0,0.0,0.0,0.0,0.23340819776058197,0.5173437297344208
463,0.0,0.0,0.0,0.0,0.23121260106563568,0.516106054186821
464,0.0,0.0,0.0,0.0,0.2317093461751938,0.5147198140621185
465,0.0,0.0,0.0,0.0,0.23179936905701956,0.5188151399294535
466,0.0,0.0,0.0,0.0,0.232447050511837,0.513839840888977
467,0.0,0.0,0.0,0.0,0.2354539893567562,0.5073784217238426
468,0.0,0.0,0.0,0.0,0.23473244532942772,0.5203571319580078
469,0.0,0.0,0.0,0.0,0.23122406005859375,0.4995391294360161
470,0.0,0.0,0.0,0.0,0.22687671581904092,0.5081003705660502
471,0.0,0.0,0.0,0.0,0.23010681197047234,0.5093837678432465
472,0.0,0.0,0.0,0.0,0.2324250303208828,0.5062538236379623
473,0.0,0.0,0.0,0.0,0.23205826804041862,0.5163152664899826
474,0.0,0.0,0.0,0.0,0.2316927214463552,0.5113831559816996
475,0.0,0.0,0.0,0.0,0.23267262801527977,0.5076490044593811
476,0.0,0.0,0.0,0.0,0.2339346595108509,0.5073871910572052
477,0.0,0.0,0.0,0.0,0.2349419966340065,0.5156114101409912
478,0.0,0.0,0.0,0.0,0.23582259317239126,0.5083380142847697
479,0.0,0.0,0.0,0.0,0.23777072504162788,0.5129511505365372
480,0.0,0.0,0.0,0.0,0.2322314716875553,0.50384721159935
481,0.0,0.0,0.0,0.0,0.23347065597772598,0.49799104779958725
482,0.0,0.0,0.0,0.0,0.23582537968953451,0.5029575328032175
483,0.0,0.0,0.0,0.0,0.2355591580271721,0.4925665408372879
484,0.0,0.0,0.0,0.0,0.2324090339243412,0.4959871843457222
485,0.0,0.0,0.0,0.0,0.2379274219274521,0.4968802407383919
486,0.0,0.0,0.0,0.0,0.234889085094134,0.4849034249782562
487,0.0,0.0,0.0,0.0,0.24044480174779892,0.480512373149395
488,0.0,0.0,0.0,0.0,0.23674055933952332,0.4722215607762337
489,0.0,0.0,0.0,0.0,0.2365056574344635,0.45246806740760803
490,0.0,0.0,0.0,0.0,0.2421533465385437,0.2863553961118062
491,0.0,0.0,0.0,0.0,0.24224332347512245,0.2648427039384842
492,0.0,0.0,0.0,0.0,0.2409025877714157,0.26968472450971603
493,0.0,0.0,0.0,0.0,0.2405446693301201,0.2797815427184105
494,0.0,0.0,0.0,0.0,0.23677771786848703,0.2904752989610036
495,0.0,0.0,0.0,0.0,0.24016377702355385,0.28820282220840454
496,0.0,0.0,0.0,0.0,0.23824649304151535,0.293533056974411
497,0.0,0.0,0.0,0.0,0.2381056658923626,0.30075355619192123
498,0.0,0.0,0.0,0.0,0.23727484544118246,0.3101481298605601
499,0.0,0.0,0.0,0.0,0.24286167323589325,0.30969101190567017
500,0.0,0.0,0.0,0.0,0.24338029325008392,0.30012982338666916
501,0.0,0.0,0.0,0.0,0.24404067546129227,0.3054261729121208
502,0.0,0.0,0.0,0.0,0.2447207011282444,0.31821830570697784
503,0.0,0.0,0.0,0.0,0.24095618228117624,0.31771480043729144
504,0.0,0.0,0.0,0.0,0.24232752993702888,0.3200158178806305
505,0.0,0.0,0.0,0.0,0.2439115047454834,0.32508520036935806
506,0.0,0.0,0.0,0.0,0.24397210280100504,0.3248860438664754
507,0.0,0.0,0.0,0.0,0.24771513044834137,0.32798316329717636
508,0.0,0.0,0.0,0.0,0.24470235407352448,0.32576585561037064
509,0.0,0.0,0.0,0.0,0.24365102127194405,0.3204721659421921
510,0.0,0.0,0.0,0.0,0.24521615728735924,0.32001418620347977
511,0.0,0.0,0.0,0.0,0.24222736557324728,0.31278981765111286
512,0.0,0.0,0.0,0.0,0.24266348034143448,0.3057505115866661
513,0.0,0.0,0.0,0.0,0.24310994893312454,0.2997428998351097
514,0.0,0.0,0.0,0.0,0.23840760812163353,0.30532918870449066
515,0.0,0.0,0.0,0.0,0.24286853770414987,0.30752761165301007
516,0.0,0.0,0.0,0.0,0.24014515057206154,0.31154827773571014
517,0.0,0.0,0.0,0.0,0.2428167201578617,0.3172493949532509
518,0.0,0.0,0.0,0.0,0.24588683247566223,0.3239186033606529
519,0.0,0.0,0.0,0.0,0.2415753205617269,0.3560669720172882
520,0.0,0.0,0.0,0.0,0.19604584202170372,0.8318587765097618
521,0.0,0.0,0.0,0.0,0.161978080868721,1.166513741016388
522,0.0,0.0,0.0,0.0,0.16491397097706795,1.1728022694587708
523,0.0,0.0,0.0,0.0,0.1698050250609716,1.1807610193888347
524,0.0,0.0,0.0,0.0,0.16436459869146347,1.1980316936969757
525,0.0,0.0,0.0,0.0,0.12777908518910408,1.1814201176166534
526,0.0,0.0,0.0,0.0,0.10437465459108353,1.179141640663147
