0,0.14978,-0.0947876,0.0,0.0,0.14978,-0.0947876
1,0.14978,-0.09478759999999999,0.0,0.0,0.14978,-0.09478759999999999
2,0.14978,-0.09478759999999999,0.0,0.0,0.14978,-0.09478759999999999
3,0.14978,-0.09478759999999999,0.0,0.0,0.14978,-0.09478759999999999
4,0.1534238,-0.09496153999999998,0.0481248,-0.034982400000000004,0.1534238,-0.09496153999999998
5,0.15729369999999998,-0.10856786,0.3307614,0.07882064,0.15729369999999998,-0.10856786
6,0.17724233333333336,-0.09948557777777776,0.21179377777777775,-0.07185537777777778,0.17724233333333336,-0.09948557777777776
7,0.1640579,-0.11370264,0.3071947,0.09647686000000003,0.1640579,-0.11370264
8,0.17819490909090913,-0.10045134545454547,0.21234281818181813,0.08956615454545454,0.17819490909090913,-0.10045134545454547
9,0.15645699999999998,-0.10806933333333332,0.20508482222222224,0.09909041111111111,0.15645699999999998,-0.10806933333333332
10,0.164836,-0.09409794000000002,0.28574379999999994,0.08805383000000003,0.164836,-0.09409794000000002
11,0.164749,-0.09426880000000001,0.25854499999999997,0.06573490000000001,0.164749,-0.09426880000000001
12,0.164749,-0.09426880000000003,0.25854499999999997,0.06573490000000001,0.164749,-0.09426880000000003
13,0.15325899999999998,-0.07384341999999999,0.11002832000000003,0.07726131999999997,0.15325899999999998,-0.07384341999999999
14,0.14913899999999997,-0.0725861,0.12969999999999998,0.0467224,0.14913899999999997,-0.0725861
15,0.14913899999999997,-0.0725861,0.12969999999999998,0.0467224,0.14913899999999997,-0.0725861
16,0.14913899999999997,-0.0725861,0.12969999999999998,0.0467224,0.14913899999999997,-0.0725861
17,0.1459747,-0.08346408999999999,0.17306689999999997,0.06668853000000001,0.1459747,-0.08346408999999999
18,0.13559000000000002,-0.09576419999999998,0.22630300000000003,0.08070370000000002,0.13559000000000002,-0.09576419999999998
19,0.13559000000000002,-0.09576419999999998,0.226303,0.08070370000000002,0.13559000000000002,-0.09576419999999998
20,0.13559000000000002,-0.09576419999999998,0.226303,0.08070370000000002,0.13559000000000002,-0.09576419999999998
21,0.13559000000000002,-0.09576419999999998,0.226303,0.08070370000000002,0.13559000000000002,-0.09576419999999998
22,0.13559000000000002,-0.09576419999999998,0.226303,0.08070370000000002,0.13559000000000002,-0.09576419999999998
23,0.13559000000000002,-0.09576419999999998,0.22630300000000003,0.08070370000000002,0.13559000000000002,-0.09576419999999998
24,0.13559000000000002,-0.09576419999999998,0.226303,0.08070370000000002,0.13559000000000002,-0.09576419999999998
25,0.13559000000000002,-0.09576419999999998,0.226303,0.08070370000000002,0.13559000000000002,-0.09576419999999998
26,0.13559000000000002,-0.09576419999999998,0.22630300000000003,0.08070370000000002,0.13559000000000002,-0.09576419999999998
27,0.13559000000000002,-0.09576419999999998,0.226303,0.08070370000000002,0.13559000000000002,-0.09576419999999998
28,0.13559000000000002,-0.09576419999999998,0.22630300000000003,0.08070370000000002,0.13559000000000002,-0.09576419999999998
29,0.13559000000000002,-0.09576419999999998,0.226303,0.08070370000000002,0.13559000000000002,-0.09576419999999998
30,0.13559000000000002,-0.09576419999999998,0.226303,0.08070370000000002,0.13559000000000002,-0.09576419999999998
31,0.13559000000000002,-0.09576419999999998,0.226303,0.08070370000000002,0.13559000000000002,-0.09576419999999998
32,0.13559000000000002,-0.09576419999999998,0.226303,0.08070370000000002,0.13559000000000002,-0.09576419999999998
33,0.13559000000000002,-0.09576419999999998,0.226303,0.08070370000000002,0.13559000000000002,-0.09576419999999998
34,0.13559000000000002,-0.09576419999999998,0.226303,0.08070370000000002,0.13559000000000002,-0.09576419999999998
35,0.13559000000000002,-0.09576419999999998,0.22630300000000003,0.08070370000000002,0.13559000000000002,-0.09576419999999998
36,0.13559000000000002,-0.09576419999999998,0.226303,0.08070370000000002,0.13559000000000002,-0.09576419999999998
37,0.13559000000000002,-0.09576419999999998,0.226303,0.08070370000000002,0.13559000000000002,-0.09576419999999998
38,0.13559000000000002,-0.09576419999999998,0.22630300000000003,0.08070370000000002,0.13559000000000002,-0.09576419999999998
39,0.13559000000000002,-0.09576419999999998,0.226303,0.08070370000000002,0.13559000000000002,-0.09576419999999998
40,0.13559000000000002,-0.09576419999999998,0.226303,0.08070370000000002,0.13559000000000002,-0.09576419999999998
41,0.13559000000000002,-0.09576419999999998,0.226303,0.08070370000000002,0.13559000000000002,-0.09576419999999998
42,0.13559000000000002,-0.09576419999999998,0.22630300000000003,0.08070370000000002,0.13559000000000002,-0.09576419999999998
43,0.13559000000000002,-0.09576419999999998,0.226303,0.08070370000000002,0.13559000000000002,-0.09576419999999998
44,0.13559000000000002,-0.09576419999999998,0.226303,0.08070370000000002,0.13559000000000002,-0.09576419999999998
45,0.13559000000000002,-0.09576419999999998,0.226303,0.08070370000000002,0.13559000000000002,-0.09576419999999998
46,0.13559000000000002,-0.09576419999999998,0.226303,0.08070370000000002,0.13559000000000002,-0.09576419999999998
47,0.13559000000000002,-0.09576419999999998,0.226303,0.08070370000000002,0.13559000000000002,-0.09576419999999998
48,0.13559000000000002,-0.09576419999999998,0.22630300000000003,0.08070370000000002,0.13559000000000002,-0.09576419999999998
49,0.13559000000000002,-0.09576419999999998,0.226303,0.08070370000000002,0.13559000000000002,-0.09576419999999998
50,0.13559000000000002,-0.09576419999999998,0.226303,0.08070370000000002,0.13559000000000002,-0.09576419999999998
51,0.13559,-0.09576419999999998,0.226303,0.0807037,0.13559,-0.09576419999999998
52,0.13559000000000002,-0.09576419999999998,0.226303,0.08070370000000002,0.13559000000000002,-0.09576419999999998
53,0.13559000000000002,-0.09576419999999998,0.226303,0.08070370000000002,0.13559000000000002,-0.09576419999999998
54,0.13559000000000002,-0.09576419999999998,0.226303,0.08070370000000002,0.13559000000000002,-0.09576419999999998
55,0.13559000000000002,-0.09576419999999998,0.226303,0.08070370000000002,0.13559000000000002,-0.09576419999999998
56,0.13559000000000002,-0.09576419999999998,0.22630300000000003,0.08070370000000002,0.13559000000000002,-0.09576419999999998
57,0.13559000000000002,-0.09576419999999998,0.226303,0.08070370000000002,0.13559000000000002,-0.09576419999999998
58,0.13559000000000002,-0.09576419999999998,0.226303,0.08070370000000002,0.13559000000000002,-0.09576419999999998
59,0.13559000000000002,-0.09576419999999998,0.226303,0.08070370000000002,0.13559000000000002,-0.09576419999999998
60,0.13559000000000002,-0.09576419999999998,0.22630300000000003,0.08070370000000002,0.13559000000000002,-0.09576419999999998
61,0.13559000000000002,-0.09576419999999998,0.226303,0.08070370000000002,0.13559000000000002,-0.09576419999999998
62,0.13559000000000002,-0.09576419999999998,0.226303,0.08070370000000002,0.13559000000000002,-0.09576419999999998
63,0.13559000000000002,-0.09576419999999998,0.226303,0.08070370000000002,0.13559000000000002,-0.09576419999999998
64,0.13559000000000002,-0.09576419999999998,0.226303,0.08070370000000002,0.13559000000000002,-0.09576419999999998
65,0.10645674545454548,-0.10345179999999998,0.23592445454545458,0.036159209090909104,0.10645674545454548,-0.10345179999999998
66,-0.0246429,-0.13804600000000003,0.27922100000000005,-0.164291,-0.0246429,-0.13804600000000003
67,-0.0246429,-0.13804600000000003,0.27922100000000005,-0.164291,-0.0246429,-0.13804600000000003
68,-0.0246429,-0.13804600000000003,0.27922100000000005,-0.164291,-0.0246429,-0.13804600000000003
69,-0.01911618,-0.14748260000000002,0.27467679999999994,-0.10411982000000002,-0.01911618,-0.14748260000000002
70,-0.0176086,-0.149796,0.28955099999999995,-0.09109500000000001,-0.0176086,-0.149796
71,-0.0176086,-0.149796,0.28955099999999995,-0.09109500000000001,-0.0176086,-0.149796
72,-0.013641335000000001,-0.14222750000000003,0.17523205000000003,-0.14414200000000002,-0.013641335000000001,-0.14222750000000003
73,-0.009674070000000002,-0.13465900000000003,0.06091310000000001,-0.19718900000000003,-0.009674070000000002,-0.13465900000000003
74,-0.009674070000000002,-0.13465900000000003,0.06091310000000001,-0.19718900000000003,-0.009674070000000002,-0.13465900000000003
75,-0.00982666,-0.13269,-0.0966644,-0.21490499999999996,-0.00982666,-0.13269
76,-0.010153214,-0.1311659,-0.036418160000000005,-0.21202239999999994,-0.010153214,-0.1311659
77,-0.0065185519999999995,-0.13457149999999998,-0.015470880000000003,-0.19481030000000002,-0.0065185519999999995,-0.13457149999999998
78,-0.006886292999999999,-0.1332656,-0.06888123,-0.13100430000000002,-0.006886292999999999,-0.1332656
79,-0.00464422,-0.129521,-0.069329,-0.1242731090909091,-0.00464422,-0.129521
80,-0.006777952000000001,-0.12533560000000005,-0.05260623999999999,-0.133139,-0.006777952000000001,-0.12533560000000005
81,-0.007958988000000002,-0.1215484,-0.04823302,-0.11946979999999999,-0.007958988000000002,-0.1215484
82,-0.012634299999999998,-0.11811799999999997,-0.041824299999999995,-0.17602500000000001,-0.012634299999999998,-0.11811799999999997
83,-0.01419678,-0.12322039999999997,-0.08961525999999999,-0.19113780000000002,-0.01419678,-0.12322039999999997
84,-0.011710392727272726,-0.132424,-0.07053169999999999,-0.2080315454545455,-0.011710392727272726,-0.132424
85,-0.0120544,-0.13149999999999998,-0.0627747,-0.20552100000000004,-0.0120544,-0.13149999999999998
86,-0.012054399999999998,-0.13149999999999998,-0.06277469999999999,-0.20552100000000004,-0.012054399999999998,-0.13149999999999998
87,-0.0120544,-0.13149999999999998,-0.0627747,-0.20552100000000004,-0.0120544,-0.13149999999999998
88,-0.012054399999999998,-0.13149999999999998,-0.06277469999999999,-0.205521,-0.012054399999999998,-0.13149999999999998
89,-0.012054399999999998,-0.13149999999999998,-0.06277469999999999,-0.205521,-0.012054399999999998,-0.13149999999999998
90,-0.012054399999999998,-0.13149999999999998,-0.06277469999999999,-0.205521,-0.012054399999999998,-0.13149999999999998
91,-0.012054399999999998,-0.13149999999999998,-0.06277469999999999,-0.20552100000000004,-0.012054399999999998,-0.13149999999999998
92,-0.011477626,-0.1298154,-0.06297,-0.20115080000000002,-0.011477626,-0.1298154
93,-0.009170529999999998,-0.12307700000000002,-0.0637512,-0.18366999999999997,-0.009170529999999998,-0.12307700000000002
94,-0.009170529999999998,-0.12307700000000002,-0.0637512,-0.18367,-0.009170529999999998,-0.12307700000000002
95,-0.009170529999999998,-0.12307700000000002,-0.0637512,-0.18367,-0.009170529999999998,-0.12307700000000002
96,-0.009170529999999998,-0.12307700000000002,-0.0637512,-0.18366999999999997,-0.009170529999999998,-0.12307700000000002
97,-0.009170529999999998,-0.12307700000000002,-0.0637512,-0.18367,-0.009170529999999998,-0.12307700000000002
98,-0.009170529999999998,-0.12307700000000002,-0.0637512,-0.18367,-0.009170529999999998,-0.12307700000000002
99,-0.009170529999999998,-0.12307700000000002,-0.0637512,-0.18367,-0.009170529999999998,-0.12307700000000002
100,-0.009170529999999998,-0.12307700000000002,-0.0637512,-0.18366999999999997,-0.009170529999999998,-0.12307700000000002
101,-0.009170529999999998,-0.12307700000000002,-0.0637512,-0.18367,-0.009170529999999998,-0.12307700000000002
102,-0.009170529999999998,-0.12307700000000002,-0.0637512,-0.18367,-0.009170529999999998,-0.12307700000000002
103,-0.009170529999999998,-0.123077,-0.0637512,-0.18367,-0.009170529999999998,-0.123077
104,-0.009170529999999998,-0.12307700000000002,-0.0637512,-0.18366999999999997,-0.009170529999999998,-0.12307700000000002
105,-0.009170529999999998,-0.12307700000000002,-0.0637512,-0.18367,-0.009170529999999998,-0.12307700000000002
106,-0.009170529999999998,-0.12307700000000002,-0.0637512,-0.18367,-0.009170529999999998,-0.12307700000000002
107,-0.009170529999999998,-0.12307700000000002,-0.0637512,-0.18367,-0.009170529999999998,-0.12307700000000002
108,-0.009170529999999998,-0.12307700000000002,-0.0637512,-0.18367,-0.009170529999999998,-0.12307700000000002
109,-0.009170529999999998,-0.12307700000000002,-0.0637512,-0.18366999999999997,-0.009170529999999998,-0.12307700000000002
110,-0.009170529999999998,-0.12307700000000002,-0.0637512,-0.18367,-0.009170529999999998,-0.12307700000000002
111,-0.009170529999999998,-0.12307700000000002,-0.0637512,-0.18367,-0.009170529999999998,-0.12307700000000002
112,-0.008633421999999998,-0.123013,-0.05437009999999999,-0.1871918,-0.008633421999999998,-0.123013
113,-0.006484990000000001,-0.122757,-0.016845699999999998,-0.20127900000000004,-0.006484990000000001,-0.122757
114,-0.006484990000000001,-0.122757,-0.016845699999999998,-0.201279,-0.006484990000000001,-0.122757
115,-0.006484990000000001,-0.122757,-0.016845699999999998,-0.20127900000000004,-0.006484990000000001,-0.122757
116,-0.006484990000000001,-0.122757,-0.016845699999999998,-0.20127900000000004,-0.006484990000000001,-0.122757
117,-0.006484990000000001,-0.122757,-0.016845699999999998,-0.20127900000000004,-0.006484990000000001,-0.122757
118,-0.006484990000000001,-0.122757,-0.016845699999999998,-0.20127900000000004,-0.006484990000000001,-0.122757
119,-0.006484990000000001,-0.122757,-0.016845699999999998,-0.20127900000000004,-0.006484990000000001,-0.122757
120,-0.006484990000000001,-0.122757,-0.016845699999999998,-0.20127900000000004,-0.006484990000000001,-0.122757
121,0.03272400599999999,-0.08973696000000002,0.07248538,-0.16933299999999998,0.03272400599999999,-0.08973696000000002
122,0.2457732,0.0178893934,0.4912016,0.06168834000000001,0.3718353999999999,0.037240594
123,0.32367579999999996,0.04005128,0.4783938,-0.07635194,0.3870818,-0.004367057999999999
124,0.31972827272727267,0.03831758181818182,0.3727735454545455,-0.11515532727272727,0.31972827272727267,0.03831758181818182
125,0.3239930999999999,0.03436737999999999,0.4762634,-0.09495382000000001,0.3239930999999999,0.03436737999999999
126,0.3241028,0.03143463,0.48065479999999994,-0.040562440000000005,0.3241028,0.03143463
127,0.3400075454545454,0.04249159090909091,0.4813651818181818,-0.06689318181818182,0.3400075454545454,0.04249159090909091
128,0.364929,0.05007930000000001,0.30535900000000005,-0.23924300000000004,0.364929,0.05007930000000001
129,0.3549867,0.04705809,0.33478810000000003,-0.15625490000000003,0.3549867,0.04705809
130,0.35441599999999995,0.04823912,0.3519864000000001,-0.13348414000000003,0.35441599999999995,0.04823912
131,0.3551619090909091,0.0429618,0.3706761818181818,-0.08062465454545456,0.3551619090909091,0.0429618
132,0.34482270000000004,0.04793551000000001,0.3710847999999999,-0.08252106999999999,0.34482270000000004,0.04793551000000001
133,0.34225610000000006,0.05674744,0.3721282,-0.10793604000000001,0.34225610000000006,0.05674744
134,0.3461334000000001,0.06263732,0.368814,-0.13572999999999996,0.3461334000000001,0.06263732
135,0.3463286,0.06605528000000001,0.3740234,-0.1330264,0.3463286,0.06605528000000001
136,0.34630500000000003,0.06778924545454544,0.4220026363636364,-0.15900518181818182,0.34630500000000003,0.06778924545454544
137,0.35222479999999995,0.060305799999999986,0.4361968,-0.08373713999999999,0.35222479999999995,0.060305799999999986
138,0.35408,0.06461180000000002,0.5024872000000001,-0.06883548,0.35408,0.06461180000000002
139,0.37635527272727276,0.08069261818181818,0.5604802727272726,0.004950771272727273,0.37635527272727276,0.08069261818181818
140,0.4471984,0.1290389,0.5794659,0.020536795000000004,0.4471984,0.1290389
141,0.4434297,0.12150109999999999,0.5449984,-0.03778378,0.4434297,0.12150109999999999
142,0.442856,0.120285,0.547211,-0.050674399999999994,0.442856,0.120285
143,0.44285599999999997,0.12028499999999999,0.547211,-0.0506744,0.44285599999999997,0.12028499999999999
144,0.442856,0.120285,0.547211,-0.050674399999999994,0.442856,0.120285
145,0.44285599999999997,0.12028499999999999,0.547211,-0.0506744,0.44285599999999997,0.12028499999999999
146,0.442856,0.120285,0.547211,-0.050674399999999994,0.442856,0.120285
147,0.442856,0.120285,0.547211,-0.050674399999999994,0.442856,0.120285
148,0.442856,0.120285,0.547211,-0.050674399999999994,0.442856,0.120285
149,0.442856,0.120285,0.547211,-0.050674399999999994,0.442856,0.120285
150,0.43797872727272724,0.12165836363636363,0.49712054545454554,-0.06889756363636362,0.43797872727272724,0.12165836363636363
151,0.41489133333333333,0.11074655555555554,0.30810866666666675,-0.17025088888888887,0.41489133333333333,0.11074655555555554
152,0.36901899999999993,0.07101440000000002,0.27803000000000005,-0.20684799999999998,0.36901899999999993,0.07101440000000002
153,0.36901899999999993,0.07101440000000002,0.27803000000000005,-0.20684799999999998,0.36901899999999993,0.07101440000000002
154,0.36901899999999993,0.07101440000000002,0.27803000000000005,-0.20684799999999998,0.36901899999999993,0.07101440000000002
155,0.36901899999999993,0.07101440000000002,0.27803000000000005,-0.20684799999999995,0.36901899999999993,0.07101440000000002
156,0.35953669999999993,0.05782621,0.30622089999999996,-0.17531259999999999,0.35953669999999993,0.05782621
157,0.3539643,0.05331115999999999,0.3095155,-0.139012,0.3539643,0.05331115999999999
158,0.35132749999999996,0.04884187,0.3211884,-0.1519624,0.35132749999999996,0.04884187
159,0.3416276363636364,0.06550879090909091,0.3006814545454546,-0.1621079090909091,0.3416276363636364,0.06550879090909091
160,0.333992,0.06605530000000001,0.307716,-0.1759415,0.333992,0.06605530000000001
161,0.327744,0.0626373,0.32673599999999997,-0.18811,0.327744,0.0626373
162,0.327744,0.0626373,0.32673599999999997,-0.18811,0.327744,0.0626373
163,0.327744,0.0626373,0.32673599999999997,-0.18811,0.327744,0.0626373
164,0.33465860000000003,0.05491332000000001,0.30661590000000005,-0.17391680000000004,0.33465860000000003,0.05491332000000001
165,0.3350614,0.053610210000000005,0.3022189,-0.09999690000000003,0.3350614,0.053610210000000005
166,0.33270263636363634,0.0394204,0.3190641818181819,-0.10178850909090911,0.33270263636363634,0.0394204
167,0.3286713,0.03717495999999999,0.33318030000000004,-0.07764577999999998,0.3286713,0.03717495999999999
168,0.14446165888888893,0.028940833333333336,0.1740502333333333,0.04992682222222222,0.14603671111111113,0.029827544444444447
169,-0.005459874545454545,0.02505493636363636,0.026066154545454544,0.0555739,0.011473211818181818,0.041938090909090904
170,-0.004992674999999999,0.022192409999999996,0.03459012999999999,0.037771629999999994,0.02007295,0.03214875
171,-0.004898069999999999,0.022262599999999997,0.03431699999999999,0.0330353,0.0198517,0.029068
172,-0.0064322781818181825,0.02501194545454545,0.017023254545454537,0.015616699999999996,0.010922536363636364,0.027973527272727273
173,-0.010897812000000002,0.027008069999999995,0.01903689,-0.012791446000000001,-0.006416313000000002,0.02141876
174,-0.01345672,0.02678529,0.030902120000000005,0.045042420000000014,-0.0070861809999999996,0.029713450000000002
175,-0.013447163636363635,0.02735762727272727,0.011826952945454544,-0.0037813905454545456,-0.005896827818181819,0.018683700000000004
176,-0.011109929000000001,0.01844939,0.043360899999999994,-0.0022216801,0.009550469999999998,0.010465996000000002
177,-0.009852605,0.010820004,0.04485473,-0.0023315433000000003,0.0011245729999999996,0.008221434
178,-0.011094547272727273,0.017504618181818185,0.04559605454545455,-0.00856712090909091,-0.004626187272727273,0.014563814545454544
179,-0.014915489999999998,0.02093811,0.04803771,-0.006677247999999999,-0.000521851,0.014746110000000002
180,-0.015736389999999996,0.03102417,0.052388000000000004,-0.009184260000000001,-0.007666016,0.02637179
181,-0.01632551818181818,0.03118758181818182,0.05336968181818181,-0.0028090045454545456,-0.014031127272727277,0.0300501
182,-0.009619143,0.025039690000000003,0.05528717,0.007359312,-0.007644665999999999,0.02452089
183,-0.011993431,0.02445832,0.05051116,0.0036529560000000015,-0.009794630000000002,0.02379303
184,-0.010893255,0.02454529,0.04539491,0.007179247999999999,-0.010194406,0.02433015
185,-0.008776854999999998,0.026377870000000005,0.04102325999999999,0.0017486525999999996,-0.0056808471999999985,0.024572759999999996
186,-0.008456419,0.024913029999999996,0.04062958,-0.001042174,-0.0046890256,0.022885149999999996
187,-0.009234619000000001,0.025898730000000002,0.037200920000000005,-0.0016479510000000004,-0.008503722000000002,0.025465409999999994
188,-0.011101472727272728,0.026429627272727275,0.036009354545454536,-0.0010792125454545454,-0.010002828181818179,0.02577068181818182
189,-0.012329080000000001,0.03609164,0.032192979999999996,-0.0004333498,-0.010249326999999999,0.03434295
190,-0.012184150000000001,0.04498597,0.02651368,0.0013488770000000005,-0.010766587999999999,0.04336549
191,-0.018548550000000004,0.034864839999999994,0.01488495,0.017639199999999997,-0.016265846,0.03376314
192,-0.016334519999999998,0.04201966,0.021176164,-0.00014190499999999962,-0.005332944000000001,0.028836070000000002
193,-0.017813089999999997,0.038749700000000005,0.031158460000000006,-0.005592352300000001,-0.007954413,0.029461669999999995
194,-0.015536491999999999,0.030535879999999998,0.04056854,-0.007351685999999999,-0.0043655386,0.023326109999999994
195,-0.01780853,0.03795625,0.04184876,-0.005035397,-0.0001968376000000001,0.02487334
196,-0.01658021,0.034925849999999994,0.03162536,0.00046386659999999994,-0.005433657,0.026921079999999997
197,-0.014430672727272727,0.03488436363636363,0.030208245454545448,-0.012143238181818183,-0.010399561818181819,0.030993363636363635
198,-0.015759295,0.02469635,0.0272644,-0.010623182999999998,-0.011004652,0.02083284
199,-0.012432863999999998,0.03719788,0.027529909999999998,0.0041229230000000006,-0.007586658999999998,0.03277435000000001
200,-0.010381527272727275,0.03441135454545455,0.03414779090909092,-0.008192581818181817,0.0026342218181818183,0.021931054545454545
201,-0.014042669999999998,0.03817292,0.032231169999999996,-0.003277587400000001,-0.008386236000000002,0.03316192999999999
202,-0.014538550000000003,0.04151611,0.03480836,-0.006477354,-0.011302199999999998,0.03833007000000001
203,-0.01445311,0.04255981999999999,0.03705293999999999,-0.01058197,-0.008631906,0.03652039
204,-0.014064009999999998,0.04192659000000001,0.039527889999999996,-0.010369871999999999,-0.011267089999999999,0.039179979999999996
205,-0.01326599,0.0403427,0.0342163,-0.008274839999999999,-0.010780333000000001,0.03774109
206,-0.01162875,0.039102160000000004,0.028343180000000003,-0.008239749,-0.004679869999999999,0.030934140000000006
207,-0.011129203636363636,0.03564177272727273,0.02680137272727273,-0.009441027272727274,-0.00493691090909091,0.02828285454545455
208,-0.010789484000000002,0.03469849,0.030888339999999997,-0.010641479,0.00021362319999999993,0.02273255
209,-0.012185656,0.03424531,0.029725629999999996,-0.0039337131000000015,-0.0026306170000000005,0.02519682
210,-0.01430969,0.026832569999999993,0.028601090000000006,0.00167999286,-0.01280518,0.02592928
211,-0.014627079999999995,0.03584137,0.02636567,0.010252374,-0.012721223999999998,0.03454132
212,-0.012892281818181816,0.03522143636363636,0.023921618181818184,0.01570268181818182,-0.010901714545454548,0.034128345454545454
213,-0.01296996666666667,0.03713313333333333,0.015758933333333336,0.0036824535999999994,-0.0074022122222222216,0.03020055555555555
214,-0.012072472727272727,0.03880033636363636,0.013762027272727273,0.0014371015454545456,-0.0066528309090909095,0.031041936363636367
215,-0.012541194,0.03632049,0.012853999999999999,0.0014739993999999998,-0.011972053,0.03549348000000001
216,-0.0088348293,0.02294769,0.01536256,0.025883499999999997,-0.007287598000000001,0.023348999999999995
217,-0.0063491829999999996,0.021502689999999998,0.015771479999999997,0.035151669999999996,-0.0004165662000000002,0.025198370000000005
218,-0.008940136000000001,0.02891083,0.013047779999999998,0.03461459,-0.00469055,0.02998961
219,-0.0826470709090909,0.032473463636363636,-0.06294098181818181,0.028527,-0.07798064909090908,0.030623018181818177
220,-0.30676077777777777,0.046381622222222224,-0.29968233333333333,0.03888280666666667,-0.30084555555555553,0.04116651111111111
221,-0.3471830000000001,0.05128480000000001,-0.3539729999999999,0.05703740000000001,-0.3505859999999999,0.05415340000000001
222,-0.3471830000000001,0.05128480000000001,-0.3539729999999999,0.05703740000000001,-0.3505859999999999,0.05415340000000001
223,-0.34909979999999996,-0.0027526890000000013,-0.3414642,0.024713099999999995,-0.341217,0.02440182
224,-0.341367,0.012789919999999996,-0.3543276000000001,0.03999633999999999,-0.3543276000000001,0.04001463999999999
225,-0.4184264000000001,-0.055555700000000006,-0.3687501,0.06635128000000001,-0.3687501,0.06635128000000001
226,-0.3476908181818182,-0.00581915090909091,-0.3407302727272727,0.027055218181818184,-0.3407302727272727,0.027055218181818184
227,-0.36105322222222225,0.017189866666666668,-0.35860200000000003,0.03542412222222222,-0.35860200000000003,0.03542412222222222
228,-0.36135572727272725,0.010238632727272727,-0.3408370909090909,0.05819422727272727,-0.3408370909090909,0.05819422727272727
229,-0.3606264,0.0159363,-0.3582518,0.06015322000000001,-0.35824880000000003,0.060150159999999994
230,-0.3574922,0.017785640000000002,-0.353607,0.058142099999999995,-0.353607,0.058142099999999995
231,-0.3660674,0.0273956154,-0.347522,0.05278626000000001,-0.347522,0.05278626000000001
232,-0.36581110000000006,-0.008992011000000001,-0.34709010000000007,0.056817610000000004,-0.34709010000000007,0.056817610000000004
233,-0.35846390000000006,-0.009024048,-0.34671939999999996,0.055360410000000006,-0.34673289999999996,0.055264289999999994
234,-0.35749800000000004,-0.008941649999999999,-0.346695,0.05546569999999999,-0.3467099999999999,0.055358899999999996
235,-0.35749800000000004,-0.008941649999999999,-0.346695,0.05546569999999999,-0.34670999999999996,0.0553589
236,-0.3426581818181818,-0.00488004090909091,-0.3469613636363636,0.053235136363636366,-0.3469736363636363,0.053147754545454534
237,-0.5007110000000001,-0.050503430000000016,-0.345886,0.03748168,-0.345886,0.03748168
238,-0.3547486,0.0240448,-0.3358123999999999,0.03875732,-0.3358123999999999,0.03875732
239,-0.35305479999999995,0.02187806,-0.3359742,0.0342163,-0.3359742,0.0342163
240,-0.4842835999999999,-0.09007862000000001,-0.33433820000000003,0.03939516,-0.33433820000000003,0.03939516
241,-0.3358824,0.03440246,-0.3383758,0.03617554,-0.3383758,0.03617554
242,-0.36853460000000005,0.013821421000000004,-0.34295050000000005,0.03449861,-0.34295050000000005,0.03449861
243,-0.3642316363636364,-0.007007940000000001,-0.31523418181818186,0.03393691818181818,-0.31523418181818186,0.03393691818181818
244,-0.3140168,0.0504181,-0.36164540000000006,0.030059820000000004,-0.36163940000000006,0.030062860000000004
245,-0.38836511111111105,-0.003233166777777779,-0.3392894444444445,0.026463820000000002,-0.3392894444444445,0.026463820000000002
246,-0.33714290909090905,0.03580545454545454,-0.3290860909090909,0.026078654545454546,-0.3290888181818182,0.02608143636363636
247,-0.37019040000000003,0.0029541008,-0.3694976,0.04181214,-0.3694976,0.04181214
248,-0.3784775,-0.019522106,-0.37700349999999994,0.042488080000000004,-0.37700349999999994,0.042488080000000004
249,-0.37317670000000003,-0.0230072,-0.36796429999999997,0.03233645,-0.36796429999999997,0.03233645
250,-0.39252940000000003,-0.021655280000000006,-0.35654600000000003,0.02046814,-0.3585754,0.018734746
251,-0.3713255999999999,-0.01850586,-0.3453308,0.02730712,-0.34584660000000006,0.02652284
252,-0.3647368,-0.006567379999999999,-0.3448303,0.028611729999999995,-0.34524829999999995,0.027891529999999998
253,-0.35840800000000006,-0.0034387772727272727,-0.3412836363636363,0.03029148181818182,-0.3412836363636363,0.03029148181818182
254,-0.4076294,-0.049630692000000004,-0.34100659999999994,0.025344860000000004,-0.34100659999999994,0.025344860000000004
255,-0.4134492727272727,-0.03719252727272727,-0.34297872727272727,0.02263710909090909,-0.34297872727272727,0.02263710909090909
256,-0.3964977777777778,-0.021974311111111103,-0.34454677777777776,0.025202433333333336,-0.34454677777777776,0.025202433333333336
257,-0.37280145454545455,-0.003718985490909091,-0.33920845454545456,0.02713288181818182,-0.33920845454545456,0.02713288181818182
258,-0.39810780000000007,0.0180176,-0.34467020000000004,0.026341269999999993,-0.34577199999999997,0.026098649999999994
259,-0.38670940000000004,0.013787862000000001,-0.34938060000000004,0.030172740000000003,-0.34938060000000004,0.030172740000000003
260,-0.3822388,0.01627502,-0.3639984,0.040048240000000006,-0.36455079999999995,0.039144920000000014
261,-0.38166845454545456,0.014792709090909094,-0.35802954545454546,0.04716075454545454,-0.35841618181818186,0.0466267
262,-0.37448139999999996,0.01827394,-0.35266400000000003,0.04703672,-0.35266400000000003,0.04703368
263,-0.3707529999999999,0.005064223333333333,-0.34123922222222225,0.0394745,-0.34123922222222225,0.0394745
264,-0.3879397272727273,-0.02150657181818182,-0.33414372727272723,0.02807895454545455,-0.33414372727272723,0.02807895454545455
265,-0.3893952,-0.008618154,-0.33784820000000004,0.0254303,-0.3389284,0.02469178
266,-0.37257763636363633,-0.011955949090909091,-0.32889499999999994,0.0271676,-0.33069418181818183,0.025615363636363634
267,-0.4540117,-0.19596083999999997,-0.3658066000000001,-0.1170245,-0.3658021000000001,-0.11731288
268,-0.5286410000000001,-0.24954199999999999,-0.36715700000000007,-0.15905799999999998,-0.36715700000000007,-0.15905799999999998
269,-0.5286410000000001,-0.24954199999999996,-0.36715700000000007,-0.15905799999999998,-0.36715700000000007,-0.15905799999999998
270,-0.5286410000000001,-0.24954199999999999,-0.36715700000000007,-0.15905799999999998,-0.36715700000000007,-0.15905799999999998
271,-0.5286410000000001,-0.24954199999999999,-0.36715700000000007,-0.15905799999999998,-0.36715700000000007,-0.15905799999999998
272,-0.5286410000000001,-0.24954199999999996,-0.36715700000000007,-0.15905799999999998,-0.36715700000000007,-0.15905799999999998
273,-0.5286410000000001,-0.24954199999999999,-0.36715700000000007,-0.15905799999999998,-0.36715700000000007,-0.15905799999999998
274,-0.526123,-0.164307,-0.346466,-0.15103099999999997,-0.3464969999999999,-0.15103099999999997
275,-0.526123,-0.164307,-0.346466,-0.151031,-0.34649699999999994,-0.151031
276,-0.526123,-0.164307,-0.346466,-0.15103099999999997,-0.3464969999999999,-0.15103099999999997
277,-0.526123,-0.164307,-0.346466,-0.15103099999999997,-0.34649699999999994,-0.15103099999999997
278,-0.526123,-0.164307,-0.346466,-0.15103099999999997,-0.34649699999999994,-0.15103099999999997
279,-0.526123,-0.164307,-0.346466,-0.15103099999999997,-0.34649699999999994,-0.15103099999999997
280,-0.526123,-0.164307,-0.346466,-0.15103099999999997,-0.3464969999999999,-0.15103099999999997
281,-0.526123,-0.164307,-0.346466,-0.15103099999999997,-0.34649699999999994,-0.15103099999999997
282,-0.526123,-0.164307,-0.346466,-0.15103099999999997,-0.34649699999999994,-0.15103099999999997
283,-0.526123,-0.164307,-0.346466,-0.15103099999999997,-0.34649699999999994,-0.15103099999999997
284,-0.526123,-0.164307,-0.346466,-0.15103099999999997,-0.34649699999999994,-0.15103099999999997
285,-0.526123,-0.164307,-0.346466,-0.15103099999999997,-0.34649699999999994,-0.15103099999999997
286,-0.526123,-0.164307,-0.346466,-0.15103099999999997,-0.34649699999999994,-0.15103099999999997
287,-0.526123,-0.164307,-0.346466,-0.15103099999999997,-0.34649699999999994,-0.15103099999999997
288,-0.526123,-0.164307,-0.346466,-0.15103099999999997,-0.34649699999999994,-0.15103099999999997
289,-0.526123,-0.164307,-0.346466,-0.15103099999999997,-0.3464969999999999,-0.15103099999999997
290,-0.526123,-0.164307,-0.346466,-0.15103099999999997,-0.34649699999999994,-0.15103099999999997
291,-0.526123,-0.164307,-0.346466,-0.15103099999999997,-0.34649699999999994,-0.15103099999999997
292,-0.526123,-0.164307,-0.346466,-0.15103099999999997,-0.34649699999999994,-0.15103099999999997
293,-0.526123,-0.164307,-0.346466,-0.15103099999999997,-0.3464969999999999,-0.15103099999999997
294,-0.526123,-0.164307,-0.346466,-0.15103099999999997,-0.34649699999999994,-0.15103099999999997
295,-0.526123,-0.164307,-0.346466,-0.15103099999999997,-0.34649699999999994,-0.15103099999999997
296,-0.526123,-0.164307,-0.346466,-0.15103099999999997,-0.34649699999999994,-0.15103099999999997
297,-0.526123,-0.164307,-0.346466,-0.15103099999999997,-0.34649699999999994,-0.15103099999999997
298,-0.526123,-0.164307,-0.346466,-0.15103099999999997,-0.3464969999999999,-0.15103099999999997
299,-0.526123,-0.164307,-0.346466,-0.15103099999999997,-0.34649699999999994,-0.15103099999999997
300,-0.526123,-0.164307,-0.346466,-0.151031,-0.34649699999999994,-0.151031
301,-0.526123,-0.164307,-0.346466,-0.15103099999999997,-0.3464969999999999,-0.15103099999999997
302,-0.526123,-0.164307,-0.346466,-0.151031,-0.34649699999999994,-0.151031
303,-0.526123,-0.164307,-0.346466,-0.15103099999999997,-0.34649699999999994,-0.15103099999999997
304,-0.526123,-0.164307,-0.346466,-0.15103099999999997,-0.3464969999999999,-0.15103099999999997
305,-0.526123,-0.164307,-0.346466,-0.15103099999999997,-0.34649699999999994,-0.15103099999999997
306,-0.526123,-0.164307,-0.346466,-0.151031,-0.34649699999999994,-0.151031
307,-0.526123,-0.164307,-0.346466,-0.15103099999999997,-0.3464969999999999,-0.15103099999999997
308,-0.526123,-0.164307,-0.346466,-0.15103099999999997,-0.34649699999999994,-0.15103099999999997
309,-0.526123,-0.164307,-0.346466,-0.15103099999999997,-0.3464969999999999,-0.15103099999999997
310,-0.526123,-0.164307,-0.346466,-0.15103099999999997,-0.34649699999999994,-0.15103099999999997
311,-0.526123,-0.164307,-0.346466,-0.15103099999999997,-0.34649699999999994,-0.15103099999999997
312,-0.526123,-0.164307,-0.346466,-0.15103099999999997,-0.34649699999999994,-0.15103099999999997
313,-0.526123,-0.164307,-0.346466,-0.15103099999999997,-0.3464969999999999,-0.15103099999999997
314,-0.526123,-0.164307,-0.346466,-0.15103099999999997,-0.34649699999999994,-0.15103099999999997
315,-0.526123,-0.164307,-0.346466,-0.15103099999999997,-0.34649699999999994,-0.15103099999999997
316,-0.526123,-0.164307,-0.346466,-0.15103099999999997,-0.3464969999999999,-0.15103099999999997
317,-0.526123,-0.164307,-0.346466,-0.15103099999999997,-0.34649699999999994,-0.15103099999999997
318,-0.526123,-0.164307,-0.346466,-0.15103099999999997,-0.34649699999999994,-0.15103099999999997
319,-0.526123,-0.164307,-0.346466,-0.15103099999999997,-0.3464969999999999,-0.15103099999999997
320,-0.526123,-0.164307,-0.346466,-0.15103099999999997,-0.34649699999999994,-0.15103099999999997
321,-0.526123,-0.164307,-0.346466,-0.15103099999999997,-0.34649699999999994,-0.15103099999999997
322,-0.526123,-0.164307,-0.346466,-0.15103099999999997,-0.34649699999999994,-0.15103099999999997
323,-0.526123,-0.164307,-0.346466,-0.15103099999999997,-0.34649699999999994,-0.15103099999999997
324,-0.526123,-0.164307,-0.346466,-0.15103099999999997,-0.34649699999999994,-0.15103099999999997
325,-0.526123,-0.164307,-0.346466,-0.15103099999999997,-0.34649699999999994,-0.15103099999999997
326,-0.526123,-0.164307,-0.346466,-0.15103099999999997,-0.34649699999999994,-0.15103099999999997
327,-0.526123,-0.164307,-0.346466,-0.15103099999999997,-0.34649699999999994,-0.15103099999999997
328,-0.526123,-0.164307,-0.346466,-0.15103099999999997,-0.3464969999999999,-0.15103099999999997
329,-0.526123,-0.164307,-0.346466,-0.15103099999999997,-0.34649699999999994,-0.15103099999999997
330,-0.526123,-0.164307,-0.346466,-0.15103099999999997,-0.34649699999999994,-0.15103099999999997
331,-0.526123,-0.164307,-0.346466,-0.15103099999999997,-0.3464969999999999,-0.15103099999999997
332,-0.526123,-0.164307,-0.346466,-0.15103099999999997,-0.34649699999999994,-0.15103099999999997
333,-0.526123,-0.164307,-0.346466,-0.15103099999999997,-0.34649699999999994,-0.15103099999999997
334,-0.526123,-0.164307,-0.346466,-0.15103099999999997,-0.34649699999999994,-0.15103099999999997
335,-0.526123,-0.164307,-0.346466,-0.15103099999999997,-0.34649699999999994,-0.15103099999999997
336,-0.526123,-0.164307,-0.346466,-0.15103099999999997,-0.3464969999999999,-0.15103099999999997
337,-0.526123,-0.164307,-0.346466,-0.15103099999999997,-0.34649699999999994,-0.15103099999999997
338,-0.526123,-0.164307,-0.346466,-0.15103099999999997,-0.34649699999999994,-0.15103099999999997
339,-0.526123,-0.164307,-0.346466,-0.15103099999999997,-0.34649699999999994,-0.15103099999999997
340,-0.526123,-0.164307,-0.346466,-0.15103099999999997,-0.34649699999999994,-0.15103099999999997
341,-0.526123,-0.164307,-0.346466,-0.15103099999999997,-0.34649699999999994,-0.15103099999999997
342,-0.526123,-0.164307,-0.346466,-0.15103099999999997,-0.3464969999999999,-0.15103099999999997
343,-0.526123,-0.164307,-0.346466,-0.151031,-0.34649699999999994,-0.151031
344,-0.526123,-0.164307,-0.346466,-0.15103099999999997,-0.34649699999999994,-0.15103099999999997
345,-0.526123,-0.164307,-0.346466,-0.15103099999999997,-0.34649699999999994,-0.15103099999999997
346,-0.526123,-0.164307,-0.346466,-0.15103099999999997,-0.3464969999999999,-0.15103099999999997
347,-0.526123,-0.164307,-0.346466,-0.151031,-0.34649699999999994,-0.151031
348,-0.526123,-0.164307,-0.346466,-0.15103099999999997,-0.34649699999999994,-0.15103099999999997
349,-0.526123,-0.164307,-0.346466,-0.15103099999999997,-0.3464969999999999,-0.15103099999999997
350,-0.526123,-0.164307,-0.346466,-0.15103099999999997,-0.34649699999999994,-0.15103099999999997
351,-0.526123,-0.164307,-0.346466,-0.15103099999999997,-0.34649699999999994,-0.15103099999999997
352,-0.526123,-0.164307,-0.346466,-0.15103099999999997,-0.34649699999999994,-0.15103099999999997
353,-0.526123,-0.164307,-0.346466,-0.15103099999999997,-0.3464969999999999,-0.15103099999999997
354,-0.526123,-0.164307,-0.346466,-0.151031,-0.34649699999999994,-0.151031
355,-0.526123,-0.164307,-0.346466,-0.15103099999999997,-0.3464969999999999,-0.15103099999999997
356,-0.526123,-0.164307,-0.346466,-0.15103099999999997,-0.34649699999999994,-0.15103099999999997
357,-0.526123,-0.164307,-0.346466,-0.15103099999999997,-0.34649699999999994,-0.15103099999999997
358,-0.526123,-0.164307,-0.346466,-0.15103099999999997,-0.34649699999999994,-0.15103099999999997
359,-0.526123,-0.164307,-0.346466,-0.15103099999999997,-0.3464969999999999,-0.15103099999999997
360,-0.526123,-0.164307,-0.346466,-0.15103099999999997,-0.34649699999999994,-0.15103099999999997
361,-0.526123,-0.164307,-0.346466,-0.15103099999999997,-0.34649699999999994,-0.15103099999999997
362,-0.526123,-0.164307,-0.346466,-0.15103099999999997,-0.34649699999999994,-0.15103099999999997
363,-0.526123,-0.164307,-0.346466,-0.15103099999999997,-0.3464969999999999,-0.15103099999999997
364,-0.526123,-0.164307,-0.346466,-0.15103099999999997,-0.34649699999999994,-0.15103099999999997
365,-0.526123,-0.164307,-0.346466,-0.15103099999999997,-0.34649699999999994,-0.15103099999999997
366,-0.526123,-0.164307,-0.346466,-0.15103099999999997,-0.3464969999999999,-0.15103099999999997
367,-0.526123,-0.164307,-0.346466,-0.15103099999999997,-0.34649699999999994,-0.15103099999999997
368,-0.526123,-0.164307,-0.346466,-0.15103099999999997,-0.34649699999999994,-0.15103099999999997
369,-0.526123,-0.164307,-0.346466,-0.15103099999999997,-0.34649699999999994,-0.15103099999999997
370,-0.526123,-0.164307,-0.346466,-0.15103099999999997,-0.34649699999999994,-0.15103099999999997
371,-0.526123,-0.164307,-0.346466,-0.15103099999999997,-0.34649699999999994,-0.15103099999999997
372,-0.526123,-0.164307,-0.346466,-0.15103099999999997,-0.3464969999999999,-0.15103099999999997
373,-0.526123,-0.164307,-0.346466,-0.15103099999999997,-0.34649699999999994,-0.15103099999999997
374,-0.526123,-0.164307,-0.346466,-0.15103099999999997,-0.3464969999999999,-0.15103099999999997
375,-0.526123,-0.164307,-0.346466,-0.151031,-0.34649699999999994,-0.151031
376,-0.526123,-0.164307,-0.346466,-0.15103099999999997,-0.34649699999999994,-0.15103099999999997
377,-0.526123,-0.164307,-0.346466,-0.15103099999999997,-0.3464969999999999,-0.15103099999999997
378,-0.526123,-0.164307,-0.346466,-0.15103099999999997,-0.34649699999999994,-0.15103099999999997
379,-0.526123,-0.164307,-0.346466,-0.15103099999999997,-0.34649699999999994,-0.15103099999999997
380,-0.526123,-0.164307,-0.346466,-0.15103099999999997,-0.34649699999999994,-0.15103099999999997
381,-0.526123,-0.164307,-0.346466,-0.15103099999999997,-0.34649699999999994,-0.15103099999999997
382,-0.526123,-0.164307,-0.346466,-0.15103099999999997,-0.34649699999999994,-0.15103099999999997
383,-0.526123,-0.164307,-0.346466,-0.15103099999999997,-0.3464969999999999,-0.15103099999999997
384,-0.526123,-0.164307,-0.346466,-0.15103099999999997,-0.34649699999999994,-0.15103099999999997
385,-0.526123,-0.164307,-0.346466,-0.15103099999999997,-0.34649699999999994,-0.15103099999999997
386,-0.526123,-0.164307,-0.346466,-0.15103099999999997,-0.34649699999999994,-0.15103099999999997
387,-0.526123,-0.164307,-0.346466,-0.15103099999999997,-0.3464969999999999,-0.15103099999999997
388,-0.526123,-0.164307,-0.346466,-0.15103099999999997,-0.34649699999999994,-0.15103099999999997
389,-0.526123,-0.164307,-0.346466,-0.15103099999999997,-0.34649699999999994,-0.15103099999999997
390,-0.526123,-0.164307,-0.346466,-0.15103099999999997,-0.34649699999999994,-0.15103099999999997
391,-0.526123,-0.164307,-0.346466,-0.15103099999999997,-0.3464969999999999,-0.15103099999999997
392,-0.526123,-0.164307,-0.346466,-0.151031,-0.34649699999999994,-0.151031
393,-0.526123,-0.164307,-0.346466,-0.15103099999999997,-0.3464969999999999,-0.15103099999999997
394,-0.526123,-0.164307,-0.346466,-0.15103099999999997,-0.34649699999999994,-0.15103099999999997
395,-0.526123,-0.164307,-0.346466,-0.15103099999999997,-0.34649699999999994,-0.15103099999999997
396,-0.526123,-0.164307,-0.346466,-0.15103099999999997,-0.34649699999999994,-0.15103099999999997
397,-0.526123,-0.164307,-0.346466,-0.15103099999999997,-0.34649699999999994,-0.15103099999999997
398,-0.526123,-0.164307,-0.346466,-0.15103099999999997,-0.3464969999999999,-0.15103099999999997
399,-0.526123,-0.164307,-0.346466,-0.15103099999999997,-0.34649699999999994,-0.15103099999999997
400,-0.526123,-0.164307,-0.346466,-0.15103099999999997,-0.34649699999999994,-0.15103099999999997
401,-0.526123,-0.164307,-0.346466,-0.15103099999999997,-0.34649699999999994,-0.15103099999999997
402,-0.526123,-0.164307,-0.346466,-0.15103099999999997,-0.3464969999999999,-0.15103099999999997
403,-0.526123,-0.164307,-0.346466,-0.15103099999999997,-0.34649699999999994,-0.15103099999999997
404,-0.526123,-0.164307,-0.346466,-0.15103099999999997,-0.34649699999999994,-0.15103099999999997
405,-0.526123,-0.164307,-0.346466,-0.15103099999999997,-0.3464969999999999,-0.15103099999999997
406,-0.526123,-0.164307,-0.346466,-0.15103099999999997,-0.34649699999999994,-0.15103099999999997
407,-0.526123,-0.164307,-0.346466,-0.15103099999999997,-0.34649699999999994,-0.15103099999999997
408,-0.526123,-0.164307,-0.346466,-0.15103099999999997,-0.34649699999999994,-0.15103099999999997
409,-0.526123,-0.164307,-0.346466,-0.15103099999999997,-0.34649699999999994,-0.15103099999999997
410,-0.526123,-0.164307,-0.346466,-0.15103099999999997,-0.34649699999999994,-0.15103099999999997
411,-0.526123,-0.164307,-0.346466,-0.15103099999999997,-0.34649699999999994,-0.15103099999999997
412,-0.526123,-0.164307,-0.346466,-0.15103099999999997,-0.34649699999999994,-0.15103099999999997
413,-0.526123,-0.164307,-0.346466,-0.15103099999999997,-0.34649699999999994,-0.15103099999999997
414,-0.526123,-0.164307,-0.346466,-0.15103099999999997,-0.3464969999999999,-0.15103099999999997
415,-0.526123,-0.164307,-0.346466,-0.15103099999999997,-0.3464969999999999,-0.15103099999999997
416,-0.526123,-0.164307,-0.346466,-0.15103099999999997,-0.34649699999999994,-0.15103099999999997
417,-0.526123,-0.164307,-0.346466,-0.15103099999999997,-0.34649699999999994,-0.15103099999999997
418,-0.526123,-0.164307,-0.346466,-0.15103099999999997,-0.34649699999999994,-0.15103099999999997
419,-0.526123,-0.164307,-0.346466,-0.15103099999999997,-0.34649699999999994,-0.15103099999999997
420,-0.526123,-0.164307,-0.346466,-0.15103099999999997,-0.34649699999999994,-0.15103099999999997
421,-0.526123,-0.164307,-0.346466,-0.15103099999999997,-0.34649699999999994,-0.15103099999999997
422,-0.526123,-0.164307,-0.346466,-0.15103099999999997,-0.3464969999999999,-0.15103099999999997
423,-0.2008970000000001,-0.20203259999999998,-0.24397580000000008,0.014880599999999989,-0.16633940000000003,-0.089538276
424,0.2869419999999999,-0.25862099999999993,-0.09024049999999999,0.26374800000000004,0.10389699999999999,0.002700810000000001
425,0.2869419999999999,-0.25862099999999993,-0.09024049999999999,0.26374800000000004,0.10389699999999999,0.0027008100000000005
426,0.2869419999999999,-0.25862099999999993,-0.09024049999999999,0.26374800000000004,0.10389699999999999,0.0027008100000000005
427,0.2869419999999999,-0.25862099999999993,-0.09024049999999999,0.26374800000000004,0.10389699999999999,0.0027008100000000005
428,0.2869419999999999,-0.25862099999999993,-0.09024049999999999,0.26374800000000004,0.10389699999999999,0.0027008100000000005
429,0.2869419999999999,-0.25862099999999993,-0.09024049999999999,0.26374800000000004,0.10389699999999999,0.002700810000000001
430,0.2869419999999999,-0.25862099999999993,-0.09024049999999999,0.26374800000000004,0.10389699999999999,0.0027008100000000005
431,0.2869419999999999,-0.25862099999999993,-0.09024049999999999,0.26374800000000004,0.10389699999999999,0.0027008100000000005
432,0.2869419999999999,-0.25862099999999993,-0.09024049999999999,0.26374800000000004,0.10389699999999999,0.002700810000000001
433,0.2869419999999999,-0.25862099999999993,-0.09024049999999999,0.26374800000000004,0.10389699999999999,0.0027008100000000005
434,0.2869419999999999,-0.25862099999999993,-0.09024049999999999,0.26374800000000004,0.10389699999999999,0.0027008100000000005
435,0.2869419999999999,-0.25862099999999993,-0.09024049999999999,0.26374800000000004,0.10389699999999999,0.0027008100000000005
436,0.2869419999999999,-0.25862099999999993,-0.09024049999999999,0.26374800000000004,0.10389699999999999,0.0027008100000000005
437,0.2869419999999999,-0.25862099999999993,-0.09024049999999999,0.26374800000000004,0.10389699999999999,0.002700810000000001
438,0.2869419999999999,-0.25862099999999993,-0.09024049999999999,0.26374800000000004,0.10389699999999999,0.0027008100000000005
439,0.2869419999999999,-0.25862099999999993,-0.09024049999999999,0.26374800000000004,0.10389699999999999,0.0027008100000000005
440,0.2869419999999999,-0.25862099999999993,-0.09024049999999999,0.26374800000000004,0.10389699999999999,0.0027008100000000005
441,0.2869419999999999,-0.25862099999999993,-0.09024049999999999,0.26374800000000004,0.10389699999999999,0.0027008100000000005
442,0.2869419999999999,-0.25862099999999993,-0.09024049999999999,0.26374800000000004,0.10389699999999999,0.002700810000000001
443,0.2869419999999999,-0.25862099999999993,-0.09024049999999999,0.26374800000000004,0.10389699999999999,0.0027008100000000005
444,0.2869419999999999,-0.25862099999999993,-0.09024049999999999,0.26374800000000004,0.10389699999999999,0.0027008100000000005
445,0.2869419999999999,-0.25862099999999993,-0.09024049999999999,0.26374800000000004,0.10389699999999999,0.002700810000000001
446,0.2869419999999999,-0.25862099999999993,-0.09024049999999999,0.26374800000000004,0.10389699999999999,0.0027008100000000005
447,0.2869419999999999,-0.25862099999999993,-0.09024049999999999,0.26374800000000004,0.10389699999999999,0.0027008100000000005
448,0.2869419999999999,-0.25862099999999993,-0.09024049999999999,0.26374800000000004,0.10389699999999999,0.0027008100000000005
449,0.2869419999999999,-0.25862099999999993,-0.09024049999999999,0.26374800000000004,0.10389699999999999,0.002700810000000001
450,0.2869419999999999,-0.25862099999999993,-0.09024049999999999,0.26374800000000004,0.10389699999999999,0.0027008100000000005
451,0.2869419999999999,-0.25862099999999993,-0.09024049999999999,0.26374800000000004,0.10389699999999999,0.0027008100000000005
452,0.2869419999999999,-0.25862099999999993,-0.09024049999999999,0.26374800000000004,0.10389699999999999,0.002700810000000001
453,0.2869419999999999,-0.25862099999999993,-0.09024049999999999,0.26374800000000004,0.10389699999999999,0.0027008100000000005
454,0.2869419999999999,-0.25862099999999993,-0.09024049999999999,0.26374800000000004,0.10389699999999999,0.0027008100000000005
455,0.2869419999999999,-0.25862099999999993,-0.09024049999999999,0.26374800000000004,0.10389699999999999,0.0027008100000000005
456,0.2869419999999999,-0.25862099999999993,-0.09024049999999999,0.26374800000000004,0.10389699999999999,0.0027008100000000005
457,0.2869419999999999,-0.25862099999999993,-0.09024049999999999,0.26374800000000004,0.10389699999999999,0.002700810000000001
458,0.286942,-0.258621,-0.0902405,0.26374800000000004,0.103897,0.0027008100000000005
459,0.2869419999999999,-0.25862099999999993,-0.09024049999999999,0.26374800000000004,0.10389699999999999,0.002700810000000001
460,0.2869419999999999,-0.25862099999999993,-0.09024049999999999,0.26374800000000004,0.10389699999999999,0.0027008100000000005
461,0.2869419999999999,-0.25862099999999993,-0.09024049999999999,0.26374800000000004,0.10389699999999999,0.002700810000000001
462,0.2869419999999999,-0.25862099999999993,-0.09024049999999999,0.26374800000000004,0.10389699999999999,0.0027008100000000005
463,0.2869419999999999,-0.25862099999999993,-0.09024049999999999,0.26374800000000004,0.10389699999999999,0.0027008100000000005
464,0.2869419999999999,-0.25862099999999993,-0.09024049999999999,0.26374800000000004,0.10389699999999999,0.0027008100000000005
465,0.2869419999999999,-0.25862099999999993,-0.09024049999999999,0.26374800000000004,0.10389699999999999,0.002700810000000001
466,0.2869419999999999,-0.25862099999999993,-0.09024049999999999,0.26374800000000004,0.10389699999999999,0.0027008100000000005
467,0.2869419999999999,-0.25862099999999993,-0.09024049999999999,0.26374800000000004,0.10389699999999999,0.0027008100000000005
468,0.2869419999999999,-0.25862099999999993,-0.09024049999999999,0.26374800000000004,0.10389699999999999,0.0027008100000000005
469,0.2869419999999999,-0.25862099999999993,-0.09024049999999999,0.26374800000000004,0.10389699999999999,0.0027008100000000005
470,0.2869419999999999,-0.25862099999999993,-0.09024049999999999,0.26374800000000004,0.10389699999999999,0.0027008100000000005
471,0.2869419999999999,-0.25862099999999993,-0.09024049999999999,0.26374800000000004,0.10389699999999999,0.0027008100000000005
472,0.2869419999999999,-0.25862099999999993,-0.09024049999999999,0.26374800000000004,0.10389699999999999,0.002700810000000001
473,0.286942,-0.258621,-0.0902405,0.26374800000000004,0.103897,0.0027008100000000005
474,0.2869419999999999,-0.25862099999999993,-0.09024049999999999,0.26374800000000004,0.10389699999999999,0.002700810000000001
475,0.2869419999999999,-0.25862099999999993,-0.09024049999999999,0.26374800000000004,0.10389699999999999,0.0027008100000000005
476,0.2869419999999999,-0.25862099999999993,-0.09024049999999999,0.26374800000000004,0.10389699999999999,0.0027008100000000005
477,0.2869419999999999,-0.25862099999999993,-0.09024049999999999,0.26374800000000004,0.10389699999999999,0.0027008100000000005
478,0.2869419999999999,-0.25862099999999993,-0.09024049999999999,0.26374800000000004,0.10389699999999999,0.0027008100000000005
479,0.2869419999999999,-0.25862099999999993,-0.09024049999999999,0.26374800000000004,0.10389699999999999,0.0027008100000000005
480,0.2869419999999999,-0.25862099999999993,-0.09024049999999999,0.26374800000000004,0.10389699999999999,0.0027008100000000005
481,0.2869419999999999,-0.25862099999999993,-0.09024049999999999,0.26374800000000004,0.10389699999999999,0.002700810000000001
482,0.2869419999999999,-0.25862099999999993,-0.09024049999999999,0.26374800000000004,0.10389699999999999,0.0027008100000000005
483,0.2869419999999999,-0.25862099999999993,-0.09024049999999999,0.26374800000000004,0.10389699999999999,0.0027008100000000005
484,0.2869419999999999,-0.25862099999999993,-0.09024049999999999,0.26374800000000004,0.10389699999999999,0.0027008100000000005
485,0.2869419999999999,-0.25862099999999993,-0.09024049999999999,0.26374800000000004,0.10389699999999999,0.0027008100000000005
486,0.2869419999999999,-0.25862099999999993,-0.09024049999999999,0.26374800000000004,0.10389699999999999,0.0027008100000000005
487,0.2869419999999999,-0.25862099999999993,-0.09024049999999999,0.26374800000000004,0.10389699999999999,0.002700810000000001
488,0.2869419999999999,-0.25862099999999993,-0.09024049999999999,0.26374800000000004,0.10389699999999999,0.0027008100000000005
489,0.2869419999999999,-0.25862099999999993,-0.09024049999999999,0.26374800000000004,0.10389699999999999,0.0027008100000000005
490,0.286942,-0.258621,-0.0902405,0.26374800000000004,0.103897,0.0027008100000000005
491,0.2869419999999999,-0.25862099999999993,-0.09024049999999999,0.26374800000000004,0.10389699999999999,0.002700810000000001
492,0.2869419999999999,-0.25862099999999993,-0.09024049999999999,0.26374800000000004,0.10389699999999999,0.0027008100000000005
493,0.2869419999999999,-0.25862099999999993,-0.09024049999999999,0.26374800000000004,0.10389699999999999,0.0027008100000000005
494,0.34963249999999996,-0.16620625,-0.09623725000000002,0.19040649999999998,0.25811,-0.035545345
495,0.4123229999999999,-0.0737915,-0.10223400000000002,0.117065,0.4123229999999999,-0.0737915
496,0.41232299999999983,-0.0737915,-0.10223400000000002,0.11706499999999999,0.41232299999999983,-0.0737915
497,0.4123229999999999,-0.0737915,-0.10223400000000002,0.117065,0.4123229999999999,-0.0737915
498,0.4123229999999999,-0.0737915,-0.10223400000000002,0.117065,0.4123229999999999,-0.0737915
499,0.41232299999999983,-0.0737915,-0.10223400000000002,0.11706499999999999,0.41232299999999983,-0.0737915
500,0.4123229999999999,-0.0737915,-0.10223400000000002,0.117065,0.4123229999999999,-0.0737915
501,0.4123229999999999,-0.0737915,-0.10223400000000002,0.117065,0.4123229999999999,-0.0737915
502,0.41232299999999983,-0.0737915,-0.10223400000000002,0.11706499999999999,0.41232299999999983,-0.0737915
503,0.4123229999999999,-0.0737915,-0.10223400000000002,0.117065,0.4123229999999999,-0.0737915
504,0.4123229999999999,-0.0737915,-0.10223400000000002,0.117065,0.4123229999999999,-0.0737915
505,0.41232299999999983,-0.0737915,-0.10223400000000002,0.11706499999999999,0.41232299999999983,-0.0737915
506,0.4123229999999999,-0.0737915,-0.10223400000000002,0.117065,0.4123229999999999,-0.0737915
507,0.4123229999999999,-0.0737915,-0.10223400000000002,0.117065,0.4123229999999999,-0.0737915
508,0.4123229999999999,-0.0737915,-0.10223400000000002,0.117065,0.4123229999999999,-0.0737915
509,0.4123229999999999,-0.0737915,-0.10223400000000002,0.117065,0.4123229999999999,-0.0737915
510,0.41232299999999983,-0.0737915,-0.10223400000000002,0.11706499999999999,0.41232299999999983,-0.0737915
511,0.4123229999999999,-0.0737915,-0.10223400000000002,0.117065,0.4123229999999999,-0.0737915
512,0.4123229999999999,-0.0737915,-0.10223400000000002,0.117065,0.4123229999999999,-0.0737915
513,0.4123229999999999,-0.0737915,-0.10223400000000002,0.117065,0.4123229999999999,-0.0737915
514,0.41232299999999983,-0.0737915,-0.10223400000000002,0.11706499999999999,0.41232299999999983,-0.0737915
515,0.4123229999999999,-0.0737915,-0.10223400000000002,0.117065,0.4123229999999999,-0.0737915
516,0.4123229999999999,-0.0737915,-0.10223400000000002,0.117065,0.4123229999999999,-0.0737915
517,0.4123229999999999,-0.0737915,-0.10223400000000002,0.117065,0.4123229999999999,-0.0737915
518,0.41232299999999983,-0.0737915,-0.10223400000000002,0.11706499999999999,0.41232299999999983,-0.0737915
519,0.4123229999999999,-0.0737915,-0.10223400000000002,0.117065,0.4123229999999999,-0.0737915
520,0.3852921,-0.006962599999999999,0.5845901999999998,-0.014711049999999998,0.3852921,-0.006962599999999999
521,0.38164545454545457,-0.027744681818181818,0.6272905454545453,-0.030912936363636356,0.38164545454545457,-0.027744681818181818
522,0.380569,-0.0275269,0.6282199999999999,-0.03277589999999999,0.380569,-0.0275269
523,0.3708890000000001,0.029528779999999998,0.6001920000000001,-0.045947260000000004,0.3708890000000001,0.029528779999999998
524,0.36846900000000005,0.043792700000000004,0.593185,-0.0492401,0.36846900000000005,0.043792700000000004
525,0.36846900000000005,0.043792700000000004,0.593185,-0.0492401,0.36846900000000005,0.043792700000000004
526,0.3684690000000001,0.04379270000000001,0.593185,-0.0492401,0.3684690000000001,0.04379270000000001
527,0.36846900000000005,0.043792700000000004,0.593185,-0.0492401,0.36846900000000005,0.043792700000000004
528,0.36846900000000005,0.043792700000000004,0.593185,-0.0492401,0.36846900000000005,0.043792700000000004
529,0.3684690000000001,0.04379270000000001,0.593185,-0.0492401,0.3684690000000001,0.04379270000000001
530,0.36846900000000005,0.043792700000000004,0.593185,-0.0492401,0.36846900000000005,0.043792700000000004
531,0.39230081818181817,0.08396768181818183,0.494399909090909,0.009578340000000003,0.39230081818181817,0.08396768181818183
532,0.418625,0.10173000000000001,0.41242999999999996,0.008361820000000002,0.418625,0.10173000000000001
533,0.41862499999999997,0.10173000000000001,0.41242999999999996,0.008361820000000002,0.41862499999999997,0.10173000000000001
534,0.418625,0.10173000000000001,0.41242999999999996,0.008361820000000002,0.418625,0.10173000000000001
535,0.418625,0.10173000000000001,0.41242999999999996,0.008361820000000002,0.418625,0.10173000000000001
536,0.4188905,0.1026639,0.4330507,-0.0019546519999999986,0.4188905,0.1026639
537,0.42128,0.111069,0.6186369999999999,-0.09480290000000001,0.42128,0.111069
538,0.42128,0.111069,0.6186369999999999,-0.09480290000000001,0.42128,0.111069
539,0.42128,0.111069,0.6186369999999999,-0.09480290000000001,0.42128,0.111069
540,0.42128000000000004,0.11106900000000001,0.618637,-0.09480289999999998,0.42128000000000004,0.11106900000000001
