0,-0.0926666,-0.22818,-0.0884094,-0.261719,-0.0907898,-0.243088
1,-0.0101318,-0.0104523,0.00648499,-0.015152,-0.00712585,-0.0113068
2,-0.016650380000000003,0.001431274,0.004589844,-0.0031494159999999995,-0.009896848,3.048239999999848e-06
3,-0.012953200000000002,-0.0034561179999999998,0.005513000000000001,0.009828190999999998,-0.005203249000000001,0.002128601
4,-0.0137773,-0.003834117272727272,0.005981444545454546,0.011009908181818183,-0.004379271818181819,0.003186310909090909
5,-0.013194250000000005,-0.008786012,0.003053286,0.008918773999999999,-0.006629943000000001,-0.0010589659999999993
6,-0.009662970909090908,-0.057278718181818185,0.009388300909090907,-0.05292028181818182,-0.007328383636363637,-0.056752972727272734
7,-0.011450189999999999,-0.058837890000000004,0.011750769999999999,-0.054165660000000004,-0.00065612912,-0.056747439999999996
8,-0.011763136363636361,-0.058417581818181824,0.012553827272727273,-0.05583743636363636,-0.0004189229818181818,-0.05721076363636364
9,-0.020263663636363637,-0.056476945454545444,0.013154463636363639,-0.06030828181818182,-0.0041309699999999994,-0.058351
10,-0.020053080000000004,-0.05608824,0.01435547,-0.06286316,-0.002847288,-0.05948487
11,-0.019568690909090913,-0.05822753636363638,0.015436345454545454,-0.06309230909090909,-0.0017353390909090908,-0.060731345454545456
12,-0.017764280000000004,-0.06098634000000001,0.015472379999999999,-0.06493836,-0.0019195539999999997,-0.06286926000000001
13,-0.018843218181818187,-0.06038182727272727,0.01620899090909091,-0.06708597272727274,-0.0007421317818181818,-0.06386080909090908
14,-0.02006224,-0.06423949999999998,0.01556092,-0.0643158,-0.002618408,-0.0642975
15,-0.02139742,-0.06591951,0.01349488,-0.06369325999999999,-0.0043991080000000005,-0.06484984
16,-0.022198754545454544,-0.06700827272727272,0.011720154545454546,-0.06254023636363636,-0.005508423636363636,-0.06481932727272727
17,-0.024389649999999995,-0.06580811,0.009977716000000001,-0.061183149999999985,-0.00764923,-0.06356354
18,-0.024126927272727274,-0.06591936363636365,0.010256681818181818,-0.059244327272727264,-0.0071480481818181835,-0.06263039090909091
19,-0.023785690909090905,-0.0665269181818182,0.011077900000000002,-0.05882680909090909,-0.0064364363636363634,-0.06270391818181818
20,-0.02467652,-0.06689148000000002,0.01144102,-0.05878599999999999,-0.006561278000000001,-0.06283570000000001
21,-0.0221724,-0.06825673636363638,0.011607763636363637,-0.05985467272727272,-0.005157471818181819,-0.06401615454545455
22,-0.01661374,-0.06735840000000001,0.01167908,-0.05992128000000001,-0.0022125239999999996,-0.06358032
23,-0.01466229090909091,-0.06601646363636364,0.010894772727272727,-0.061093418181818175,-0.0025398954545454554,-0.0636749181818182
24,-0.014074679999999997,-0.06524047999999999,0.01184998,-0.06228026,-0.0016204860000000002,-0.06382446
25,-0.013269609090909094,-0.06540749090909091,0.011886599999999999,-0.06413548181818182,-0.00045637534545454536,-0.06477357272727274
26,-0.01270448,-0.06089478,0.01194764,-0.06484984,0.0005310057999999999,-0.06301578000000001
27,-0.012048890909090908,-0.06072582727272727,0.011291499999999998,-0.062278054545454535,0.0005118631636363637,-0.06156782727272728
28,-0.014123539999999995,-0.05993346000000001,0.0109314,-0.06161498000000001,-0.0012542728,-0.060818479999999994
29,-0.016067500000000002,-0.061502079999999994,0.01092832,-0.05956422,-0.0028198239999999994,-0.06055908
30,-0.018948645454545453,-0.061183581818181836,0.010453654545454544,-0.059843572727272726,-0.0041975527272727275,-0.06052328181818181
31,-0.019826727272727274,-0.059389990909090896,0.011183318181818183,-0.05976175454545456,-0.004208650909090909,-0.059584181818181835
32,-0.02013854,-0.05867616000000001,0.010321060000000002,-0.060610960000000005,-0.004885864,-0.05964965999999999
33,-0.020040354545454546,-0.05853132727272727,0.009477107272727272,-0.060331845454545466,-0.005298962727272728,-0.059438536363636364
34,-0.01870728,-0.05864870000000001,0.010406498000000004,-0.060421760000000005,-0.003952026,-0.05955200000000001
35,-0.017602520000000003,-0.060199,0.009704588,-0.06098636,-0.0034118639999999997,-0.06061706
36,-0.016994127272727276,-0.06039705454545453,0.00917607909090909,-0.06103931818181818,-0.0034803918181818185,-0.06073137272727272
37,-0.01634216,-0.06123658000000002,0.009173585999999997,-0.06202088,-0.003442382,-0.06163635999999999
38,-0.016168754545454543,-0.061377809090909105,0.008789063636363635,-0.06206721818181818,-0.0039548000000000005,-0.06172178181818182
39,-0.01677245,-0.06064303,0.008367922,-0.061480710000000015,-0.004298401000000001,-0.06106262
40,-0.01638653636363636,-0.06048446363636364,0.00753368,-0.06087978181818183,-0.003555299090909091,-0.06069948181818183
41,-0.015548720000000002,-0.0617035,0.008123782000000001,-0.060949699999999996,-0.0026428219999999995,-0.0612915
42,-0.014939736363636363,-0.06080072727272727,0.007623847272727274,-0.060008681818181815,-0.0031377627272727274,-0.06039709090909091
43,-0.01444702,-0.06129762,0.006692505999999999,-0.06001282,-0.0034942619999999993,-0.060626219999999995
44,-0.014236454545454545,-0.06043451818181819,0.005906541818181818,-0.059276245454545455,-0.00401306090909091,-0.05986440000000001
45,-0.01408537,-0.06171266000000001,0.006028749,-0.05730894999999999,-0.004406737000000001,-0.059602369999999995
46,-0.014497245454545454,-0.06238209090909091,0.006207551818181817,-0.05816235454545455,-0.004819001818181818,-0.060416500000000005
47,-0.01581267,-0.06105805000000001,0.008299254,-0.05704496999999999,-0.00416565,-0.05912782999999999
48,-0.01740112,-0.06034852,0.009774789999999998,-0.05806581999999999,-0.004797362,-0.0592987
49,-0.018238400000000002,-0.060021127272727265,0.010496672727272727,-0.05766295454545456,-0.004798194545454545,-0.058925309090909095
50,-0.022641245454545454,-0.05466805454545454,0.009890459999999998,-0.05622447272727272,-0.007586392727272728,-0.05539079090909091
51,-0.021575950000000003,-0.05421755,0.011735529999999997,-0.05444488000000001,-0.007841494000000001,-0.05433504
52,-0.01987916,-0.056777959999999995,0.011196894000000002,-0.05408628,-0.006442259999999998,-0.05556029999999999
53,-0.0161133,-0.060207009090909085,0.011563363636363634,-0.055622427272727266,-0.0032071218181818186,-0.05807633636363636
54,-0.015053463636363638,-0.058991863636363634,0.0112388,-0.056126,-0.0025010554545454545,-0.057637990909090914
55,-0.01576081,-0.0580246,0.01078492,-0.05594027,-0.0026519800000000004,-0.05700227000000001
56,-0.01612548,-0.05743714,0.010113524000000002,-0.0553009,-0.0031677240000000002,-0.05638734000000001
57,-0.016713945454545454,-0.05745073636363636,0.009893241818181816,-0.055933199999999995,-0.00338329,-0.05670028181818181
58,-0.014959740000000003,-0.05921936,0.010073843999999998,-0.05607604000000001,-0.0028656000000000003,-0.057711820000000004
59,-0.014948072727272728,-0.05979363636363637,0.010747727272727273,-0.05562243636363637,-0.0020113863636363636,-0.05769765454545453
60,-0.014831559999999999,-0.06044312999999999,0.010682654,-0.05503999,-0.0014511124,-0.05762027000000001
61,-0.019048518181818182,-0.060752190909090904,0.009249596363636363,-0.05385382727272727,-0.004186457272727272,-0.05713581818181818
62,-0.019630429999999997,-0.059770199999999996,0.010089099999999998,-0.05364380999999999,-0.004597474,-0.05667878
63,-0.018911181818181817,-0.0615137090909091,0.007856890000000002,-0.05368459090909092,-0.0057192727272727265,-0.057665736363636366
64,-0.019584650000000002,-0.06251525999999999,0.008255005,-0.053401199999999996,-0.005891418,-0.05803987000000001
65,-0.019023545454545456,-0.06182167272727272,0.009736492727272726,-0.05431433636363636,-0.004738548181818182,-0.058106872727272725
66,-0.01759795,-0.06137848000000001,0.013192736,-0.054901109999999996,-0.0022949246000000005,-0.05815887000000001
67,-0.016554418181818183,-0.061658,0.011528703636363637,-0.0538122,-0.0025343467272727275,-0.05775869999999999
68,-0.017144780000000002,-0.06065368000000001,0.0138794,-0.055139139999999996,-0.0010986332,-0.05781252
69,-0.017041272727272728,-0.06131673636363635,0.014093563636363634,-0.05452799090909091,-0.0017325645454545453,-0.05799034545454546
70,-0.016033940000000003,-0.06122742,0.014981080000000003,-0.05426942,-0.0011627204,-0.057897960000000005
71,-0.016095263636363637,-0.06143743636363635,0.016458699999999996,-0.05401472727272727,0.0003093375090909091,-0.057708727272727287
72,-0.01544645,-0.05889743000000001,0.015460209999999999,-0.054481520000000005,0.0006515503000000002,-0.05660398000000001
73,-0.019464681818181822,-0.05893917272727273,0.015713763636363634,-0.0539731,-0.0016326905454545455,-0.05643810909090908
74,-0.019528220000000002,-0.05870059000000001,0.01456911,-0.054031380000000004,-0.00291748,-0.05643768000000001
75,-0.019749045454545457,-0.05809575454545453,0.0148787,-0.054312981818181824,-0.0025274097272727273,-0.05622169090909091
76,-0.01724395,-0.058398439999999996,0.015144340000000001,-0.052929689999999995,-0.0007339486,-0.055621330000000004
77,-0.0173645,-0.059102854545454546,0.014906445454545452,-0.05255680909090909,-0.0009654649090909091,-0.05578890909090908
78,-0.01842042,-0.05862731000000001,0.0145752,-0.05334319999999999,-0.0019226059999999999,-0.055993650000000006
79,-0.018801609090909086,-0.056747436363636355,0.01442372727272727,-0.054773518181818186,-0.0021514890909090914,-0.055762554545454555
80,-0.018612659999999996,-0.056773370000000004,0.014154040000000001,-0.05619661,-0.0026550300000000005,-0.056497170000000006
81,-0.01753098181818182,-0.05712337272727274,0.0145333,-0.055593300000000005,-0.002136231818181818,-0.056397863636363635
82,-0.01685262727272727,-0.057939009090909106,0.013975672727272724,-0.05337386363636363,-0.0016132681818181818,-0.05567934545454545
83,-0.016801450000000002,-0.05800475000000001,0.013336200000000001,-0.05282289,-0.00190735,-0.055450440000000004
84,-0.01745756,-0.05790864000000001,0.01389464,-0.053169270000000005,-0.0018234259999999995,-0.05555267000000001
85,-0.017881927272727274,-0.05634517272727273,0.01429747272727273,-0.0581013,-0.0017367281818181817,-0.05723571818181819
86,-0.01823578,-0.055003329999999996,0.013591010000000004,-0.05714113,-0.0023208639999999997,-0.056073
87,-0.02068814545454545,-0.05249718181818181,0.012463654545454545,-0.05565433636363636,-0.004680286363636364,-0.05403694545454545
88,-0.020840459999999998,-0.052574149999999986,0.011996450000000002,-0.05225678,-0.004904174,-0.052427690000000006
89,-0.019792054545454543,-0.049377445454545456,0.014314127272727269,-0.05615788181818182,-0.0034679054545454545,-0.05262063636363637
90,-0.02083435,-0.04731903,0.0160782,-0.054743980000000005,-0.003192137,-0.050880440000000006
91,-0.02115839090909091,-0.04750894545454545,0.017770927272727277,-0.05374423636363635,-0.0016202058181818179,-0.0506231090909091
92,-0.02038422,-0.048747219999999994,0.0194153,-0.053088369999999996,-0.00015106172000000002,-0.05095976
93,-0.020647890909090905,-0.04909998181818182,0.019251063636363638,-0.054512727272727275,-0.0014814887272727275,-0.05170648181818182
94,-0.020309430000000003,-0.0491699,0.019036880000000006,-0.05578002,-0.0021209700000000002,-0.05223084
95,-0.020331654545454544,-0.048890536363636376,0.018063627272727274,-0.054815109090909094,-0.0012484474545454546,-0.051834090909090906
96,-0.019349670000000003,-0.0488159,0.01762238,-0.052784700000000004,-0.0006210332000000001,-0.050834670000000005
97,-0.01988499090909091,-0.0474673090909091,0.017378363636363636,-0.05372898181818182,-0.0011485687272727275,-0.050625899999999995
98,-0.02065624545454546,-0.04792232727272727,0.0176905,-0.054515509090909096,-0.0012248647272727273,-0.05127782727272727
99,-0.02130432,-0.04869079999999999,0.0178833,-0.05610349,-0.001770019,-0.052391019999999996
100,-0.021141070000000005,-0.0491699,0.01622008,-0.05419769,-0.0022247309999999998,-0.0517212
101,-0.021163936363636365,-0.04900428181818182,0.015133945454545456,-0.053193527272727276,-0.0026689018181818183,-0.05114330909090909
102,-0.014872749999999999,-0.05046085,0.01788786,-0.048126192,0.0007019079999999997,-0.049690250000000005
103,0.15724465454545455,0.030806121818181816,0.17494743636363635,0.05924025272727273,0.1673555909090909,0.0408464
104,0.26051959999999996,0.0722946,0.326291,0.1097532,0.2899508,0.08884429999999999
105,0.25810509090909095,0.06824561818181818,0.35291636363636364,0.11609863636363636,0.27677654545454544,0.07750077272727272
106,0.2613709000000001,0.06828767,0.35777899999999996,0.1181227,0.32003159999999997,0.09848168999999998
107,0.26156763636363634,0.07050808181818181,0.361288,0.11796990909090908,0.31129881818181815,0.09410095454545454
108,0.26163479999999995,0.07098235,0.3609267,0.11879600000000001,0.31072690000000003,0.09453278
109,0.2601996363636363,0.06820815454545455,0.3625557272727272,0.12240881818181819,0.3117024545454546,0.09534384545454545
110,0.2638795,0.06699067,0.37281510000000007,0.1336869,0.3279588,0.1060011
111,0.2696016,0.06846772999999999,0.37223969999999995,0.1334169,0.3303162,0.10670170000000001
112,0.26886418181818184,0.06920419090909091,0.37158472727272723,0.12943345454545455,0.3234586363636363,0.10104100000000002
113,0.2674255,0.06891022,0.37202129999999994,0.12882979999999997,0.32356109999999993,0.10089719999999999
114,0.26549745454545454,0.06842734545454544,0.37161554545454545,0.12720418181818183,0.32130572727272727,0.09918218181818185
115,0.2658937,0.06441803,0.3689864,0.12750530000000002,0.3221969,0.09867561
116,0.2616534545454545,0.06645898181818181,0.36556436363636363,0.12821963636363637,0.31764372727272727,0.09955531818181816
117,0.26069470000000006,0.0655365,0.36261,0.1275468,0.3145172,0.09810943000000001
118,0.2595241818181818,0.06534644545454546,0.36253218181818175,0.1262581818181818,0.3134239090909091,0.09706390909090908
119,0.2566572,0.06836701,0.36274259999999997,0.1237762,0.3102678,0.09625700999999998
120,0.25512836363636365,0.06776705454545455,0.36288463636363627,0.12229927272727271,0.3107424545454545,0.09578912727272727
121,0.25461429999999996,0.06566007999999998,0.36137849999999994,0.12269749999999999,0.31033340000000004,0.09528198000000002
122,0.2562257272727273,0.06407999090909092,0.3607027272727273,0.12377236363636367,0.31018609090909094,0.09474318181818182
123,0.2565795,0.06342468999999999,0.36029980000000006,0.12260869999999999,0.3108065,0.09420471
124,0.25650019999999996,0.06522673999999999,0.3606598,0.1214159,0.31137979999999993,0.09468079
125,0.2553003636363636,0.06593323636363638,0.36028763636363637,0.11946400000000001,0.3108338181818182,0.09412317272727272
126,0.25626181818181815,0.06605808181818183,0.3599853636363637,0.11812663636363635,0.31322154545454545,0.09453096363636361
127,0.2587724,0.06401367999999999,0.3607712,0.11691910000000001,0.31349170000000004,0.09225768
128,0.2608856,0.06269380999999999,0.3612611,0.11688979999999997,0.3123656,0.09034727999999999
129,0.2622583636363636,0.06237377272727273,0.36036700000000005,0.11758281818181816,0.31227681818181807,0.09037363636363636
130,0.2620989090909091,0.06310341818181818,0.35996181818181816,0.12269736363636362,0.311894,0.09325201818181816
131,0.26269529999999996,0.06351928999999999,0.36254290000000006,0.1258087,0.3123108,0.09427337
132,0.2618791,0.062269599999999994,0.3624559,0.12468399999999999,0.3109221999999999,0.09250185999999998
133,0.26030809090909096,0.06256243636363637,0.36151118181818187,0.12419272727272727,0.31081881818181817,0.09312995454545456
134,0.2579712,0.06226044000000001,0.35910359999999997,0.1247895,0.3112749,0.09503325
135,0.25876390909090907,0.06191462727272727,0.3590851818181818,0.125863,0.311637,0.09541598181818181
136,0.25797345454545456,0.06252636363636364,0.35841372727272736,0.12547318181818182,0.310404,0.09519126363636364
137,0.2580887,0.06337738,0.3578737,0.1247206,0.312546,0.09666594
138,0.2580762,0.06437225,0.3580459,0.1247101,0.31326,0.09750521
139,0.2594492727272728,0.0631811090909091,0.3582860909090909,0.12503727272727272,0.3140313636363637,0.09715688181818181
140,0.26227419999999996,0.06214755999999999,0.3592848,0.12514350000000002,0.31752009999999997,0.09782407000000001
141,0.2633736363636364,0.06112256363636364,0.36010590909090906,0.12546872727272726,0.31976190909090907,0.09842333636363637
142,0.26190820000000004,0.061270139999999994,0.3600036000000001,0.12542120000000004,0.3151965,0.09591676000000002
143,0.2608364545454545,0.06203251818181818,0.3611365454545455,0.12544663636363637,0.31105036363636357,0.09357661818181819
144,0.26067418181818186,0.0625638,0.3628278181818182,0.12704736363636362,0.3131075454545454,0.0954562
145,0.2582947,0.06275938,0.3640566,0.12736350000000002,0.3111193,0.09482577
146,0.25787763636363636,0.06172732727272728,0.3593541818181818,0.12762872727272728,0.3095719090909091,0.09510802727272726
147,0.2574724,0.061834719999999996,0.3571639999999999,0.1255675,0.31524030000000003,0.09857177999999998
148,0.2556708181818182,0.05997120000000001,0.3568656363636364,0.12328127272727274,0.31396218181818186,0.09625798181818182
149,0.2546354,0.0612915,0.3572601,0.1211425,0.3083755,0.09246979
150,0.25360781818181816,0.059767299999999995,0.3586386363636363,0.12076081818181818,0.3038093636363637,0.08873958181818184
151,0.2534122727272727,0.05939968181818181,0.3560984545454545,0.11980927272727274,0.304883,0.08950392727272728
152,0.22074600000000003,0.07466434000000001,0.29357,0.1230224,0.2532258,0.09467778000000002
153,0.04264381000000001,0.10148314,0.05151366999999999,0.1076386,0.048353579999999986,0.10484312
154,0.00852828,0.10496936363636361,0.03360400909090909,0.10671018181818183,0.027464427272727274,0.10655218181818182
155,0.005976866999999999,0.1025848,0.036575319999999995,0.11473250000000002,0.02335665,0.10914899999999998
156,-0.0004286336363636366,0.10116996363636364,0.0383799909090909,0.11886318181818178,0.017855554545454545,0.10952336363636364
157,-0.01115971818181818,0.09534242727272728,0.03189362727272727,0.11872272727272724,0.010251141818181818,0.10698490909090909
158,-0.01132506,0.09741822,0.019189460000000002,0.1157866,0.004025268,0.10671699999999999
159,-0.010482798,0.09818418999999998,0.01804807,0.1144899,0.003465271,0.1061766
160,-0.01008188727272727,0.09837340909090911,0.019747654545454543,0.11444363636363634,0.005623556363636364,0.10685045454545454
161,-0.009585571999999999,0.09845278000000002,0.0192627,0.11448679999999997,0.005609131,0.1069215
162,-0.010388450000000002,0.09867580000000001,0.016510018181818183,0.11802254545454544,0.0037647609090909096,0.10887563636363637
163,-0.013160689999999997,0.09874113999999999,0.01646422,0.11950089999999998,0.002503968,0.10974279999999999
164,-0.014457027272727269,0.10079407272727274,0.017116181818181822,0.12013927272727276,0.0016756925454545456,0.11070654545454546
165,-0.01530041818181818,0.1008577272727273,0.017679354545454547,0.11898381818181818,0.0013497072727272727,0.11003263636363636
166,-0.01523897,0.100804,0.01940307,0.11741019999999999,0.002438356,0.1092989
167,-0.015471009090909092,0.09974954545454545,0.020618790909090908,0.11745945454545453,0.0029102681818181817,0.1087909090909091
168,-0.015970400000000003,0.09768816363636362,0.020052818181818182,0.11904354545454549,0.001632689454545455,0.10813209090909091
169,-0.015542599999999998,0.09654238000000001,0.01929322,0.12127360000000001,0.0015960674000000002,0.1087524
170,-0.016694639999999997,0.09661713,0.01714174,0.11979499999999998,0.0009140012999999999,0.10870970000000002
171,-0.019090145454545456,0.0972511909090909,0.019022172727272725,0.119318,-8.322272727272663e-06,0.10833318181818184
172,-0.019613639999999998,0.09762879999999999,0.018847660000000002,0.11953740000000002,-0.000570678,0.10849299999999999
173,-0.016817954545454542,0.0974246,0.01764191818181818,0.11894899999999997,-0.00029407836363636367,0.10776472727272729
174,-0.014883440000000001,0.09773254,0.016558820000000002,0.11768179999999999,0.0011810319999999998,0.1079466
175,-0.016647336363636363,0.09868410909090909,0.01625199090909091,0.11750799999999999,0.0007019033636363637,0.10863700000000001
176,-0.0154022,0.1009002,0.01673282,0.11687620000000003,0.00020446784,0.10868219999999999
177,-0.014807972727272727,0.10178036363636363,0.017367281818181816,0.11767300000000001,0.0005604135454545454,0.10939154545454545
178,-0.015268509090909092,0.10231581818181817,0.016731954545454546,0.11515399999999998,0.0007754243636363637,0.10876745454545457
179,-0.01737976,0.09976204,0.01701354,0.11301879999999997,0.00018615720000000001,0.10654940000000002
180,-0.01686708,0.09906616,0.016424539999999998,0.11386399999999997,0.0010009773999999998,0.10702799999999998
181,-0.0156583,0.0994775909090909,0.01640041818181818,0.11457263636363633,0.0012387361818181819,0.10745672727272725
182,-0.01584778,0.09974367999999999,0.01709898,0.1167662,0.0008850091999999998,0.1084076
183,-0.016736127272727275,0.09972596363636364,0.01812188181818182,0.118608,0.0009280136363636363,0.10931527272727272
184,-0.016516120000000002,0.10009154,0.01826478,0.11844179999999997,0.0014038090000000002,0.1095734
185,-0.016928918181818183,0.10014069090909089,0.017228590909090912,0.11813500000000002,0.0008184264545454546,0.1095149090909091
186,-0.016589379999999997,0.09912715999999999,0.016134660000000002,0.11711099999999999,0.0007995602000000001,0.108725
187,-0.015024363636363636,0.09518156363636364,0.017320127272727272,0.1159960909090909,0.003649623636363636,0.1072220909090909
188,-0.01340332,0.09769592,0.01828918,0.11575920000000002,0.004190063999999999,0.1077394
189,-0.013753727272727273,0.09870079999999999,0.018922281818181817,0.11378200000000001,0.002172294545454545,0.1060998181818182
190,-0.01657104,0.10079659999999999,0.017935160000000002,0.11354679999999999,0.0005554204,0.107141
191,-0.01756978181818182,0.10110027272727273,0.01621590909090909,0.11100636363636363,-0.00040643874545454544,0.10614836363636361
192,-0.0171481,0.10110609090909092,0.015194981818181819,0.1109300909090909,-0.000679709,0.10612227272727273
193,-0.01568908,0.1008848,0.01455382,0.10927119999999999,-0.0005645754,0.1050904
194,-0.01620484,0.1003906,0.014501959999999998,0.10954280000000001,-0.0005126954000000001,0.10508139999999999
195,-0.016020354545454543,0.09982290909090909,0.01489119090909091,0.11048327272727274,0.0007379695454545455,0.105624
196,-0.01534424,0.09762574,0.015499880000000002,0.11099859999999999,0.000619507,0.10456539999999999
197,-0.015310127272727275,0.09875766363636364,0.016694518181818177,0.11128236363636365,0.0010140152727272727,0.10516227272727273
198,-0.015399179999999998,0.1016694,0.01650696,0.1090546,0.0010589608,0.1054964
199,-0.017082890909090907,0.1020591818181818,0.015960709090909093,0.10889509090909093,-0.00034540345454545454,0.10553109090909095
200,-0.01712034,0.1017212,0.015322899999999997,0.10906659999999999,-0.0007965084,0.10543520000000002
201,-0.023291845454545455,0.1013794,0.011820012727272731,0.11100636363636363,-0.004855068181818182,0.10641627272727273
202,-0.18865354000000004,0.09871223999999998,-0.17185062,0.11013174,-0.18128962,0.10199884
203,-0.34846481818181824,0.11504281818181818,-0.28610227272727273,0.10315356363636365,-0.31184536363636367,0.10857727272727273
204,-0.35147100000000003,0.1109682,-0.2893586,0.10507839999999999,-0.3014802,0.10595120000000002
205,-0.35186209090909093,0.10657845454545455,-0.2936443636363636,0.10509154545454548,-0.32522990909090904,0.10594145454545455
206,-0.35687259999999993,0.09815382000000002,-0.30137319999999995,0.10206604,-0.32984020000000003,0.1002961
207,-0.36293854545454546,0.09322981818181818,-0.30393000000000003,0.1001850909090909,-0.3327554545454546,0.09686556363636362
208,-0.35788580000000003,0.08891295999999999,-0.3061066,0.09962468,-0.3339478,0.09395144
209,-0.35921818181818177,0.08866050000000002,-0.307699,0.09950948181818182,-0.3333616363636364,0.09420082727272729
210,-0.35706810000000005,0.08525848,-0.31023280000000003,0.10109253,-0.3336072,0.09325103999999998
211,-0.3603695454545454,0.08511351818181818,-0.3128149090909091,0.1023268181818182,-0.33553390909090913,0.09417724545454548
212,-0.3603239,0.08379822,-0.31327400000000005,0.10262009999999999,-0.33615740000000005,0.09354552000000001
213,-0.36056936363636366,0.08399827272727273,-0.31273036363636364,0.09937218181818185,-0.33569327272727273,0.09206598181818179
214,-0.36041100000000004,0.08431549,-0.3120649999999999,0.09949798000000001,-0.3345444,0.09250486999999999
215,-0.36171090909090914,0.08518567272727273,-0.31189645454545456,0.10004065454545455,-0.33509963636363643,0.09319930909090911
216,-0.3613555,0.08666992999999999,-0.31173710000000004,0.1012604,-0.3358704,0.09423220000000002
217,-0.36183854545454547,0.08682390909090909,-0.3153478181818182,0.09980213636363637,-0.3381665454545455,0.09348918181818182
218,-0.36293319999999996,0.0872009,-0.3170195,0.09835358,-0.34022820000000004,0.09276885000000001
219,-0.36307463636363635,0.08646877272727273,-0.31419345454545455,0.10016698181818183,-0.3390473636363637,0.09326866363636363
220,-0.36226339999999996,0.08729553,-0.313652,0.09957893,-0.3379363000000001,0.09350128999999999
221,-0.3617194545454547,0.08722895454545454,-0.31458054545454545,0.09969263636363639,-0.33724409090909085,0.09376246363636365
222,-0.36139380000000004,0.08711853000000003,-0.31586309999999995,0.10008695999999999,-0.3390654999999999,0.09354093000000001
223,-0.36163939999999994,0.08742676,-0.31600340000000005,0.09922474,-0.3389132000000001,0.09334412
224,-0.3599409090909091,0.08805569090909092,-0.3153990909090909,0.09720265454545456,-0.3377227272727273,0.09266107272727271
225,-0.35991900000000004,0.08795303636363638,-0.3170358181818182,0.09774501818181819,-0.33918899999999996,0.09273878181818179
226,-0.3591246999999999,0.08697967,-0.3183213,0.09829407999999999,-0.33846430000000005,0.09275817
227,-0.3579768181818182,0.08642577272727274,-0.3190583636363637,0.09814729999999999,-0.3383359999999999,0.09238642727272726
228,-0.3559448999999999,0.08628844,-0.3186078,0.09594728999999999,-0.3383333,0.09088745000000002
229,-0.35535227272727277,0.08876453636363636,-0.3183539090909091,0.09332136363636363,-0.3375397272727273,0.0909839909090909
230,-0.3549167,0.08817596,-0.31939839999999997,0.09367218000000001,-0.3375640000000001,0.09088442000000001
231,-0.3540538181818182,0.08815002727272726,-0.3211365454545454,0.09335327272727273,-0.3380738181818182,0.09069687272727273
232,-0.35350940000000003,0.08806459000000001,-0.32226560000000004,0.09458924000000002,-0.33770750000000005,0.09138945
233,-0.35282081818181815,0.08771720909090909,-0.32237945454545447,0.09436313636363636,-0.3373482727272727,0.09111716363636364
234,-0.353827,0.08778228,-0.3220248,0.09444124000000001,-0.338127,0.09109496
235,-0.35497139999999994,0.08722534000000001,-0.32026980000000005,0.09386292,-0.337912,0.09051206000000002
236,-0.355891909090909,0.08741484545454545,-0.31942627272727275,0.09538546363636363,-0.3371623636363636,0.09154579090909092
237,-0.35521079999999994,0.08752594,-0.3202559,0.09697875,-0.3376053,0.09230345999999999
238,-0.35425890909090907,0.08678644545454545,-0.3205969090909091,0.0972761181818182,-0.33759372727272724,0.09201049090909091
239,-0.3555726,0.08814240999999998,-0.3211670000000001,0.09678803,-0.3387510000000001,0.09239959
240,-0.3558016363636363,0.08852733636363636,-0.3209282727272727,0.09645358181818184,-0.3395912727272727,0.09223243636363637
241,-0.3555329,0.08971712999999998,-0.3228104000000001,0.09443208,-0.3391892,0.09209595
242,-0.353087,0.08775191818181818,-0.32391345454545456,0.09279840909090908,-0.33808045454545455,0.09036255454545455
243,-0.35211481818181817,0.08801406363636362,-0.3247984545454545,0.09355997272727273,-0.33846081818181817,0.09079537272727273
244,-0.3520586,0.08838346999999999,-0.3236284,0.09433898,-0.3379472,0.09136353
245,-0.3522769,0.08665772000000001,-0.3219969,0.09649506,-0.3371033,0.09161528999999999
246,-0.35201472727272726,0.08773249090909092,-0.32071327272727274,0.09735245454545453,-0.33679872727272725,0.09243359999999999
247,-0.35181345454545454,0.08781292727272728,-0.31960099999999997,0.0964397090909091,-0.33580554545454544,0.09212979090909092
248,-0.35235890000000003,0.08700564,-0.31918060000000004,0.09499055,-0.33523090000000005,0.09116363999999999
249,-0.35251309999999997,0.08450774000000001,-0.3187058,0.09377903,-0.3349458,0.08935699
250,-0.3542786363636364,0.08216858181818183,-0.31875745454545457,0.09380548181818184,-0.3363022727272727,0.08809176363636363
251,-0.3554895454545454,0.08135152727272728,-0.31711090909090917,0.0942493909090909,-0.3363092727272728,0.08785176363636364
252,-0.35429840000000007,0.06083832899999999,-0.3171205,0.07784422799999999,-0.3356123,0.07037353099999999
253,-0.36558399999999996,-0.03599395099999999,-0.32077619999999996,-0.047497552,-0.35277089999999994,-0.037646489000000005
254,-0.3683041818181818,-0.04511333636363637,-0.3109255454545454,-0.06133756363636364,-0.3595207272727273,-0.047576900000000005
255,-0.3643038,-0.0465973,-0.3126251,-0.060061640000000006,-0.3392563,-0.053181469999999995
256,-0.3647698181818182,-0.04770729090909089,-0.31399009090909097,-0.06127515454545454,-0.3426581818181818,-0.05365821818181818
257,-0.36583420000000005,-0.0488388,-0.3174653,-0.06268465,-0.3427855,-0.05550537
258,-0.36668799999999996,-0.046754309090909094,-0.31882572727272734,-0.0635348090909091,-0.3427664545454545,-0.05520770000000001
259,-0.3668458,-0.04639129,-0.31754150000000003,-0.0629196,-0.34330589999999994,-0.05434873999999999
260,-0.3665216363636363,-0.045498927272727266,-0.3174439090909092,-0.0651356090909091,-0.34312709090909094,-0.054935809090909095
261,-0.36549529999999997,-0.045884699999999994,-0.31906730000000005,-0.06451721999999999,-0.3426956,-0.05509641999999999
262,-0.36431890000000006,-0.04821777,-0.3189132,-0.06454009000000001,-0.34099270000000004,-0.05666047999999999
263,-0.3660472727272727,-0.04867830909090909,-0.3188615454545455,-0.06487760909090909,-0.34117400000000003,-0.05727735454545455
264,-0.36685480000000004,-0.049514760000000005,-0.3188353,-0.06331331999999999,-0.3423005,-0.05663452
265,-0.36571,-0.04917353636363637,-0.3196341818181818,-0.05956062727272726,-0.3435834545454546,-0.05420891818181817
266,-0.36512310000000003,-0.04867248,-0.31751110000000005,-0.05561067000000001,-0.34309229999999996,-0.051919549999999995
267,-0.366717090909091,-0.047814109090909086,-0.315531,-0.05472494545454545,-0.341988,-0.051184909090909086
268,-0.3678878,-0.04891205,-0.31495819999999997,-0.05570984000000001,-0.3419617,-0.05228119
269,-0.36698227272727274,-0.04942044545454545,-0.3150744545454545,-0.055070354545454545,-0.34143736363636373,-0.05223640000000001
270,-0.36672836363636363,-0.05033874545454546,-0.31597200000000003,-0.05489698181818182,-0.3409951818181817,-0.05268583636363636
271,-0.3660981,-0.05138092000000001,-0.31707919999999995,-0.05526276,-0.3414383,-0.053359980000000015
272,-0.365574,-0.0515830090909091,-0.31657263636363636,-0.05663507272727273,-0.3425348181818181,-0.053982809090909085
273,-0.36490340000000004,-0.052212539999999995,-0.317273,-0.05790861999999999,-0.3429641,-0.05486755
274,-0.3650832727272728,-0.05150672727272727,-0.3179237272727273,-0.057619954545454564,-0.3427290909090908,-0.05443780909090909
275,-0.3656618,-0.0513382,-0.31920190000000004,-0.05888827,-0.34281789999999995,-0.05509644
276,-0.36686281818181815,-0.05138465454545455,-0.32142218181818183,-0.06019455454545455,-0.34409000000000006,-0.05583746363636363
277,-0.36673720000000004,-0.05374603,-0.3208831,-0.060470590000000005,-0.3442474000000001,-0.05708314
278,-0.36604463636363643,-0.05385242727272728,-0.3208658181818182,-0.06284263636363635,-0.344173,-0.05824280909090909
279,-0.36558530000000006,-0.05227355,-0.32115160000000004,-0.06511232,-0.3437147,-0.05864565000000001
280,-0.3650944545454546,-0.05222251818181818,-0.32235027272727274,-0.06417707272727273,-0.3437722727272727,-0.05823031818181819
281,-0.36521450000000005,-0.053379850000000006,-0.3213563,-0.064917,-0.3432511,-0.05919800000000001
282,-0.36590009090909087,-0.053640209090909094,-0.3209229090909091,-0.06474720909090909,-0.3438484545454545,-0.0591278
283,-0.3665801999999999,-0.05374448,-0.3209458,-0.06469269000000002,-0.3457304,-0.0587921
284,-0.36638418181818183,-0.05356389090909091,-0.32300500000000004,-0.06411049090909092,-0.3466142727272727,-0.0584148090909091
285,-0.36551445454545456,-0.052445845454545455,-0.32201427272727273,-0.06542137272727273,-0.34574309090909094,-0.05838705454545454
286,-0.36522679999999996,-0.05200501,-0.31980899999999995,-0.06613312,-0.3455735,-0.05816346
287,-0.3650052727272728,-0.05179803636363636,-0.31920027272727275,-0.06666566363636366,-0.3444769090909091,-0.058514672727272725
288,-0.3658507,-0.0510864,-0.3195894,-0.06567535999999999,-0.3426452,-0.058456399999999985
289,-0.3665549090909091,-0.05093799999999999,-0.3202293636363637,-0.0658832909090909,-0.3430785454545454,-0.05856323636363637
290,-0.3671190999999999,-0.05070954000000001,-0.32131809999999994,-0.06621247,-0.3447341,-0.05834201
291,-0.3675583,-0.05042268,-0.32102669999999994,-0.066098,-0.3449465,-0.05809784999999999
292,-0.36702681818181815,-0.051177999999999994,-0.32055245454545445,-0.06695417272727272,-0.34431300000000004,-0.05895026363636364
293,-0.3671327,-0.0516907,-0.3207993,-0.06695555000000002,-0.3443695,-0.05924837000000001
294,-0.36661863636363634,-0.0510156909090909,-0.3213556363636363,-0.06707070000000001,-0.3445393636363636,-0.05890448181818182
295,-0.3666228000000001,-0.05062865999999999,-0.32238,-0.06591188,-0.3446714,-0.058262650000000006
296,-0.3664412727272727,-0.05168706363636364,-0.32322018181818185,-0.06644231818181817,-0.34353081818181824,-0.05955506363636365
297,-0.36623727272727274,-0.052327927272727275,-0.32356672727272734,-0.06569463636363636,-0.3434087272727272,-0.059534263636363646
298,-0.3673813,-0.05119783,-0.3240586,-0.06408843,-0.3459076,-0.057627859999999996
299,-0.3687384545454545,-0.05009044545454547,-0.324152,-0.0642631,-0.3463136363636364,-0.057267609090909104
300,-0.3684296,-0.049691759999999995,-0.3236542,-0.06440734000000001,-0.3451598,-0.05739132
301,-0.3684709,-0.05182953999999999,-0.321614,-0.06475067,-0.3446306,-0.05843355
302,-0.3522976363636363,-0.15162093636363635,-0.3287324545454545,-0.16035189090909088,-0.34303145454545453,-0.1525989
303,-0.34228509999999995,-0.19830000000000003,-0.3426545,-0.2178758,-0.34233830000000004,-0.1993392
304,-0.3440996363636364,-0.19598954545454547,-0.34065654545454543,-0.20793572727272733,-0.34260972727272726,-0.20041336363636367
305,-0.3453003,-0.19592890000000002,-0.34020849999999997,-0.2121825,-0.3428329,-0.20393060000000002
306,-0.3445960909090909,-0.19891890909090906,-0.34043881818181815,-0.21508509090909095,-0.3422547272727272,-0.2080672727272728
307,-0.3454802,-0.20110329999999998,-0.3413101,-0.2150468,-0.34310309999999994,-0.20908190000000001
308,-0.34565454545454555,-0.20085563636363635,-0.3424364545454545,-0.21494636363636363,-0.34384163636363635,-0.2088233636363636
309,-0.3452347,-0.2018614,-0.34488540000000006,-0.2153855,-0.3450367,-0.20981
310,-0.3453536363636363,-0.20022172727272725,-0.34552136363636365,-0.21646827272727273,-0.34546054545454546,-0.20913427272727275
311,-0.3436598,-0.20030239999999994,-0.34346160000000003,-0.2184021,-0.34356839999999994,-0.21015160000000002
312,-0.3444032727272727,-0.20071818181818185,-0.3439707272727272,-0.21859063636363638,-0.34418281818181823,-0.21064881818181821
313,-0.34169845454545456,-0.20115400000000003,-0.3454186363636364,-0.21786227272727274,-0.34382918181818184,-0.21071145454545456
314,-0.3421017999999999,-0.201886,-0.3447358,-0.21659260000000002,-0.3435945999999999,-0.21025379999999996
315,-0.34085570000000004,-0.2021238,-0.3432345,-0.21634210000000004,-0.342131,-0.2096908
316,-0.34173054545454545,-0.20196236363636358,-0.3404029090909091,-0.21566363636363636,-0.34103245454545456,-0.20926454545454548
317,-0.3428865,-0.2010256,-0.3390105,-0.21559480000000003,-0.34089480000000005,-0.2085785
318,-0.34285536363636365,-0.20133836363636365,-0.33821354545454546,-0.2159355454545455,-0.34051236363636367,-0.20876254545454545
319,-0.34100349999999996,-0.20318589999999997,-0.3401078,-0.21617260000000002,-0.3405472,-0.20988
320,-0.3403971818181818,-0.20274081818181822,-0.3389781818181818,-0.21438045454545457,-0.33966909090909086,-0.20878872727272724
321,-0.34002659999999996,-0.20077199999999995,-0.3372284,-0.2115722,-0.3386474,-0.2061248
322,-0.3401792727272728,-0.19864854545454547,-0.33511227272727273,-0.21177400000000002,-0.33770463636363635,-0.20507799999999998
323,-0.34143979999999996,-0.19899000000000003,-0.33415239999999996,-0.21323560000000003,-0.3372528,-0.20716260000000003
324,-0.3429232727272727,-0.19886527272727267,-0.3331023636363637,-0.21509609090909088,-0.33694745454545455,-0.20876936363636364
325,-0.3427931,-0.19966570000000003,-0.33450920000000006,-0.2151976,-0.3380982,-0.20848970000000003
326,-0.330402909090909,-0.20031036363636365,-0.33261527272727276,-0.2157843636363636,-0.3315957272727273,-0.20833654545454544
327,-0.3264118181818182,-0.20003,-0.3249996363636364,-0.21560281818181817,-0.3256113636363636,-0.20815090909090908
328,-0.327881,-0.19902340000000002,-0.3225982,-0.21634799999999998,-0.3245819999999999,-0.20988779999999996
329,-0.33027909090909086,-0.20043536363636366,-0.3237123636363636,-0.21685090909090912,-0.32656199999999996,-0.2097918181818182
330,-0.3307784000000001,-0.1997284,-0.3247436,-0.21729290000000004,-0.3276445,-0.208922
331,-0.3313986363636363,-0.19988318181818182,-0.32671009090909087,-0.21832427272727273,-0.32883127272727275,-0.21007181818181822
332,-0.3320768,-0.19868000000000002,-0.32708590000000004,-0.21873019999999999,-0.3293121,-0.2098509
333,-0.3297102727272727,-0.1977636363636364,-0.3274106363636364,-0.2179521818181818,-0.32846236363636366,-0.20885663636363636
334,-0.3279236,-0.19438779999999997,-0.32866839999999997,-0.2153442,-0.32836319999999997,-0.2063506
335,-0.3265241,-0.1952482,-0.3287798,-0.2153458,-0.3278063,-0.20647410000000002
336,-0.32629672727272724,-0.19706018181818183,-0.3291860909090909,-0.2151004545454546,-0.327837909090909,-0.20657218181818182
337,-0.32411318181818183,-0.19901063636363636,-0.33126427272727277,-0.2118199090909091,-0.3280085454545455,-0.20597127272727275
338,-0.32326360000000004,-0.19804100000000002,-0.3320558,-0.21125500000000003,-0.32777080000000003,-0.20480360000000003
339,-0.32419390909090906,-0.19730154545454545,-0.3331839090909091,-0.21020936363636358,-0.32894609090909094,-0.20407790909090906
340,-0.32222900000000004,-0.19786359999999997,-0.33438100000000004,-0.2083194,-0.32865920000000004,-0.2033998
341,-0.3201183636363636,-0.19748345454545452,-0.33320909090909095,-0.20924781818181823,-0.326724,-0.2034109090909091
342,-0.3161742,-0.1977174,-0.3316224,-0.2092438,-0.32310500000000003,-0.20289000000000001
343,-0.316191,-0.19711445454545454,-0.3294845454545455,-0.20991100000000004,-0.3222989090909091,-0.20299036363636364
344,-0.32190240000000003,-0.1968262,-0.326001,-0.20812999999999998,-0.3236604,-0.20176079999999996
345,-0.33001727272727277,-0.19549136363636366,-0.3204400909090909,-0.20812581818181816,-0.32519372727272733,-0.20187209090909092
346,-0.3265808,-0.1960448,-0.31562779999999996,-0.21191400000000002,-0.32057800000000003,-0.2048006
347,-0.3218272999999999,-0.1969055,-0.3132188,-0.21286289999999997,-0.3169404,-0.20600269999999998
348,-0.3168987272727273,-0.19999963636363638,-0.31035,-0.2119459090909091,-0.3134846363636363,-0.20626554545454548
349,-0.31340319999999994,-0.2001494,-0.30546560000000006,-0.21137100000000003,-0.309662,-0.2054474
350,-0.3061026363636364,-0.20366027272727275,-0.2935748181818182,-0.2105227272727273,-0.3000348181818182,-0.2069979090909091
351,-0.2985143636363636,-0.20787754545454548,-0.29162990909090913,-0.20433045454545454,-0.2952257272727273,-0.2061171818181818
352,-0.24283889999999997,-0.21045250000000001,-0.2433672,-0.2010221,-0.24410110000000002,-0.2060654
353,-0.041339100000000004,-0.2004914,-0.026391588,-0.213629,-0.0328247,-0.20933819999999997
354,-0.02580677272727272,-0.2041543636363636,-0.003793890909090909,-0.2134384545454546,-0.022315290909090915,-0.20581599999999997
355,-0.022894279999999996,-0.20775739999999998,-0.00114746156,-0.2149994,-0.01272278,-0.211154
356,-0.023022772727272725,-0.2093548181818182,0.00029823999999999996,-0.21432063636363632,-0.01087120909090909,-0.211953
357,-0.02022704,-0.20938720000000002,0.006842050399999999,-0.2122072,-0.005496223999999999,-0.2109436
358,-0.015575045454545456,-0.20729890909090906,0.006833162727272726,-0.21651663636363636,-0.004218362727272728,-0.21197945454545455
359,-0.015486169999999999,-0.20443279999999997,0.008946229,-0.2153245,-0.0029678319999999997,-0.210031
360,-0.011865259999999999,-0.20331119999999997,0.008984374,-0.21477999999999997,-0.0011444089999999999,-0.20921340000000002
361,-0.010126299090909093,-0.20196245454545456,0.009209372727272729,-0.21599781818181815,-0.0004161487636363636,-0.20901072727272726
362,-0.009545892,-0.2021394,0.009887672000000004,-0.2170806,-0.00020751960000000002,-0.2093292
363,-0.010726927272727272,-0.20179890909090908,0.00894443090909091,-0.2186378181818182,-0.0012234791818181818,-0.2099620909090909
364,-0.01291169090909091,-0.2016338181818182,0.0069274900000000006,-0.22030090909090908,-0.0032875745454545454,-0.21070854545454545
365,-0.0131378,-0.200467,0.007263183999999999,-0.2204682,-0.0035583499999999996,-0.20987240000000001
366,-0.013208019999999997,-0.2004972,0.007629396000000001,-0.2189606,-0.003326416,-0.209268
367,-0.012671727272727272,-0.20024263636363637,0.007519807272727272,-0.21783590909090905,-0.002609252727272727,-0.20902590909090904
368,-0.013963172727272728,-0.20027581818181817,0.007496227272727273,-0.2171839090909091,-0.0030628563636363637,-0.20887636363636367
369,-0.015115340000000001,-0.20022259999999997,0.007174684000000001,-0.21717219999999995,-0.004156496000000001,-0.2085722
370,-0.017156427272727273,-0.20188472727272727,0.00871277,-0.21588981818181815,-0.004617866363636364,-0.20869172727272725
371,-0.01590242727272727,-0.20216909090909094,0.008385398181818183,-0.21549172727272728,-0.0040019645454545455,-0.20871090909090909
372,-0.015881350000000002,-0.2020095,0.008326720000000001,-0.21460289999999999,-0.004072569999999999,-0.20816650000000006
373,-0.016425372727272732,-0.2012318181818182,0.008074674545454545,-0.21483981818181822,-0.004502731818181818,-0.2078733636363636
374,-0.017662030000000002,-0.20157470000000002,0.008474731999999999,-0.216417,-0.0046539319999999995,-0.20897970000000005
375,-0.017525390909090912,-0.20219699999999996,0.007834694545454546,-0.2173669090909091,-0.0048300999999999995,-0.20981545454545458
376,-0.01730956,-0.20274029999999996,0.006935117,-0.21731430000000002,-0.005195618000000001,-0.21004179999999995
377,-0.01714478,-0.20249339999999996,0.00718689,-0.217343,-0.004513546,-0.21021099999999998
378,-0.015846945454545455,-0.20251181818181818,0.007421319999999999,-0.21687018181818185,-0.003942317272727272,-0.20986381818181818
379,-0.015031429999999998,-0.20215620000000004,0.007550048000000001,-0.2162537,-0.004135132,-0.2089721
380,-0.013952620000000002,-0.2019012,0.008264157999999999,-0.21579299999999998,-0.003591922,-0.2083862
381,-0.013850809090909093,-0.2020987272727273,0.009285665454545454,-0.21754045454545456,-0.0037925027272727274,-0.2088206363636364
382,-0.014083872727272724,-0.20304181818181818,0.009209370909090908,-0.21972109090909092,-0.0034776163636363643,-0.2106711818181818
383,-0.014207460000000002,-0.20243069999999994,0.008251955000000002,-0.2231446,-0.003257752,-0.21255649999999998
384,-0.01473998,-0.2023194,0.007415772000000001,-0.22088939999999999,-0.0042327879999999995,-0.2111482
385,-0.013932663636363635,-0.20127727272727272,0.007744528181818181,-0.22065181818181817,-0.0036468472727272734,-0.21048790909090911
386,-0.014825439999999999,-0.20143119999999998,0.007531737999999999,-0.219501,-0.004248046,-0.20999179999999998
387,-0.01394377272727273,-0.2016531818181818,0.01437237272727273,-0.2213342727272727,-0.0017186957272727272,-0.21015236363636358
388,-0.014788545454545454,-0.2039570909090909,0.01301851818181818,-0.22119845454545456,-0.0009002687272727273,-0.21257027272727272
389,-0.011613459999999997,-0.2044862,0.009953316,-0.22306660000000003,-0.0009109509,-0.21374649999999998
390,-0.01135102,-0.20260620000000001,0.009786988,-0.22489779999999998,-0.0007308958999999999,-0.21382279999999998
391,-0.01112089090909091,-0.20055345454545453,0.010541036363636362,-0.2245968181818182,-0.0003481777454545454,-0.21253400000000003
392,-0.012720309090909092,-0.19988190909090908,0.01056601818181818,-0.22348018181818183,-0.0015980132,-0.2111970909090909
393,-0.011831679999999997,-0.20027910000000002,0.008601379000000001,-0.22192859999999998,-0.00193329,-0.21079869999999995
394,-0.012968572727272726,-0.20117063636363638,0.009450738181818182,-0.2232733636363637,-0.002248590909090909,-0.21177936363636365
395,-0.01380767,-0.20144650000000003,0.010820004999999999,-0.22345730000000003,-0.0019973771,-0.21203469999999996
396,-0.013605299999999999,-0.20069754545454543,0.013667681818181817,-0.22433736363636358,-0.00019420269090909088,-0.21235218181818183
397,-0.013844299999999999,-0.2004899,0.012438959999999999,-0.2242111,-0.0017120363999999998,-0.2114611
398,-0.013977054545454549,-0.200086,0.010776861818181818,-0.22405299999999997,-0.00289362,-0.21083763636363634
399,-0.014193709999999998,-0.2002624,0.009703064,-0.22240909999999997,-0.002833556,-0.2108078
400,-0.01370238,-0.2016693,0.010151671000000001,-0.22247320000000004,-0.0022369369999999996,-0.21168510000000001
401,0.03468876181818182,-0.19806045454545454,0.05796947272727273,-0.2152889090909091,0.04720098836363637,-0.20680236363636365
402,0.2422403636363636,-0.20155190909090911,0.26932327272727274,-0.19493527272727276,0.2559343636363636,-0.19820336363636362
403,0.2385329,-0.1987747,0.32257070000000004,-0.1840483,0.2524292,-0.19623259999999998
404,0.2544435,-0.19360199999999997,0.3300108,-0.18838809999999998,0.2844467,-0.19198890000000002
405,0.2841588181818182,-0.2132291818181818,0.3603514545454546,-0.20065454545454547,0.31300781818181816,-0.2088332727272727
406,0.29640500000000003,-0.216176,0.3522494,-0.19993139999999995,0.3215897,-0.20897230000000003
407,0.30191327272727275,-0.214522,0.3474565454545454,-0.19964036363636364,0.32341554545454543,-0.20758754545454544
408,0.303746,-0.21173999999999998,0.34925690000000004,-0.20060129999999998,0.3249892,-0.2066331
409,0.30082427272727275,-0.21298081818181816,0.35370281818181815,-0.199606,0.32747727272727273,-0.20634609090909092
410,0.29379710000000003,-0.2117005,0.35744309999999996,-0.1982008,0.3256515,-0.2050977
411,0.29275236363636364,-0.2127532727272727,0.3592694545454545,-0.19888872727272727,0.3253716363636363,-0.2061269090909091
412,0.29181690000000005,-0.2147642,0.3603318,-0.19992680000000002,0.3260987000000001,-0.207524
413,0.29049263636363637,-0.21478418181818182,0.36081909090909103,-0.19969599999999998,0.3256711818181818,-0.2074292727272727
414,0.28996890000000003,-0.21464699999999998,0.3599913,-0.19645240000000003,0.3233262,-0.20616749999999998
415,0.2896149,-0.21279749999999997,0.35684069999999996,-0.19044049999999996,0.31959400000000004,-0.20303790000000005
416,0.2915192727272728,-0.21506845454545456,0.3551705454545454,-0.19045890909090907,0.3202860909090909,-0.20412099999999997
417,0.29261929999999997,-0.2134141,0.3547515,-0.19264989999999999,0.3192216,-0.2047012
418,0.29193254545454544,-0.21272554545454547,0.35454509090909087,-0.19244781818181816,0.320924,-0.20353427272727273
419,0.29112381818181815,-0.21174636363636365,0.3544243636363636,-0.193405,0.3213958181818182,-0.20315263636363634
420,0.2912735,-0.2118881,0.35459910000000006,-0.19367510000000002,0.3235139,-0.20279089999999997
421,0.289244,-0.21275045454545458,0.3545615454545454,-0.19371445454545455,0.3246722727272728,-0.20261590909090907
422,0.28735809999999995,-0.21333470000000002,0.3551085,-0.19532929999999998,0.32185810000000004,-0.20434710000000003
423,0.28732836363636366,-0.21405990909090908,0.3547683636363636,-0.1953418181818182,0.3226720909090909,-0.20444545454545454
424,0.28888099999999994,-0.21242050000000004,0.3538622,-0.19541760000000002,0.32219679999999995,-0.20387270000000002
425,0.2900709090909091,-0.21220818181818182,0.35412590909090913,-0.19627945454545453,0.3220893636363637,-0.20441081818181822
426,0.28946772727272724,-0.21151318181818182,0.3535321818181818,-0.1961918181818182,0.3200212727272728,-0.20436945454545452
427,0.2890747,-0.21174180000000004,0.3529497,-0.19654839999999996,0.32040870000000005,-0.20444779999999999
428,0.2894485,-0.21035330000000002,0.3541548,-0.19555219999999998,0.3226455,-0.2029236
429,0.2903025454545455,-0.2099791818181818,0.3575661818181819,-0.19625027272727272,0.3249746363636364,-0.203071
430,0.28891690909090906,-0.2081007272727273,0.3580365454545454,-0.19628754545454544,0.322994,-0.20245236363636365
431,0.287491,-0.20854340000000002,0.356758,-0.1962341,0.3223772,-0.2025208
432,0.286766,-0.20876329999999998,0.35727839999999994,-0.19616520000000004,0.32353519999999997,-0.20237889999999997
433,0.2865890909090909,-0.20954500000000004,0.35833727272727267,-0.1960408181818182,0.32348081818181823,-0.202796
434,0.28712770000000004,-0.21013479999999998,0.3594605,-0.1954252,0.3233598,-0.2029725
435,0.28775190909090914,-0.2083211818181818,0.3579196363636364,-0.19800090909090914,0.3229092727272727,-0.20331781818181816
436,0.2901292000000001,-0.2081575,0.3578385,-0.19800270000000003,0.3238007,-0.2032671
437,0.28955754545454543,-0.20843490909090912,0.35657154545454545,-0.19813109090909087,0.3220839090909091,-0.20359227272727276
438,0.2884735,-0.20939189999999996,0.3550784000000001,-0.19749460000000002,0.31999330000000004,-0.20392760000000001
439,0.288075,-0.209785,0.3541023636363636,-0.19823254545454547,0.3189545454545455,-0.20453845454545452
440,0.2879453,-0.20976269999999997,0.3535202,-0.19784549999999998,0.3196502,-0.2041566
441,0.2874381818181818,-0.20960309090909093,0.35339745454545457,-0.19624036363636363,0.3187561818181818,-0.20342627272727276
442,0.28676954545454547,-0.20879718181818185,0.35288600000000003,-0.195963,0.3188478181818182,-0.20272963636363636
443,0.2863374,-0.2065263,0.35236049999999997,-0.1970977,0.3197265,-0.20190579999999997
444,0.2853491818181818,-0.20591718181818183,0.3509853636363637,-0.19910381818181822,0.3173828181818182,-0.2027338181818182
445,0.28503290000000003,-0.20729540000000002,0.35075850000000003,-0.19926929999999998,0.3173874,-0.2034868
446,0.28454863636363636,-0.204429,0.35119900000000004,-0.1971892727272727,0.31826927272727273,-0.20091381818181817
447,0.28438410000000003,-0.2040267,0.35177619999999993,-0.196173,0.3171844,-0.20034929999999998
448,0.2847152,-0.20319349999999997,0.34913640000000007,-0.1963046,0.3147203,-0.20012199999999997
449,0.2848897272727273,-0.20470218181818184,0.3487328181818181,-0.1948880909090909,0.3155296363636364,-0.20013154545454545
450,0.284166,-0.20473400000000003,0.3464467272727273,-0.19341890909090909,0.3151550909090909,-0.19923936363636363
451,0.2801863,-0.19790830000000004,0.3475376,-0.181546,0.310379,-0.19093330000000003
452,0.29645699999999997,-0.08770752,0.3655581,-0.06591190999999999,0.3320281,-0.07682953999999999
453,0.28461254545454545,-0.059620263636363635,0.33347527272727273,-0.03544478181818182,0.30539381818181816,-0.04889054545454546
454,0.2619890909090909,-0.0633558909090909,0.34119063636363633,-0.03583455454545454,0.30426718181818174,-0.04873521818181818
455,0.2650681,-0.06229551,0.34036569999999994,-0.03658754,0.30183100000000007,-0.049885570000000004
456,0.26965354545454545,-0.06162471818181819,0.34305236363636366,-0.03652818181818182,0.30792100000000006,-0.048665818181818185
457,0.2785689,-0.05732422,0.3431917,-0.03839264,0.3114931,-0.04775543000000001
458,0.281845,-0.05567793636363636,0.3426361818181818,-0.036453263636363635,0.31284263636363635,-0.045955309090909086
459,0.2814745,-0.05615692,0.3419586,-0.03666841,0.3124432,-0.046257019999999996
460,0.27922327272727276,-0.05986853636363636,0.34176909090909097,-0.03680003636363637,0.31322545454545453,-0.04737854545454545
461,0.26984559999999996,-0.07753908,0.3420470000000001,-0.039218140000000005,0.31506039999999996,-0.053747539999999996
462,0.27418190000000003,-0.07139284,0.3473344,-0.03537597,0.3120865,-0.05287473
463,0.28005990909090905,-0.06448781818181819,0.3473135454545455,-0.036906872727272735,0.31413963636363634,-0.050646699999999996
464,0.2822798,-0.0628128,0.3475526,-0.036462430000000004,0.3149795,-0.049722310000000006
465,0.2835200833333333,-0.062269858333333324,0.3482754166666666,-0.036284125,0.31625375,-0.04924901666666667
466,0.2837082,-0.0619568,0.3489287,-0.037213119999999995,0.31754000000000004,-0.04923856
467,0.2837329090909091,-0.06289811818181819,0.3478894545454545,-0.038377236363636366,0.31811390909090914,-0.04986572727272726
468,0.283432,-0.06230774,0.34822080000000005,-0.03689576,0.31767579999999995,-0.048986800000000004
469,0.2825683,-0.06086426,0.3482024,-0.03615417,0.31527569999999994,-0.048666379999999995
470,0.2821005454545455,-0.060754945454545455,0.3482236363636364,-0.03723143636363637,0.3134599090909091,-0.04970895454545454
471,0.2816358,-0.0612091,0.34709439999999997,-0.037774669999999996,0.3121902,-0.05037536
472,0.28234309090909093,-0.06196178181818182,0.3446015454545454,-0.03967562727272727,0.3122322727272727,-0.05136108181818182
473,0.2812621,-0.06250609,0.3462096,-0.039193689999999996,0.3137586,-0.050941480000000004
474,0.28035936363636366,-0.06250557272727274,0.347526,-0.03909579999999999,0.31459036363636367,-0.05068277272727272
475,0.28013463636363645,-0.06085205454545455,0.34852172727272723,-0.03784319090909091,0.3145863636363636,-0.04937189090909091
476,0.28229040000000005,-0.06105347999999999,0.3475038,-0.03777466,0.31579919999999995,-0.04919432
477,0.2831683636363636,-0.06207550909090909,0.347566,-0.036392218181818176,0.31475281818181816,-0.04959105454545454
478,0.28215350000000006,-0.06269530999999999,0.34752039999999995,-0.03480224,0.31227410000000005,-0.04996492
479,0.2813356,-0.06272433000000001,0.34725949999999994,-0.03757325,0.31387489999999996,-0.05043639999999999
480,0.28117927272727267,-0.06210326363636363,0.3464550909090909,-0.038908509090909094,0.31436172727272726,-0.05042059090909091
481,0.28085754545454544,-0.060040536363636356,0.34675445454545456,-0.03865605454545455,0.31341154545454547,-0.04957717272727273
482,0.28114920000000004,-0.05776064000000001,0.34817200000000004,-0.03601682,0.31461500000000003,-0.04700316
483,0.28203730000000005,-0.05823669,0.3483154,-0.03688661,0.3158677,-0.04744111
484,0.2828463636363637,-0.05792377272727272,0.346011,-0.03771280909090909,0.3154269090909091,-0.047579672727272725
485,0.283011,-0.05923461,0.34471130000000005,-0.037998939999999995,0.31485740000000006,-0.04836274
486,0.2825483636363636,-0.0585466090909091,0.345289909090909,-0.038882154545454545,0.31450036363636363,-0.04862006363636364
487,0.28243399999999996,-0.06042174,0.34513859999999996,-0.039114380000000004,0.31469699999999995,-0.0495575
488,0.282152909090909,-0.05808325454545455,0.34921563636363634,-0.03520480909090909,0.3122755454545455,-0.047798854545454544
489,0.2783143999999999,-0.059832779999999995,0.34765939999999995,-0.03286438,0.3089812,-0.04804992000000001
490,0.2784909090909092,-0.0597880909090909,0.34666990909090906,-0.03351386363636363,0.3140662727272728,-0.04620499090909091
491,0.2784512,-0.060623179999999985,0.3464963999999999,-0.03404236,0.3129972,-0.047247319999999995
492,0.2791290909090909,-0.06304375454545455,0.3460500909090909,-0.03468184545454546,0.312124,-0.04914996363636363
493,0.276355,-0.05560606,0.3458342,-0.033239740000000004,0.3109988,-0.044583120000000004
494,0.27336440000000006,-0.05718994000000001,0.342795,-0.03034058,0.31163340000000006,-0.04250184
495,0.27400054545454544,-0.05893223636363636,0.34013518181818175,-0.028108072727272723,0.3101349090909091,-0.04222524545454545
496,0.27637,-0.05970154,0.3389375999999999,-0.028381339999999998,0.30894180000000004,-0.04353332000000001
497,0.27775154545454545,-0.0603360090909091,0.33788618181818186,-0.029277454545454547,0.3091126363636364,-0.044267127272727275
498,0.2793732,-0.05828551999999999,0.3381104,-0.029809559999999995,0.30954619999999994,-0.04378968000000001
499,0.28447381818181816,-0.04774890909090909,0.3381665454545455,-0.02934681818181818,0.3120048181818182,-0.038375872727272727
500,0.28487840000000003,-0.04841920000000001,0.338443,-0.030157479999999997,0.3136294,-0.03867796
501,0.2818283636363636,-0.05098653636363637,0.338788,-0.028876545454545453,0.313079909090909,-0.038952909090909094
502,0.2795716,-0.038830576,0.33661820000000003,-0.009097283999999997,0.3078918,-0.024328599999999995
503,0.265088,0.057232660000000005,0.3391204,0.09926130000000001,0.2879366,0.07014770000000001
504,0.26370509090909094,0.06786277272727272,0.3655170909090909,0.10750654545454545,0.3185037272727273,0.08921397272727273
505,0.26234154545454547,0.07148882727272728,0.3695564545454546,0.11285827272727272,0.3166018181818182,0.09238368181818181
506,0.26238463636363635,0.07469594545454547,0.36909499999999995,0.11532863636363634,0.3201903636363636,0.09665889999999999
507,0.25911409999999996,0.07186585000000001,0.3669388,0.11587079999999998,0.31528490000000003,0.09472043
508,0.2575866363636363,0.0718910909090909,0.3663661818181818,0.1147268181818182,0.31447954545454543,0.09423690909090908
509,0.25610800000000006,0.07056428000000001,0.36567400000000005,0.11536740000000004,0.31346750000000007,0.09394989999999999
510,0.25852660000000005,0.0706085,0.3652864,0.11594239999999997,0.31176760000000003,0.09312744
511,0.25635172727272726,0.07262489090909091,0.36452709090909097,0.11661454545454544,0.3109560909090909,0.09477233636363636
512,0.25556663636363636,0.07240016363636363,0.3643466363636364,0.11619854545454547,0.31027499999999997,0.09437008181818184
513,0.25512679999999993,0.07308656,0.36459660000000005,0.1167848,0.3115724,0.0955658
514,0.2555585454545454,0.07410362727272726,0.36289427272727276,0.11888800000000001,0.30762827272727267,0.0957586090909091
515,0.256378,0.07412416,0.36196599999999995,0.12059299999999999,0.3085572,0.09701844
516,0.25794018181818185,0.0732949,0.3610216363636364,0.12030454545454546,0.3123209090909091,0.09801135454545454
517,0.2586287,0.07142946,0.3612959,0.12046229999999998,0.3114519,0.09655915000000001
518,0.25893220000000006,0.06982726,0.36243900000000007,0.11985779999999999,0.31083059999999996,0.0948059
519,0.25680254545454545,0.0703471909090909,0.3628444545454545,0.11931245454545451,0.3103236363636364,0.09496794545454544
520,0.25463280000000005,0.07071534,0.3635558,0.11900939999999997,0.31303739999999997,0.09653014
521,0.2551822727272728,0.07128628181818181,0.36348800000000003,0.11944327272727272,0.3153297272727272,0.0979447818181818
522,0.25603940000000003,0.07116697999999999,0.3642332,0.12005619999999999,0.3139558,0.09723815999999999
523,0.25657227272727273,0.0700641909090909,0.3627777272727272,0.11998554545454548,0.3120311818181818,0.09602494545454544
524,0.2562988,0.06966858000000001,0.36241139999999994,0.11896980000000001,0.31406540000000005,0.09641113999999999
525,0.2561810909090909,0.06971602727272727,0.3620452727272728,0.11930563636363636,0.31218799999999997,0.09585711818181818
526,0.25586529999999996,0.06970064000000001,0.36366270000000006,0.1199294,0.31272130000000004,0.09610291000000001
527,0.2567860909090909,0.06985196363636365,0.3638289090909091,0.12008254545454546,0.31150000000000005,0.09543677272727273
528,0.25622259999999997,0.06965485000000002,0.36412059999999996,0.11900930000000001,0.31343560000000004,0.09573211
529,0.2548203636363637,0.07090481818181817,0.3629662727272727,0.11845818181818184,0.31461263636363634,0.0971152818181818
530,0.2525818000000001,0.07060698,0.3627137,0.11839150000000001,0.3140336,0.0971985
531,0.25182836363636363,0.0713279090909091,0.36082736363636364,0.117684,0.31251799999999996,0.09707225454545454
532,0.2517106,0.07025910999999999,0.36120470000000005,0.1158644,0.3092588,0.09416656000000001
533,0.2553863636363636,0.0706926,0.3627777272727272,0.11587945454545454,0.3093206363636363,0.09331996363636362
534,0.25481870000000006,0.07233888000000001,0.364386,0.1175033,0.3094774,0.09479369
535,0.2546510909090909,0.07355154545454545,0.3646450000000001,0.11805318181818181,0.3106396363636364,0.09614283636363638
536,0.2544311,0.07310790999999998,0.36513209999999996,0.1180298,0.31138920000000003,0.09615781999999998
537,0.2548868181818182,0.07371660000000001,0.36544963636363637,0.1175677272727273,0.31032372727272733,0.09564345454545453
538,0.2557327,0.07236023,0.3641204,0.1173719,0.30957809999999997,0.09465482
539,0.2548633636363637,0.07281495454545456,0.36339909090909095,0.11771172727272729,0.3092542727272727,0.09524398181818182
540,0.2541506,0.07010957,0.36235509999999993,0.11793070000000001,0.3087034,0.09414066000000001
541,0.2537385,0.0718994,0.3633575,0.11763000000000001,0.3096085,0.0951462
