0,0.101593,0.11882,0.192383,0.150421,0.151489,0.136292
1,0.0614471,0.0332642,0.106918,0.0422668,0.0811005,0.0371552
2,0.06743772,0.03557436,0.1071652,0.0475006,0.08986207999999998,0.04180602
3,0.05879211818181818,0.028418790909090916,0.10577563636363636,0.03695401818181818,0.09526061818181818,0.03507027272727273
4,0.07106988181818182,0.03968671818181818,0.11290663636363636,0.04574445454545455,0.09433547272727273,0.04310743636363636
5,0.07317046000000002,0.030545029999999994,0.10994580000000001,0.051680000000000004,0.09347226,0.04228821000000001
6,0.07442267272727275,0.032832772727272724,0.10989790909090909,0.05426718181818182,0.09229209090909091,0.043663718181818176
7,0.07318878000000001,0.03331447,0.10769359999999999,0.05178834000000001,0.09048769,0.04256286
8,0.07200204545454546,0.03526168181818182,0.10636200000000001,0.047059490909090916,0.08914047272727273,0.04120149090909091
9,-0.007943726,-0.014526374,0.021136486000000003,-0.021276852000000002,0.016436769999999996,-0.021319592000000002
10,-0.021732690909090913,-0.04123897272727272,0.01094054909090909,-0.05556971818181819,0.00866283272727273,-0.05420613636363636
11,-0.02278442,-0.03382872,0.01203004,-0.05717774,-0.0025512698,-0.04742432
12,-0.021100127272727275,-0.03631868181818182,0.012018372727272726,-0.05905568181818182,-0.004891135454545454,-0.047452072727272726
13,-0.014559937999999998,-0.045233159999999994,0.018927,-0.05755312,0.0006347659999999999,-0.05122072
14,-0.007766725454545456,-0.06021672727272727,0.02402705454545455,-0.05327815454545453,0.006976040909090909,-0.05718438181818182
15,-0.008432008000000001,-0.06039736000000001,0.022241220000000003,-0.05293884,0.007061766,-0.05662534
16,-0.008629538181818183,-0.060538554545454544,0.02268288181818182,-0.052110136363636365,0.007641879090909089,-0.05615927272727273
17,-0.009082031999999999,-0.06064148000000001,0.022616580000000004,-0.05355835999999999,0.007806398000000002,-0.056875619999999995
18,-0.011036245454545455,-0.06226558181818182,0.023240527272727275,-0.053973118181818186,0.006254718181818181,-0.05809853636363637
19,-0.011590586000000002,-0.0661194,0.023873900000000007,-0.055325340000000015,0.005844118000000001,-0.060815419999999995
20,-0.011116727272727273,-0.06430885454545454,0.02241792727272727,-0.05282035454545455,0.004587349090909091,-0.05893638181818182
21,-0.010124901818181818,-0.06401893636363637,0.0213082,-0.05582218181818183,0.0033749663636363637,-0.0605024909090909
22,-0.009884641999999999,-0.06263428,0.02032776,-0.059115600000000004,0.0039489780000000006,-0.061050399999999984
23,-0.010177618000000003,-0.06218566000000001,0.0200592,-0.06074829999999999,0.005477906,-0.06142272
24,-0.010668663636363636,-0.06298965454545455,0.019549300000000002,-0.05992544545454546,0.005765048181818181,-0.06133337272727271
25,-0.01043396,-0.0632904,0.01934508,-0.06105956,0.005725098,-0.06208495999999999
26,-0.009538132727272726,-0.0641770909090909,0.01849919090909091,-0.05777253636363637,0.005058980909090909,-0.06086453636363636
27,-0.008407594000000001,-0.06560974,0.018963619999999997,-0.0561188,0.005590822,-0.06074828
28,-0.008851483636363637,-0.06679604545454544,0.01861988181818182,-0.05546293636363637,0.006139580909090909,-0.06060930909090911
29,-0.007766722000000001,-0.06867675999999998,0.01828308,-0.05496828,0.007131957999999999,-0.06083984
30,-0.007708464545454546,-0.06960229090909092,0.018273109090909092,-0.056178700000000005,0.006808194545454545,-0.06210604545454545
31,-0.007748414000000002,-0.06953126,0.017901600000000004,-0.05802918,0.006143188000000001,-0.06330564
32,-0.009026266363636364,-0.06921664545454544,0.016242299999999998,-0.05713859999999999,0.005024303636363636,-0.06250140909090908
33,-0.009326171999999999,-0.06822510000000001,0.01636048,-0.05597838000000001,0.005108644,-0.06135562
34,-0.009811404000000001,-0.07138059999999999,0.0191864,-0.05510864,0.005307006,-0.06289976
35,-0.011352536363636362,-0.07195905454545456,0.018589363636363633,-0.05516469090909092,0.003986706363636363,-0.06336280909090909
36,-0.011582818181818182,-0.063428,0.011155563636363637,-0.044195000000000005,-0.001642400181818182,-0.05562107272727273
37,-0.01635132,-0.05376891,0.009733584,-0.03931884000000001,-0.0049530040000000004,-0.047853099999999996
38,-0.014257799999999998,-0.05191956,0.01090698,-0.040756219999999996,-0.0020263679999999997,-0.046487440000000005
39,-0.010898950909090911,-0.05200333636363635,0.012428981818181818,-0.042459663636363644,0.00025801327272727265,-0.04744927272727272
40,-0.012126572727272727,-0.05277322727272727,0.013642727272727277,-0.04450434545454546,-0.00023443003636363635,-0.048966827272727276
41,-0.01663055,-0.053472880000000014,0.01697539,-0.04934233,0.0006240842,-0.051362609999999996
42,-0.01800538181818182,-0.052763500000000005,0.01748797272727273,-0.049514763636363625,-0.00025385090909090907,-0.051153000000000004
43,-0.017051000000000004,-0.054858109090909095,0.015580609090909097,-0.04309637272727272,-0.0013302903636363635,-0.04920126363636364
44,-0.01636351,-0.05442047,0.01474151,-0.043719499999999994,-0.002037047,-0.04950102000000001
45,-0.017120379999999998,-0.05382688,0.016720560000000002,-0.0476776,-0.0009735102000000001,-0.050906360000000005
46,-0.01797207272727273,-0.054203390909090904,0.016378245454545456,-0.048033245454545466,-0.001890701272727273,-0.05133750909090909
47,-0.01831361,-0.05442202,0.014851370000000003,-0.041343660000000004,-0.0030075070000000004,-0.04839936999999998
48,-0.01710369090909091,-0.05526457272727272,0.013288999999999997,-0.040530127272727264,-0.001663207818181818,-0.04774753636363636
49,-0.015747070000000002,-0.05632477,0.013677969999999998,-0.038276679999999993,-0.0003952026,-0.04693145
50,-0.01524076363636364,-0.05479849090909092,0.013377809090909092,-0.040578663636363636,-0.0005701230363636365,-0.047528354545454544
51,-0.01425727272727273,-0.055428254545454546,0.014119954545454543,-0.04367203636363636,0.000722711309090909,-0.049233181818181815
52,-0.015356449999999999,-0.054722599999999996,0.013427739999999999,-0.043707260000000005,-0.00045166019999999996,-0.04902648
53,-0.016185409090909094,-0.05832463636363636,0.013230754545454547,-0.04353471818181818,-0.0009848838181818183,-0.050684154545454545
54,-0.016880819999999998,-0.05722045,0.01315154,-0.04574128,-0.001896667,-0.05145111
55,-0.017150863636363634,-0.05745766363636364,0.01359975454545455,-0.04534774545454546,-0.00229714,-0.05162600909090909
56,-0.017031860000000003,-0.058682279999999996,0.015689059999999998,-0.044818119999999996,-0.0006103522,-0.051770039999999996
57,-0.017954036363636364,-0.060379027272727266,0.016897036363636368,-0.044821990909090906,-0.0003329201818181818,-0.05251382727272727
58,-0.02076265,-0.054483039999999996,0.01837006,-0.04566955999999999,-0.0013946529999999998,-0.05013733
59,-0.019395354545454543,-0.05354585454545455,0.020113854545454547,-0.045086954545454534,0.00042724745454545456,-0.04931086363636364
60,-0.01752819090909091,-0.0530021,0.021170854545454545,-0.045393509090909084,0.002118198181818182,-0.04917769090909092
61,-0.0163437,-0.05466462000000001,0.021444700000000004,-0.04817808,0.003913878,-0.051191730000000005
62,-0.017263800000000003,-0.05734254000000001,0.021542359999999997,-0.04893491999999999,0.0033813480000000006,-0.052880840000000005
63,-0.01981701818181818,-0.05824555454545454,0.02181451818181818,-0.051304218181818184,0.0005992545454545455,-0.054842863636363634
64,-0.02165779090909091,-0.057621354545454535,0.021897745454545457,-0.049983627272727274,-0.0010098552727272727,-0.05401332727272728
65,-0.019553427272727273,-0.05754227272727272,0.022531663636363636,-0.049126381818181825,-0.0012345740727272728,-0.05389543636363636
66,-0.01712492,-0.05777283,0.021157840000000004,-0.04513699,2.4414000000000055e-05,-0.052110290000000004
67,-0.015975945454545455,-0.057840518181818186,0.02048560909090909,-0.045114672727272716,0.0018629590909090908,-0.051619118181818184
68,-0.017186,-0.05898436,0.022389219999999998,-0.045713800000000006,0.003123472,-0.05219728
69,-0.018956963636363636,-0.05875324545454546,0.02369412727272727,-0.045831845454545446,0.003560848181818182,-0.051950636363636366
70,-0.019551070000000004,-0.05651093,0.023141480000000002,-0.04683230000000001,0.0031951889999999998,-0.05135497
71,-0.019854454545454543,-0.05619672727272726,0.022555245454545455,-0.04871021818181818,0.002047450909090909,-0.052339027272727275
72,-0.018566890000000003,-0.05882113,0.02272644,-0.047561629999999994,0.0026321400000000003,-0.05305937000000001
73,-0.01851862727272727,-0.059043200000000004,0.0222376,-0.046832009090909094,0.001549462036363636,-0.053050627272727274
74,-0.02065886,-0.05939941,0.01973113,-0.04652252,-0.0010314941,-0.05315858
75,-0.0189542,-0.05851050909090909,0.018132981818181817,-0.04592897272727273,-0.00032182181818181805,-0.05220449090909092
76,-0.016792309999999998,-0.05923765000000001,0.02024231,-0.05377198000000001,0.00210266,-0.05645445
77,-0.0137551,-0.060262500000000004,0.01936479090909091,-0.05389681818181818,0.003044822727272727,-0.05703594545454547
78,-0.015684529999999995,-0.06111906,0.01903382,-0.050491339999999996,0.0016510017999999999,-0.055831910000000005
79,-0.017189754545454548,-0.06055103636363635,0.019663036363636362,-0.04425466363636364,0.0009446583636363634,-0.052531854545454545
80,-0.01743165,-0.05802306,0.021934520000000002,-0.04508669,0.002896116,-0.05137177
81,-0.016765245454545455,-0.05369566363636364,0.023223890909090914,-0.048252445454545455,0.004837035454545454,-0.050767363636363624
82,-0.015422070000000001,-0.055819719999999996,0.02387391,-0.04838562,0.0049438469999999995,-0.05199737
83,-0.014486145454545452,-0.056837600000000016,0.024043681818181818,-0.047024836363636364,0.004735774545454545,-0.05195341818181817
84,-0.015426599999999999,-0.0577179,0.02508545,-0.04914400000000001,0.005227661999999999,-0.05336149
85,-0.01635603636363636,-0.05872415454545455,0.025645845454545457,-0.050458036363636355,0.004458342727272727,-0.054640327272727274
86,-0.019416810000000003,-0.05954741,0.02353363,-0.05245514,0.0014770506000000001,-0.056109620000000006
87,-0.011151400727272727,-0.061578936363636365,0.022845190909090908,-0.05030683636363637,0.006179815636363636,-0.05575700000000001
88,-0.016174329999999997,-0.054216,0.01823119,-0.04962309,0.002735903,-0.05170744000000001
89,-0.0157429,-0.05479707272727274,0.018898681818181814,-0.04992954545454544,0.002931078181818182,-0.052183654545454546
90,-0.01634064,-0.05525209,0.019808970000000002,-0.05429535,0.0005889885,-0.05476837
91,-0.01698301818181818,-0.05586381818181818,0.021806199999999994,-0.056016399999999994,-0.0005742857272727272,-0.05594424545454546
92,-0.01734464,-0.05662841,0.020565800000000002,-0.0560364,-0.0004104611,-0.05636595000000001
93,-0.017397781818181815,-0.05670999090909091,0.019754590909090906,-0.056153718181818184,0.00036482398181818184,-0.056454736363636376
94,-0.01579742,-0.05670472,0.018287649999999996,-0.05577392,0.0002273557799999999,-0.05628814000000001
95,-0.01141912727272727,-0.05537552727272728,0.019431381818181822,-0.05602473636363636,0.002352627181818182,-0.055718163636363637
96,-0.013627620000000002,-0.046788010000000005,0.021719350000000002,-0.05085448,0.003260805,-0.04880066000000001
97,-0.013724581818181815,-0.04431568181818182,0.022005954545454544,-0.05411459090909092,0.004590119090909092,-0.049351063636363636
98,-0.01225129,-0.04579927,0.02198943,-0.05384827000000001,0.0046234119999999995,-0.049769589999999995
99,-0.008908075000000001,-0.046998620000000005,0.022108469999999998,-0.05407105999999999,0.005451963999999999,-0.050277720000000005
100,-0.009826667,-0.04893341000000001,0.025224310000000007,-0.055024699999999996,0.00701294,-0.05186767
101,-0.010130436363636364,-0.049285890909090906,0.026770854545454546,-0.05704013636363636,0.009431318181818181,-0.05340712727272728
102,-0.007081472727272727,-0.051932581818181826,0.032092,-0.05110029999999999,0.013282085454545456,-0.05189512727272727
103,0.17967974,0.03423462199999999,0.19505319999999998,0.059649683999999994,0.1859378,0.044871492
104,0.2659885454545454,0.07885601818181817,0.33285790909090907,0.1285,0.2960551818181818,0.10106994545454544
105,0.2588301,0.06917572,0.33949749999999995,0.135289,0.27345889999999995,0.08025216999999998
106,0.2594310909090909,0.08104776363636364,0.336450909090909,0.1311060909090909,0.30242518181818173,0.1089061818181818
107,0.2558791,0.08047181,0.33488,0.12900689999999998,0.2944519,0.10408619999999999
108,0.2556651818181818,0.08223931818181819,0.33544109090909097,0.12765090909090906,0.2920631818181818,0.10288745454545456
109,0.25425239999999993,0.08115541000000001,0.3339723,0.12657630000000003,0.2935774,0.10347449999999998
110,0.25581489999999996,0.08095854,0.33390349999999996,0.12667540000000002,0.2962617,0.10456080000000001
111,0.2594077272727273,0.07726082727272728,0.33542827272727277,0.12598081818181817,0.2933419090909091,0.0989049
112,0.26369672727272725,0.07828037272727274,0.3392349090909091,0.1277408181818182,0.29084763636363636,0.09591535454545454
113,0.26616454545454543,0.07603733636363637,0.3462815454545455,0.12593918181818184,0.2859911818181818,0.0882707
114,0.2652175,0.07720031999999999,0.345012,0.11795510000000001,0.29939750000000004,0.09453432
115,0.26305389999999995,0.07689821,0.3457045000000001,0.11723949999999998,0.3038619,0.09675752999999998
116,0.26316981818181817,0.07659911818181818,0.345147,0.11704054545454547,0.304557,0.09695434545454545
117,0.2638627,0.07615509,0.34616260000000004,0.11700600000000001,0.3051788999999999,0.09660032999999998
118,0.26405490909090906,0.07539783636363638,0.34517609090909096,0.11632199999999998,0.30155390909090907,0.0942549090909091
119,0.2661148,0.07344967999999999,0.3450743,0.11800840000000001,0.30313880000000004,0.09426269999999999
120,0.26618536363636364,0.0719313,0.34465027272727267,0.11924881818181815,0.30547945454545455,0.09552973636363636
121,0.2656786,0.07213899000000001,0.34541459999999996,0.11942599999999999,0.3061522,0.09604185000000001
122,0.2640659090909091,0.07253334545454546,0.34473763636363636,0.11832909090909093,0.304295,0.09527865454545453
123,0.26479189999999997,0.07408139,0.34407170000000004,0.12043460000000002,0.30335540000000005,0.09652711
124,0.2662730909090909,0.07413412727272727,0.3419494545454546,0.12001318181818181,0.3019852727272727,0.09569062727272727
125,0.2658861,0.07416992,0.34044189999999996,0.11968349999999998,0.3001435,0.09499359
126,0.26479536363636363,0.07330044545454545,0.3400851818181818,0.11818218181818184,0.2971814545454545,0.09250847272727271
127,0.2640166,0.07324675,0.3423599,0.11764820000000001,0.2995376,0.09328460000000001
128,0.26394799999999996,0.07405508181818181,0.3446905454545455,0.11859681818181818,0.30276763636363635,0.09537020000000002
129,0.26339836363636365,0.07426312727272727,0.3442783636363636,0.11940563636363635,0.30290636363636364,0.09623163636363637
130,0.26061999999999996,0.07194366,0.3417907,0.1182983,0.29886470000000004,0.09368436
131,0.2627853636363637,0.07206448181818183,0.33999063636363647,0.11877990909090909,0.29797490909090907,0.0932311909090909
132,0.26561409999999996,0.07237393999999998,0.3402068,0.1206666,0.29789129999999997,0.09316101
133,0.26523645454545447,0.07359035454545454,0.3411960909090908,0.11922927272727275,0.30319772727272726,0.09625245454545453
134,0.2628785,0.07418364999999999,0.3417268,0.1162214,0.30508119999999994,0.09659727
135,0.2609072727272727,0.0751217909090909,0.3414901818181818,0.11404954545454543,0.30321427272727275,0.09548812727272726
136,0.25894172727272724,0.07390801818181816,0.3399728181818182,0.11326190909090907,0.30345009090909086,0.09545759090909091
137,0.2591919,0.07529908999999999,0.34036389999999994,0.11539010000000001,0.29851069999999996,0.09465940000000002
138,0.2578933,0.07804872,0.34038709999999994,0.11321259999999997,0.2921571,0.09268492000000002
139,0.25794436363636364,0.07962591818181819,0.3412407272727273,0.1119703636363636,0.2939786363636363,0.09361126363636364
140,0.2566585454545455,0.07962869090909092,0.3406494545454546,0.11009354545454544,0.29450718181818175,0.09334078181818181
141,0.252069,0.07831118000000001,0.34114379999999994,0.10922259999999999,0.295172,0.09324342
142,0.25034470000000003,0.07864225,0.3403518,0.11027830000000001,0.29653779999999996,0.09485018
143,0.24863100000000002,0.07799321818181817,0.34043190909090904,0.11127681818181819,0.29486918181818184,0.09474876363636363
144,0.24805263636363636,0.07760341818181817,0.3393082727272727,0.1131410909090909,0.29248999999999997,0.09488469090909092
145,0.24809,0.0773285,0.3397278,0.10994860000000002,0.295578,0.09420469999999999
146,0.24890136363636364,0.07661160909090908,0.34011681818181816,0.10759972727272728,0.29578609090909086,0.09255427272727274
147,0.24792780000000003,0.07590485,0.3421999,0.10418859999999999,0.29828640000000006,0.09100953
148,0.25003754545454543,0.07436995454545454,0.34227399999999997,0.10351990909090908,0.2991359090909091,0.08988538181818183
149,0.2529542,0.07502134,0.34148860000000003,0.1037598,0.299594,0.09014584
150,0.252451,0.07364447272727273,0.3399521818181819,0.10365681818181821,0.2949858181818181,0.08821244545454546
151,0.2526976,0.07314150000000001,0.33819899999999997,0.09989303999999999,0.29123540000000003,0.08519898
152,0.24734659999999997,0.07832941,0.30736220000000003,0.10267794000000001,0.27388310000000005,0.08873753
153,0.037540823636363636,0.08876314545454546,0.0633918563636364,0.09893800000000001,0.04620634181818183,0.09414685454545454
154,-0.026949799999999993,0.07827898181818184,0.008188413636363636,0.09862316363636361,-0.004585954545454546,0.09106167272727274
155,-0.029043580000000003,0.07961732000000002,0.009124758,0.1006288,-0.008187878,0.09121706
156,-0.02956391,0.07923738,0.010781854,0.10010981999999999,-0.009509269,0.08963166
157,-0.03607316363636364,0.08710965454545454,0.01297551818181818,0.10136418181818181,-0.011566177272727273,0.09426185454545455
158,-0.037636518181818186,0.0907911818181818,0.01396319090909091,0.10037514545454546,-0.011306772727272728,0.09572114545454546
159,-0.023260494000000003,0.09868168000000002,0.01758422,0.1034242,-0.0011749260000000002,0.10141906
160,-0.01654356,0.0929138,0.01819459,0.1081618,0.00123443636,0.100691
161,-0.015608363636363635,0.09851493636363635,0.01890563636363636,0.10602772727272729,0.001804697272727273,0.10233236363636364
162,-0.0158966,0.10226759999999999,0.01993714,0.1056978,0.00180664,0.1039828
163,-0.014878699999999996,0.10332545454545451,0.020360745454545456,0.10501236363636365,0.0024760881818181816,0.10416463636363636
164,-0.0137848,0.1024718,0.023153680000000003,0.10501120000000001,0.004193116,0.10371380000000001
165,-0.013588654545454546,0.10190527272727272,0.022634318181818183,0.10526763636363637,0.003957577272727272,0.1035489090909091
166,-0.014007580000000002,0.10085158000000001,0.0195923,0.10426339999999998,0.002694702,0.10257279999999999
167,-0.013996509090909093,0.09928754545454545,0.01627282727272727,0.10315499999999998,0.0017075963636363637,0.10130854545454544
168,-0.013735979999999998,0.10000916,0.016940280000000002,0.10330520000000001,0.0025726320000000005,0.10177320000000001
169,-0.015218581818181816,0.09861753636363636,0.018003981818181816,0.10451563636363638,0.0017450527272727273,0.10164854545454548
170,-0.01486208,0.09969483999999999,0.01919862,0.10176100000000002,0.0019989,0.10073846
171,-0.013316763636363632,0.10053332727272725,0.02159258181818182,0.09965657272727273,0.0040047400000000006,0.10011547272727274
172,-0.013854979999999998,0.1007844,0.021563699999999998,0.0996063,0.0035278319999999994,0.10022612000000002
173,-0.014550780000000003,0.1006868,0.019860819999999994,0.10278019999999999,0.0022460939999999997,0.10172099999999999
174,-0.016027272727272727,0.1009701818181818,0.01801091818181818,0.10794200000000002,0.001412129090909091,0.10456018181818182
175,-0.014910900000000005,0.1039978,0.01852112,0.1075166,0.002453614,0.1058382
176,-0.013017136363636366,0.10549800000000001,0.01994324545454546,0.10768672727272727,0.003591363636363636,0.1066189090909091
177,-0.01236878,0.1035554,0.020077519999999998,0.1063994,0.003829956,0.10498339999999999
178,-0.013026845454545456,0.10247663636363637,0.018965290909090906,0.10447836363636362,0.003355544545454545,0.10351400000000001
179,-0.014672860000000001,0.10151980000000002,0.01864012,0.10349720000000003,0.002005006,0.1025298
180,-0.016461463636363634,0.10227,0.01864761818181818,0.10250590909090908,0.001029272909090909,0.10240327272727273
181,-0.0176941,0.09912104,0.01686402,0.10089719999999999,1.9999999995978095e-11,0.10004575999999998
182,-0.016357418181818184,0.0968295,0.01797904545454546,0.10039309090909089,0.00026078652727272726,0.09856899090909091
183,-0.0157074,0.095578,0.01728208,0.09945067999999999,0.0006652831999999999,0.09751282000000001
184,-0.01723131818181818,0.09548254545454543,0.016070300000000003,0.09832487272727275,1.5258836363636373e-05,0.09696822727272729
185,-0.02080384,0.09691772,0.015014660000000003,0.10017102000000003,-0.0023345939999999997,0.0986084
186,-0.021176160000000003,0.09592131999999999,0.018850710000000003,0.09992224,4.730080000000003e-05,0.09805906
187,-0.020889263636363634,0.09470018181818181,0.019994554545454547,0.09878954545454545,0.001100022181818182,0.0969168909090909
188,-0.02222898,0.09364624,0.019055179999999998,0.09908751999999998,-0.00099487278,0.09645996
189,-0.02286321818181818,0.09163875454545453,0.017106472727272726,0.09944427272727273,-0.003165505454545454,0.09550476363636363
190,-0.02404478,0.09079592,0.01690672,0.09954532,-0.004663088,0.09495541999999998
191,-0.024468172727272728,0.0892430909090909,0.016634872727272727,0.09665333636363636,-0.005751175454545455,0.09263053636363637
192,-0.024765000000000002,0.08909609999999998,0.016336059999999996,0.095813,-0.00487671,0.09236448
193,-0.024298918181818178,0.09104503636363637,0.01702185454545455,0.09653959090909092,-0.004222521818181817,0.09374445454545453
194,-0.022885120000000002,0.09230959999999999,0.017587280000000004,0.09884336,-0.003201292,0.09550476
195,-0.022591354545454544,0.09351557272727273,0.018918136363636363,0.09970789999999999,-0.0016257546363636361,0.09666441818181819
196,-0.05291587,0.09612115000000002,-0.020222458,0.08994904,-0.0391723251,0.09476013
197,-0.19340220000000002,0.1131165,-0.1503052,0.07806701999999999,-0.16587839999999998,0.08913879999999999
198,-0.2081659090909091,0.11905036363636362,-0.1611022727272727,0.07881856363636364,-0.16941154545454548,0.08572941818181819
199,-0.2085809090909091,0.11742209090909088,-0.1589575454545455,0.07752850909090908,-0.1830776363636364,0.09691274545454545
200,-0.20488409999999999,0.11495030000000002,-0.1587677,0.07647704000000001,-0.1814421,0.09539184
201,-0.2032999090909091,0.11537727272727274,-0.15781881818181817,0.07664209999999999,-0.17988009090909093,0.09538131818181818
202,-0.2130952,0.11235798,-0.1620469,0.07118682999999999,-0.1821698,0.08805236000000001
203,-0.3493348,0.12063899999999998,-0.25727540000000004,0.04851684,-0.2633394000000001,0.05332642
204,-0.3699049090909092,0.12461027272727271,-0.27324890909090915,0.036069,-0.2839771818181818,0.04607323636363636
205,-0.3703141818181818,0.12357399999999998,-0.279362090909091,0.03979908181818182,-0.3415165454545455,0.09670325454545453
206,-0.3711228181818182,0.12097027272727273,-0.2786199090909091,0.04592756363636364,-0.33551163636363635,0.09175388181818182
207,-0.37107689999999993,0.11857720000000001,-0.2761305,0.05039213,-0.3337065,0.09149474
208,-0.3704527999999999,0.1183716,-0.275003,0.05095214,-0.33362119999999995,0.09209594
209,-0.3699202727272727,0.12050445454545455,-0.27666972727272726,0.04885866363636364,-0.3331618181818182,0.09194391818181818
210,-0.36914618181818176,0.12190809090909088,-0.2793494545454545,0.051369390909090915,-0.3310726363636364,0.09170255454545453
211,-0.3679764,0.12065409999999999,-0.280728,0.05124051,-0.3314317,0.09134064000000001
212,-0.36835818181818175,0.11963827272727273,-0.2803052727272728,0.04622721818181818,-0.3314000909090909,0.08846354545454545
213,-0.3704267272727273,0.11951672727272727,-0.28103490909090906,0.04626326363636364,-0.328297,0.08465159090909091
214,-0.3706667,0.1169083,-0.27991170000000004,0.0464615,-0.3286727,0.08401031
215,-0.3686188,0.11512139999999997,-0.2809416,0.044726560000000005,-0.32453,0.07940064
216,-0.3633782727272727,0.11026563636363639,-0.28155654545454545,0.046547618181818184,-0.3255363636363636,0.08054834545454544
217,-0.3612946,0.11186840000000002,-0.2822294,0.04864806,-0.326291,0.08361205999999999
218,-0.3616251818181819,0.11017954545454543,-0.27808054545454547,0.048499372727272734,-0.3247084545454545,0.08270402727272728
219,-0.3666492727272727,0.1270140909090909,-0.27474281818181817,0.04592340909090909,-0.3233931818181818,0.08846354545454543
220,-0.36613320000000005,0.1278548,-0.2734299,0.0462845,-0.32597960000000004,0.09211426999999998
221,-0.3627836363636364,0.12629718181818184,-0.2730142727272727,0.04773644545454545,-0.3228454545454546,0.09098814545454545
222,-0.35603209090909094,0.11633863636363634,-0.2719686363636364,0.04809155454545455,-0.3133351818181819,0.08140701818181818
223,-0.3527709,0.11081239999999999,-0.2706131,0.045075989999999996,-0.3155304,0.08073730999999999
224,-0.3541106363636364,0.11030563636363634,-0.2685047272727273,0.04043858181818182,-0.3169194545454545,0.07962451818181816
225,-0.3541963,0.11104299999999998,-0.26495199999999997,0.03783877000000001,-0.32179720000000006,0.08404998000000001
226,-0.35281636363636365,0.10831918181818184,-0.26147618181818183,0.04100174545454546,-0.3225597272727273,0.085821
227,-0.3510796363636364,0.1073120909090909,-0.2595241818181818,0.04621331818181818,-0.31212109090909085,0.08114488181818182
228,-0.35047900000000004,0.10765539999999998,-0.2587814,0.046243309999999996,-0.31059899999999996,0.08073118
229,-0.3504720909090908,0.10863136363636362,-0.25818009090909094,0.04474430909090909,-0.30962981818181823,0.08013082727272726
230,-0.3503065,0.10709830000000001,-0.25787200000000005,0.042233259999999995,-0.3066376,0.07634887000000001
231,-0.34907989999999994,0.10529789999999999,-0.2567169000000001,0.045022580000000006,-0.29569380000000006,0.07023161000000003
232,-0.3464079090909091,0.10807645454545453,-0.2591996363636364,0.051798054545454546,-0.2933780000000001,0.07362366363636363
233,-0.3418167,0.10646529999999998,-0.25936429999999994,0.05672912,-0.2942277,0.07763672999999999
234,-0.34211836363636355,0.10557290909090908,-0.25764454545454546,0.0565990090909091,-0.2953797272727273,0.07835388181818181
235,-0.3459914,0.104465,-0.25670469999999995,0.052627579999999986,-0.3027082,0.07923584
236,-0.34398172727272724,0.10296627272727271,-0.25796927272727277,0.049094472727272735,-0.30302690909090907,0.07714567272727273
237,-0.3451509,0.10397799999999999,-0.25682499999999997,0.04871674000000001,-0.30504159999999997,0.07870177999999999
238,-0.3453298181818182,0.10210472727272729,-0.2564059090909091,0.04628268181818182,-0.3091638181818182,0.07923888181818181
239,-0.34821459999999993,0.10244129999999999,-0.2527664,0.04448394000000001,-0.3061463,0.07670135
240,-0.35151790909090913,0.10298154545454546,-0.24838118181818178,0.04723428181818182,-0.3007994545454546,0.07537980909090908
241,-0.35349890000000006,0.10456539999999999,-0.2455841,0.04738463,-0.29759830000000004,0.07476808999999998
242,-0.3551344545454546,0.10470581818181818,-0.24298090909090905,0.046873618181818184,-0.2952021818181818,0.07364307272727272
243,-0.3562057,0.1030883,-0.24298529999999996,0.047872939999999996,-0.2864347,0.06893311000000002
244,-0.3567298181818182,0.10152927272727273,-0.24122754545454547,0.04732168181818181,-0.28626599999999996,0.06832054545454545
245,-0.3571199,0.10038446000000001,-0.2404848,0.04711609,-0.2917009,0.07034454000000001
246,-0.35794345454545445,0.09850102727272728,-0.23887645454545456,0.04691800000000001,-0.28903472727272733,0.0685175
247,-0.35805154545454543,0.09722621818181819,-0.23866136363636362,0.04799164545454546,-0.28689309090909093,0.06776980909090909
248,-0.35781850000000004,0.0972259,-0.23622749999999998,0.04537965,-0.2852234,0.06614225
249,-0.35213263636363634,0.09891437272727276,-0.23568990909090912,0.045025909090909096,-0.28594427272727274,0.06810275454545454
250,-0.3534195,0.09682009,-0.24761059999999996,0.04331207,-0.29061430000000005,0.06495513
251,-0.3573843636363636,0.05894888363636363,-0.2532418181818181,0.012556581818181822,-0.2996979090909091,0.03407288181818183
252,-0.3464981,-0.03844909,-0.2586991,-0.10798958,-0.32512370000000007,-0.05145873000000001
253,-0.3500352727272728,-0.042297381818181816,-0.27085590909090906,-0.12084554545454546,-0.34736354545454545,-0.0447915
254,-0.3471984,-0.046469119999999996,-0.2687454,-0.11692640000000001,-0.3051986,-0.08470306000000002
255,-0.34336163636363637,-0.047911199999999994,-0.2662826363636364,-0.11550490909090909,-0.30704290909090903,-0.0802543
256,-0.3444611000000001,-0.046522520000000005,-0.26267399999999996,-0.11662740000000002,-0.30515900000000007,-0.08074951
257,-0.3475327272727273,-0.040249881818181815,-0.2613288181818182,-0.08701949999999999,-0.3297104545454545,-0.0514041181818182
258,-0.35224763636363643,-0.04011258181818182,-0.2541461818181819,-0.07912514545454545,-0.32529536363636374,-0.05092552727272726
259,-0.3544404,-0.04365996,-0.2549532,-0.08265536,-0.30157459999999997,-0.06463012
260,-0.35505681818181817,-0.045240918181818184,-0.25693163636363636,-0.08676979090909093,-0.31076636363636356,-0.06428389090909091
261,-0.3554963,-0.04408111999999999,-0.2581131,-0.08989867,-0.3091951,-0.06619568
262,-0.35843490000000006,-0.04258117,-0.26162550000000007,-0.09061279,-0.3077865000000001,-0.06804352
263,-0.36531763636363634,-0.040299863636363634,-0.26715227272727265,-0.08923756363636363,-0.3162355454545454,-0.06513006363636363
264,-0.3662747272727272,-0.041266709090909084,-0.26847563636363636,-0.09113800000000002,-0.3206178181818182,-0.06492336363636363
265,-0.3667191,-0.04124449999999999,-0.26845379999999996,-0.09069213000000001,-0.32411629999999997,-0.06301574000000001
266,-0.36894081818181823,-0.04294793636363636,-0.26809127272727273,-0.08786010909090908,-0.3394137272727273,-0.056488045454545464
267,-0.3702103,-0.044776920000000005,-0.2688094,-0.09352569000000001,-0.3481612,-0.055639650000000006
268,-0.3673318181818182,-0.049140236363636375,-0.2728381818181818,-0.08971475454545456,-0.3398299090909091,-0.06116414545454543
269,-0.3664962,-0.04976043999999999,-0.2660538,-0.08957978,-0.3281037,-0.06525117
270,-0.3663398181818182,-0.049772790909090904,-0.2638272727272727,-0.0907343,-0.3303072727272727,-0.06450583636363637
271,-0.36500710000000003,-0.05049134000000001,-0.2621522,-0.09201662,-0.3350512,-0.06286926999999999
272,-0.3635803,-0.05006103999999999,-0.26170789999999994,-0.09276429,-0.33051010000000003,-0.06421509999999998
273,-0.3622005454545454,-0.0489182909090909,-0.2611139090909091,-0.09052067272727272,-0.31715263636363633,-0.06773792727272726
274,-0.36292889999999994,-0.04937593,-0.2603529000000001,-0.08733674,-0.3085755,-0.06979676
275,-0.36309681818181827,-0.05079928181818182,-0.2609640909090909,-0.08901006363636364,-0.31072027272727276,-0.07069119090909091
276,-0.35936269999999987,-0.04752806,-0.26159519999999997,-0.08869476,-0.3122209,-0.06767273
277,-0.36092163636363633,-0.04716630909090909,-0.261643909090909,-0.09163181818181818,-0.3152549090909091,-0.06795435454545455
278,-0.36010729999999996,-0.04453886,-0.26109780000000005,-0.09800265,-0.30791040000000003,-0.0731369
279,-0.36129429999999996,-0.045993030000000004,-0.25210730000000003,-0.099826,-0.3037689999999999,-0.07477418000000001
280,-0.36090654545454554,-0.047357736363636375,-0.24966981818181821,-0.10036679999999999,-0.3017634545454545,-0.07598463636363637
281,-0.3627992000000001,-0.04905852000000001,-0.25138390000000005,-0.09885257,-0.30476380000000003,-0.07541503000000001
282,-0.3652747272727273,-0.04831069090909091,-0.25562209090909094,-0.09673100000000003,-0.3108325454545455,-0.07274141818181819
283,-0.3646012999999999,-0.04845275,-0.2567077,-0.09777222999999999,-0.3134842,-0.07217255999999998
284,-0.36280427272727267,-0.04948841818181818,-0.25938,-0.09419388181818182,-0.31852581818181813,-0.06895586363636363
285,-0.3559355999999999,-0.04298094,-0.26072090000000003,-0.09474336000000001,-0.3086014,-0.06905214
286,-0.3549847272727273,-0.042098981818181815,-0.2639061818181818,-0.09486805454545454,-0.3061398181818182,-0.07075083636363635
287,-0.3541902,-0.04239500999999999,-0.26431289999999996,-0.09457548,-0.31048590000000004,-0.06813354
288,-0.3569045454545454,-0.04349308181818182,-0.26382454545454537,-0.09565735454545453,-0.3177824545454545,-0.06577925454545454
289,-0.3539831818181817,-0.0444558,-0.26463045454545453,-0.09596255454545453,-0.3083134545454545,-0.07121692727272727
290,-0.34958199999999995,-0.04476624,-0.2655608,-0.09607542,-0.29959719999999995,-0.075589
291,-0.3458015454545454,-0.04422829090909091,-0.2645543636363636,-0.09417723636363635,-0.30221145454545456,-0.07133346363636363
292,-0.34451580000000004,-0.04522247,-0.2614532,-0.09415588000000001,-0.30114279999999993,-0.07108309
293,-0.3462843,-0.04440001,-0.25981,-0.09384462,-0.30229490000000003,-0.06987610000000001
294,-0.3472841818181818,-0.04392034545454545,-0.25947300000000006,-0.09368203636363637,-0.2960662727272727,-0.07323387272727273
295,-0.35237740000000006,-0.04294737,-0.2602812,-0.09431153,-0.2994233,-0.07275543000000001
296,-0.3553784545454546,-0.042674672727272725,-0.26227245454545456,-0.09627189090909093,-0.31022063636363634,-0.06905016363636363
297,-0.3529237,-0.04345247,-0.26278070000000003,-0.09530335999999999,-0.3030883999999999,-0.07246704
298,-0.3498439090909091,-0.042447172727272726,-0.2613416363636364,-0.09562267272727273,-0.29296181818181816,-0.07695841818181817
299,-0.35031681818181815,-0.04206016363636363,-0.26165209090909086,-0.09670601818181818,-0.2973993636363637,-0.07508986363636364
300,-0.3558409,-0.042503360000000004,-0.26132659999999996,-0.09688569,-0.305945,-0.07159578999999999
301,-0.35590979999999994,-0.04308166,-0.2614397,-0.09894713,-0.3064623000000001,-0.07271728999999999
302,-0.34890154545454544,-0.04559464545454546,-0.2640670909090909,-0.10068989090909092,-0.30445736363636366,-0.07474171818181818
303,-0.3452942,-0.14745317,-0.27213579999999993,-0.174823,-0.28965769999999996,-0.16468038999999998
304,-0.3348653636363637,-0.21980709090909098,-0.26947018181818183,-0.23868772727272727,-0.2918826363636363,-0.23270218181818186
305,-0.3313765,-0.2207382,-0.2676086999999999,-0.2372942,-0.2995377,-0.22908930000000005
306,-0.3277962727272728,-0.22065463636363633,-0.26450718181818184,-0.23482299999999998,-0.2839731818181818,-0.23061027272727275
307,-0.32855519999999994,-0.2226865,-0.2631471,-0.2337447,-0.2892214,-0.22949670000000005
308,-0.3283538181818182,-0.22751827272727276,-0.2634375454545455,-0.2328227272727273,-0.2931864545454546,-0.23054918181818176
309,-0.3308166,-0.22847600000000004,-0.26527080000000003,-0.23200380000000004,-0.29550780000000004,-0.2305298
310,-0.3309313,-0.22830670000000003,-0.2668458,-0.23069310000000004,-0.2964264999999999,-0.2297272
311,-0.33038463636363635,-0.22660409090909092,-0.26718145454545456,-0.2342834545454546,-0.2966418181818181,-0.23077527272727275
312,-0.3293191818181818,-0.2267525454545454,-0.26652945454545457,-0.2374379090909091,-0.303417,-0.2312829090909091
313,-0.3283048,-0.22661120000000007,-0.26653460000000007,-0.24110719999999994,-0.30398240000000004,-0.23248579999999994
314,-0.3291658,-0.22445379999999998,-0.26643820000000007,-0.24398340000000002,-0.29641899999999993,-0.2348646
315,-0.3282915454545454,-0.22411418181818182,-0.26971981818181817,-0.24526272727272727,-0.2737537272727273,-0.24391045454545457
316,-0.3330399,-0.223068,-0.27263950000000003,-0.24518140000000002,-0.2736785,-0.2448042
317,-0.33758381818181815,-0.2191507272727273,-0.2746469999999999,-0.24585781818181818,-0.29494427272727275,-0.23729481818181816
318,-0.3393495999999999,-0.21812120000000004,-0.27575379999999994,-0.24635640000000003,-0.30280139999999994,-0.23459460000000001
319,-0.34017954545454543,-0.21997072727272735,-0.27662363636363635,-0.24627545454545458,-0.3071315454545454,-0.23387845454545458
320,-0.3384734,-0.2215912,-0.27904979999999996,-0.2436338,-0.30225519999999995,-0.2351622
321,-0.3393720909090909,-0.22334581818181817,-0.27828427272727274,-0.24389363636363637,-0.2957333636363636,-0.23817581818181816
322,-0.3385864,-0.22563780000000003,-0.2815796,-0.2394226,-0.3006926,-0.235135
323,-0.3416027272727273,-0.22372581818181816,-0.2848773636363636,-0.2346521818181819,-0.30550472727272726,-0.2307779090909091
324,-0.3429414,-0.2220552,-0.284741,-0.23505539999999997,-0.3182252,-0.227713
325,-0.34227927272727277,-0.2227601818181818,-0.28464427272727266,-0.23763063636363632,-0.3164990909090909,-0.2295683636363636
326,-0.3400208,-0.2237698,-0.2844942,-0.2411102,-0.30971360000000003,-0.23336800000000002
327,-0.3354532727272727,-0.22479945454545458,-0.28701509090909094,-0.240101,-0.30880490909090913,-0.23333472727272733
328,-0.33755519999999994,-0.23028260000000006,-0.285196,-0.24313960000000004,-0.3062438,-0.23791819999999997
329,-0.34066159999999995,-0.22808219999999996,-0.2807738000000001,-0.24522700000000003,-0.304837,-0.2385072
330,-0.34053327272727274,-0.22578281818181825,-0.2791028181818182,-0.24375800000000003,-0.31160927272727273,-0.23439581818181818
331,-0.341043,-0.2241182,-0.2793334,-0.2398408,-0.3193022,-0.22976980000000005
332,-0.34270845454545457,-0.22389072727272727,-0.2795770909090909,-0.24107227272727275,-0.3190112727272727,-0.2304759090909091
333,-0.3441468,-0.22489619999999996,-0.27890919999999997,-0.2396698,-0.31616220000000006,-0.23139379999999998
334,-0.3432048181818182,-0.2244346363636364,-0.2775353636363636,-0.24243863636363638,-0.31321445454545455,-0.23292827272727276
335,-0.34071039999999997,-0.22588519999999995,-0.2749296,-0.24055799999999997,-0.3089019999999999,-0.23317279999999996
336,-0.3396927272727273,-0.22461072727272724,-0.27424618181818183,-0.24010827272727273,-0.2935901818181818,-0.2356759090909091
337,-0.33839420000000003,-0.22457580000000005,-0.27267139999999995,-0.24049379999999995,-0.29079599999999994,-0.23610219999999998
338,-0.3388602727272727,-0.22553481818181817,-0.27247899999999997,-0.24466090909090907,-0.2819406363636363,-0.2420350909090909
339,-0.33650519999999995,-0.225055,-0.2714874,-0.2470612,-0.2819886,-0.24349360000000003
340,-0.3329343636363636,-0.22501727272727273,-0.27219336363636365,-0.24827309090909086,-0.30018072727272727,-0.2377512727272727
341,-0.33059700000000003,-0.22311080000000003,-0.2776796,-0.24558699999999994,-0.293692,-0.23901979999999998
342,-0.32964118181818186,-0.22286436363636364,-0.278147,-0.2440780909090909,-0.2826277272727273,-0.24229681818181817
343,-0.32958380000000004,-0.2224516,-0.27336119999999997,-0.2412384,-0.28276960000000007,-0.23817760000000004
344,-0.3335959090909091,-0.22404209090909089,-0.27260518181818183,-0.2435481818181819,-0.29181045454545457,-0.23756545454545455
345,-0.3321046,-0.2240236,-0.27195439999999993,-0.24344479999999996,-0.2975648,-0.23533619999999997
346,-0.3298437272727273,-0.22465372727272725,-0.2689072727272727,-0.2438272727272727,-0.29630081818181825,-0.23537936363636358
347,-0.32892140000000003,-0.22506099999999996,-0.2680116,-0.24673160000000002,-0.29182139999999995,-0.23850699999999997
348,-0.33167499999999994,-0.2252501818181818,-0.2687822727272727,-0.24707045454545454,-0.28254709090909097,-0.24243709090909096
349,-0.3304108,-0.2263,-0.26623220000000003,-0.25113519999999995,-0.29014899999999993,-0.2420686
350,-0.3298215454545454,-0.22577863636363638,-0.2637190909090909,-0.2500386363636364,-0.3067320909090909,-0.23445418181818178
351,-0.3015777999999999,-0.22352280000000008,-0.2539244,-0.24393920000000002,-0.2877683999999999,-0.23095400000000002
352,-0.06492058909090909,-0.21955599999999997,-0.048565976363636375,-0.21883754545454545,-0.054200575454545444,-0.21552227272727273
353,-0.017294300000000002,-0.19766539999999996,0.019223040000000004,-0.2086732,-0.005776964,-0.19933759999999995
354,-0.01710371818181818,-0.1987570909090909,0.020571618181818182,-0.21316536363636363,-0.0035816572727272737,-0.20363809090909094
355,-0.0175415,-0.19801039999999998,0.0221466,-0.2141266,0.0030487059999999996,-0.2063782
356,-0.017803979999999997,-0.19944740000000002,0.023730479999999998,-0.21444100000000002,0.0034454360000000005,-0.207187
357,-0.01617571818181818,-0.20097227272727275,0.023886918181818186,-0.21459136363636364,0.00499101090909091,-0.2082171818181818
358,-0.01776537272727273,-0.20169336363636364,0.023978500000000003,-0.21495345454545456,0.002688320909090909,-0.2082659090909091
359,-0.016819760000000003,-0.2022154,0.023623649999999996,-0.21132670000000003,0.0014495846999999999,-0.2062654
360,-0.0145508,-0.20192559999999998,0.0241272,-0.20659799999999998,0.005844117999999999,-0.204413
361,-0.01612159090909091,-0.20214581818181818,0.02348465454545455,-0.2055790909090909,0.0036829190909090912,-0.20390336363636363
362,-0.015917960000000002,-0.20362240000000004,0.024310319999999996,-0.20738220000000002,0.0037902820000000003,-0.2054932
363,-0.014214254545454547,-0.2055371818181818,0.021043263636363635,-0.20983336363636365,0.002836745454545455,-0.20765399999999998
364,-0.0157959,-0.2071898,0.01985474,-0.208093,0.0006988517999999997,-0.20764139999999998
365,-0.01649475454545454,-0.20836572727272726,0.01775568181818182,-0.206285,-0.00017755672727272725,-0.20741136363636362
366,-0.01743624,-0.20753780000000002,0.017607130000000002,-0.2050323,-0.0007553108800000001,-0.2063871
367,-0.016938636363636364,-0.20818009090909093,0.01711341818181818,-0.20256027272727276,-0.0010944721818181816,-0.20559954545454548
368,-0.017381136363636362,-0.20800509090909095,0.014153236363636362,-0.20067254545454546,-0.001892090909090909,-0.20442599999999997
369,-0.01913148,-0.20896619999999996,0.01394805,-0.1989607,-0.004542542000000001,-0.2045913
370,-0.022057263636363636,-0.2093879090909091,0.012616235454545455,-0.19894545454545456,-0.0074781936363636356,-0.2050254545454545
371,-0.020940618181818183,-0.208711,0.011190244545454543,-0.19869454545454548,-0.005724822727272727,-0.20399900000000004
372,-0.019589249999999996,-0.20803839999999996,0.01261138,-0.19899289999999997,-0.005052186,-0.2039859
373,-0.018467281818181816,-0.20737681818181813,0.014959181818181818,-0.19915636363636366,-0.00503539909090909,-0.20408500000000004
374,-0.018870981818181823,-0.2079771818181818,0.0168388,-0.20215809090909093,-0.0034706800000000007,-0.2055386363636364
375,-0.016993719999999997,-0.20558330000000002,0.018426520000000002,-0.20323789999999997,0.0013946529999999998,-0.2043947
376,-0.0166293,-0.20626845454545453,0.01883072727272727,-0.20509336363636363,0.0015674954545454546,-0.20569672727272728
377,-0.015605170000000002,-0.2043332,0.0197586,-0.2041962,0.001280212,-0.20430600000000002
378,-0.016586309090909093,-0.20369927272727273,0.018968063636363636,-0.20520845454545455,9.571427272727276e-05,-0.2044441818181818
379,-0.016543590000000004,-0.20264930000000003,0.01671906,-0.2049257,-0.0008666998999999999,-0.2037535
380,-0.017121718181818183,-0.20316790909090907,0.016834627272727273,-0.20394890909090913,-0.0008794624727272728,-0.203566
381,-0.017630009999999995,-0.2025376,0.01953429,-0.2016985,0.0016677858800000001,-0.20215740000000001
382,-0.01844091818181818,-0.20321654545454548,0.023089336363636363,-0.20285736363636364,0.0029740763636363645,-0.2030737272727273
383,-0.018399318181818183,-0.20315827272727274,0.023196136363636363,-0.20346918181818185,0.0017714072727272724,-0.2033554545454545
384,-0.018743920000000004,-0.2029024,0.023135360000000004,-0.20213020000000004,0.0018402120000000001,-0.20255720000000005
385,-0.018769699999999997,-0.2032389090909091,0.023459700000000003,-0.2018876363636364,0.0012720267272727274,-0.2026339090909091
386,-0.01948242,-0.2034424,0.025622539999999992,-0.2017366,0.0012969960000000001,-0.20270380000000002
387,-0.01890980909090909,-0.20575372727272725,0.02899308181818181,-0.20330118181818177,0.004200328181818182,-0.20462845454545456
388,-0.018440972727272728,-0.205128,0.027944381818181818,-0.20520027272727273,0.003118341818181818,-0.2052267272727273
389,-0.01892091,-0.20504770000000003,0.02628783,-0.20330789999999993,0.0020858759999999995,-0.2042953
390,-0.0199402,-0.20478380000000004,0.024946609999999998,-0.20364100000000004,0.001768492,-0.20428459999999998
391,-0.01980452727272727,-0.20370327272727273,0.025874754545454546,-0.20316390909090903,0.0026813863636363632,-0.20349399999999998
392,-0.0196436,-0.20297245454545454,0.02747276363636363,-0.20438599999999998,0.004239168181818181,-0.20374918181818183
393,-0.01817933,-0.2031587,0.02733002,-0.20564269999999998,0.005050658,-0.20447710000000002
394,-0.01810663636363636,-0.20125672727272728,0.02535596363636364,-0.20797154545454546,0.003660722727272727,-0.20465200000000003
395,-0.01562638181818182,-0.20137445454545455,0.024247618181818184,-0.20761681818181818,0.004343206363636363,-0.20454400000000003
396,-0.015347269999999996,-0.2030306,0.02356873,-0.20965580000000003,0.005377197,-0.2065966
397,-0.015054309999999998,-0.20356749999999996,0.023475640000000002,-0.21183480000000002,0.005160522999999999,-0.20794800000000002
398,-0.0181663,-0.20508099999999996,0.02325577272727273,-0.21187672727272727,0.004461115454545454,-0.20883736363636363
399,-0.01856234,-0.20662689999999997,0.022891210000000002,-0.2115371,0.004661559000000001,-0.20942080000000002
400,-0.018668463636363635,-0.2101830909090909,0.022173799999999997,-0.21056009090909097,0.000689419909090909,-0.21045754545454545
401,-0.01503294,-0.21240069999999997,0.02205505,-0.2134613,0.0042068481,-0.2129518
402,0.1419525,-0.21732827272727276,0.16108294545454546,-0.20341363636363632,0.14746104545454547,-0.21196118181818183
403,0.2535078,-0.21824500000000002,0.27061770000000007,-0.1873687,0.2599335,-0.20545960000000005
404,0.25098618181818183,-0.2148173636363636,0.26687609090909087,-0.19196400000000002,0.25739218181818174,-0.20614472727272723
405,0.2524454545454546,-0.21345381818181822,0.26996136363636364,-0.18864427272727272,0.26026645454545455,-0.20242318181818184
406,0.25296620000000003,-0.21154170000000003,0.27293229999999996,-0.18878160000000002,0.2616076,-0.2017364
407,0.2574281,-0.2089937,0.2762069,-0.1873762,0.2639572,-0.2015535
408,0.2598768181818181,-0.20832981818181817,0.2808351818181818,-0.188195,0.26609245454545455,-0.20245354545454547
409,0.2612763636363636,-0.20766090909090912,0.2901650909090909,-0.18610463636363636,0.27335145454545456,-0.19870827272727268
410,0.2638993,-0.2061204,0.2882751,-0.18517300000000003,0.2736069,-0.1978424
411,0.2646301818181818,-0.2043180909090909,0.2879486363636363,-0.18579109090909093,0.27329463636363643,-0.1974959090909091
412,0.2659655,-0.2011552,0.2867584999999999,-0.18875740000000002,0.2724151,-0.19728099999999998
413,0.266872,-0.19938654545454543,0.29017090909090903,-0.18786909090909096,0.27472209090909083,-0.1955428181818182
414,0.2663972,-0.19978619999999997,0.29164140000000005,-0.18869930000000001,0.2774063,-0.19499060000000001
415,0.2675850909090909,-0.1990162727272727,0.29266636363636367,-0.18750127272727274,0.2776916363636364,-0.19439699999999996
416,0.26977070000000003,-0.19879159999999998,0.2921097,-0.1895875,0.27802119999999997,-0.1954192
417,0.2697586363636364,-0.19591581818181816,0.29206990909090913,-0.18669145454545452,0.2793080909090909,-0.19198454545454544
418,0.2689651,-0.2000931,0.29090879999999997,-0.1902816,0.2798509,-0.19524380000000002
419,0.26711345454545454,-0.20077109090909087,0.2906604545454546,-0.1905060909090909,0.27719254545454547,-0.19639727272727275
420,0.2644043636363636,-0.20046027272727276,0.2904122727272727,-0.1895101818181818,0.2732472727272728,-0.19677172727272724
421,0.26335719999999996,-0.19995559999999998,0.2900545,-0.1878111,0.27465979999999995,-0.19487159999999998
422,0.26284949999999996,-0.19890580000000002,0.28866729999999996,-0.1876603,0.27567610000000004,-0.19335940000000001
423,0.2608904545454545,-0.2015589090909091,0.2874409090909091,-0.18787700000000002,0.2729241818181818,-0.19541927272727275
424,0.2592194,-0.2028504,0.2869903000000001,-0.18728339999999996,0.26818569999999997,-0.19790190000000002
425,0.25890199999999997,-0.2031051,0.28778989999999993,-0.18404679999999998,0.2681974,-0.19697410000000004
426,0.2582257272727273,-0.20256609090909092,0.2873799090909091,-0.1823340909090909,0.26987381818181816,-0.19458154545454542
427,0.25927863636363635,-0.19870681818181815,0.28428500000000007,-0.18445381818181816,0.2698447272727273,-0.19271400000000002
428,0.25991980000000003,-0.1993913,0.28352510000000003,-0.18719310000000006,0.27110449999999997,-0.19364769999999998
429,0.25805200000000006,-0.20070819999999995,0.2830016,-0.18607320000000002,0.269673,-0.19394679999999997
430,0.2538649090909091,-0.2023233636363636,0.282962,-0.1825771818181818,0.26797899999999997,-0.19280172727272726
431,0.252609,-0.20248880000000002,0.28174740000000004,-0.1810164,0.267299,-0.1917328
432,0.25454,-0.2022178181818182,0.2820392727272728,-0.1840528181818182,0.26584963636363645,-0.19470227272727272
433,0.2551545,-0.20311430000000003,0.2836564,-0.18795630000000002,0.26333310000000004,-0.19879309999999997
434,0.2527673636363636,-0.21008436363636368,0.2862105454545454,-0.192265,0.2652200909090909,-0.20353272727272725
435,0.25003829999999994,-0.2104966,0.29184860000000007,-0.19325399999999998,0.2694518,-0.2025665
436,0.2491483636363636,-0.21064745454545453,0.2880927272727272,-0.19323436363636362,0.26663209090909096,-0.2029307272727273
437,0.24872309999999995,-0.20917349999999998,0.2865892,-0.1910493,0.2621752,-0.20277879999999998
438,0.25198654545454546,-0.2076250909090909,0.28633563636363635,-0.18995527272727267,0.2641309090909091,-0.20142427272727267
439,0.251265,-0.20850050000000003,0.2906067,-0.19024219999999997,0.2655303,-0.20182950000000002
440,0.2505909090909091,-0.20940463636363635,0.28873081818181817,-0.19495463636363636,0.26428918181818184,-0.20425145454545454
441,0.249141,-0.20929879999999995,0.2872177,-0.1947007,0.2647567,-0.2033419
442,0.24885000000000002,-0.20895818181818185,0.2848801818181818,-0.1931568181818182,0.2629172727272728,-0.20286145454545457
443,0.2484452,-0.20865499999999998,0.2831163,-0.19350130000000004,0.2617262,-0.20290999999999998
444,0.24843109090909096,-0.2096543636363637,0.2822836363636364,-0.19527800000000003,0.2629240909090909,-0.20353418181818184
445,0.2490249,-0.21000960000000002,0.28074189999999993,-0.19786539999999997,0.262004,-0.20506270000000004
446,0.2492692,-0.21129309999999996,0.2820358,-0.2001405,0.2624665,-0.20681159999999998
447,0.2506490909090909,-0.21337763636363638,0.2840271818181818,-0.20059636363636368,0.2647982727272727,-0.20797445454545455
448,0.24984290000000003,-0.21302339999999997,0.28715060000000003,-0.20431980000000002,0.2626511,-0.21010749999999997
449,0.25085290909090907,-0.20927272727272728,0.2906702727272727,-0.19189181818181822,0.26304872727272727,-0.20397645454545454
450,0.2519623000000001,-0.20898280000000002,0.2923554,-0.19134069999999997,0.2681045,-0.20201259999999993
451,0.2532529090909091,-0.20868600000000004,0.29020690909090907,-0.19128427272727275,0.2702498181818182,-0.20058645454545457
452,0.2744519999999999,-0.11790756000000002,0.31763440000000004,-0.07480326999999999,0.2817,-0.10979927
453,0.27316409090909083,-0.07360421818181818,0.33542563636363637,-0.02765722727272727,0.2735181818181819,-0.07337535454545453
454,0.27121419999999996,-0.07890623999999999,0.34067529999999996,-0.036395279999999995,0.2996279,-0.06197512000000001
455,0.26881136363636365,-0.07842741818181818,0.34145554545454543,-0.038352281818181816,0.301271,-0.060731363636363646
456,0.2679657,-0.07818909,0.3409178,-0.035754390000000004,0.29383079999999995,-0.06334682999999999
457,0.2689558181818183,-0.07745776363636364,0.34626918181818184,-0.02911237272727273,0.29845227272727276,-0.05927623636363637
458,0.2698212,-0.07674863999999999,0.34974360000000004,-0.025106799999999995,0.2884704,-0.06490172
459,0.269783,-0.07575530999999999,0.34528369999999997,-0.023600760000000002,0.27948590000000006,-0.06926269
460,0.26582481818181825,-0.07697367272727274,0.33679736363636364,-0.024193490909090908,0.2721529090909091,-0.07236966363636363
461,0.26255545454545454,-0.0729703,0.3354868181818182,-0.01881821818181818,0.26547518181818186,-0.0708521090909091
462,0.2600312,-0.07583921999999998,0.3382722,-0.022296119999999996,0.26463939999999997,-0.07274169999999999
463,0.2576203,-0.07742463999999999,0.3350176000000001,-0.02294312,0.26645360000000007,-0.07133178000000001
464,0.25472354545454545,-0.0778225909090909,0.3356585454545455,-0.021033545454545454,0.2709988181818182,-0.06666286363636363
465,0.2554548,-0.07715911,0.33136580000000004,-0.022814910000000004,0.2721437,-0.06546020000000001
466,0.2558163636363636,-0.0765686090909091,0.3329175454545455,-0.02670565454545454,0.2753228181818182,-0.06418677272727273
467,0.259021,-0.07088164,0.3331498,-0.027943420000000004,0.2897705,-0.053280629999999995
468,0.26150109090909096,-0.06611355454545453,0.3309659090909091,-0.033072727272727274,0.292773,-0.051429072727272734
469,0.2637709,-0.06554870999999998,0.33182370000000005,-0.03524322,0.28380890000000003,-0.05653991999999999
470,0.2631848181818182,-0.06348209999999999,0.3328205454545454,-0.0318534090909091,0.2666430909090909,-0.06195623636363636
471,0.26325699999999996,-0.06358948,0.33282160000000005,-0.03049622,0.2687254,-0.06103212
472,0.2612719090909091,-0.06429777272727275,0.3283315454545455,-0.02844240000000001,0.2689540909090909,-0.06029026363636363
473,0.2619748,-0.058169540000000006,0.32967840000000004,-0.03460998,0.2661806,-0.05675352
474,0.2639188181818182,-0.055931781818181814,0.3150440909090909,-0.03612035454545455,0.26625209090909097,-0.055096690909090903
475,0.26657719999999996,-0.056210320000000015,0.31453240000000005,-0.035009759999999994,0.2702026,-0.054638679999999995
476,0.2672577,-0.05567169000000001,0.31678910000000005,-0.03785861,0.27362990000000004,-0.05339202
477,0.26709663636363634,-0.05819008181818182,0.3184370909090909,-0.03870878181818182,0.27358736363636366,-0.05576117272727272
478,0.266553,-0.06117941818181818,0.32051081818181815,-0.037328545454545455,0.27484281818181816,-0.05754369090909091
479,0.2652374,-0.06057739999999999,0.320511,-0.03188782,0.27440799999999993,-0.05587462000000001
480,0.2631976,-0.06006467,0.3231477,-0.03404998000000001,0.273111,-0.055764760000000003
481,0.2647997272727273,-0.05464033636363637,0.3281139090909091,-0.034576409090909095,0.28407563636363636,-0.04878235454545454
482,0.2625092,-0.04866639,0.3284163,-0.03603362,0.28167130000000007,-0.045060739999999995
483,0.2639366363636363,-0.051046209090909095,0.3292901818181818,-0.03856034545454546,0.2793313636363636,-0.0483218
484,0.26489860000000004,-0.054092419999999995,0.32804559999999994,-0.04083557,0.2753099,-0.05194551000000001
485,0.264948,-0.05511335454545454,0.32818318181818185,-0.0420338,0.2773757272727273,-0.05258176363636364
486,0.2629687,-0.05767519,0.3268996,-0.04243315999999999,0.2804944,-0.05356596000000001
487,0.26224327272727277,-0.06469727272727271,0.33130445454545454,-0.045121627272727276,0.27220300000000003,-0.06195899999999999
488,0.26314100000000007,-0.06641540000000001,0.3251524,-0.04874270000000001,0.26531380000000004,-0.06581118
489,0.2635596363636364,-0.06804031818181819,0.319852,-0.052946618181818166,0.2673059090909091,-0.06707899999999999
490,0.26346759999999997,-0.06957702,0.3102814,-0.04524228,0.27124640000000005,-0.06562500000000002
491,0.2613066363636363,-0.06746326363636365,0.30697763636363634,-0.04425188181818182,0.27033163636363633,-0.0629743909090909
492,0.2601988,-0.0643219,0.3026764,-0.05220334,0.26386740000000003,-0.06326906000000002
493,0.259204,-0.0681193909090909,0.30509818181818177,-0.054283836363636366,0.2633208181818182,-0.06689175454545455
494,0.25675380000000003,-0.07117615999999999,0.30509320000000006,-0.053149440000000006,0.2587952,-0.07043456000000001
495,0.255803909090909,-0.0748595909090909,0.3056598181818182,-0.052452799999999994,0.2561810909090909,-0.07469871818181818
496,0.2549256,-0.07176513999999999,0.2923312,-0.049185179999999995,0.2560822,-0.07109072000000001
497,0.25663063636363637,-0.07407864545454547,0.2933917272727273,-0.04877265454545455,0.2613580909090909,-0.07068148181818185
498,0.25711680000000003,-0.07378236,0.2936523999999999,-0.0453949,0.261566,-0.07037964
499,0.2564351818181818,-0.07559899090909093,0.2985270909090909,-0.04072571818181818,0.26328490909090907,-0.07001704545454546
500,0.25507799999999997,-0.07518004,0.30175760000000007,-0.042895499999999996,0.26700739999999995,-0.0670288
501,0.25522127272727274,-0.07854116363636364,0.29760590909090917,-0.0448761,0.26729654545454545,-0.06901688181818182
502,0.2574036,-0.07597351999999999,0.30310059999999994,-0.03666382,0.2728912,-0.06217347999999999
503,0.2839895454545454,0.06537836181818182,0.3460734545454546,0.09266664545454546,0.2945878181818182,0.06987272
504,0.2857528,0.10193201,0.33909790000000006,0.13332360000000001,0.30336319999999994,0.11207550000000002
505,0.2823626363636364,0.1020090909090909,0.341271,0.12950699999999998,0.309924,0.11470736363636366
506,0.28157190909090907,0.10121581818181818,0.3426998181818181,0.1311229090909091,0.31467072727272727,0.11739145454545453
507,0.28023679999999995,0.10029459999999998,0.34346309999999997,0.1277667,0.3154204,0.11555950000000001
508,0.28089772727272727,0.09824577272727274,0.343224,0.12480709090909091,0.31785572727272726,0.11399854545454548
509,0.2794524,0.09528502000000001,0.34327080000000004,0.12210379999999998,0.3143676,0.109955
510,0.28067963636363635,0.09339763636363636,0.34469872727272727,0.12166654545454549,0.31425490909090914,0.10820145454545455
511,0.2806092,0.09346923999999998,0.3466126,0.12563200000000002,0.3165983999999999,0.11097700000000002
512,0.27927354545454547,0.09058727272727272,0.34816972727272727,0.12748309090909093,0.3165061818181818,0.11046927272727274
513,0.28005379999999996,0.09036864,0.3485810000000001,0.12626340000000003,0.3160337999999999,0.109186
514,0.27889318181818185,0.09044855454545453,0.34922372727272727,0.12361272727272726,0.31404809090909097,0.10699454545454544
515,0.2769562,0.09143068,0.34835819999999995,0.1231994,0.31106860000000003,0.10658559999999999
516,0.27479136363636364,0.0893305,0.3485397272727273,0.12431054545454544,0.31240990909090915,0.107133
517,0.27458820000000006,0.08810424,0.3488556,0.12276919999999998,0.31221620000000005,0.10562739999999997
518,0.27409100000000003,0.08567393636363638,0.3491434545454546,0.12089654545454544,0.31195609090909093,0.10340490909090909
519,0.2726256,0.08736268,0.3495178,0.1266114,0.3110046000000001,0.10689980000000002
520,0.25553627272727275,0.07628009090909092,0.34815145454545454,0.12794781818181816,0.29742990909090905,0.09950658181818181
521,0.24866127272727273,0.07719004545454546,0.342682,0.12751772727272723,0.2955822727272727,0.10223940000000002
522,0.24860380000000007,0.07660978999999998,0.3402464,0.12736960000000003,0.2963375999999999,0.1029556
523,0.24978072727272724,0.07654223636363636,0.3415068181818182,0.12556054545454548,0.3004606363636364,0.1035350909090909
524,0.253528,0.08072816000000001,0.34217519999999996,0.1273331,0.30115820000000004,0.1056578
525,0.2552545454545454,0.08153880909090909,0.3407164545454546,0.12799481818181818,0.29952436363636364,0.10553509090909091
526,0.25555572727272724,0.08054976363636364,0.3405430909090909,0.12828045454545453,0.2969721818181818,0.10372209090909089
527,0.25310829999999995,0.07974702,0.33809659999999997,0.1250125,0.29608460000000003,0.10256970000000001
528,0.254672090909091,0.07675865454545455,0.3415110909090908,0.12702118181818178,0.2998656363636364,0.10281636363636362
529,0.25408100000000006,0.07092009090909092,0.3435364545454545,0.12838181818181818,0.30413799999999996,0.10291499999999999
530,0.25351260000000003,0.07022553000000001,0.3444506,0.1319427,0.3094145,0.10799090000000003
531,0.25304859999999996,0.07304992,0.34295939999999997,0.13200680000000004,0.30842280000000005,0.1092376
532,0.2547749090909091,0.06795987272727273,0.342263,0.130299,0.30645600000000006,0.10461681818181817
533,0.2544889090909091,0.06682795454545455,0.3425045454545455,0.12782154545454547,0.3025832727272727,0.09999219999999999
534,0.25451809999999997,0.06566467,0.3424299,0.12305009999999998,0.3021605,0.09661409000000001
535,0.2538084,0.06669921,0.34248510000000004,0.1200882,0.3031722,0.09629823000000001
536,0.258355,0.0697479090909091,0.34284000000000003,0.11766572727272728,0.30655736363636366,0.09697792727272728
537,0.25944510000000004,0.06942442,0.3406098,0.1125121,0.30584560000000005,0.09396361
538,0.26404636363636363,0.06883933636363636,0.3388063636363637,0.11074427272727273,0.3053672727272727,0.0919217090909091
539,0.26380469999999995,0.06778107,0.33748599999999995,0.11081719999999999,0.30324419999999996,0.09072724
540,0.2627882727272727,0.06733979090909091,0.3366019090909091,0.11152245454545455,0.3026163636363637,0.09108110909090908
541,0.2571763333333334,0.0633291,0.3376316666666666,0.112447,0.30127466666666664,0.0901184
