0,0.0171051,-0.21489,0.062851,-0.187714,0.0418854,-0.200256
1,-0.059082,-0.11647,0.00894165,-0.109406,-0.0264435,-0.113144
2,-0.05887449,-0.11534870000000001,0.008950806,-0.10911409999999999,-0.025631719999999997,-0.1123578
3,-0.05869035555555556,-0.11298944444444446,0.008731417777777776,-0.11023633333333334,-0.02528041111111111,-0.11169266666666666
4,-0.05437216666666668,-0.11005644444444444,0.011688227777777779,-0.10605202222222222,-0.021321622222222225,-0.10805574444444443
5,0.08281914545454544,-0.06988109999999999,0.1072457090909091,-0.0576921,0.10072740000000001,-0.059070954545454545
6,0.1233368,-0.041712950000000006,0.14749429999999997,-0.03850709,0.1324859,-0.03986968999999999
7,0.12287485714285713,-0.0440761,0.14612699999999998,-0.039701185714285714,0.13284528571428572,-0.04216002857142858
8,0.12255366666666667,-0.04355197777777778,0.1487648888888889,-0.036873688888888895,0.13631022222222222,-0.040040766666666665
9,0.1226076,-0.04608462,0.15046679999999998,-0.032107540000000004,0.1373322,-0.0387085
10,0.041813701999999994,-0.08835159,0.08666082,-0.0835387,0.08002927000000001,-0.08627467000000001
11,0.006814576,-0.1131408,0.04741516,-0.11872859999999999,0.042025759999999995,-0.11786179999999997
12,0.0037536590000000003,-0.1102464,0.042143240000000005,-0.11668219999999999,0.01961059,-0.1129
13,0.0036621100000000005,-0.113182,0.043354779999999996,-0.115004,0.024539170000000006,-0.11414950000000001
14,-0.008531189,-0.116313,0.052680969999999994,-0.11931019999999999,0.03272555,-0.11905829999999998
15,-0.0228729,-0.110046,0.06542970000000001,-0.121735,0.06542970000000001,-0.121735
16,-0.0228729,-0.110046,0.06542970000000001,-0.121735,0.06542970000000001,-0.121735
17,-0.0228729,-0.110046,0.06542970000000001,-0.121735,0.06542970000000001,-0.121735
18,-0.021566763000000003,-0.10471034000000001,0.05150148,-0.1181613,0.033781437,-0.1145664
19,-0.021003713,-0.11250289999999999,0.033148199999999996,-0.1098434,0.027516176999999996,-0.10870200000000001
20,-0.02489956363636364,-0.11473899999999998,0.0339522090909091,-0.10583345454545455,0.024630463636363634,-0.1073040909090909
21,-0.0213684,-0.1156464,0.03134459999999999,-0.10742199999999999,0.006048584,-0.1116454
22,-0.015316770000000002,-0.11165315,0.030773940000000007,-0.09760741,0.005801392000000001,-0.10532370000000002
23,-0.01862681818181818,-0.08838860909090908,0.032304236363636364,-0.07640213636363637,0.0050187545454545455,-0.08296896363636365
24,-0.019052140000000002,-0.0864563,0.029986579999999995,-0.07426451999999999,0.006320190000000001,-0.08017882000000001
25,-0.01867372,-0.08682252,0.029704269999999998,-0.07399599,0.006213378,-0.0802521
26,-0.02005921,-0.08628998,0.029208379999999996,-0.07450255000000001,0.0057891869999999995,-0.08013609000000002
27,-0.022365977777777782,-0.08546619999999999,0.029641044444444445,-0.07363381111111111,0.0035332600000000003,-0.07960001111111112
28,-0.023019400000000002,-0.08210144000000001,0.03096467,-0.07039642,0.003926087,-0.07628324000000002
29,-0.023722311111111113,-0.08059182222222222,0.031263566666666666,-0.06805931111111112,0.0035010444444444444,-0.0744170888888889
30,-0.023951710000000005,-0.08063203999999999,0.029486080000000005,-0.06847688999999998,0.002348327,-0.07468107
31,-0.021933818181818176,-0.08050537272727273,0.030760309090909096,-0.06971464545454543,0.002951882727272727,-0.07543946363636361
32,-0.020892340000000002,-0.07911070000000002,0.0319214,-0.06816097999999998,0.0016937252,-0.07445374
33,-0.0203344,-0.0768599181818182,0.0362022,-0.06663929090909092,0.006698608181818183,-0.0719979
34,-0.020567155555555557,-0.07592942222222222,0.035647922222222225,-0.06285772222222222,0.004928587777777779,-0.07003615555555556
35,-0.02326508,-0.0739136,0.035282879999999996,-0.06235044999999999,0.005166624999999999,-0.06830597
36,-0.026684600000000003,-0.07227478000000001,0.03649901999999999,-0.06255797999999999,0.006686401999999999,-0.06717834
37,-0.029353736363636362,-0.0715984090909091,0.0334542090909091,-0.06329484545454546,0.002520475454545455,-0.06742442727272728
38,-0.03207904444444445,-0.07071434444444444,0.033471,-0.06434633333333334,0.001515705111111111,-0.06748286666666665
39,-0.03602323636363636,-0.07001148181818183,0.03172716363636364,-0.06487343636363636,-0.0016174303636363634,-0.06744801818181817
40,-0.0374756,-0.06790466,0.03336182,-0.06435852,-0.0012542726,-0.06612853999999999
41,-0.03832398999999999,-0.06558837999999999,0.03366089000000001,-0.0643173,-0.0029006949999999996,-0.06500091
42,-0.0298996,-0.06660766999999998,0.035198969999999996,-0.06450195,0.004257203,-0.06558380999999999
43,-0.032212830000000005,-0.062493900000000005,0.036502049999999994,-0.06494904,0.0031188952,-0.06379546
44,-0.0349823,-0.06230162,0.03665162,-0.06361389999999999,0.0013092046000000002,-0.0630066
45,-0.03571776,-0.06155398000000001,0.03579097999999999,-0.06385192,0.001132204,-0.06277770000000002
46,-0.036767549999999996,-0.059786969999999995,0.03657987,-0.0625473,0.0017974842,-0.06127776
47,-0.035781854545454544,-0.058987700000000004,0.03623961818181818,-0.0613306090909091,0.0009987569999999999,-0.06021949999999999
48,-0.03580560000000001,-0.058375055555555555,0.03389315555555556,-0.06034173333333334,-0.0008104114000000001,-0.059397366666666666
49,-0.035831800000000004,-0.057629700000000006,0.03545449090909091,-0.060390145454545456,0.0006214483636363636,-0.05908480909090908
50,-0.0371399,-0.05641480000000001,0.03617554,-0.06120300000000001,0.002218628,-0.05902408
51,-0.035927655555555556,-0.05688475555555556,0.03596666666666667,-0.060707944444444446,0.002687243333333333,-0.05898197777777778
52,-0.03979186,-0.05696412000000001,0.030230719999999996,-0.0627838,0.0022369382,-0.06049497999999999
53,-0.03943703636363636,-0.05663924545454546,0.03336404545454546,-0.06224478181818182,-0.001456520709090909,-0.05962300909090909
54,-0.04010010000000001,-0.05695191999999999,0.03228148000000001,-0.06208802000000001,-0.0061218259999999995,-0.05939938
55,-0.041030880000000006,-0.05636595999999999,0.030285640000000003,-0.060470600000000006,-0.006478879999999999,-0.05839234000000001
56,-0.03649732222222221,-0.055999744444444444,0.03476631111111111,-0.060346800000000006,-0.0027940553333333333,-0.05811223333333334
57,-0.03613835454545455,-0.05732589999999999,0.03719123636363636,-0.059442709090909096,-0.000923852181818182,-0.058388454545454556
58,-0.03652615555555556,-0.056605022222222225,0.03703480000000001,-0.06022813333333332,0.0010613336666666666,-0.058495433333333326
59,-0.03677090909090908,-0.056150972727272735,0.03640330909090909,-0.0604261909090909,0.00186712,-0.05844810909090909
60,-0.03705291,-0.056227090000000014,0.036009219999999995,-0.06081848999999999,-0.00013275129999999998,-0.05858458
61,-0.03835295999999999,-0.05702056000000001,0.036363229999999996,-0.06081698,-0.0009735119,-0.05896146
62,-0.03962401,-0.05623779999999999,0.032469189999999995,-0.060948159999999994,-0.00034637519999999985,-0.05884096
63,-0.038973999999999995,-0.057574480000000004,0.03473816,-0.0630005,-0.0011322014,-0.06039122
64,-0.03806897777777777,-0.05747306666666666,0.03447471111111112,-0.06400552222222224,0.0006323912222222223,-0.0609910888888889
65,-0.0396659090909091,-0.05904319090909091,0.03445019090909091,-0.06280934545454547,-0.0011846373636363635,-0.06103793636363637
66,-0.039950559999999996,-0.05692138,0.03363344,-0.0613495,-0.0021453880000000002,-0.059234600000000005
67,-0.04029429090909092,-0.058545200000000006,0.03346806363636364,-0.06319357272727272,-0.0027507436363636358,-0.060950554545454554
68,-0.039727780000000004,-0.05871276999999999,0.034481830000000005,-0.06417540999999999,-0.0027557400000000004,-0.061479189999999996
69,-0.04057615999999999,-0.06010438,0.034164440000000004,-0.0640228,-0.003726198000000001,-0.0620819
70,-0.040252689999999994,-0.05977171999999999,0.03439025,-0.06302643000000001,-0.0028839110000000003,-0.06144869000000001
71,-0.03635099000000001,-0.05426179,0.036337259999999996,-0.05984956,0.001879882,-0.05719909999999999
72,-0.03955232,-0.055049139999999996,0.031669609999999994,-0.06020201000000001,-0.0027755751999999994,-0.05775146000000001
73,-0.03984453749999999,-0.05488015,0.031417850000000004,-0.0599556125,-0.00372314375,-0.057481762500000005
74,-0.039721700000000006,-0.054608180000000006,0.031365960000000005,-0.05991518,-0.004379273999999999,-0.057284539999999995
75,-0.03860473999999999,-0.054797359999999996,0.031896980000000005,-0.06002805999999998,-0.0036712660000000003,-0.05742492000000001
76,-0.036719433333333336,-0.0553589,0.03337776666666666,-0.06072487777777778,-0.00047132737777777776,-0.058178366666666675
77,-0.03671262999999999,-0.05632324,0.03279725,-0.060720819999999995,-0.0015991203999999998,-0.058590710000000004
78,-0.035915811111111105,-0.05993991111111111,0.03582933333333333,-0.06101651111111111,-0.00045776377777777776,-0.06050957777777778
79,-0.035812390000000006,-0.059884619999999986,0.037321480000000004,-0.06285249000000001,0.0006515503999999999,-0.06141052
80,-0.042036439999999994,-0.060397309999999996,0.031161509999999993,-0.062381,-0.0063095059999999994,-0.06141664
81,-0.0432373,-0.06141052,0.02701416,-0.059378059999999996,-0.007476806,-0.060412600000000004
82,-0.041213977777777785,-0.06241522222222221,0.02801512222222222,-0.059612711111111105,-0.006264578888888889,-0.061041944444444454
83,-0.042337019999999996,-0.06225738000000001,0.02828214,-0.060174570000000004,-0.007899476,-0.06127777000000001
84,-0.04027251,-0.06214445,0.02949677,-0.060192880000000004,-0.0048400890000000005,-0.06114655
85,-0.0402588,-0.06251831999999999,0.0318344,-0.0595169,-0.0025222759999999995,-0.060984810000000014
86,-0.04029389,-0.06286314999999999,0.031755080000000005,-0.060281379999999996,-0.0037735,-0.061593650000000014
87,-0.04009861,-0.06150053,0.033407599999999996,-0.06074678,-0.002955626,-0.06116028
88,-0.040289988888888885,-0.06015523333333333,0.03376597777777779,-0.060899533333333325,-0.0029483366666666674,-0.06056893333333334
89,-0.040772881818181825,-0.060309663636363635,0.0338120909090909,-0.05990321818181819,-0.002595381818181818,-0.060143218181818184
90,-0.04030151999999999,-0.05962217999999999,0.03311156,-0.06025694,-0.003552246,-0.05997924
91,-0.04020691999999999,-0.05937805999999999,0.033044460000000005,-0.05995482,-0.0034332259999999997,-0.05970763999999999
92,-0.04132692,-0.05964662,0.034967019999999994,-0.06047973999999999,-0.003823852,-0.060095199999999994
93,-0.04230958,-0.05915833999999999,0.03551026,-0.059027079999999996,-0.005093384,-0.0591339
94,-0.04353054545454545,-0.05725653636363637,0.033296081818181826,-0.06085621818181818,-0.001690951090909091,-0.059269309090909085
95,-0.04388579,-0.05642701,0.032733160000000004,-0.06068727,-0.0003784191,-0.05891724
96,-0.04311827,-0.057928450000000006,0.03412017,-0.06128082,-0.004260252000000001,-0.05966188
97,-0.04118348000000001,-0.05747377999999999,0.03410644,-0.06306151999999998,-0.0061462420000000005,-0.06011048
98,-0.04062860000000001,-0.05894885454545454,0.03314761818181819,-0.06366103636363638,-0.0053489009090909095,-0.06123770000000001
99,-0.03971100000000001,-0.05929567,0.03155215,-0.06237183,-0.005314635999999999,-0.06082459
100,-0.042956888888888885,-0.05980768888888889,0.03173321111111111,-0.06315104444444444,-0.007042778888888889,-0.06145393333333333
101,-0.04404602999999999,-0.06022798,0.03415986,-0.06202546000000001,-0.005439757000000001,-0.06116332
102,-0.04415434000000001,-0.06014098999999999,0.03415527,-0.061904890000000004,-0.0046813969999999995,-0.061076359999999996
103,-0.042955177777777784,-0.05899555555555555,0.03670587777777777,-0.062271099999999996,-0.001785277333333333,-0.060740144444444436
104,-0.04019471,-0.05692445,0.032128899999999995,-0.06126862000000001,-0.0022644049999999997,-0.05924225000000001
105,-0.037468766666666674,-0.06658086666666668,0.040834188888888893,-0.06877473333333334,0.019234537777777776,-0.06762016666666666
106,-0.0329742,-0.0708923,0.04571530000000001,-0.0704956,0.04571530000000001,-0.0704956
107,-0.0329742,-0.0708923,0.04571530000000001,-0.0704956,0.04571530000000001,-0.0704956
108,-0.028417960000000003,-0.06251219999999999,0.03683163999999999,-0.061273180000000003,0.019943225999999998,-0.0618286
109,-0.03793335,-0.04548184,0.0347351,-0.05751039,0.017565923399999996,-0.05413515
110,-0.03259278,-0.05047303000000001,0.03862607,-0.05694273000000001,0.007872006599999998,-0.05429383
111,-0.02844697,-0.049504110000000004,0.039678939999999996,-0.05922394000000001,0.010359181,-0.05505217
112,-0.030302439999999996,-0.04999847,0.03936461,-0.05984955000000001,0.005787659,-0.05513002
113,-0.029681400000000004,-0.05222166,0.04000395999999999,-0.05778351,0.006546018999999998,-0.05515291
114,-0.0265915,-0.057736209999999996,0.040876760000000005,-0.05895231999999999,0.007319642999999999,-0.05838316
115,-0.017378209999999998,-0.05791320999999999,0.04447326,-0.05311587200000001,0.016574087999999997,-0.054129000000000004
116,0.16563873,0.03791962,0.20270677999999998,0.060580378000000004,0.18867478,0.05170748000000001
117,0.2408025555555556,0.07124327777777778,0.28788566666666665,0.07583785555555554,0.26443155555555553,0.0735694111111111
118,0.24716881818181816,0.06717615454545454,0.2849967272727273,0.07748412727272726,0.26324054545454545,0.07135978181818182
119,0.252075,0.06819307000000001,0.2873796,0.07893067000000001,0.27241070000000006,0.07439423999999999
120,0.2525969090909091,0.06894613636363636,0.3017590909090909,0.0884676909090909,0.27864081818181824,0.07927772727272728
121,0.2501831111111111,0.06971061111111111,0.3324262222222222,0.10742177777777778,0.29393011111111117,0.08973017777777778
122,0.24829099999999996,0.07024842,0.3339202,0.10702800000000001,0.29304499999999994,0.08942872
123,0.251854,0.06252442,0.3153062,0.0953476,0.28964549999999994,0.08225402999999999
124,0.24951179999999998,0.05976258000000001,0.31469420000000004,0.0938629,0.28855000000000003,0.08014832000000002
125,0.2499816,0.0597168,0.31509699999999996,0.09337462,0.2828125999999999,0.07663878000000002
126,0.2506711818181818,0.06088812727272727,0.31450727272727275,0.09368204545454546,0.2836303636363637,0.07777681818181818
127,0.2525176,0.061436489999999996,0.3151611000000001,0.09429320999999999,0.2838332,0.07779539999999999
128,0.24872536363636363,0.05891000909090909,0.3156251818181818,0.09438671818181818,0.280652,0.07577792727272727
129,0.2465058,0.05687105,0.3163085,0.09181365,0.2813035,0.07423553
130,0.24763640000000003,0.054946869999999995,0.3212704999999999,0.09456468,0.2848328,0.07488709
131,0.2499006,0.05450286,0.33893570000000006,0.10263050000000003,0.300589,0.08176115
132,0.2492416,0.054647829999999994,0.33665770000000006,0.1038222,0.29581890000000005,0.08072051
133,0.2500808,0.05701597999999999,0.3348207,0.10410919999999999,0.2934126,0.08099977000000001
134,0.24684845454545457,0.05740495454545454,0.3316871818181819,0.10278445454545455,0.2894051818181819,0.08008225454545453
135,0.2481948,0.057711799999999994,0.32444609999999996,0.09770962999999999,0.2858613,0.07738951999999999
136,0.2631762,0.06486816999999998,0.2946259,0.07885588,0.2778717,0.07140809000000001
137,0.2641159999999999,0.06298524000000001,0.2925704,0.07601011999999999,0.2777101,0.06923370999999999
138,0.264912,0.06118118571428571,0.2999248571428571,0.07961597142857144,0.2816227142857143,0.06995718571428572
139,0.2626162727272728,0.05840785454545454,0.3023431818181818,0.08043184545454544,0.28113636363636363,0.0686465
140,0.2603121,0.05678103000000001,0.3057417,0.08127747,0.2829026,0.06893461999999999
141,0.2598083,0.05656127,0.307155,0.08092652000000002,0.28339529999999996,0.06867371
142,0.25692610000000005,0.05592039,0.3072203,0.08082123,0.2812699,0.06794436000000001
143,0.24396659999999998,0.04877320000000001,0.30658409999999997,0.07701872,0.27593369999999995,0.06311951
144,0.24512780000000003,0.04866943,0.3081588999999999,0.07496337000000002,0.2788895,0.06272428999999999
145,0.2456664,0.05169523,0.3138671,0.08318785,0.2856508,0.07052001
146,0.23501899999999995,0.04888914999999999,0.2850233999999999,0.07059784,0.2701874,0.06405638
147,0.2335401,0.04747163,0.30859840000000005,0.08392333,0.26871649999999997,0.06448976
148,0.23582289999999997,0.047581500000000006,0.3317368,0.09309082,0.2805054,0.06868593
149,0.23757759999999997,0.04754638,0.32829410000000003,0.0925232,0.2812728,0.06911469
150,0.23746418181818185,0.047470109090909096,0.32695009090909094,0.09359465454545456,0.28322645454545453,0.0709617090909091
151,0.245578,0.05151977,0.3098922999999999,0.08149262,0.27915340000000005,0.06686861
152,0.24986720000000004,0.04677732,0.2940415,0.06434174000000001,0.2775177,0.057762140000000003
153,0.24852439999999998,0.04789887999999999,0.28957200000000005,0.06205139,0.2688734,0.054910270000000004
154,0.2478163,0.04759371,0.28975219999999996,0.062393199999999996,0.26874560000000003,0.05497285
155,0.2466323,0.047856140000000005,0.2896179,0.06057739000000001,0.26724390000000003,0.05395355
156,0.2485158181818182,0.04770314545454545,0.2925457272727273,0.06113502727272726,0.27015272727272727,0.05429216363636365
157,0.24426729999999997,0.04888917,0.2856551,0.06341704000000001,0.2662017,0.056710819999999995
158,0.23807219999999996,0.04704285,0.27865900000000005,0.06400146,0.2644288,0.05807038
159,0.23991520000000005,0.051205440000000005,0.31711580000000006,0.08255462999999999,0.29468380000000005,0.07403567
160,0.24260400000000004,0.04462431000000001,0.3259752000000001,0.09549553000000001,0.3236146,0.09359143
161,0.23443150000000004,0.05234221,0.29191,0.08743597,0.281575,0.08119349000000001
162,0.23313899999999999,0.05013733,0.3088408,0.08709258,0.2792983,0.07323305
163,0.2339508,0.04946443,0.3177519000000001,0.09068147,0.280606,0.07233887
164,0.23137045454545452,0.04820251818181818,0.3186103636363637,0.08870210000000002,0.2788807272727272,0.07018765454545454
165,0.2146088,0.053395080000000004,0.26422590000000007,0.07071685999999999,0.23934039999999998,0.062322999999999996
166,0.003871107199999998,0.044967679999999996,0.050308210000000006,0.04987031000000001,0.02722018299999999,0.04759980000000001
167,-0.0383233,0.04629686666666667,0.014940055555555557,0.04402667777777777,0.0010257288888888896,0.0444658
168,-0.03981018181818182,0.04709418181818181,0.014989672727272725,0.04624798181818182,-0.0077140147272727255,0.046546227272727274
169,-0.04062803999999999,0.048933410000000004,0.01458741,0.04572905999999999,-0.012361150000000001,0.04730680999999999
170,-0.04086914,0.05039367,0.01324767,0.04763642,-0.01288909,0.04898833
171,-0.04077758,0.05061340000000001,0.013906859999999998,0.049023439999999995,-0.013937399999999999,0.049856580000000005
172,-0.030960079999999994,0.06227418,0.02524106,0.060528559999999995,-0.007321172000000001,0.06166382
173,-0.02190552,0.07061158000000001,0.03313598,0.06264955999999999,-0.0016296400000000003,0.06770933999999999
174,-0.020718066666666667,0.07148742222222222,0.03417627777777778,0.06337992222222222,0.0042690685555555555,0.0678321
175,-0.020738072727272728,0.07145275454545454,0.036486536363636364,0.06316305454545454,0.006652832727272728,0.067516
176,-0.020352170000000003,0.07154996,0.03798674,0.06364595,0.008427430000000001,0.06768036
177,-0.02619380909090909,0.06630913636363638,0.034034054545454544,0.06165660909090909,0.004065773636363636,0.06401477272727273
178,-0.03721007,0.05928040999999999,0.024272169999999996,0.05745237999999999,-0.0076736450000000015,0.058435060000000004
179,-0.03807982,0.05790558,0.025764449999999994,0.05808257,-0.007386780999999999,0.058016960000000006
180,-0.03915542727272727,0.05816094545454545,0.025583445454545453,0.05881291818181818,-0.006681960909090908,0.058518836363636355
181,-0.04059754,0.057623279999999985,0.02733306,0.059284959999999984,-0.007458497,0.058464050000000004
182,-0.04090882,0.05816648,0.02879028,0.060925309999999996,-0.007891846999999999,0.05951384999999999
183,-0.04024353,0.057035819999999994,0.03027802,0.06020354999999998,-0.0052886962,0.05864258
184,-0.03634505454545455,0.05992543636363636,0.0361023,0.06182446363636363,0.0016437871636363636,0.06096025454545455
185,-0.034924340000000005,0.0595276,0.03433838,0.061285400000000004,0.00131530828,0.06045840000000001
186,-0.03437196,0.05859222000000001,0.03283842,0.06228484000000001,-0.0006362916999999999,0.06048126
187,-0.03358459999999999,0.058115163636363626,0.032659345454545456,0.06259986363636363,-0.000876687181818182,0.06035960909090909
188,-0.03292236,0.057771300000000005,0.03286896,0.06354982,-0.0011550891999999998,0.060592650000000005
189,-0.03272402,0.056362880000000004,0.03222045999999999,0.06271362,-0.00013732904000000003,0.05957945999999999
190,-0.032724,0.05650634,0.03347168,0.062304700000000005,-0.00038757322,0.05936583999999999
191,-0.036938479999999996,0.05444642000000001,0.028836080000000004,0.056521619999999995,-0.0079010104,0.055780039999999996
192,-0.042623900000000006,0.05434268,0.018850679999999998,0.05062562,-0.02750548,0.05341494
193,-0.04198455000000001,0.05130462,0.01854555,0.05023957,-0.013381965,0.05084535999999999
194,-0.042256159999999994,0.0509842,0.02201079,0.04860840999999999,-0.007086190000000002,0.04945068000000001
195,-0.04620666,0.03752136,0.019015500000000005,0.03093568,-0.004379272,0.03330994
196,-0.05312093333333333,0.038184277777777775,0.011696711111111112,0.0417565,-0.020153466666666665,0.040027211111111106
197,-0.0522461,0.040325929999999996,0.01193236,0.0462616,-0.01578827,0.04376376
198,-0.052464300000000005,0.0425171,0.012176505999999998,0.045600879999999996,-0.019415269999999995,0.04412993
199,-0.05130005454545455,0.041051663636363644,0.010283034545454548,0.04109051818181818,-0.024576363636363632,0.04107249090909091
200,-0.05211792,0.0403656,0.013595560000000001,0.036148059999999996,-0.02199402,0.03843688
201,-0.06513366,0.031130979999999992,0.009521506000000002,0.03462524,-0.031845099999999994,0.03259582
202,-0.07269898,0.02643432,0.004888916,0.03506166000000001,-0.03038638,0.031201180000000002
203,-0.07226256,0.02490846,0.004684447999999999,0.030960079999999994,-0.03742674,0.027670259999999995
204,-0.07196045999999999,0.02431641,0.0063171370000000004,0.03027804,-0.03580017,0.027095019999999997
205,-0.07125854000000001,0.02390442,0.007688903999999999,0.029423519999999998,-0.03193816,0.02667694
206,-0.06944135454545454,0.02441544545454545,0.009318956363636364,0.029621481818181826,-0.029287163636363633,0.027087136363636365
207,-0.06501157999999999,0.026043720000000003,0.00878601,0.03297426,-0.027899180000000003,0.029550180000000002
208,-0.03796386,0.045458979999999996,0.02578124,0.042578120000000004,0.01604004,0.04288332
209,-0.03922424,0.046099839999999996,0.024987799999999998,0.04328308000000001,0.005471785999999999,0.044036879999999994
210,-0.03774175555555556,0.04786006666666667,0.0243615,0.04467944444444445,-0.006096735555555555,0.046264655555555555
211,-0.03834673636363637,0.0483246090909091,0.026743136363636358,0.04542264545454545,-0.007146662727272726,0.046961018181818186
212,-0.03995359999999999,0.047326679999999996,0.026519780000000003,0.04729614,-0.006973268,0.04733887999999999
213,-0.03997192000000001,0.04844053999999999,0.02635192,0.047500600000000004,-0.007235718,0.048013299999999995
214,-0.11715088,0.05453186,-0.05917054800000001,0.05565489999999999,-0.09635018,0.056195060000000005
215,-0.2590332,0.057229619999999995,-0.2037354,0.06068118,-0.23147879999999996,0.05897827999999998
216,-0.26448360000000004,0.05866698,-0.2079468,0.05944826000000001,-0.2257812,0.05930786000000001
217,-0.2660888,0.05838624,-0.2068754,0.05933837999999999,-0.23805560000000003,0.058856219999999994
218,-0.290396,0.06093749999999999,-0.23474119999999998,0.06566162,-0.27281799999999995,0.06233826
219,-0.3269583636363636,0.05933724545454545,-0.26605209090909093,0.0695578909090909,-0.31801827272727273,0.06078961818181817
220,-0.3254304,0.060574340000000004,-0.25920099999999996,0.06568908,-0.2925812,0.06313172
221,-0.3265045,0.06079407999999999,-0.2535723,0.06083071000000001,-0.28978279999999995,0.06085663
222,-0.32803881818181807,0.06409662727272727,-0.25485900000000006,0.06178978181818182,-0.29100754545454544,0.06296608181818181
223,-0.33073777777777774,0.06663344444444444,-0.25642211111111113,0.0631154222222222,-0.29406888888888894,0.06493803333333333
224,-0.33151260000000005,0.06744688000000001,-0.25759879999999996,0.06347964,-0.29357919999999993,0.06545411999999999
225,-0.32051549999999995,0.06419066000000001,-0.25872210000000007,0.06343231,-0.28889,0.06384582999999999
226,-0.31683677777777774,0.0632697111111111,-0.25084788888888887,0.06249833333333332,-0.28585988888888886,0.06293233333333333
227,-0.31670172727272733,0.06567936363636363,-0.2512638181818182,0.0602417,-0.283532,0.06293280909090909
228,-0.3159284,0.06491088999999998,-0.25883010000000006,0.05964661,-0.2872332000000001,0.06226956999999998
229,-0.315425,0.06566466,-0.2584213,0.06252136,-0.28675080000000003,0.06410368
230,-0.3178714000000001,0.06457828,-0.253537,0.0599274,-0.2866058,0.062322999999999996
231,-0.32874309999999995,0.06018068,-0.2356109,0.05642853000000001,-0.2718781,0.05796357
232,-0.3248763636363637,0.0615623,-0.24946463636363633,0.06329624545454546,-0.2811431818181818,0.06264700909090909
233,-0.32386780000000004,0.06303404,-0.24877320000000003,0.06283874000000002,-0.2853942,0.06298827999999998
234,-0.32172860000000003,0.06293642,-0.24920040000000002,0.05980835999999999,-0.2856752,0.06141664
235,-0.3212335454545454,0.06298965454545456,-0.24975300000000003,0.05997396363636363,-0.2856445454545455,0.06152205454545454
236,-0.31895899999999994,0.0609726,-0.24927670000000002,0.058621239999999984,-0.284741,0.05984957
237,-0.31750866666666666,0.06116231111111111,-0.25013722222222223,0.059421100000000004,-0.28447655555555557,0.06034005555555556
238,-0.31755054545454553,0.06111282727272726,-0.2559397272727273,0.06092417272727273,-0.2870789090909091,0.06105734545454545
239,-0.317827,0.06190151111111112,-0.25823111111111113,0.06144205555555555,-0.287684,0.06169807777777778
240,-0.3197754,0.06361084,-0.2573822,0.06132202,-0.28786000000000006,0.06245115999999999
241,-0.33262339999999996,0.06412046,-0.2542328,0.05776368,-0.28152140000000003,0.060061639999999986
242,-0.33094159999999995,0.06429745999999999,-0.2552186,0.05779418000000001,-0.2938414,0.06114196000000001
243,-0.3293808,0.06537474000000001,-0.25476679999999996,0.05974275,-0.2935637,0.06273499
244,-0.32753333333333334,0.0653143888888889,-0.2516088888888889,0.06162855555555556,-0.2888523333333334,0.0634714888888889
245,-0.32410011111111114,0.06455314444444443,-0.24963366666666667,0.062438977777777786,-0.2874382222222222,0.06355117777777776
246,-0.32452654545454546,0.06403699090909093,-0.25242209090909096,0.06285096363636364,-0.2884532727272727,0.06348904545454545
247,-0.32268955555555556,0.06339348888888889,-0.2532128888888889,0.06392585555555555,-0.287706,0.06371393333333333
248,-0.318428,0.0611267375,-0.25234237499999995,0.06090356250000001,-0.28680599999999995,0.0610523
249,-0.3169641111111111,0.06192694444444445,-0.2519295555555556,0.06169297777777779,-0.2859446666666667,0.06184895555555555
250,-0.31771344444444444,0.06341892222222222,-0.2535281111111111,0.06171163333333333,-0.28631255555555557,0.0626187
251,-0.31830855555555554,0.06448024444444445,-0.2548742222222222,0.06183878888888889,-0.28675500000000004,0.06319511111111112
252,-0.3182644444444444,0.06294926666666667,-0.2538165555555556,0.061314888888888884,-0.28683655555555554,0.06217955555555556
253,-0.3161648,0.05958254000000002,-0.25213300000000005,0.061923220000000015,-0.28406359999999997,0.06080625999999999
254,-0.31566489999999997,0.059304800000000005,-0.2510756,0.06290894,-0.2827700000000001,0.061189270000000004
255,-0.31586699999999995,0.05924311111111111,-0.2505576666666667,0.0632036,-0.28328777777777775,0.06126232222222223
256,-0.3140716,0.05944212,-0.25054919999999997,0.06204835999999999,-0.2840851999999999,0.06071472
257,-0.28961855555555555,0.04985046666666666,-0.23203555555555555,0.059688988888888884,-0.26654044444444447,0.05383131111111111
258,-0.2847136,0.046099860000000006,-0.22700500000000004,0.05759276,-0.2594788,0.051187119999999996
259,-0.2819549,0.04497986999999999,-0.22508690000000003,0.057887289999999994,-0.25298170000000003,0.051600639999999996
260,-0.28007177777777775,0.045954400000000006,-0.22430944444444448,0.05840217777777777,-0.25037477777777783,0.05262925555555556
261,-0.2772828,0.04728702,-0.22446619999999995,0.05963438,-0.25123900000000005,0.05341797999999999
262,-0.27745881818181817,0.04562794545454545,-0.22416836363636358,0.058685309090909084,-0.2511972727272727,0.05211152727272727
263,-0.27887890000000004,0.04576874,-0.2241472,0.057344059999999995,-0.25208899999999995,0.051481630000000014
264,-0.290526090909091,0.000989054545454547,-0.24030227272727273,0.015618058181818183,-0.25962118181818183,0.010880909090909092
265,-0.28813310000000003,-0.07289124000000001,-0.26194029999999996,-0.056819150000000006,-0.2670152,-0.05998532999999999
266,-0.2656798,-0.11116790000000001,-0.22958379999999998,-0.08018483,-0.23618769999999997,-0.08513934999999999
267,-0.241272,-0.155594,-0.20259100000000002,-0.104324,-0.20259100000000002,-0.104324
268,-0.24127199999999996,-0.155594,-0.202591,-0.104324,-0.202591,-0.104324
269,-0.255812,-0.1715897,-0.23304160000000004,-0.1291303,-0.23304160000000004,-0.1291303
270,-0.27852340000000003,-0.10713804,-0.260367,-0.07583772000000001,-0.2626436,-0.07784884000000002
271,-0.2892012,-0.09246979,-0.2714264,-0.06987762000000002,-0.2810549,-0.07984160999999998
272,-0.28747100000000003,-0.09373168999999999,-0.2702149,-0.07271881000000001,-0.2800568,-0.08474273000000002
273,-0.291036,-0.0943112,-0.27304588888888887,-0.07742986666666667,-0.28244355555555556,-0.08618164444444444
274,-0.2920672727272727,-0.0938901,-0.27485118181818174,-0.07726079999999999,-0.28339309090909093,-0.08547975454545453
275,-0.29230189999999995,-0.09462585000000001,-0.27503210000000006,-0.07733155,-0.28367149999999997,-0.08597564000000002
276,-0.29264477777777775,-0.09442648888888888,-0.2720304444444444,-0.07897438888888887,-0.2822605555555555,-0.08664787777777777
277,-0.2957222727272727,-0.0924183181818182,-0.2710988181818182,-0.08144586363636365,-0.2842435454545455,-0.08732606363636364
278,-0.2981509,-0.07887725000000001,-0.2653595,-0.05903015,-0.28954919999999995,-0.07384796
279,-0.29811250000000006,-0.06922609,-0.2656767,-0.05447539,-0.28643779999999996,-0.06405946
280,-0.2999329,-0.06807709,-0.2651521,-0.052986139999999994,-0.28363940000000004,-0.060983239999999994
281,-0.29911272727272725,-0.06757423636363637,-0.2666750909090909,-0.0547735,-0.28362336363636365,-0.06144991818181818
282,-0.3007843,-0.06482542999999999,-0.2695754,-0.055039969999999994,-0.28599699999999995,-0.06016692
283,-0.3008699,-0.06779327,-0.2707549,-0.05622254,-0.28667739999999997,-0.06232455000000001
284,-0.30036372727272725,-0.07007807272727272,-0.27036209090909097,-0.057705972727272736,-0.28654345454545455,-0.06438096363636364
285,-0.29989309999999997,-0.06938325,-0.26951899999999995,-0.05907136,-0.2845778,-0.06418151000000001
286,-0.29979399999999995,-0.06977691,-0.26802349999999997,-0.060588090000000004,-0.2839404,-0.06519773
287,-0.3034911,-0.06661832999999999,-0.26697230000000005,-0.05943908000000001,-0.28594850000000005,-0.06317901000000001
288,-0.30441140000000005,-0.06561739,-0.2652298,-0.06033018000000001,-0.28496869999999996,-0.06300508000000002
289,-0.3027342,-0.06607664,-0.26504510000000003,-0.06143341,-0.28470600000000007,-0.06386568000000001
290,-0.30198990000000003,-0.06606598999999999,-0.26695100000000005,-0.06095581,-0.285666,-0.06369171
291,-0.302054,-0.06565551,-0.26624309999999995,-0.059898379999999994,-0.2854125,-0.06298675000000001
292,-0.3019826363636364,-0.06512176363636363,-0.26440963636363635,-0.06067448181818181,-0.2861592727272727,-0.06323383636363637
293,-0.30177800000000005,-0.06577046666666668,-0.26405333333333336,-0.05825806666666668,-0.2864854444444444,-0.06271532222222222
294,-0.3019188181818182,-0.0646514909090909,-0.2636940909090909,-0.056711390909090914,-0.2843045454545454,-0.060968572727272734
295,-0.2986619,-0.06398467999999999,-0.2654756,-0.053637719999999986,-0.2823334,-0.05893707
296,-0.29871220000000004,-0.06371763999999999,-0.26167910000000005,-0.047726439999999995,-0.28051449999999994,-0.05586852000000001
297,-0.3027192222222222,-0.06362408888888889,-0.2605097777777778,-0.04786513333333334,-0.2815195555555555,-0.05568952222222222
298,-0.30375118181818184,-0.062301636363636365,-0.2606963636363636,-0.04848964545454546,-0.28230836363636364,-0.05541578181818181
299,-0.3034301999999999,-0.061428840000000005,-0.25851310000000005,-0.04752194999999999,-0.28165739999999995,-0.054676819999999994
300,-0.30272360000000004,-0.060348519999999996,-0.2573853,-0.04726868000000001,-0.28127899999999995,-0.05416717
301,-0.3000138,-0.061058060000000004,-0.2575333,-0.045301820000000007,-0.2808809,-0.05395508
302,-0.2998947272727272,-0.060243090909090906,-0.25469536363636364,-0.04680010000000001,-0.27820781818181817,-0.053783072727272715
303,-0.29913449999999997,-0.06270904000000001,-0.2535784,-0.046887189999999995,-0.27697000000000005,-0.05500336
304,-0.29717109999999997,-0.06470338,-0.2521957,-0.04775696,-0.2768082,-0.057011440000000004
305,-0.2963164,-0.06582945999999998,-0.2512877,-0.04786074,-0.2751053,-0.057347119999999994
306,-0.2957764,-0.06825103,-0.25408610000000004,-0.046614080000000016,-0.2742021,-0.056994640000000006
307,-0.29568810000000006,-0.06979980000000001,-0.2537535000000001,-0.04682157,-0.274031,-0.05789948
308,-0.2957596,-0.06759644000000001,-0.25284439999999997,-0.04562834,-0.2741316,-0.05649412
309,-0.2974152,-0.06797181999999999,-0.25038469999999996,-0.04483489,-0.2750992,-0.05696258
310,-0.29721830000000005,-0.06692962,-0.2503526,-0.04492949999999999,-0.2752441,-0.056587219999999994
311,-0.2845047,-0.06790009,-0.2440934,-0.049082940000000005,-0.2621688,-0.05748898
312,-0.28293818181818187,-0.06929570909090908,-0.2429019090909091,-0.051266754545454554,-0.2624732727272727,-0.06004611818181818
313,-0.28482510000000005,-0.06660002999999999,-0.24491720000000003,-0.052090460000000005,-0.2643067,-0.05912477000000001
314,-0.287778,-0.06704866,-0.24390109999999998,-0.053651420000000005,-0.266162,-0.060444629999999985
315,-0.28853910000000005,-0.06714781,-0.24372410000000003,-0.04976349,-0.2664094,-0.05854645000000001
316,-0.29113160000000005,-0.09992830999999999,-0.24961099999999997,-0.08495021999999999,-0.27111040000000003,-0.09266664
317,-0.29067989999999994,-0.24311209999999997,-0.28081659999999997,-0.21981199999999998,-0.2861541000000001,-0.2324738
318,-0.28907309999999997,-0.2667803,-0.27907709999999997,-0.24421250000000003,-0.28591469999999997,-0.2596482
319,-0.2913422,-0.26790780000000003,-0.27704910000000005,-0.24702439999999998,-0.28429570000000004,-0.25771170000000004
320,-0.2938469090909091,-0.2677002727272727,-0.27674309090909094,-0.2477791818181818,-0.28585672727272726,-0.25838000000000005
321,-0.2965727,-0.2678652,-0.274707,-0.24218900000000004,-0.2852567,-0.2545563
322,-0.2725219,-0.23303529999999997,-0.26584929999999996,-0.21118460000000003,-0.2678497,-0.21543710000000002
323,-0.27187611111111104,-0.2229917777777778,-0.25640522222222223,-0.19953744444444446,-0.2634328888888889,-0.21035066666666669
324,-0.26857,-0.2211427,-0.2562529,-0.1986986,-0.2622787,-0.2095796
325,-0.26709399999999994,-0.22140509090909088,-0.26011090909090906,-0.19795381818181818,-0.2636651818181818,-0.20984463636363637
326,-0.2699968,-0.217871,-0.260684,-0.19644199999999995,-0.2654405000000001,-0.20736399999999997
327,-0.2718203,-0.20775569999999996,-0.2585419,-0.19075159999999997,-0.26349019999999995,-0.19701380000000002
328,-0.2719909,-0.2046233,-0.25714739999999997,-0.1892166,-0.2637405,-0.19580250000000002
329,-0.2722899,-0.20307920000000004,-0.2551728,-0.1893386,-0.26354359999999993,-0.1960372
330,-0.2759341,-0.20052949999999997,-0.24761519999999998,-0.1868652,-0.2636228,-0.19456650000000003
331,-0.27747789999999994,-0.19875189999999998,-0.24756790000000004,-0.18605200000000002,-0.26379699999999995,-0.1929368
332,-0.277835,-0.1997834,-0.24768060000000003,-0.1866848,-0.2637878,-0.19368599999999997
333,-0.2798372,-0.2008454,-0.2481018,-0.1862976,-0.2645232,-0.1938412
334,-0.282821625,-0.199632625,-0.247266875,-0.184244125,-0.265455125,-0.19212924999999997
335,-0.28243260000000003,-0.19665529999999998,-0.25137470000000006,-0.1834672,-0.2676482,-0.1903213
336,-0.2821227,-0.1942838,-0.251715,-0.18523250000000002,-0.2692705000000001,-0.1904739
337,-0.2825052727272727,-0.195028,-0.2512400909090909,-0.1822590909090909,-0.26943554545454546,-0.1896902727272727
338,-0.28166800000000003,-0.19826039999999998,-0.2507414,-0.1842044,-0.26854259999999996,-0.1923094
339,-0.2825162,-0.1976716,-0.2506988,-0.18508319999999998,-0.26782540000000005,-0.19188239999999998
340,-0.28152727272727274,-0.19916590909090912,-0.250681090909091,-0.18774136363636362,-0.26722454545454544,-0.1938851818181818
341,-0.2809538,-0.1995178,-0.2521972,-0.18850399999999998,-0.2676362,-0.19442759999999998
342,-0.2802548888888889,-0.19669099999999998,-0.25430633333333336,-0.18716944444444442,-0.26817633333333335,-0.19224711111111115
343,-0.2728821,-0.1977203,-0.24061729999999998,-0.17187629999999995,-0.2662568,-0.1922044
344,-0.274733,-0.19803545454545454,-0.24030945454545452,-0.17292390909090913,-0.26401845454545453,-0.19006800000000001
345,-0.273239,-0.19743022222222223,-0.2413701111111111,-0.17460455555555557,-0.25710722222222215,-0.18586399999999997
346,-0.27487039999999996,-0.19547540000000002,-0.2420639,-0.17539539999999995,-0.2593888,-0.18601669999999998
347,-0.272422090909091,-0.19548181818181815,-0.24190036363636358,-0.1773555454545455,-0.25701490909090907,-0.18634172727272727
348,-0.2718992,-0.19630140000000001,-0.2401396,-0.1812012,-0.25545660000000003,-0.18849480000000002
349,-0.2456358,-0.1955534,-0.21109340000000004,-0.174405,-0.228006,-0.18484799999999996
350,-0.23533169999999998,-0.1958297,-0.19141989999999998,-0.16813059999999996,-0.2208986,-0.1867051
351,-0.2351137,-0.19031670000000003,-0.19051659999999998,-0.1688032,-0.21506340000000002,-0.180786
352,-0.23319410000000002,-0.19019180000000002,-0.1904664,-0.17187950000000002,-0.213057,-0.18159180000000003
353,-0.2327480909090909,-0.1888719090909091,-0.1906140909090909,-0.17390563636363632,-0.2124938181818182,-0.181721
354,-0.2320897777777778,-0.1893721111111111,-0.191033,-0.174081,-0.21096133333333336,-0.1815252222222222
355,-0.23110681818181814,-0.18973890909090912,-0.19146154545454544,-0.1731277272727273,-0.21094990909090908,-0.18132163636363638
356,-0.2289034,-0.18938899999999997,-0.1890378,-0.17122779999999999,-0.2091188,-0.18038959999999998
357,-0.18803700000000004,-0.1877898,-0.1378342,-0.16986980000000002,-0.1738311,-0.1826219
358,-0.17396540000000002,-0.18634030000000004,-0.12071400000000002,-0.17708730000000003,-0.15891709999999998,-0.18379360000000006
359,-0.1735799090909091,-0.18983990909090911,-0.11972327272727273,-0.1769590909090909,-0.14737927272727275,-0.18358945454545458
360,-0.17202766666666663,-0.19212366666666666,-0.11881166666666666,-0.17692411111111114,-0.14615555555555557,-0.184782
361,-0.1706597272727273,-0.19248263636363638,-0.11802127272727274,-0.1760171818181818,-0.14493054545454548,-0.18448263636363632
362,-0.13380424,-0.192334,-0.08146368,-0.18243119999999996,-0.10911861999999999,-0.18756100000000003
363,-0.010751335,-0.19578689999999999,0.04072875,-0.17956540000000004,0.00984801,-0.1892044
364,-0.008108514,-0.19595920000000003,0.05047302,-0.17968759999999998,-0.003503422,-0.194583
365,-0.0048309320000000005,-0.19472479999999998,0.05165404999999999,-0.17865600000000004,0.024497980000000003,-0.18648540000000002
366,-0.008963022000000001,-0.19919580000000003,0.055119339999999996,-0.17324979999999998,0.02482452,-0.18569039999999998
367,-0.0168304,-0.19010900000000003,0.05477909999999998,-0.180145,0.05477909999999998,-0.180145
368,-0.0168304,-0.19010900000000003,0.05477909999999998,-0.180145,0.05477909999999998,-0.180145
369,-0.0168304,-0.19010900000000003,0.05477909999999998,-0.180145,0.05477909999999998,-0.180145
370,-0.01684872,-0.19689,0.043960599999999996,-0.1803008,0.043960599999999996,-0.1803008
371,-0.024270649999999998,-0.1954362,0.028854359999999996,-0.1745943,0.028848259999999997,-0.1745973
372,-0.02702332,-0.19074400000000002,0.029998779999999996,-0.1720886,0.009872432000000002,-0.1790708
373,-0.024938960000000003,-0.1920348,0.02930296,-0.1733276,0.002716064,-0.18256240000000004
374,-0.024395749999999997,-0.19178920000000002,0.027947999999999994,-0.1735093,0.0015884377799999998,-0.18278499999999998
375,-0.028619927272727278,-0.1930359090909091,0.026808299999999997,-0.17389054545454544,-0.00025801272727272724,-0.18331772727272727
376,-0.028292839999999996,-0.19280999999999998,0.027957180000000005,-0.17442919999999998,-0.0006713868400000002,-0.18387160000000002
377,-0.028192119999999998,-0.19374699999999997,0.0290985,-0.1720186,-0.00013427738000000003,-0.18318459999999998
378,-0.028878800000000003,-0.194362,0.0271942,-0.1720627,-0.0015640265,-0.18358760000000002
379,-0.0286316,-0.19559639999999998,0.029254159999999994,-0.16914379999999998,-0.0011261006,-0.1831238
380,-0.02814939999999999,-0.19593500000000003,0.02993468,-0.170126,-0.000363159,-0.1836824
381,-0.02481771818181818,-0.19600472727272725,0.03193246363636364,-0.1705280909090909,0.003792503090909091,-0.18325236363636366
382,-0.030300920000000002,-0.19440600000000002,0.03266602,-0.169989,-0.0020111079999999997,-0.18352359999999995
383,-0.03105771,-0.19408899999999998,0.02846224,-0.1697496,-0.003178405,-0.18276810000000002
384,-0.03070678,-0.1944092,0.02918092000000001,-0.1696534,-0.0006042485999999999,-0.1820648
385,-0.03077088,-0.19523939999999998,0.026831039999999994,-0.16984559999999999,-0.0007965081599999998,-0.1821108
386,-0.032113619999999996,-0.19532159999999998,0.02728884,-0.17017200000000002,-0.0015197744800000002,-0.1824586
387,-0.031027219999999994,-0.1947266,0.02895508,-0.17006519999999997,1.5259639999999978e-05,-0.1820616
388,-0.02945252,-0.1957703,0.02998046999999999,-0.17085580000000003,0.0028427120000000003,-0.18231940000000002
389,-0.026904320000000002,-0.19386600000000004,0.0315216,-0.17294020000000002,0.0025878901999999994,-0.1834108
390,-0.023635859999999998,-0.19440640000000003,0.033081059999999995,-0.1753632,0.00557251,-0.18469239999999995
391,-0.0237915,-0.1937988,0.03222656,-0.1730132,0.0042327879999999995,-0.183487
392,-0.02469148181818182,-0.1924673636363636,0.031249981818181814,-0.17196645454545456,0.004739935454545454,-0.18175309090909092
393,-0.025232933333333332,-0.19240333333333334,0.032604611111111105,-0.1720172222222222,0.005761038888888889,-0.18156266666666668
394,-0.026387019999999994,-0.191214,0.03334197,-0.1711426,0.0043273930000000006,-0.1809753
395,-0.028766233333333335,-0.188731,0.034528944444444445,-0.1708698888888889,0.002851698888888889,-0.17990633333333336
396,-0.028672820000000005,-0.1900131,0.03666535,-0.1695511,0.003959657,-0.17989229999999998
397,-0.030164725,-0.191352625,0.028221125000000003,-0.170618,-0.0019226087500000002,-0.18145
398,-0.029785157142857146,-0.1906432857142857,0.021660957142857144,-0.17083314285714288,-0.008457734285714285,-0.18249714285714289
399,-0.03185188888888889,-0.19166911111111112,0.021131733333333333,-0.17074588888888892,-0.0049455444444444436,-0.18111688888888888
400,-0.032825475,-0.192819625,0.0222435,-0.17081812500000002,-0.0057945275000000004,-0.182106
401,-0.02774554444444445,-0.1894191111111111,0.033540511111111115,-0.16813488888888886,0.0025889077777777776,-0.17898233333333333
402,-0.026444863636363634,-0.18935318181818184,0.03910273636363636,-0.16961790909090904,0.0009072045454545455,-0.18125472727272726
403,-0.02706568888888889,-0.18876455555555557,0.0365143,-0.16829755555555556,0.003689236666666667,-0.1789771111111111
404,-0.024679580000000003,-0.18940740000000003,0.03466188,-0.1690064,0.003866575999999999,-0.17967539999999999
405,-0.021511859999999997,-0.18993859999999999,0.03475952,-0.1704742,0.006396486,-0.180371
406,-0.021636980000000004,-0.18920759999999998,0.03428193,-0.1718276,0.006349181999999999,-0.18058470000000001
407,-0.023173540000000003,-0.1900696,0.03399505,-0.17189330000000003,0.004145813,-0.18147580000000002
408,-0.023529050000000003,-0.19147660000000002,0.03542178,-0.1711027,0.004495238,-0.181877
409,-0.023590089999999998,-0.19134829999999997,0.03664248,-0.1712798,0.005387879999999999,-0.18178410000000003
410,-0.022451759999999994,-0.192035,0.035253900000000005,-0.17153000000000002,0.0059875480000000005,-0.18200979999999997
411,-0.02201538,-0.19145669999999998,0.03554534,-0.1710831,0.006854245,-0.181317
412,-0.02333374,-0.18756720000000002,0.036618040000000004,-0.1707612,0.006539913999999999,-0.17928460000000004
413,-0.023859218181818184,-0.18935881818181813,0.036976227272727286,-0.17145172727272728,0.004706641818181819,-0.18103163636363634
414,-0.023776577777777776,-0.18831055555555556,0.03644141111111111,-0.171395,0.0037587466666666666,-0.18066911111111114
415,0.12129224000000001,-0.19206089999999998,0.15515894000000002,-0.1863616,0.14297949999999998,-0.18866739999999999
416,0.27161899999999994,-0.1826324,0.2852996,-0.1705628,0.2784730000000001,-0.1766114
417,0.26793675,-0.18280775000000002,0.288032375,-0.166549625,0.27398875,-0.17733187500000003
418,0.26564810000000005,-0.18182519999999996,0.28845350000000003,-0.16442269999999998,0.2771729,-0.173079
419,0.26602511111111116,-0.18181866666666666,0.2906036666666667,-0.1648491111111111,0.2782593333333334,-0.17342133333333332
420,0.26298366666666667,-0.1815984444444444,0.2930414444444444,-0.16441333333333336,0.2788982222222222,-0.1725616666666666
421,0.261771,-0.17749885714285712,0.29287528571428567,-0.16145557142857142,0.2784335714285714,-0.16895842857142856
422,0.2675448333333333,-0.18013783333333333,0.29495983333333337,-0.160421,0.2824758333333333,-0.16945133333333331
423,0.27436449999999996,-0.180913875,0.297191625,-0.1603795,0.28580262500000003,-0.170717375
424,0.2787731111111111,-0.18035722222222217,0.2986061111111111,-0.1617467777777778,0.28843188888888893,-0.17131188888888887
425,0.27849012500000003,-0.18202000000000002,0.29656025,-0.160617875,0.28825375,-0.17051887500000001
426,0.2588365555555556,-0.1857722222222222,0.2792951111111111,-0.16622255555555554,0.2688072222222222,-0.1764052222222222
427,0.2501296,-0.18981770000000003,0.2620622,-0.16778409999999996,0.2561676,-0.17856900000000003
428,0.2501577777777777,-0.18603522222222224,0.2618798888888889,-0.16732611111111112,0.2563441111111111,-0.17620666666666668
429,0.2514088888888889,-0.1853348888888889,0.2624462222222222,-0.16705811111111113,0.25711066666666665,-0.17593366666666665
430,0.2514903333333333,-0.18526555555555557,0.26682533333333336,-0.1670651111111111,0.259737,-0.17561344444444446
431,0.24905899999999997,-0.1867896666666667,0.27834566666666666,-0.1679281111111111,0.2655572222222222,-0.1762238888888889
432,0.24935914285714286,-0.18272171428571427,0.2789721428571429,-0.1700132857142857,0.2647441428571429,-0.17613671428571429
433,0.2512772857142857,-0.18140514285714285,0.28222214285714287,-0.16996557142857144,0.26472028571428574,-0.1764874285714286
434,0.25647822222222216,-0.17844822222222223,0.28398477777777775,-0.16824999999999998,0.26913588888888884,-0.173774
435,0.25502310000000006,-0.1795975,0.28555139999999996,-0.16793489999999997,0.2688278,-0.1743271
436,0.254976,-0.18287333333333333,0.28224011111111114,-0.16773822222222223,0.2678494444444445,-0.1757628888888889
437,0.252477,-0.185074,0.28219622222222224,-0.16812644444444444,0.2667928888888889,-0.17696466666666666
438,0.25227188888888885,-0.18534844444444443,0.28253866666666666,-0.16824177777777774,0.26699811111111116,-0.17706788888888889
439,0.25246270000000004,-0.18478409999999998,0.2848511,-0.16766199999999998,0.2697433,-0.17571710000000001
440,0.2530535,-0.18474212499999998,0.284908125,-0.16597762500000005,0.27041225,-0.17454150000000002
441,0.25146799999999997,-0.18641822222222226,0.28366933333333333,-0.16619022222222224,0.2694872222222222,-0.17515422222222227
442,0.25067799999999996,-0.1845008888888889,0.2840337777777778,-0.1663598888888889,0.26787299999999997,-0.1752047777777778
443,0.24986429999999998,-0.1841507,0.28428960000000003,-0.1664427,0.26904459999999997,-0.1743729
444,0.2536819999999999,-0.18240200000000004,0.2809068,-0.165683,0.26848740000000004,-0.17350000000000002
445,0.2604841,-0.18057240000000002,0.26640460000000005,-0.17139749999999998,0.26358180000000003,-0.17581940000000001
446,0.26059580000000004,-0.185054,0.2706223,-0.16954799999999998,0.26599579999999995,-0.17670750000000002
447,0.258258,-0.1847748,0.2712662,-0.16894399999999998,0.2657914,-0.17561960000000001
448,0.2573058,-0.18473209999999998,0.27755130000000006,-0.16745300000000002,0.26864,-0.17506719999999998
449,0.2590191818181818,-0.17979454545454546,0.28159699999999993,-0.168081,0.2710348181818181,-0.17355372727272733
450,0.264244,-0.1536652,0.28033610000000003,-0.1411743,0.27640370000000003,-0.1440539
451,0.26473240000000003,-0.150125,0.2797883,-0.13614500000000002,0.2737779,-0.1416565
452,0.2640292,-0.1488966,0.2807695,-0.1339858,0.27264700000000003,-0.14124920000000002
453,0.2650328181818181,-0.14933636363636363,0.28230290909090905,-0.13321890909090908,0.27426454545454537,-0.14074572727272727
454,0.2651888,-0.14629530000000002,0.2834639,-0.1323274,0.27479250000000005,-0.13897400000000001
455,0.2664084444444444,-0.1470318888888889,0.28366433333333335,-0.13281255555555557,0.27545500000000006,-0.13960088888888889
456,0.26689309090909086,-0.14621654545454546,0.2833389090909091,-0.13276254545454547,0.2756807272727273,-0.13904936363636364
457,0.2708677,-0.1458542,0.28404679999999993,-0.1320925,0.27747209999999994,-0.1389864
458,0.27230979999999994,-0.14404139999999999,0.28416119999999995,-0.1302703,0.2777067,-0.1377855
459,0.27121833333333334,-0.14557399999999998,0.2835795555555556,-0.12922,0.2771065555555555,-0.13779
460,0.2669302727272727,-0.14474336363636364,0.2824915454545454,-0.13058754545454548,0.27491218181818183,-0.13751236363636363
461,0.2681613333333333,-0.14607555555555557,0.28273022222222216,-0.1319851111111111,0.27523299999999995,-0.13926355555555558
462,0.2677519,-0.14641389999999996,0.28364739999999994,-0.1315261,0.2756134,-0.13907799999999998
463,0.27807899999999997,-0.13052910909090912,0.29104209090909094,-0.11444498181818177,0.2844114545454545,-0.12239492727272729
464,0.29373924999999995,-0.05179021250000001,0.31890675,-0.046716675,0.31760612499999996,-0.0469360125
465,0.2806903,-0.045497119999999995,0.3256701,-0.037710549999999995,0.3187607,-0.03866423
466,0.27092780000000005,-0.04468837999999999,0.32628060000000003,-0.038821379999999996,0.3137358,-0.040359469999999995
467,0.27445810000000004,-0.04844206,0.3188218,-0.04173735999999999,0.29810780000000003,-0.044949359999999994
468,0.2811203,-0.041586290000000005,0.3247636,-0.03439636,0.30233619999999994,-0.03808136999999999
469,0.2615342,-0.04769593,0.29289709999999997,-0.04400481,0.2832213,-0.04532318
470,0.2609191,-0.049537660000000004,0.28579269999999996,-0.04709929,0.2780382,-0.047860730000000004
471,0.2639882727272727,-0.04921514545454546,0.2864186363636364,-0.04576943636363637,0.2755612727272727,-0.047442363636363644
472,0.2669408888888889,-0.05048115555555556,0.28682811111111106,-0.04595437777777778,0.2772185555555555,-0.04814996666666667
473,0.26871127272727274,-0.05140408181818181,0.28799590909090905,-0.04512856363636363,0.27866309090909097,-0.04817616363636363
474,0.26689139999999995,-0.0517807,0.28925320000000004,-0.04455414,0.27899019999999997,-0.0478851
475,0.2650506363636363,-0.05307562727272728,0.2910569090909091,-0.044491863636363635,0.2791456363636364,-0.048436927272727276
476,0.2670243,-0.05008241,0.29164730000000005,-0.042297369999999994,0.27830489999999997,-0.04651946
477,0.2695389,-0.04969480999999999,0.29843,-0.04195708999999999,0.2833955,-0.046002209999999995
478,0.268596,-0.04735911818181818,0.29915963636363635,-0.043715036363636356,0.28486481818181825,-0.04545039090909091
479,0.26601699999999995,-0.04963531,0.29881459999999993,-0.04372865000000001,0.2845979,-0.04633638
480,0.2637697,-0.05129243,0.29908470000000004,-0.04325712999999999,0.2819688,-0.04716186
481,0.26408918181818186,-0.05285366363636364,0.29967290909090905,-0.04442665454545455,0.2814552727272727,-0.048767118181818184
482,0.2674321111111111,-0.05283271111111111,0.30057611111111115,-0.042293977777777776,0.28412733333333334,-0.0475498
483,0.26751436363636366,-0.052967427272727276,0.30017072727272726,-0.042339,0.2848539090909091,-0.04734386363636363
484,0.2662428,-0.05358735,0.29926179999999997,-0.044128429999999996,0.28519140000000004,-0.048187259999999996
485,0.2614778888888889,-0.0543467,0.2973192222222222,-0.048897666666666666,0.2805836666666666,-0.051472977777777776
486,0.26806781818181813,-0.05254017272727273,0.296155,-0.04524922727272727,0.2826843636363636,-0.048672763636363636
487,0.2845534,-0.04822845,0.30724950000000006,-0.03886567,0.3000885,-0.04184111
488,0.28216860000000005,-0.05016478,0.306166,-0.03912198,0.29554610000000003,-0.044024669999999995
489,0.28405610000000003,-0.049159209999999995,0.3054825,-0.04103086,0.29491259999999997,-0.04505159
490,0.28782527272727276,-0.04744652727272727,0.30505509090909094,-0.039590990909090906,0.29620218181818186,-0.0436443
491,0.2900731111111111,-0.047095399999999996,0.30598788888888895,-0.03875393333333334,0.2982617777777778,-0.042811077777777776
492,0.2846511111111111,-0.04888747777777777,0.3067796666666667,-0.03816223333333334,0.29613899999999993,-0.04332987777777778
493,0.28732322222222223,-0.04920109999999999,0.3082071111111111,-0.03813004444444444,0.298116,-0.04349603333333333
494,0.28778080000000006,-0.049118049999999996,0.30858929999999996,-0.039912420000000004,0.2980743,-0.044569399999999995
495,0.2785184,-0.04831846000000001,0.3083496,-0.040267939999999995,0.29443980000000003,-0.04420166
496,0.2619279,-0.05079804,0.3071669,-0.04183655,0.2971343000000001,-0.04404602
497,0.2617728888888889,-0.050231922222222225,0.2911803333333334,-0.04763961111111111,0.279312,-0.04870607777777778
498,0.2630645,-0.04948426,0.2913819,-0.0448822,0.2777162,-0.04710997
499,0.26508954545454544,-0.04685974545454545,0.29228627272727276,-0.04439754545454545,0.27894590909090905,-0.045597390909090915
500,0.2669406,-0.046481320000000007,0.2938995999999999,-0.045169060000000004,0.2806335999999999,-0.0458191
501,0.2650696,-0.04764098,0.293088,-0.04621884,0.2797332,-0.046893300000000006
502,0.25614480000000006,-0.04782868,0.28118599999999994,-0.04810027,0.2686493,-0.047654730000000006
503,0.239796,-0.042289045454545454,0.2518255454545455,-0.055514263636363644,0.2421720909090909,-0.04480952727272727
504,0.23805839999999998,-0.04293824,0.25365610000000005,-0.051622,0.24418489999999998,-0.04628295
505,0.23657222222222224,-0.04276528888888889,0.2534672222222222,-0.05105421111111111,0.24443755555555555,-0.04661897777777778
506,0.23601600000000003,-0.043475090909090915,0.254923,-0.04670574545454545,0.24471490909090912,-0.044966245454545466
507,0.2360046,-0.04262388999999999,0.2545656,-0.04463043,0.24498580000000003,-0.04359588999999999
508,0.23771381818181817,-0.04199081818181818,0.25663345454545455,-0.04240835454545456,0.24730490909090913,-0.0422099909090909
509,0.23866277777777775,-0.040815566666666664,0.25802955555555557,-0.04351805555555556,0.24828744444444442,-0.042143077777777774
510,0.23702655555555557,-0.04137675555555556,0.25758711111111116,-0.04429456666666667,0.24731588888888892,-0.04284157777777778
511,0.23733409090909097,-0.04245965454545455,0.25995554545454547,-0.04536020909090909,0.24970045454545453,-0.044045154545454546
512,0.23722820000000003,-0.044830300000000003,0.258786,-0.04500122000000001,0.2490844,-0.04491884
513,0.2377731,-0.044874590000000006,0.2593198,-0.04589232000000001,0.24879160000000003,-0.045394899999999995
514,0.2383958,-0.04527286000000001,0.2596845,-0.04597166000000001,0.2491413,-0.04562379
515,0.2368689090909091,-0.043452872727272725,0.25885009090909095,-0.044658309090909086,0.2473144545454546,-0.044038236363636366
516,0.253726,-0.006445300000000001,0.2811524,0.003756708000000003,0.2683136,-0.000628645999999998
517,0.2529247777777777,0.039201511111111115,0.30060833333333337,0.06793723333333333,0.28990822222222223,0.06146919999999999
518,0.2608705,0.04889984,0.30429069999999997,0.06377871,0.28683469999999994,0.057966610000000016
519,0.2537385,0.04790497,0.3014451,0.06431426999999998,0.2789046,0.056556709999999996
520,0.25336000000000003,0.04840089,0.3007232999999999,0.06526182999999999,0.2784164,0.0573288
521,0.26803299999999997,0.06250000000000001,0.2931976,0.07114256,0.28205860000000005,0.06761474
522,0.2650285454545455,0.06188825454545454,0.29259290909090907,0.07817771818181818,0.2796894545454545,0.0705552909090909
523,0.26578660000000004,0.06436461999999998,0.2909268,0.07765808,0.27786560000000005,0.07074586
524,0.267279,0.06441649999999997,0.29085079999999996,0.07793275999999999,0.27913499999999997,0.07120056
525,0.2681032,0.06362915999999999,0.3106598,0.09112243999999999,0.28963,0.0774872
526,0.27197879999999997,0.06272736000000001,0.3137024,0.08976133,0.2930314,0.07633208999999999
527,0.2711182,0.06426392,0.3134430000000001,0.08933717999999999,0.292929,0.07716066000000002
528,0.2692198,0.0629837,0.3126114,0.08856199000000001,0.2912079,0.07591704999999997
529,0.26561899999999994,0.06284639,0.3093567,0.08910829999999999,0.2880202,0.07626952999999999
530,0.26155870000000003,0.06309511,0.29796600000000006,0.08253785999999999,0.27969980000000005,0.0727783
531,0.2603058,0.061633300000000016,0.29131160000000006,0.07704774,0.275409,0.06912537999999999
532,0.2613402,0.06499024,0.29219359999999994,0.07686768,0.2766512,0.07086792
533,0.26235959999999997,0.06468199999999999,0.3075532,0.0855835,0.2852844,0.07526245999999999
534,0.25770699999999996,0.0652771,0.30819718181818184,0.0871998181818182,0.2833460909090909,0.07639104545454543
535,0.25488879999999997,0.06586916000000001,0.2973602000000001,0.08207397999999999,0.2768066,0.07425232
536,0.25503272727272724,0.06627031818181818,0.28302127272727273,0.07374155454545454,0.26902481818181817,0.0700086909090909
537,0.2534722222222222,0.06567721111111112,0.28293355555555555,0.07438152222222222,0.26814611111111114,0.070009
538,0.2539961111111111,0.06533305555555555,0.2841202222222223,0.07477992222222224,0.2687886666666667,0.0699700222222222
539,0.2557798,0.0645752,0.2853332,0.07532042,0.2706452,0.06997374
540,0.25774569999999997,0.06491240999999999,0.2868026999999999,0.0762024,0.272687,0.07071379000000003
541,0.25769033333333335,0.06523136666666667,0.28714466666666666,0.07535806666666667,0.2724506666666667,0.0703074
