0,0.0,0.0,0.0,0.0,0.1966145634651184,0.34941793233156204
1,0.0,0.0,0.0,0.0,0.527373418211937,0.937168151140213
2,0.0,0.0,0.0,0.0,0.5268230587244034,0.9236309677362442
3,0.0,0.0,0.0,0.0,0.5219691594441732,0.8974289894104004
4,0.0,0.0,0.0,0.0,0.5122255384922028,0.9278724938631058
5,0.0,0.0,0.0,0.0,0.4762844145298004,1.0935842096805573
6,0.0,0.0,0.0,0.0,0.48261576890945435,1.0990773737430573
7,0.0,0.0,0.0,0.0,0.48981069525082904,1.1129823923110962
8,0.0,0.0,0.0,0.0,0.4757617563009262,1.0938126146793365
9,0.0,0.0,0.0,0.0,0.48627547919750214,1.1077289581298828
10,0.0,0.0,0.0,0.0,0.4759238660335541,1.0978227456410725
11,0.0,0.0,0.0,0.0,0.4720163568854332,0.9755458980798721
12,0.0,0.0,0.0,0.0,0.4500814825296402,0.42245006561279297
13,0.0,0.0,0.0,0.0,0.44812706112861633,0.36700277775526047
14,0.0,0.0,0.0,0.0,0.4505249485373497,0.35690193623304367
15,0.0,0.0,0.0,0.0,0.4606333076953888,0.39350931843121845
16,0.0,0.0,0.0,0.0,0.49066993594169617,0.4903822988271713
17,0.0,0.0,0.0,0.0,0.48442523181438446,0.49509795755147934
18,0.0,0.0,0.0,0.0,0.49065980315208435,0.5061784386634827
19,0.0,0.0,0.0,0.0,0.48791418472925824,0.5059816837310791
20,0.0,0.0,0.0,0.0,0.4897572621703148,0.5078853517770767
21,0.0,0.0,0.0,0.0,0.49209849536418915,0.5080199763178825
22,0.0,0.0,0.0,0.0,0.49029964953660965,0.4866805300116539
23,0.0,0.0,0.0,0.0,0.48445064822832745,0.4917158583799998
24,0.0,0.0,0.0,0.0,0.4872240126132965,0.488752543926239
25,0.0,0.0,0.0,0.0,0.4886641204357147,0.4961222931742668
26,0.0,0.0,0.0,0.0,0.48741453886032104,0.4953245371580124
27,0.0,0.0,0.0,0.0,0.484740952650706,0.4942689836025238
28,0.0,0.0,0.0,0.0,0.48941684514284134,0.5106715559959412
29,0.0,0.0,0.0,0.0,0.4950592964887619,0.5296040922403336
30,0.0,0.0,0.0,0.0,0.4932538643479347,0.5283822417259216
31,0.0,0.0,0.0,0.0,0.4868953327337901,0.4994177023569743
32,0.0,0.0,0.0,0.0,0.4877701550722122,0.49806632846593857
33,0.0,0.0,0.0,0.0,0.49499301612377167,0.4956925958395004
34,0.0,0.0,0.0,0.0,0.48664427548646927,0.5090708136558533
35,0.0,0.0,0.0,0.0,0.4854775220155716,0.4840523675084114
36,0.0,0.0,0.0,0.0,0.48547370235125226,0.48815658688545227
37,0.0,0.0,0.0,0.0,0.4819144755601883,0.48541343212127686
38,0.0,0.0,0.0,0.0,0.4794017896056175,0.48742441087961197
39,0.0,0.0,0.0,0.0,0.4820471704006195,0.49173714965581894
40,0.0,0.0,0.0,0.0,0.4780009587605794,0.5083311001459757
41,0.0,0.0,0.0,0.0,0.480145201086998,0.5111567825078964
42,0.0,0.0,0.0,0.0,0.4869012236595154,0.4992039129137993
43,0.0,0.0,0.0,0.0,0.48719610273838043,0.5196662247180939
44,0.0,0.0,0.0,0.0,0.4821408788363139,0.4996873239676158
45,0.0,0.0,0.0,0.0,0.48290542513132095,0.49993326514959335
46,0.0,0.0,0.0,0.0,0.47731664031744003,0.5213829725980759
47,0.0,0.0,0.0,0.0,0.4752955138683319,0.5154187828302383
48,0.0,0.0,0.0,0.0,0.47549545764923096,0.5142700473467509
49,0.0,0.0,0.0,0.0,0.47985636442899704,0.5277342647314072
50,0.0,0.0,0.0,0.0,0.48139938712120056,0.5165195018053055
51,0.0,0.0,0.0,0.0,0.4842616766691208,0.5161025077104568
52,0.0,0.0,0.0,0.0,0.4849925736586253,0.5346338748931885
53,0.0,0.0,0.0,0.0,0.4890850558876991,0.5360402762889862
54,0.0,0.0,0.0,0.0,0.4855639934539795,0.5386674106121063
55,0.0,0.0,0.0,0.0,0.4839344322681427,0.5470966696739197
56,0.0,0.0,0.0,0.0,0.48518160978953045,0.5216637253761292
57,0.0,0.0,0.0,0.0,0.48230039328336716,0.5223215520381927
58,0.0,0.0,0.0,0.0,0.4818936213850975,0.5303085744380951
59,0.0,0.0,0.0,0.0,0.48503074049949646,0.532360777258873
60,0.0,0.0,0.0,0.0,0.48776398102442425,0.5364728371302286
61,0.0,0.0,0.0,0.0,0.4845305532217026,0.5204496830701828
62,0.0,0.0,0.0,0.0,0.47982367873191833,0.50101737678051
63,0.0,0.0,0.0,0.0,0.4823213145136833,0.5035530552268028
64,0.0,0.0,0.0,0.0,0.4843467250466347,0.5072038471698761
65,0.0,0.0,0.0,0.0,0.48134074608484906,0.5076258182525635
66,0.0,0.0,0.0,0.0,0.4869717061519623,0.5214184075593948
67,0.0,0.0,0.0,0.0,0.4751046225428581,0.5085644498467445
68,0.0,0.0,0.0,0.0,0.48250046372413635,0.5106748243172964
69,0.0,0.0,0.0,0.0,0.47894950211048126,0.5072675794363022
70,0.0,0.0,0.0,0.0,0.4863256439566612,0.5066919773817062
71,0.0,0.0,0.0,0.0,0.4867328926920891,0.5220808982849121
72,0.0,0.0,0.0,0.0,0.48743945360183716,0.520721952120463
73,0.0,0.0,0.0,0.0,0.4901453033089638,0.51850426197052
74,0.0,0.0,0.0,0.0,0.4836684688925743,0.5026107951998711
75,0.0,0.0,0.0,0.0,0.4851454943418503,0.5072408616542816
76,0.0,0.0,0.0,0.0,0.47936328252156574,0.51797882715861
77,0.0,0.0,0.0,0.0,0.48455747961997986,0.5170073509216309
78,0.0,0.0,0.0,0.0,0.4843718633055687,0.5297629535198212
79,0.0,0.0,0.0,0.0,0.4860451892018318,0.5257661640644073
80,0.0,0.0,0.0,0.0,0.4857344925403595,0.49871839582920074
81,0.0,0.0,0.0,0.0,0.4770403504371643,0.5091768304506937
82,0.0,0.0,0.0,0.0,0.4897502213716507,0.5254145711660385
83,0.0,0.0,0.0,0.0,0.48325009644031525,0.5109494179487228
84,0.0,0.0,0.0,0.0,0.4880819246172905,0.5091871619224548
85,0.0,0.0,0.0,0.0,0.486396203438441,0.5101098020871481
86,0.0,0.0,0.0,0.0,0.4868323504924774,0.5108566135168076
87,0.0,0.0,0.0,0.0,0.48253223299980164,0.4967288374900818
88,0.0,0.0,0.0,0.0,0.4861527755856514,0.4974403604865074
89,0.0,0.0,0.0,0.0,0.4874945978323619,0.496820330619812
90,0.0,0.0,0.0,0.0,0.48133210837841034,0.49035219103097916
91,0.0,0.0,0.0,0.0,0.4805091693997383,0.49265914410352707
92,0.0,0.0,0.0,0.0,0.4850286617875099,0.495658241212368
93,0.0,0.0,0.0,0.0,0.48761675755182904,0.49888110160827637
94,0.0,0.0,0.0,0.0,0.49226348102092743,0.49590249359607697
95,0.0,0.0,0.0,0.0,0.4919092431664467,0.505850300192833
96,0.0,0.0,0.0,0.0,0.48356176912784576,0.5178828239440918
97,0.0,0.0,0.0,0.0,0.4859737555185954,0.504626621802648
98,0.0,0.0,0.0,0.0,0.4880067929625511,0.5262494832277298
99,0.0,0.0,0.0,0.0,0.3836175203323364,0.44745052605867386
100,0.0,0.0,0.0,0.0,0.23884015530347824,0.32571233808994293
101,0.0,0.0,0.0,0.0,0.23659376800060272,0.3273031910260518
102,0.0,0.0,0.0,0.0,0.22749897465109825,0.3130991905927658
103,0.0,0.0,0.0,0.0,0.22502802684903145,0.31281913071870804
104,0.0,0.0,0.0,0.0,0.21993352472782135,0.32201631367206573
105,0.0,0.0,0.0,0.0,0.2228704740603765,0.3219280441602071
106,0.0,0.0,0.0,0.0,0.22327309101819992,0.32876836508512497
107,0.0,0.0,0.0,0.0,0.22001831606030464,0.30764856189489365
108,0.0,0.0,0.0,0.0,0.22239058837294579,0.31087446957826614
109,0.0,0.0,0.0,0.0,0.224557563662529,0.3074067533016205
110,0.0,0.0,0.0,0.0,0.22373643517494202,0.3023703470826149
111,0.0,0.0,0.0,0.0,0.22912738099694252,0.3104308694601059
112,0.0,0.0,0.0,0.0,0.22879695892333984,0.3070497661828995
113,0.0,0.0,0.0,0.0,0.22600253919760385,0.3113971749941508
114,0.0,0.0,0.0,0.0,0.23175900429487228,0.30985525250434875
115,0.0,0.0,0.0,0.0,0.22696737200021744,0.30189453810453415
116,0.0,0.0,0.0,0.0,0.22481971234083176,0.31330324709415436
117,0.0,0.0,0.0,0.0,0.22498964269955954,0.3088729679584503
118,0.0,0.0,0.0,0.0,0.22188957780599594,0.30795586109161377
119,0.0,0.0,0.0,0.0,0.22146094217896461,0.3159469813108444
120,0.0,0.0,0.0,0.0,0.22329794615507126,0.30892203748226166
121,0.0,0.0,0.0,0.0,0.22252171486616135,0.32330190390348434
122,0.0,0.0,0.0,0.0,0.2195739895105362,0.31984756390253705
123,0.0,0.0,0.0,0.0,0.2199731282889843,0.30684109777212143
124,0.0,0.0,0.0,0.0,0.2241632118821144,0.31925806403160095
125,0.0,0.0,0.0,0.0,0.2256973497569561,0.3234148398041725
126,0.0,0.0,0.0,0.0,0.21929263571898142,0.29997919996579486
127,0.0,0.0,0.0,0.0,0.22383450344204903,0.3186481148004532
128,0.0,0.0,0.0,0.0,0.22483165189623833,0.3265501707792282
129,0.0,0.0,0.0,0.0,0.22043759375810623,0.32156143337488174
130,0.0,0.0,0.0,0.0,0.21977627277374268,0.30204058686892193
131,0.0,0.0,0.0,0.0,0.2207302637398243,0.30467627942562103
132,0.0,0.0,0.0,0.0,0.22175311297178268,0.31972120702266693
133,0.0,0.0,0.0,0.0,0.22431376576423645,0.31847183406352997
134,0.0,0.0,0.0,0.0,0.22220451633135477,0.3214858074982961
135,0.0,0.0,0.0,0.0,0.22096813097596169,0.32118482142686844
136,0.0,0.0,0.0,0.0,0.22033799067139626,0.3109018802642822
137,0.0,0.0,0.0,0.0,0.21820498630404472,0.3154466226696968
138,0.0,0.0,0.0,0.0,0.22448396186033884,0.33134931325912476
139,0.0,0.0,0.0,0.0,0.21401125565171242,0.3104170635342598
140,0.0,0.0,0.0,0.0,0.2246691919863224,0.3090949282050133
141,0.0,0.0,0.0,0.0,0.22490908950567245,0.30720430612564087
142,0.0,0.0,0.0,0.0,0.22644210855166116,0.30653228362401325
143,0.0,0.0,0.0,0.0,0.2240648865699768,0.3065059408545494
144,0.0,0.0,0.0,0.0,0.22871151939034462,0.31414056569337845
145,0.0,0.0,0.0,0.0,0.2274463176727295,0.30657295882701874
146,0.0,0.0,0.0,0.0,0.22303431729475656,0.29760632912317914
147,0.0,0.0,0.0,0.0,0.2276410013437271,0.31818365305662155
148,0.0,0.0,0.0,0.0,0.22094972804188728,0.313580721616745
149,0.0,0.0,0.0,0.0,0.37097804993391037,0.288493849337101
150,0.0,0.0,0.0,0.0,0.4890204966068268,0.2561221718788147
151,0.0,0.0,0.0,0.0,0.49542320768038434,0.2778882881005605
152,0.0,0.0,0.0,0.0,0.49480441212654114,0.285737507045269
153,0.0,0.0,0.0,0.0,0.4821312949061394,0.2905816584825516
154,0.0,0.0,0.0,0.0,0.4815426245331764,0.2949617952108383
155,0.0,0.0,0.0,0.0,0.48128606875737506,0.28921913107236225
156,0.0,0.0,0.0,0.0,0.48008906096220016,0.29417117685079575
157,0.0,0.0,0.0,0.0,0.4826040342450142,0.28815653175115585
158,0.0,0.0,0.0,0.0,0.4795299395918846,0.2917601689696312
159,0.0,0.0,0.0,0.0,0.4763806958993276,0.29650025566418964
160,0.0,0.0,0.0,0.0,0.4734526723623276,0.30303751677274704
161,0.0,0.0,0.0,0.0,0.4793197736144066,0.3007323145866394
162,0.0,0.0,0.0,0.0,0.4815995544195175,0.28953196108341217
163,0.0,0.0,0.0,0.0,0.48056477308273315,0.29312604665756226
164,0.0,0.0,0.0,0.0,0.48151762783527374,0.29181093722581863
165,0.0,0.0,0.0,0.0,0.4834344759583473,0.29957304149866104
166,0.0,0.0,0.0,0.0,0.48431525379419327,0.29582130163908005
167,0.0,0.0,0.0,0.0,0.48287787040074664,0.29870642224947613
168,0.0,0.0,0.0,0.0,0.4857976958155632,0.29773542284965515
169,0.0,0.0,0.0,0.0,0.4898153245449066,0.28167805820703506
170,0.0,0.0,0.0,0.0,0.4854370504617691,0.26180223375558853
171,0.0,0.0,0.0,0.0,0.48291903734207153,0.28487353523572284
172,0.0,0.0,0.0,0.0,0.48394543677568436,0.2863006591796875
173,0.0,0.0,0.0,0.0,0.4826572760939598,0.2845957279205322
174,0.0,0.0,0.0,0.0,0.4872009977698326,0.2906222864985466
175,0.0,0.0,0.0,0.0,0.48624105254809064,0.2985521654287974
176,0.0,0.0,0.0,0.0,0.4804248660802841,0.2875199615955353
177,0.0,0.0,0.0,0.0,0.48591072857379913,0.2924572303891182
178,0.0,0.0,0.0,0.0,0.4826945886015892,0.2829633429646492
179,0.0,0.0,0.0,0.0,0.4757552941640218,0.28397220373153687
180,0.0,0.0,0.0,0.0,0.4765652120113373,0.2860383093357086
181,0.0,0.0,0.0,0.0,0.48319807052612307,0.28213722109794614
182,0.0,0.0,0.0,0.0,0.4857257157564163,0.2880530133843422
183,0.0,0.0,0.0,0.0,0.48663196961085003,0.2980598409970601
184,0.0,0.0,0.0,0.0,0.48913344740867615,0.2922910898923874
185,0.0,0.0,0.0,0.0,0.4903581514954567,0.2946871444582939
186,0.0,0.0,0.0,0.0,0.4944225549697876,0.29451172053813934
187,0.0,0.0,0.0,0.0,0.49614109595616657,0.28797686100006104
188,0.0,0.0,0.0,0.0,0.49827636033296585,0.2940785065293312
189,0.0,0.0,0.0,0.0,0.49914872646331787,0.2900332883000374
190,0.0,0.0,0.0,0.0,0.4996590092778206,0.30479077249765396
191,0.0,0.0,0.0,0.0,0.48456360896428424,0.28910674651463825
192,0.0,0.0,0.0,0.0,0.48817990720272064,0.29325927793979645
193,0.0,0.0,0.0,0.0,0.4960938096046448,0.2956203669309616
194,0.0,0.0,0.0,0.0,0.49748972058296204,0.2972863093018532
195,0.0,0.0,0.0,0.0,0.4850969612598419,0.2970297932624817
196,0.0,0.0,0.0,0.0,0.48794063180685043,0.29585301876068115
197,0.0,0.0,0.0,0.0,0.4840793013572693,0.2948496863245964
198,0.0,0.0,0.0,0.0,0.6031466126441956,0.30587609112262726
199,0.0,0.0,0.0,0.0,0.7334068814913431,0.3015905519326528
200,0.0,0.0,0.0,0.0,0.736842930316925,0.2787809669971466
201,0.0,0.0,0.0,0.0,0.7399904727935791,0.27058690041303635
202,0.0,0.0,0.0,0.0,0.7497684210538864,0.2846768796443939
203,0.0,0.0,0.0,0.0,0.7604672312736511,0.301376352707545
204,0.0,0.0,0.0,0.0,0.7523429542779922,0.28410016745328903
205,0.0,0.0,0.0,0.0,0.7561167329549789,0.2817019373178482
206,0.0,0.0,0.0,0.0,0.7539026886224747,0.2913448438048363
207,0.0,0.0,0.0,0.0,0.7475301623344421,0.29191234707832336
208,0.0,0.0,0.0,0.0,0.7553734332323074,0.29439229518175125
209,0.0,0.0,0.0,0.0,0.7569117993116379,0.28840598464012146
210,0.0,0.0,0.0,0.0,0.7530159652233124,0.2903897240757942
211,0.0,0.0,0.0,0.0,0.7597670157750448,0.27292991677920025
212,0.0,0.0,0.0,0.0,0.7559015452861786,0.28511712700128555
213,0.0,0.0,0.0,0.0,0.7609928846359253,0.28338444977998734
214,0.0,0.0,0.0,0.0,0.7571396678686142,0.2900244817137718
215,0.0,0.0,0.0,0.0,0.7528279423713684,0.2793973783651988
216,0.0,0.0,0.0,0.0,0.7542390674352646,0.2843077853322029
217,0.0,0.0,0.0,0.0,0.7539324760437012,0.2895696610212326
218,0.0,0.0,0.0,0.0,0.7549885958433151,0.2897239103913307
219,0.0,0.0,0.0,0.0,0.7499712506930033,0.3095409572124481
220,0.0,0.0,0.0,0.0,0.7548209726810455,0.2988935485482216
221,0.0,0.0,0.0,0.0,0.7534310817718506,0.3088424801826477
222,0.0,0.0,0.0,0.0,0.7536976933479309,0.29902680218219757
223,0.0,0.0,0.0,0.0,0.752413014570872,0.3012637694676717
224,0.0,0.0,0.0,0.0,0.7490392178297043,0.2934577241539955
225,0.0,0.0,0.0,0.0,0.7552165389060974,0.28670237958431244
226,0.0,0.0,0.0,0.0,0.7562205940485001,0.29259496182203293
227,0.0,0.0,0.0,0.0,0.7525346279144287,0.3126924932003021
228,0.0,0.0,0.0,0.0,0.7520605802536011,0.30173771679401395
229,0.0,0.0,0.0,0.0,0.7404103428125381,0.2867953032255173
230,0.0,0.0,0.0,0.0,0.7502285689115524,0.2801224887371063
231,0.0,0.0,0.0,0.0,0.750898281733195,0.3025682767232259
232,0.0,0.0,0.0,0.0,0.7487630993127823,0.32036134600639343
233,0.0,0.0,0.0,0.0,0.7508941888809204,0.31429433822631836
234,0.0,0.0,0.0,0.0,0.7491371035575867,0.3147772252559662
235,0.0,0.0,0.0,0.0,0.7507496277491251,0.31355024377504986
236,0.0,0.0,0.0,0.0,0.7514127790927887,0.3065388947725296
237,0.0,0.0,0.0,0.0,0.7532283514738083,0.29702988266944885
238,0.0,0.0,0.0,0.0,0.7542930692434311,0.29305147379636765
239,0.0,0.0,0.0,0.0,0.7566011548042297,0.2893473207950592
240,0.0,0.0,0.0,0.0,0.7508226633071899,0.29579727351665497
241,0.0,0.0,0.0,0.0,0.7543769627809525,0.30196476727724075
242,0.0,0.0,0.0,0.0,0.754726767539978,0.28662972152233124
243,0.0,0.0,0.0,0.0,0.7598831653594971,0.29525304834047955
244,0.0,0.0,0.0,0.0,0.7547396272420883,0.3032355383038521
245,0.0,0.0,0.0,0.0,0.7519543468952179,0.30605506896972656
246,0.0,0.0,0.0,0.0,0.7544129937887192,0.3293667584657669
247,0.0,0.0,0.0,0.0,0.7464879552523295,0.49298498034477234
248,0.0,0.0,0.0,0.0,0.750441387295723,0.516890212893486
249,0.0,0.0,0.0,0.0,0.751517191529274,0.5073504447937012
250,0.0,0.0,0.0,0.0,0.7493616193532944,0.5011532381176949
251,0.0,0.0,0.0,0.0,0.7560764153798422,0.5136361519495646
252,0.0,0.0,0.0,0.0,0.7501265704631805,0.5187729895114899
253,0.0,0.0,0.0,0.0,0.7538961917161942,0.5147479921579361
254,0.0,0.0,0.0,0.0,0.7587977349758148,0.5267330706119537
255,0.0,0.0,0.0,0.0,0.7639238685369492,0.5238867998123169
256,0.0,0.0,0.0,0.0,0.7640025615692139,0.5060591697692871
257,0.0,0.0,0.0,0.0,0.7592065036296844,0.5138916820287704
258,0.0,0.0,0.0,0.0,0.7559182792901993,0.5110679119825363
259,0.0,0.0,0.0,0.0,0.7619716674089432,0.5024129971861839
260,0.0,0.0,0.0,0.0,0.7570088505744934,0.510637640953064
261,0.0,0.0,0.0,0.0,0.7587408423423767,0.49541039019823074
262,0.0,0.0,0.0,0.0,0.7633199691772461,0.49315162003040314
263,0.0,0.0,0.0,0.0,0.7570489048957825,0.4990549484888713
264,0.0,0.0,0.0,0.0,0.765021562576294,0.4976803958415985
265,0.0,0.0,0.0,0.0,0.7614899128675461,0.5066835582256317
266,0.0,0.0,0.0,0.0,0.7631437480449677,0.4970177710056305
267,0.0,0.0,0.0,0.0,0.7673163811365763,0.49644240736961365
268,0.0,0.0,0.0,0.0,0.7661422938108444,0.5003717914223671
269,0.0,0.0,0.0,0.0,0.7623029947280884,0.4920393377542496
270,0.0,0.0,0.0,0.0,0.7711640745401382,0.49497000873088837
271,0.0,0.0,0.0,0.0,0.7670199424028397,0.48195119947195053
272,0.0,0.0,0.0,0.0,0.7681035200754801,0.4912414252758026
273,0.0,0.0,0.0,0.0,0.766233503818512,0.49934234470129013
274,0.0,0.0,0.0,0.0,0.7685455083847046,0.5049939006567001
275,0.0,0.0,0.0,0.0,0.7667548805475235,0.49910981953144073
276,0.0,0.0,0.0,0.0,0.7617095112800598,0.49879030386606854
277,0.0,0.0,0.0,0.0,0.7614376693964005,0.5063803195953369
278,0.0,0.0,0.0,0.0,0.7600351125001907,0.48921745270490646
279,0.0,0.0,0.0,0.0,0.7677645087242126,0.4903690740466118
280,0.0,0.0,0.0,0.0,0.7530691226323446,0.5049013197422028
281,0.0,0.0,0.0,0.0,0.7404347956180573,0.5184071809053421
282,0.0,0.0,0.0,0.0,0.7431810945272446,0.5258155018091202
283,0.0,0.0,0.0,0.0,0.7392682135105133,0.5276315361261368
284,0.0,0.0,0.0,0.0,0.7427313923835754,0.5137072006861368
285,0.0,0.0,0.0,0.0,0.7448006868362427,0.5285746455192566
286,0.0,0.0,0.0,0.0,0.7402183711528778,0.5471315532922745
287,0.0,0.0,0.0,0.0,0.7398320883512497,0.5488878637552261
288,0.0,0.0,0.0,0.0,0.7331000963846842,0.544033924738566
289,0.0,0.0,0.0,0.0,0.7455318868160248,0.5494891554117203
290,0.0,0.0,0.0,0.0,0.7582868486642838,0.5992991328239441
291,0.0,0.0,0.0,0.0,0.7607926577329636,0.6080109477043152
292,0.0,0.0,0.0,0.0,0.7728162209192911,0.60443647702535
293,0.0,0.0,0.0,0.0,0.7636614292860031,0.6047254353761673
294,0.0,0.0,0.0,0.0,0.7615651041269302,0.6042312383651733
295,0.0,0.0,0.0,0.0,0.7633002698421478,0.592797577381134
296,0.0,0.0,0.0,0.0,0.7580106109380722,0.5853729695081711
297,0.0,0.0,0.0,0.0,0.7623440821965536,0.603590706984202
298,0.0,0.0,0.0,0.0,0.7643105983734131,0.6609740555286407
299,0.0,0.0,0.0,0.0,0.7652545869350433,0.6889576613903046
300,0.0,0.0,0.0,0.0,0.7707353234291077,0.6839163452386856
301,0.0,0.0,0.0,0.0,0.7716823816299438,0.664784292380015
302,0.0,0.0,0.0,0.0,0.7671090811491013,0.6700510680675507
303,0.0,0.0,0.0,0.0,0.7696922272443771,0.6970228254795074
304,0.0,0.0,0.0,0.0,0.7639092057943344,0.7105235308408737
305,0.0,0.0,0.0,0.0,0.7637047370274862,0.6805393894513448
306,0.0,0.0,0.0,0.0,0.7672211974859238,0.7011201679706573
307,0.0,0.0,0.0,0.0,0.7654027342796326,0.6998668015003204
308,0.0,0.0,0.0,0.0,0.7659499943256378,0.7079903483390808
309,0.0,0.0,0.0,0.0,0.7770157059033712,0.7225668827692667
310,0.0,0.0,0.0,0.0,0.7711333930492401,0.6999036520719528
311,0.0,0.0,0.0,0.0,0.7741100341081619,0.6854034960269928
312,0.0,0.0,0.0,0.0,0.7734070867300034,0.6946866661310196
313,0.0,0.0,0.0,0.0,0.781542181968689,0.7184067169825236
314,0.0,0.0,0.0,0.0,0.7750999927520752,0.7317603379487991
315,0.0,0.0,0.0,0.0,0.7745620757341385,0.7215917557477951
316,0.0,0.0,0.0,0.0,0.7727344781160355,0.7074362486600876
317,0.0,0.0,0.0,0.0,0.7676070928573608,0.7281401554743449
318,0.0,0.0,0.0,0.0,0.7531193643808365,0.8404832780361176
319,0.0,0.0,0.0,0.0,0.751079797744751,0.8519178628921509
320,0.0,0.0,0.0,0.0,0.8159166872501373,0.7981683909893036
321,0.0,0.0,0.0,0.0,0.7953638235727946,0.6400925318400065
322,0.0,0.0,0.0,0.0,0.7577713578939438,0.69574835896492
323,0.0,0.0,0.0,0.0,0.7686978429555893,0.7120850682258606
324,0.0,0.0,0.0,0.0,0.7638786286115646,0.7107810378074646
325,0.0,0.0,0.0,0.0,0.7693234284718832,0.7156227827072144
326,0.0,0.0,0.0,0.0,0.7653081268072128,0.7315150797367096
327,0.0,0.0,0.0,0.0,0.7742375284433365,0.734301969408989
328,0.0,0.0,0.0,0.0,0.7713415175676346,0.729768916964531
329,0.0,0.0,0.0,0.0,0.7773836453755697,0.7451242804527283
330,0.0,0.0,0.0,0.0,0.7572873085737228,0.721858873963356
331,0.0,0.0,0.0,0.0,0.5987161099910736,0.7477894574403763
332,0.0,0.0,0.0,0.0,0.5765704363584518,0.7773489356040955
333,0.0,0.0,0.0,0.0,0.5809158285458883,0.7839092214902242
334,0.0,0.0,0.0,0.0,0.5796148329973221,0.7497070580720901
335,0.0,0.0,0.0,0.0,0.578638106584549,0.7468326687812805
336,0.0,0.0,0.0,0.0,0.5752547383308411,0.7468736469745636
337,0.0,0.0,0.0,0.0,0.5760152141253153,0.7645655473073324
338,0.0,0.0,0.0,0.0,0.5802710354328156,0.776353508234024
339,0.0,0.0,0.0,0.0,0.5802001357078552,0.7708580493927002
340,0.0,0.0,0.0,0.0,0.574702113866806,0.7314106971025467
341,0.0,0.0,0.0,0.0,0.5716468095779419,0.745410144329071
342,0.0,0.0,0.0,0.0,0.5611132830381393,0.7416566610336304
343,0.0,0.0,0.0,0.0,0.5683294087648392,0.766002744436264
344,0.0,0.0,0.0,0.0,0.572711393237114,0.758935958147049
345,0.0,0.0,0.0,0.0,0.568116083741188,0.7576292157173157
346,0.0,0.0,0.0,0.0,0.5352551539738973,0.7629531224568685
347,0.0,0.0,0.0,0.0,0.48714479804039,0.7726046442985535
348,0.0,0.0,0.0,0.0,0.47922833263874054,0.735846996307373
349,0.0,0.0,0.0,0.0,0.4361806884407997,0.7151089906692505
350,0.0,0.0,0.0,0.0,0.41661393642425537,0.7181527018547058
351,0.0,0.0,0.0,0.0,0.41661393642425537,0.7181527018547058
352,0.0,0.0,0.0,0.0,0.41661393642425537,0.7181527018547058
353,0.0,0.0,0.0,0.0,0.3521138206124306,0.5984922349452972
354,0.0,0.0,0.0,0.0,0.44745781024297077,0.7817089756329855
355,0.0,0.0,0.0,0.0,0.48697035759687424,0.7360968142747879
356,0.0,0.0,0.0,0.0,0.4833085536956787,0.722511887550354
357,0.0,0.0,0.0,0.0,0.4892304912209511,0.7223765701055527
358,0.0,0.0,0.0,0.0,0.4951821565628052,0.734379768371582
359,0.0,0.0,0.0,0.0,0.4972371980547905,0.7213368862867355
360,0.0,0.0,0.0,0.0,0.4795500636100769,0.734999492764473
361,0.0,0.0,0.0,0.0,0.4913384020328522,0.7399534732103348
362,0.0,0.0,0.0,0.0,0.4922525982062022,0.7595042586326599
363,0.0,0.0,0.0,0.0,0.4920632839202881,0.7486048936843872
364,0.0,0.0,0.0,0.0,0.4901663511991501,0.7523830533027649
365,0.0,0.0,0.0,0.0,0.49570079147815704,0.7470761239528656
366,0.0,0.0,0.0,0.0,0.4942864080270131,0.7384155591328939
367,0.0,0.0,0.0,0.0,0.4921366199851036,0.7446553707122803
368,0.0,0.0,0.0,0.0,0.4920770674943924,0.741095244884491
369,0.0,0.0,0.0,0.0,0.48462221026420593,0.7446575462818146
370,0.0,0.0,0.0,0.0,0.4859140415986379,0.7097948988278707
371,0.0,0.0,0.0,0.0,0.4829712063074112,0.7295657992362976
372,0.0,0.0,0.0,0.0,0.48113588243722916,0.7576857209205627
373,0.0,0.0,0.0,0.0,0.48559772968292236,0.7478601038455963
374,0.0,0.0,0.0,0.0,0.4975745677947998,0.7577635447184244
375,0.0,0.0,0.0,0.0,0.4966547042131424,0.7647114396095276
376,0.0,0.0,0.0,0.0,0.49612174183130264,0.7641600966453552
377,0.0,0.0,0.0,0.0,0.48537690192461014,0.7696400880813599
378,0.0,0.0,0.0,0.0,0.48682013899087906,0.7351276129484177
379,0.0,0.0,0.0,0.0,0.4913877248764038,0.7576247851053873
380,0.0,0.0,0.0,0.0,0.48778923600912094,0.7543006241321564
381,0.0,0.0,0.0,0.0,0.49145588278770447,0.7496266067028046
382,0.0,0.0,0.0,0.0,0.4967002496123314,0.7663871496915817
383,0.0,0.0,0.0,0.0,0.4797188142935435,0.7381969491640726
384,0.0,0.0,0.0,0.0,0.4924580827355385,0.7572809755802155
385,0.0,0.0,0.0,0.0,0.49177979677915573,0.7527716159820557
386,0.0,0.0,0.0,0.0,0.48860888183116913,0.7535952180624008
387,0.0,0.0,0.0,0.0,0.48683520158131915,0.747739295164744
388,0.0,0.0,0.0,0.0,0.4859673008322716,0.7347839623689651
389,0.0,0.0,0.0,0.0,0.48767855763435364,0.7390242516994476
390,0.0,0.0,0.0,0.0,0.48012594133615494,0.733945682644844
391,0.0,0.0,0.0,0.0,0.4810608426729838,0.761748731136322
392,0.0,0.0,0.0,0.0,0.48165202140808105,0.751298651099205
393,0.0,0.0,0.0,0.0,0.48429153114557266,0.741313561797142
394,0.0,0.0,0.0,0.0,0.47459694743156433,0.7437508702278137
395,0.0,0.0,0.0,0.0,0.48049987355868023,0.7490348815917969
396,0.0,0.0,0.0,0.0,0.4765552207827568,0.7514983862638474
397,0.0,0.0,0.0,0.0,0.3892653360962868,0.7383998185396194
398,0.0,0.0,0.0,0.0,0.22052116319537163,0.7155053019523621
399,0.0,0.0,0.0,0.0,0.21990950405597687,0.7469164133071899
400,0.0,0.0,0.0,0.0,0.21475126594305038,0.7214110195636749
401,0.0,0.0,0.0,0.0,0.21386361494660378,0.7220540344715118
402,0.0,0.0,0.0,0.0,0.21023279428482056,0.7327555119991302
403,0.0,0.0,0.0,0.0,0.21788904070854187,0.7349223295847574
404,0.0,0.0,0.0,0.0,0.21728473529219627,0.7225493639707565
405,0.0,0.0,0.0,0.0,0.2130543291568756,0.7115301489830017
406,0.0,0.0,0.0,0.0,0.20790821686387062,0.7138020098209381
407,0.0,0.0,0.0,0.0,0.2138668547074,0.715200404326121
408,0.0,0.0,0.0,0.0,0.21259461715817451,0.7228877544403076
409,0.0,0.0,0.0,0.0,0.21385319903492928,0.7223396152257919
410,0.0,0.0,0.0,0.0,0.22692064568400383,0.7460086345672607
411,0.0,0.0,0.0,0.0,0.21352598567803702,0.7119256456693014
412,0.0,0.0,0.0,0.0,0.21175489947199821,0.7146925330162048
413,0.0,0.0,0.0,0.0,0.2139533832669258,0.7297532260417938
414,0.0,0.0,0.0,0.0,0.2160932682454586,0.7409201115369797
415,0.0,0.0,0.0,0.0,0.21747393906116486,0.7321698069572449
416,0.0,0.0,0.0,0.0,0.21271072700619698,0.7350451350212097
417,0.0,0.0,0.0,0.0,0.2131248451769352,0.7286271899938583
418,0.0,0.0,0.0,0.0,0.20847263559699059,0.7646601498126984
419,0.0,0.0,0.0,0.0,0.21258816495537758,0.7376704066991806
420,0.0,0.0,0.0,0.0,0.2106987585624059,0.7454566359519958
421,0.0,0.0,0.0,0.0,0.21327313780784607,0.7476606369018555
422,0.0,0.0,0.0,0.0,0.21284453198313713,0.7442280203104019
423,0.0,0.0,0.0,0.0,0.21230367943644524,0.7544329166412354
424,0.0,0.0,0.0,0.0,0.23071453968683878,0.792867124080658
425,0.0,0.0,0.0,0.0,0.2095320075750351,0.7202552556991577
426,0.0,0.0,0.0,0.0,0.21085602417588234,0.7177105993032455
427,0.0,0.0,0.0,0.0,0.20896635577082634,0.7223036736249924
428,0.0,0.0,0.0,0.0,0.20980965594450632,0.7198533217112223
429,0.0,0.0,0.0,0.0,0.2114996500313282,0.7168241888284683
430,0.0,0.0,0.0,0.0,0.21670280396938324,0.7319235503673553
431,0.0,0.0,0.0,0.0,0.2104468271136284,0.7502207309007645
432,0.0,0.0,0.0,0.0,0.2149473875761032,0.7447751760482788
433,0.0,0.0,0.0,0.0,0.21405519172549248,0.7417729049921036
434,0.0,0.0,0.0,0.0,0.20904817804694176,0.7326052635908127
435,0.0,0.0,0.0,0.0,0.20830189436674118,0.7362541258335114
436,0.0,0.0,0.0,0.0,0.21714363992214203,0.7288094758987427
437,0.0,0.0,0.0,0.0,0.2027173899114132,0.7103759199380875
438,0.0,0.0,0.0,0.0,0.20521683990955353,0.7168409377336502
439,0.0,0.0,0.0,0.0,0.21133364737033844,0.7220682054758072
440,0.0,0.0,0.0,0.0,0.20666876435279846,0.7147565484046936
441,0.0,0.0,0.0,0.0,0.20983371138572693,0.7118693888187408
442,0.0,0.0,0.0,0.0,0.2231588140130043,0.8099287003278732
443,0.0,0.0,0.0,0.0,0.20781176164746284,0.7118982374668121
444,0.0,0.0,0.0,0.0,0.21220099925994873,0.7132308483123779
445,0.0,0.0,0.0,0.0,0.2122233659029007,0.7025785446166992
446,0.0,0.0,0.0,0.0,0.2101411446928978,0.7102775722742081
447,0.0,0.0,0.0,0.0,0.21678966283798218,0.5672924220561981
448,0.0,0.0,0.0,0.0,0.21373875439167023,0.5014554262161255
449,0.0,0.0,0.0,0.0,0.21371502801775932,0.49289341270923615
450,0.0,0.0,0.0,0.0,0.21312637999653816,0.47924258559942245
451,0.0,0.0,0.0,0.0,0.21747012808918953,0.48021119087934494
452,0.0,0.0,0.0,0.0,0.22159631550312042,0.4822272062301636
453,0.0,0.0,0.0,0.0,0.21510149911046028,0.5064386576414108
454,0.0,0.0,0.0,0.0,0.21954363584518433,0.5172124654054642
455,0.0,0.0,0.0,0.0,0.21480128541588783,0.5090110749006271
456,0.0,0.0,0.0,0.0,0.22155333558718363,0.5105444590250651
457,0.0,0.0,0.0,0.0,0.2223915308713913,0.5036019310355186
458,0.0,0.0,0.0,0.0,0.21635343879461288,0.5191924571990967
459,0.0,0.0,0.0,0.0,0.21998725458979607,0.5202970206737518
460,0.0,0.0,0.0,0.0,0.21983299031853676,0.5201140344142914
461,0.0,0.0,0.0,0.0,0.21868782738844553,0.5190081795056661
462,0.0,0.0,0.0,0.0,0.21644903346896172,0.5225588828325272
463,0.0,0.0,0.0,0.0,0.21883320435881615,0.5239411443471909
464,0.0,0.0,0.0,0.0,0.22635756060481071,0.5335017591714859
465,0.0,0.0,0.0,0.0,0.22063069542249045,0.525926431020101
466,0.0,0.0,0.0,0.0,0.21785645186901093,0.5134402513504028
467,0.0,0.0,0.0,0.0,0.21496540037068454,0.5107010440392927
468,0.0,0.0,0.0,0.0,0.21844526131947836,0.5226210951805115
469,0.0,0.0,0.0,0.0,0.2174830585718155,0.5219398885965347
470,0.0,0.0,0.0,0.0,0.21444879844784737,0.5112373232841492
471,0.0,0.0,0.0,0.0,0.20912448316812515,0.5088084191083908
472,0.0,0.0,0.0,0.0,0.2125100940465927,0.5126214822133383
473,0.0,0.0,0.0,0.0,0.21226650848984718,0.5145208090543747
474,0.0,0.0,0.0,0.0,0.2105185054242611,0.5178153812885284
475,0.0,0.0,0.0,0.0,0.2169007956981659,0.5113194286823273
476,0.0,0.0,0.0,0.0,0.21448355416456857,0.5150169332822164
477,0.0,0.0,0.0,0.0,0.21831014752388,0.5059266537427902
478,0.0,0.0,0.0,0.0,0.21752246469259262,0.5014943853020668
479,0.0,0.0,0.0,0.0,0.21151143312454224,0.5001673400402069
480,0.0,0.0,0.0,0.0,0.21696370343367258,0.5161176919937134
481,0.0,0.0,0.0,0.0,0.21741871908307076,0.5313914269208908
482,0.0,0.0,0.0,0.0,0.21692976355552673,0.5046109557151794
483,0.0,0.0,0.0,0.0,0.21421928331255913,0.5069443434476852
484,0.0,0.0,0.0,0.0,0.2108087589343389,0.501611073811849
485,0.0,0.0,0.0,0.0,0.21617121621966362,0.5145785808563232
486,0.0,0.0,0.0,0.0,0.21653477475047112,0.5012237727642059
487,0.0,0.0,0.0,0.0,0.22137074172496796,0.5081957802176476
488,0.0,0.0,0.0,0.0,0.2154646416505178,0.4935893913110097
489,0.0,0.0,0.0,0.0,0.21625874564051628,0.5009640753269196
490,0.0,0.0,0.0,0.0,0.21918168663978577,0.5142037272453308
491,0.0,0.0,0.0,0.0,0.2170385979115963,0.5050750821828842
492,0.0,0.0,0.0,0.0,0.21514996886253357,0.4863361120223999
493,0.0,0.0,0.0,0.0,0.21110750238100687,0.4882926940917969
494,0.0,0.0,0.0,0.0,0.2157987877726555,0.49315671622753143
495,0.0,0.0,0.0,0.0,0.21676648035645485,0.43909094482660294
496,0.0,0.0,0.0,0.0,0.22303852066397667,0.3073112443089485
497,0.0,0.0,0.0,0.0,0.23142081995805105,0.30010783672332764
498,0.0,0.0,0.0,0.0,0.23185906931757927,0.31016819179058075
499,0.0,0.0,0.0,0.0,0.2322472631931305,0.30681323260068893
500,0.0,0.0,0.0,0.0,0.22897253185510635,0.31597868353128433
501,0.0,0.0,0.0,0.0,0.22040914495786032,0.3166448672612508
502,0.0,0.0,0.0,0.0,0.22503529489040375,0.3135325089097023
503,0.0,0.0,0.0,0.0,0.22350073978304863,0.3218645825982094
504,0.0,0.0,0.0,0.0,0.22129039093852043,0.31328440457582474
505,0.0,0.0,0.0,0.0,0.22345460951328278,0.3164813717206319
506,0.0,0.0,0.0,0.0,0.22034817188978195,0.31844885647296906
507,0.0,0.0,0.0,0.0,0.22413410991430283,0.30693601816892624
508,0.0,0.0,0.0,0.0,0.2225136235356331,0.2919938862323761
509,0.0,0.0,0.0,0.0,0.2204049676656723,0.3003384470939636
510,0.0,0.0,0.0,0.0,0.2231900468468666,0.31003066152334213
511,0.0,0.0,0.0,0.0,0.22777827456593513,0.312812939286232
512,0.0,0.0,0.0,0.0,0.22134819626808167,0.305047370493412
513,0.0,0.0,0.0,0.0,0.22524800896644592,0.2999551792939504
514,0.0,0.0,0.0,0.0,0.21931441500782967,0.2976265177130699
515,0.0,0.0,0.0,0.0,0.2266409881412983,0.30762651562690735
516,0.0,0.0,0.0,0.0,0.2275032177567482,0.31991682946681976
517,0.0,0.0,0.0,0.0,0.2257668375968933,0.32092371582984924
518,0.0,0.0,0.0,0.0,0.22307798638939857,0.31835879385471344
519,0.0,0.0,0.0,0.0,0.22084371745586395,0.3152991086244583
520,0.0,0.0,0.0,0.0,0.22307725995779037,0.30957186222076416
521,0.0,0.0,0.0,0.0,0.2204421659310659,0.297762264808019
522,0.0,0.0,0.0,0.0,0.22066811844706535,0.3071727305650711
523,0.0,0.0,0.0,0.0,0.22086165100336075,0.29805315285921097
524,0.0,0.0,0.0,0.0,0.222333412617445,0.29162442684173584
525,0.0,0.0,0.0,0.0,0.22612018883228302,0.3076844314734141
526,0.0,0.0,0.0,0.0,0.22209559753537178,0.30739670246839523
527,0.0,0.0,0.0,0.0,0.22412516176700592,0.30748251080513
