0,500.351446109,542.661116401,459.176504952,533.726294684,480.681331089,538.44401408
1,611.883075714,384.606412077,571.207923861,365.986606792,591.528825565,375.315385153
2,614.871363572,382.742319659,571.982798345,361.710004576,587.157688894,369.07250549
3,615.853836676,382.989225282,570.987714791,356.13632018,590.571211328,367.767530971
4,617.617555438,382.452304548,569.768364471,357.094814692,593.721559955,369.803449929
5,616.540299167,383.727446918,570.74557541,357.865369072,594.467581049,371.289528237
6,618.918678955,384.776290082,573.363490746,357.044103364,597.206316157,371.582437929
7,621.883399365,382.483285024,576.671886006,359.096169084,600.1059907,371.236777913
8,622.05691624,385.248748696,577.47439171,360.357835993,599.703917805,372.787385136
9,631.430495993,382.929956003,577.784415942,359.323309081,603.588179562,370.719650288
10,633.416376951,384.22724471,575.649523547,357.061576525,604.13623824,370.48172231
11,632.299571116,385.167410632,573.475429197,354.021462985,602.691837002,369.523899681
12,615.682002531,386.160202327,569.649665878,354.982456148,592.866874479,370.736737137
13,608.981804819,389.708027302,569.432769784,354.776465794,589.476715395,372.492008142
14,636.361620874,381.150604949,591.875868062,357.704073127,609.677508031,368.069433902
15,656.714230935,378.005622801,610.448305379,362.846518271,625.195148823,367.775895628
16,655.135011419,376.09524695,614.530298284,360.213009779,634.591660893,368.075418491
17,653.876333017,372.314127904,613.504794146,364.165771892,634.826717057,368.44849497
18,653.582079468,374.416496047,615.697630775,371.197113524,635.196491246,372.844735118
19,653.882991772,379.999632238,620.548718098,369.470079076,636.670280951,374.622056337
20,665.281413404,384.344171893,633.985827425,368.636361759,650.085758619,376.722545896
21,817.93840979,397.829504929,786.936712168,381.674943116,797.564019369,387.280307869
22,836.83724637,402.064539479,806.097932913,391.98737018,818.142237866,395.687394646
23,839.4389717,396.454679149,812.459315106,391.293386235,825.586356068,393.786698028
24,842.075442586,399.324979987,827.968382577,393.428605506,834.172893998,396.014810638
25,861.679600689,408.807063564,855.457804846,396.0487348,856.911021691,398.574646122
26,862.077098238,405.772274193,854.792704671,395.942516204,857.667777903,399.747431928
27,862.347384644,404.952343139,855.046371524,395.565208243,858.743784584,400.317181108
28,723.561438473,368.643133406,704.121265895,369.6596538,711.111876946,370.605874262
29,655.456749079,358.776520836,614.261321739,364.236779233,643.124357305,360.03917807
30,655.520577747,358.455676458,615.29031479,366.687132638,642.855723136,361.004279529
31,655.300533238,359.758898428,615.902403143,365.48811732,634.981116956,362.711380288
32,654.65878592,364.54967298,615.767119787,366.969226814,634.771659563,365.837343297
33,653.092170448,366.094800227,608.731404225,361.44675838,635.751607756,364.354127418
34,651.298662303,364.960435562,608.057484356,359.030872803,632.48097025,362.397321307
35,651.228597768,363.667877407,608.476275209,357.044125318,629.000723789,360.237217262
36,651.155187456,365.102913727,608.082544891,355.950410797,629.396129182,360.496949421
37,654.62405185,354.651637749,609.55797846,355.131181779,633.271786048,354.90587292
38,654.868065933,354.549472136,616.919784154,351.894844306,638.15458387,353.349514916
39,654.666525144,354.007746235,619.682059132,352.631785888,638.140428866,353.366942532
40,657.882104379,360.346118856,620.418549827,348.917421347,640.856255276,355.166666219
41,658.252479852,359.203408915,618.298015209,342.57009754,640.200577851,351.69583318
42,658.280853364,357.432691267,617.178579014,345.637857757,640.262310741,352.14614572
43,654.313427246,352.340359666,611.370898283,359.489911836,639.755111522,354.748020399
44,653.385815674,364.450734978,617.241951991,362.409063337,640.057097537,363.45329361
45,653.255691139,360.840449209,619.74452857,359.959067268,638.033351038,360.471790671
46,654.408541382,366.972578918,621.050882248,360.357835993,637.641280489,363.602522831
47,658.368828647,369.941802548,622.175509867,359.723880352,640.321461835,364.843375002
48,654.802249832,368.086185878,614.574229544,358.600294425,636.381648965,363.775154993
49,651.405574134,366.895149176,609.154566657,357.431798089,631.984095571,362.574214459
50,653.632725367,367.732280804,609.502313894,358.493073173,632.229045837,363.262224072
51,654.204995601,367.681983375,610.558377112,359.565302601,633.673863348,363.874051597
52,656.13198897,368.844350857,615.478464403,359.520063669,635.497408521,364.130560101
53,655.054818324,367.843459732,615.245662444,359.047614802,634.142377247,363.234031857
54,654.980778814,369.062415842,614.037002511,359.558615569,633.979178183,364.202653801
55,654.395191071,369.007063493,613.23950454,360.181893995,634.55810564,364.765956553
56,655.601453494,369.156378359,613.846785173,357.060876427,635.01190744,363.193500354
57,654.414766757,356.664356979,613.366440348,353.646978162,633.388569913,355.13425471
58,653.783627988,356.685666117,612.381783775,352.294802812,633.598045255,354.575529435
59,656.263632325,354.8967242,612.774915488,353.374543572,634.852195946,354.19194146
60,655.719900607,358.31214173,612.780695554,355.670752818,633.473658556,356.945287846
61,658.002224381,355.123107357,615.099757286,355.250371383,636.351618527,355.193444763
62,661.105411904,352.321938681,616.342702997,354.285828189,638.684018543,353.324777822
63,662.548546685,352.119354122,618.388143479,354.687727872,640.322369649,353.428567994
64,657.511878004,354.849544092,615.330599092,358.328725623,636.776903034,356.56538808
65,649.279922444,356.705751016,607.11986825,367.551163262,636.430033293,359.984213492
66,650.600201756,361.151215539,611.594947145,373.952578612,636.344641436,365.809714286
67,650.416087531,364.39879989,611.37259304,374.97125919,632.095572779,369.372759413
68,652.76034708,364.041693294,615.303314001,368.336326781,633.72780693,366.267884014
69,654.963798442,363.625675861,618.101631143,359.571531458,639.896781577,361.999792867
70,655.54303358,363.49857621,617.859248091,361.428645704,637.444409863,362.524716101
71,656.482322575,362.390642966,616.99169652,363.889146565,637.290918456,363.126457946
72,656.278787727,361.348196992,610.066230615,372.361102463,634.911805579,366.449360644
73,655.888370386,360.560620837,610.605108669,370.387774679,634.131000637,365.299093277
74,655.339487799,360.103148469,611.087294368,364.879940445,633.859054354,362.442586981
75,656.146990303,359.319016885,613.010931025,363.225346518,635.432339693,361.212462853
76,656.662513512,357.63705295,612.166756166,357.637063928,635.120351331,357.652147539
77,657.128003121,358.712523558,610.805341474,352.474255751,634.37792028,355.648955669
78,657.673561797,359.215146418,611.886465228,349.703987827,635.407315895,354.605674054
79,657.483355393,358.563437654,612.381957503,354.557124707,635.555800006,356.632064736
80,657.179715574,358.657675405,611.382560796,358.267843652,634.43054975,358.481052212
81,656.038536789,360.183596075,611.257480772,356.317195386,634.62984864,358.35739619
82,655.943466389,361.6800132,611.674555,358.752751617,633.41693271,360.250603395
83,658.052290782,365.074422281,612.51044195,362.003484349,634.776665219,363.533785202
84,658.4910579,361.837578986,611.481024686,362.340335907,634.035902902,362.117439841
85,659.236827514,356.672272144,611.769658202,361.544306524,634.714935719,359.203408915
86,658.699611416,358.896845166,612.370258212,362.603506797,635.569145944,360.765024973
87,658.455256283,360.759700736,613.404351217,363.951780904,636.519064295,362.324374115
88,657.95718758,361.490654901,612.350249146,363.567313535,635.794379148,362.523035505
89,656.21355499,361.600679297,612.022652123,362.804330036,635.044821927,362.188772547
90,654.887359435,362.253199985,612.974214935,362.967230351,633.980847617,362.628639137
91,654.718845921,363.272297595,613.272852984,363.315876439,633.788982559,363.30916438
92,656.270456083,361.480561626,613.025932358,362.796252313,634.671555735,362.149270778
93,657.822033444,360.406450754,612.637209773,361.351568683,635.954543524,360.885695295
94,659.098360401,360.818649909,612.089989142,359.68593362,636.460064387,360.285798376
95,659.004317789,360.546454509,611.758737208,358.258701413,636.077701863,359.446665716
96,658.896476575,361.041532616,610.703590451,357.600211285,635.590836647,359.396097063
97,659.408686807,360.282449081,609.001824819,355.575278191,634.698251875,357.998880256
98,659.623910011,358.722580555,608.220968269,355.762848004,634.19106195,357.281969925
99,659.73734939,359.528430657,609.12861451,356.163112615,635.247148676,357.915148914
100,659.422037119,359.322354816,610.439995602,356.806265238,635.816066571,358.121201718
101,658.86475132,359.859411498,612.729440337,358.056157407,635.933613723,358.979061947
102,659.412021651,359.168240426,614.332338518,357.881632452,636.782062749,358.534947051
103,659.535465564,359.573691594,614.505816031,356.749306671,637.055679625,358.176467612
104,658.244115406,361.038193998,613.930232821,356.230099544,636.049643446,358.642168828
105,657.545077349,361.778906079,611.834736871,356.42105295,634.916806643,359.138100828
106,657.002248176,362.862239429,611.65563038,356.57758201,634.318316084,359.731456941
107,658.949910622,362.747645342,611.36089375,355.684109908,634.876768173,359.193384289
108,659.565511965,362.015203843,612.171742032,355.121472121,636.52179509,358.682374597
109,659.448726808,355.297245299,616.185877839,354.940610203,638.155138462,355.138186667
110,657.383266325,356.503123464,617.345408705,355.692528068,637.561196114,356.109527827
111,475.653107368,278.813146959,464.259595064,268.049994854,471.360270414,273.220014042
112,358.449115178,217.749606457,280.518831082,191.644971012,323.828619352,206.208378593
113,353.003309298,213.976852665,266.448640459,189.541124763,332.973567839,208.222704153
114,357.391149458,214.170330461,265.11961302,184.651255007,299.525148056,195.737894473
115,344.668226035,204.261891849,256.897964166,177.725095684,295.183946018,189.352758502
116,336.676408097,197.44660287,254.431928735,175.705798125,285.554008773,183.962684218
117,335.340174213,196.804832304,252.363231813,173.341261693,293.96940662,185.11248155
118,335.490515559,200.175844129,252.381491453,175.054588956,295.304000416,188.04226723
119,335.618770395,201.848184974,252.831968795,176.054410601,293.574145554,188.765696939
120,335.509441174,202.934130306,253.948192408,174.642512929,291.121320281,187.533088241
121,335.195299825,202.996377314,254.138243749,165.552121411,288.57701789,181.553002691
122,332.187051496,199.522613553,249.028278071,162.178948713,287.060702409,179.339417
123,335.69760393,198.33684244,249.757132917,161.286086066,293.548997547,180.21890609
124,338.027949463,197.129061403,251.238678545,161.1731644,295.716318391,179.654484243
125,338.477204195,198.388338447,250.958959152,160.658389403,294.938946778,179.69477596
126,337.901225376,197.424738115,250.654916766,161.38426701,294.466462445,179.538222946
127,338.378162795,196.366302648,250.471226976,161.620735173,294.876921654,179.223093884
128,339.247409123,194.10604131,251.08691579,162.472987456,295.422524066,178.410972334
129,339.924983902,193.016843189,249.989041277,162.146929089,294.663382273,177.507401493
130,341.403318935,194.255039555,248.336409682,162.275620693,291.332146063,177.081252491
131,343.797448959,196.846848222,247.694887006,164.305285439,290.385487609,178.786667136
132,343.610260315,197.837976397,248.552543383,164.10261691,291.670441426,179.447190937
133,344.020938203,201.89516458,251.058596947,162.638722552,294.879983151,181.229619745
134,343.05984698,199.79634962,251.131854185,162.239663536,293.889370354,179.777522682
135,343.020047526,197.848082446,250.477787325,162.310570389,292.941837187,178.668764149
136,345.015268531,197.797662136,249.4935162,165.068927012,293.80911541,180.293033348
137,344.121192274,198.605149914,251.55465878,165.558885232,294.908431212,181.071590311
138,344.547952958,196.604878659,252.980779393,166.842696419,295.841074374,180.795028119
139,344.351361147,194.258994876,253.240787918,166.4271542,295.867971807,179.457371932
140,348.650020312,194.227572533,251.878103897,166.804096148,299.716372308,180.360999031
141,346.534973526,194.17664758,252.101145845,167.921793378,300.549546653,181.381202289
142,344.893634789,194.465592782,251.975758125,172.145535929,300.368055795,183.769090877
143,342.593922996,194.395637221,251.821943328,174.148763283,295.334853939,183.83493595
144,342.612868491,196.110914169,252.393190743,172.578867016,297.135868715,184.237135998
145,342.135712393,195.882418188,255.893574636,170.388129484,297.840012911,182.782387119
146,342.526053197,196.252038101,257.732221963,171.87651638,300.572835895,184.193356984
147,344.027359394,195.408538502,258.27981236,172.397759838,303.876826774,184.633804064
148,346.318153971,195.806775995,258.157441959,172.472171545,303.849402525,184.562014945
149,346.706745348,195.277476243,259.006679221,172.507442103,301.660541866,183.577171922
150,347.213999534,195.222178363,259.472006809,173.449557456,302.583145704,184.137924623
151,349.149491538,195.107751539,259.475634881,172.639345242,307.398004987,184.636074695
152,343.520383525,194.121198042,258.242617165,171.589887595,305.267859457,183.967770659
153,338.912175256,194.699374138,258.676474955,168.601892654,298.22707354,181.492380838
154,327.567839731,191.829743172,260.279029215,171.825589457,294.195639283,181.904558904
155,321.875311691,191.445211013,260.488297742,172.629210305,290.641608518,181.87188345
156,338.478993381,194.924235271,260.928205632,172.221149656,300.773483194,183.90839012
157,338.555401575,196.231898176,259.60738857,174.754318643,301.238383366,186.083642337
158,338.311575246,195.470697737,257.239649044,171.979685598,301.72384924,184.871806356
159,357.539960056,196.650232115,281.873543283,168.87408374,327.729184573,186.378155516
160,579.064438961,189.043266517,554.762811124,181.558036086,569.16263208,186.140874093
161,651.557249418,189.224906875,598.619448272,189.759797823,615.019677284,189.813632656
162,656.607911523,189.476899625,600.880852483,192.149227335,622.600205035,191.102152914
163,656.091916167,190.694873896,600.885108758,192.083791207,628.420125191,191.364168947
164,655.30808758,191.996369011,600.184709926,192.445727797,627.368740298,192.201164259
165,653.661109813,192.06696578,601.65591704,191.33556129,626.312958379,191.653356752
166,652.42983059,193.349668035,601.694273217,191.110210779,627.015346588,192.208201002
167,652.486566681,194.290992838,602.338313676,191.453275001,628.642020271,192.91936431
168,650.768574123,194.953281272,604.305623376,192.187411283,627.625067074,193.553657219
169,653.277373095,194.901005384,607.922395823,191.520538978,631.596726307,193.262285442
170,656.819349604,196.436895273,611.726283357,191.219542449,635.023585081,193.892609562
171,658.188329572,192.888924888,614.409963358,189.516683415,637.426059471,191.268768172
172,659.145059157,192.023254717,614.59923541,190.429150319,637.579551972,191.22961484
173,660.82678292,191.663439459,614.512507587,191.054745241,637.486119472,191.333886262
174,660.821355722,190.123679775,613.735012719,190.048779228,638.606059622,190.074741514
175,660.484791893,192.161130294,615.208199865,191.122002515,639.72342066,191.665125418
176,660.002628062,192.527648844,616.96168292,190.371970309,638.585587057,191.421317745
177,660.099371352,193.277411133,618.549987305,192.76300716,639.745110269,192.998356691
178,659.572181654,193.660664072,619.260713718,193.458938648,639.951986522,193.546340565
179,660.041757566,193.341274543,616.273997251,194.114478855,638.572693286,193.691195927
180,660.419735093,192.053534054,612.577138838,190.005357534,636.405006653,191.0042715
181,660.593212605,191.414617721,612.924181335,189.840505805,636.118046025,190.580496234
182,659.274296057,192.584803036,611.848246221,189.712371793,635.081220337,191.092945915
183,658.531097901,193.196725673,612.505412349,190.661248539,635.360600083,191.898852264
184,658.596154702,192.655410212,612.580506485,190.787384014,635.207106489,191.681962947
185,658.500771194,193.362656343,614.047484161,191.305464804,633.934586721,192.216469792
186,659.425382897,194.438853286,614.717682522,191.295206199,634.816704564,192.690721517
187,660.923580879,194.516174661,614.465765096,190.772219239,636.039631369,192.492347642
188,659.058331334,195.378289134,613.725003216,189.877541616,634.866757298,192.430140361
189,659.27127432,197.015445706,613.636418616,190.276584276,636.214203853,193.60412047
190,656.694243736,198.508234074,613.117733517,191.880362476,635.839423602,195.319490983
191,658.125690161,198.860910591,613.424681343,192.55285757,635.520762272,195.658902822
192,658.631208837,198.664376072,613.07432587,194.403573723,635.2404768,196.457023557
193,659.460393296,198.82901196,612.822419378,195.035470435,636.535138842,196.942572165
194,660.45809127,196.835078067,612.98425227,193.159720623,637.109063377,195.015293698
195,659.950910639,197.181149291,613.479766412,190.745339142,637.564534238,194.067422324
196,660.022648063,193.875821997,612.562115638,190.815961139,637.759735255,192.416687377
197,659.997421088,193.490677461,609.38427498,191.706789404,635.718747914,192.616584076
198,660.845184701,194.662410845,608.663135835,191.747538519,634.401279935,193.153022455
199,661.684329958,196.463773345,608.646428811,191.160661617,634.601486718,193.729567834
200,661.356215285,196.10869226,608.759535313,192.306490328,634.593513342,194.149971744
201,660.73171252,193.522821262,608.843326772,192.954663119,634.71660336,193.208480432
202,659.805773837,192.117419889,609.984488659,193.586659169,634.873429611,192.83023504
203,659.722348058,192.477209051,610.751929294,193.425339154,634.693246219,192.936143388
204,658.934843686,193.637134176,609.891047412,193.314360412,633.565418571,193.445498872
205,659.270197826,194.664084992,608.973451307,192.144327112,633.929126236,193.373221029
206,658.208040441,195.353544097,607.942711039,190.371381152,633.517491141,192.890467294
207,658.653424124,194.314313492,608.056958313,187.91684426,634.760353724,191.27147643
208,658.748026796,194.907778816,610.645192405,189.408250431,635.812731726,192.270410483
209,659.228801026,195.425348095,612.306297785,189.952444256,636.145953355,192.70401366
210,698.864236859,193.527899676,662.755460113,188.663068602,684.409393156,190.958943966
211,935.482599845,188.632893842,893.462904333,200.236305097,919.781715039,192.628681462
212,987.362938231,189.586528892,944.853840635,220.789829804,962.131724157,208.320445514
213,989.19102936,193.876118414,948.532467239,220.998242252,971.89595971,205.47134165
214,992.204476269,196.393169998,948.377951125,215.445692531,971.895383194,205.121089028
215,1008.57604749,208.516657901,951.132095246,201.712195377,968.67020597,203.852394105
216,1010.70171011,205.726844944,951.050200214,205.241892356,975.449015258,205.319102057
217,1009.86581223,203.226338666,950.568014515,205.644625217,980.791217313,204.382731599
218,1008.93817879,202.173856056,952.201650916,206.790570669,982.329291288,204.323978241
219,1006.00967847,200.542544484,952.154376639,205.572030524,981.048045062,202.857845868
220,1005.58507474,200.582234121,952.606971185,205.070776623,980.125341824,202.721106845
221,1003.55442785,202.115106342,951.821041298,204.708329984,978.875376539,203.328705086
222,1003.8212154,201.86998047,949.091826506,206.590915319,977.227307369,204.151102869
223,1002.89440698,201.131733067,948.926784013,206.23251182,976.558280924,203.607033745
224,1001.46168846,200.668035364,949.007683947,207.053213351,974.53023829,203.937777581
225,999.074802435,199.5729989,948.331044625,207.255257783,971.631657139,203.718137165
226,993.800271381,200.539483268,947.029252577,208.097617575,967.372996227,204.804712394
227,996.724229157,201.720579279,946.864478462,207.303928074,970.393609821,204.656255031
228,998.709281621,202.645563167,947.800312339,207.704832933,973.817456301,205.102624691
229,1000.45713769,202.252001212,948.622025952,207.380915173,974.536500442,204.804702396
230,1004.03169329,203.170974821,949.742394512,209.276440882,978.20162863,206.119456919
231,1006.67092195,205.208373346,949.300226946,207.037166538,981.693593407,205.960083525
232,1007.31820978,204.933177277,948.033970126,206.750286001,979.618336136,205.765463813
233,1008.47425273,204.773744829,947.782052699,206.510387557,976.021077747,205.673182849
234,1009.74072823,206.876097897,947.091357221,206.691573781,979.761570436,206.762072368
235,1010.36906394,206.577865474,948.51650814,206.439913436,983.717400529,206.488402186
236,1008.97163657,204.624360998,949.090077079,207.312294451,980.313842537,205.877877426
237,1008.43445327,204.386086091,949.008291387,209.403891956,978.108252987,206.923088524
238,1006.25882265,205.812417572,949.4938666,209.672229068,976.975280603,207.776959876
239,1005.53812849,205.738296072,950.155259183,208.956123141,976.20054307,207.419023642
240,1006.31196149,204.683122894,948.626041681,208.045354812,976.860146467,206.384547419
241,1007.17311672,205.272112118,948.597613499,207.572296069,980.807727527,206.280542131
242,1006.69712359,207.040828647,950.133888347,207.429717565,979.981590648,207.190319921
243,1006.89933146,204.463282969,951.851109567,206.282202445,980.145241552,205.320795581
244,1007.40349433,204.590817121,952.857248524,205.176492753,984.40826609,204.815723074
245,1007.13790951,205.367785205,953.69806667,204.612648153,982.384398225,204.981819034
246,1007.34007761,207.171373066,953.688116807,205.490255909,982.515933235,206.36607529
247,1009.58606301,207.696590923,953.125109588,206.626001254,982.302165236,207.14301516
248,1010.17447668,208.020170179,951.604003063,206.460040765,980.966050631,207.211644445
249,1012.16488676,206.515423317,949.887596918,206.428198633,981.872253596,206.44665961
250,1013.59185227,204.673508744,949.348435576,207.791133137,981.405882315,206.205042938
251,1015.1765246,203.572086141,947.9721935,208.03360346,981.581848785,205.775514362
252,1014.80925436,204.758644918,948.999872272,207.406214901,982.687814396,206.025542053
253,1013.64293354,205.399631966,950.241199764,208.197988801,985.263735684,206.609375887
254,1013.15910775,206.923110513,949.844189271,209.341848301,984.262845006,207.995007448
255,1015.24311215,204.956612901,948.758014048,208.345574177,982.340881239,206.61774305
256,1018.00985016,204.548371644,950.825707037,206.860849417,984.869846327,205.658972525
257,1016.12219901,204.594171515,951.635930098,207.979914166,983.745561437,206.262069741
258,1013.05939043,206.859331164,951.522545389,209.749359817,984.174280286,208.18959044
259,1015.47502051,206.458347506,952.768683804,209.588360309,987.052305676,207.845722225
260,1020.8571413,293.213356277,945.829801984,295.432402777,984.868355339,293.744219717
261,1004.39360591,364.814553878,954.994610438,350.340010645,973.049676714,355.612122342
262,1005.73841795,365.303694307,952.483388114,352.100628374,976.462758257,358.024180362
263,1005.4866695,363.647740363,950.780023148,354.210482895,976.646825764,358.67734612
264,1003.23045592,364.241205852,949.974412212,354.843497194,976.326352684,359.494918834
265,1004.01811535,364.780886417,950.172057655,354.545099147,977.239165698,359.69186709
266,1003.90967078,365.356099887,950.374812218,355.322399935,977.209047729,360.347799007
267,1004.40364082,366.001466511,952.46146506,356.20553505,978.778915101,361.168160689
268,1004.57047691,366.443876756,953.248066444,356.405501479,978.699638687,361.382798578
269,1005.14432859,364.038372969,954.318894425,354.860211225,979.080934161,359.335750471
270,1005.64510194,360.629300416,953.891378306,354.136806204,979.98516902,357.415972376
271,1005.34135776,361.363287243,953.808280544,355.027660522,978.697153707,358.096039056
272,1005.0675725,361.547634364,952.329796413,355.853264871,976.653276775,358.489735568
273,1006.6492728,361.5828129,952.007792584,356.957011291,977.586158494,359.126352452
274,1006.33590676,360.458062757,953.678962137,356.151243549,978.608588986,358.200824081
275,1006.42252767,359.989594135,954.902887031,355.66216273,979.129164879,357.712984794
276,1006.82268471,358.873371058,955.406600396,357.154643711,980.629395355,358.012273834
277,1008.08730144,358.662282668,957.218568968,357.469587109,982.197537599,358.065914222
278,1007.97210656,359.479473281,958.780661111,356.520029648,980.881142699,357.826558737
279,1007.85900127,364.306576672,956.547991895,355.605405434,977.623005791,359.184995673
280,1006.41801053,365.474411809,954.811815241,355.537665925,977.768864232,359.985840662
281,1006.66917252,365.721620187,952.77699358,355.643906992,978.870565616,360.532112499
282,1007.09646996,363.495225596,954.766091592,355.83821728,980.675973838,359.633995967
283,1008.14073184,361.466059352,954.407702121,356.36371393,981.796675938,358.976873793
284,1007.78574403,364.576633315,952.362220444,357.600845005,981.038701534,361.228931664
285,997.609985699,363.374516557,954.04860802,357.201538708,976.724893925,360.431565381
286,998.607596201,366.469482918,953.578012272,357.097715806,975.039977458,361.551006137
287,998.931458796,365.785333067,953.087516797,356.796199494,975.05659701,361.098497985
288,998.522132737,367.07197673,953.325399051,356.111630222,974.397142712,361.218238665
289,997.823415741,365.232000064,954.535604642,356.39087903,973.945711137,360.347799007
290,996.648785137,363.010763598,954.002138876,356.759350408,974.477864832,359.768035295
291,997.928271996,362.050384392,953.596162572,356.647168561,974.60458892,359.22520401
292,1000.86368056,360.173216887,952.861204614,357.847540268,975.361812307,358.942519948
293,1004.8506436,359.861887155,953.738084803,356.990491251,979.765178629,358.471290933
294,1004.7427137,360.821854213,953.98686784,356.339517378,979.724334378,358.61947128
295,1004.05787505,361.021713587,953.094991619,355.418894538,978.312876256,358.202331142
296,1004.58713622,361.346527621,953.374422754,355.71425947,979.010957098,358.548363423
297,1007.55851738,360.921176506,954.565901529,355.353433261,981.972855564,358.249579145
298,1007.16591248,360.695183856,956.496687531,356.464232778,981.576661249,358.565490738
299,1006.74636597,361.654883791,956.945002388,355.86166124,982.180699368,358.802993041
300,1017.43689307,360.612564246,955.132596459,356.685663677,986.98921698,358.722580555
301,1006.25565182,365.208573614,953.945173173,356.638771446,978.834265014,360.726533399
302,1004.76426567,367.472366722,954.395213159,357.168079892,977.822877777,361.959934551
303,1002.71032953,367.435469251,954.485636645,357.251793037,977.207298302,362.038642881
304,1001.12609455,364.875368631,953.907679781,357.160745076,977.542631568,361.029341277
305,1001.52717047,364.752540975,953.063899538,358.444502367,977.165530743,361.601264394
306,1003.08569087,364.739136407,953.464299544,358.913577918,977.105612883,361.71184243
307,1004.24009373,367.546162202,954.697535939,359.176607065,978.528334042,363.20858305
308,1001.83069598,370.391128316,955.920494452,358.679036918,979.201207238,364.618408431
309,1001.36731662,369.854235989,955.216350256,359.456422126,978.740452014,364.755859158
310,1010.00598503,426.569576191,943.974972461,431.506842414,986.255113854,426.435784491
311,1007.52693824,520.884450125,947.837268975,532.005650627,1003.65108367,521.641017383
312,996.78250693,526.372746486,948.753093786,528.439087586,970.308653294,528.043703198
313,988.872474685,525.778441929,951.871118633,530.822292299,963.616877977,529.21891543
314,989.722039964,525.121770988,954.819230425,532.583356259,967.475894317,529.91526088
315,989.022547653,521.855466651,954.174566733,531.012939865,969.19776742,527.15765503
316,991.736942018,511.355172317,947.048447675,525.163030718,964.342136779,519.87202648
317,992.434416524,505.086634923,948.499426933,522.080836701,966.327833129,515.162019831
318,988.760332465,503.049659594,950.654342753,521.387595693,968.577217983,512.826283773
319,982.639377148,499.716714193,955.073006617,520.695998723,966.52956388,512.036426539
320,981.32326167,495.598456633,955.63664999,519.047239935,966.67159545,509.010265534
321,979.788139853,494.347548661,955.400040046,518.046502421,967.43893768,506.378752089
322,980.696092243,493.846471099,955.36308341,516.670918498,967.582171981,505.695339377
323,982.684534221,495.069537173,956.197341207,516.865822963,968.03964703,507.145797256
324,983.569088031,496.687850314,956.360912591,517.921379096,969.020419302,508.090049804
325,983.474479838,498.398589365,956.540566772,517.966774036,970.013636358,508.216074589
326,984.092190874,497.505711647,956.434121234,515.907891915,970.123748624,506.828816803
327,985.593373374,497.172013682,957.036668364,513.669119305,970.887355652,505.689098353
328,986.704060449,497.075170571,956.309596078,512.660647768,971.29926609,505.009716334
329,986.034606587,497.223733319,954.427935388,512.445201082,969.649735751,505.151636022
330,985.035326177,496.88626348,955.149653368,511.646971583,969.454058413,504.624056015
331,984.351300387,498.75784792,956.649567976,511.954407515,969.429238424,505.895049028
332,984.970269376,497.448260579,958.08606587,511.539223256,970.672206003,504.96379596
333,986.875613592,496.528426828,958.771841086,512.035059535,973.615288193,503.878473352
334,986.896397972,496.401786167,957.540026101,513.833261208,973.145805717,504.628425173
335,984.942059873,497.913782319,957.030177594,512.679676242,971.773360691,504.937774321
336,983.396672324,497.711244979,955.403174436,514.419339835,969.760864098,505.890388598
337,983.787438335,495.087090816,952.834177961,515.861551778,968.800100893,505.1959558
338,983.989169087,492.969276587,950.884988742,516.180067317,968.810488113,503.660163132
339,980.792748062,493.328272985,945.726367138,513.907231876,963.881916103,503.303087759
340,977.035993657,494.734483078,943.331799758,515.411760364,958.503204708,506.162173606
341,975.740950817,494.115792742,944.139746576,517.346410963,958.518064894,506.817850478
342,980.453906002,490.669742833,948.928036443,518.217643015,962.673827716,506.512339074
343,988.397286692,486.211119587,953.099216087,520.427458297,965.139863147,508.772218563
344,987.111497921,488.621370013,953.780349359,522.280903224,969.777364372,506.250431796
345,986.625336253,492.078081283,952.555363101,521.067314336,969.914594958,506.371930794
346,985.269202642,492.233535032,952.495335902,520.498876006,966.981790649,508.084703234
347,981.099434468,492.258714475,951.761352056,519.991015196,964.224326595,508.263337917
348,980.295473558,490.266058374,951.84290913,522.98654142,963.509834939,509.640413327
349,982.291982336,490.461637028,951.843698801,523.705975162,962.883066423,511.723944454
350,985.253567142,490.304163005,951.53927428,523.179958379,965.029539934,510.107453394
351,983.340787864,488.495624481,951.873673194,520.71243406,965.842744972,506.414657175
352,979.889934611,488.970669518,951.387402186,519.69156624,964.621048829,505.490870247
353,978.103223385,490.217778113,952.016649056,519.520789384,963.668486061,506.496990463
354,981.588627813,491.643441347,952.696957314,518.907338272,965.596682161,506.776234416
355,982.958697197,491.817384476,952.588254309,518.498721442,967.118136583,505.777651914
356,983.020096105,489.034414428,951.876148235,518.67414683,967.411930908,503.941175287
357,982.07234426,494.031337039,951.412440854,522.738699996,964.065387215,510.951806067
358,982.138156495,500.465642702,952.469770418,524.749942159,964.086559252,515.350170728
359,982.516151913,503.571798762,952.720355895,525.860766292,964.973011588,516.733564845
360,845.179846203,507.921694578,831.510789154,512.486890784,835.911832515,511.077068854
361,661.053727282,515.208550908,618.423164813,520.840564567,639.73009013,518.072760784
362,657.663557264,514.279560956,610.948794453,525.712263707,650.119126744,516.102944826
363,658.003908204,516.69533785,607.878988176,523.648289235,632.791289003,520.263604666
364,657.937145712,516.078987098,607.038104426,522.038875252,631.947088996,519.179496484
365,655.867774864,516.771439662,606.404736464,522.096916727,630.305095147,519.592214231
366,655.226004684,518.693102877,607.60038106,522.354688486,631.077859069,520.605149067
367,652.81022153,518.686022892,599.472009445,526.802699032,630.302061642,522.120740705
368,648.502477275,520.164086163,600.773364136,526.681975363,627.882905813,523.02142635
369,650.676336601,516.717931651,604.904241365,525.567204107,628.738784335,521.001138912
370,652.470348701,518.245449579,605.291465009,519.894632894,628.744395919,519.121310282
371,652.323049966,519.132554948,606.314027702,516.075336415,628.788837616,517.623549386
372,650.531210733,520.96639461,607.063121226,514.789685526,629.094154101,517.963276502
373,651.091611704,522.488500942,608.115596132,515.356495526,629.012857354,518.842337072
374,648.874514703,527.737521962,613.117689781,514.773493263,626.558208304,519.585671894
375,652.631087207,530.306112569,617.071775527,514.356735931,632.654481996,521.402247898
376,655.893193458,532.730886691,618.172920275,515.685451193,637.991457131,524.660173965
377,654.563378556,529.704762515,619.627449191,518.039631697,638.320918995,524.31329156
378,654.166595687,531.287745327,616.951667453,520.265204304,635.028590518,525.708714403
379,654.957413035,530.935750937,616.58628878,522.761230082,633.814007822,526.470435975
380,656.345517417,530.490674106,616.766937947,523.421382757,635.909345399,526.886065536
381,652.869727546,532.925549013,616.400702563,523.896024702,635.186715707,528.590584701
382,655.748252251,523.74427636,614.727708924,521.838338348,639.112793156,523.028517769
383,657.8637354,522.637488503,611.539411798,519.996935342,635.133701206,521.41616237
384,657.089636009,523.101720614,610.57009827,518.337756131,635.170403519,520.910393227
385,657.023489793,522.561273117,609.54888343,518.980418468,634.061991295,520.890091716
386,650.798140426,524.838935329,609.540702873,517.820348498,630.096850515,521.362094812
387,650.220873393,523.696797194,609.240370066,516.688377171,630.387148721,520.343702022
388,649.141150175,523.605356686,609.251620072,517.846075399,630.054834706,520.886870917
389,648.31894056,524.063266837,606.993056692,518.83767565,627.751101828,521.512183555
390,649.810468853,525.626394787,606.826259802,518.27849814,629.169226369,522.140178401
391,650.4761694,524.337780375,606.510914729,516.932239725,629.177572227,520.790051349
392,649.494514463,523.926015519,607.287471268,516.507021951,628.755013745,520.306670592
393,648.061982598,522.954973811,607.049803716,516.289365929,627.712731436,519.690081177
394,647.844347969,522.440992178,608.731384345,516.396138025,628.527509765,519.488992539
395,649.268255955,523.605959901,608.534662321,516.400950855,629.117508946,520.083994148
396,649.002977283,523.792900482,607.833951375,519.123646427,628.715430583,521.536532331
397,649.199842442,523.609620789,607.119879184,518.008371162,628.650361755,520.917364764
398,649.955627523,523.804913637,607.767199818,517.090642237,628.433472223,520.41694577
399,649.588575961,524.556005058,607.953316937,516.918234181,628.121027519,520.658515725
400,649.513503693,525.738139423,607.425165055,519.472014298,628.82387207,522.698558029
401,649.248829368,525.648647579,606.466930566,522.174459774,627.603832415,523.937041131
402,648.742717279,524.823026006,606.786187,524.759961935,626.975303307,524.833555907
403,648.834463769,524.520652604,606.587659885,524.260652817,627.444120107,524.440429878
404,649.687035875,524.996087951,607.385135988,525.27035482,628.530238473,525.182783214
405,649.256556665,525.438065413,607.441893947,525.721308729,628.228260112,525.626738257
406,651.522378177,526.157140729,608.056463525,524.57213126,629.850081224,525.418530717
407,651.655511307,526.4868897,607.532336871,524.809596629,630.222350915,525.718141059
408,651.08556823,525.282093695,605.535669054,524.706970965,628.304553301,525.042019112
409,649.835496587,526.040652259,603.958282682,525.038096097,625.662287594,525.565372308
410,629.127505826,519.529699214,590.806443598,520.667886426,607.600353725,520.083994148
411,402.648109143,513.8791688,397.696188252,518.411838225,400.084751918,516.458062357
412,330.607100623,513.401145425,326.277488535,522.942850119,329.299185582,516.860573597
413,330.71044601,515.25353792,315.009243126,524.38007977,323.836591171,519.228982738
414,331.311159776,516.267891234,318.933602315,523.321976728,325.825735569,519.391612846
415,332.924961612,510.328287864,305.704579945,501.381889806,324.453761033,507.54071924
416,333.898756057,509.747974776,303.001805351,503.380881905,325.006420791,508.046367486
417,334.572018014,509.862736822,303.584327953,510.171861364,324.164873718,509.984409441
418,334.890134228,510.696401237,304.239852668,510.865150276,322.632120916,510.779863559
419,333.999020068,511.726931277,303.090588749,508.623051182,320.530184889,510.376807956
420,323.947620118,515.461116019,281.846675669,503.509290711,304.515268074,510.088287214
421,304.610293744,514.991070503,274.729869215,506.909953763,289.555056683,510.92231319
422,299.329868315,519.649984793,274.701550373,507.270663502,287.736199744,513.850121538
423,300.872385435,523.513524129,275.265452184,507.876980781,290.302270568,517.110064504
424,301.345061941,525.411314954,273.894858194,504.687897796,289.358574211,516.387563466
425,302.097580431,525.853594425,272.006051802,502.781781643,286.736422338,514.127373174
426,301.897479827,526.870622852,271.828226567,502.057644207,286.423145762,514.162931963
427,300.538503398,525.79925958,272.295999377,503.249526133,285.580707408,513.902900112
428,300.425884062,524.671262745,274.655955943,502.838864922,287.379098045,513.64642621
429,301.643922313,522.677858276,281.997205874,499.953672156,291.917329251,511.413939738
430,306.626607268,523.357946422,287.316019289,499.689914679,297.024243372,511.601701454
431,311.280201229,523.5574536,291.310059552,502.502554302,303.062051228,514.951157247
432,311.273859557,519.716355484,288.961017022,503.770792779,302.264312711,513.305637692
433,311.286980257,522.820586907,287.539389254,503.507514817,300.465902195,514.049955888
434,312.384636092,520.936793734,286.178007364,503.386219682,300.015643531,512.695172581
435,312.869177552,521.95566111,287.61292481,503.210088562,300.552319892,512.830841752
436,313.596223332,520.500590054,290.038663791,502.85612432,302.65137334,512.345728356
437,312.610275673,519.500126815,291.036565865,502.579229383,303.135915906,512.094917199
438,312.465109714,516.738813966,291.206624706,501.898156175,302.810133802,510.010464762
439,311.957885347,513.646654177,291.306342021,502.065931013,302.571555753,508.40562909
440,313.170893997,515.576151321,290.797914923,501.406125469,301.96089654,508.478783896
441,313.533661452,517.158932037,288.524714011,501.145837359,301.206068674,509.30653858
442,312.650138909,520.175597443,286.389742649,501.806468709,300.368891025,511.589793834
443,312.388462962,519.339514998,285.044925641,503.720702238,299.711680664,512.135194321
444,313.732559325,518.771222709,288.081492813,503.618117957,301.378725149,511.505302965
445,320.436699907,519.441059139,287.799616457,503.698553637,305.448050394,512.25526968
446,319.607362373,518.245158953,286.895381598,503.005104455,305.507968254,511.723400245
447,320.589317495,519.70759043,286.713560513,501.607024084,303.394740475,510.555681304
448,319.982723711,516.357594208,287.492810772,498.977605379,303.292100822,507.510403892
449,321.757954325,516.946276463,288.817345365,500.244422732,307.099837096,509.545034236
450,318.988393384,513.211728764,290.091911962,499.635161525,306.971363582,507.617997959
451,318.626878358,514.101981723,291.932716253,499.889653773,308.137376272,508.517559918
452,316.747912492,513.365788691,292.543502476,498.783852075,307.028754492,507.540455007
453,316.717220216,512.260323854,294.191166318,499.137789815,308.469270324,507.499981774
454,316.996233875,511.236957879,294.182836662,501.854795106,307.787033721,507.489249514
455,317.930646342,513.771582501,294.453123067,505.310735846,308.721227511,510.482917535
456,317.166584287,512.655406414,293.752477725,502.894049937,307.803653273,508.784279734
457,317.1753513,511.837068588,291.508082712,500.700196025,305.813620908,506.931579343
458,317.877288832,510.135457778,293.479129823,499.108923395,305.805042754,504.69143268
459,317.864168133,498.306364671,282.314070762,479.363907377,303.686159158,491.104809309
460,311.980747172,371.894281145,282.070920348,356.639988852,300.565838188,366.425623801
461,324.857938211,360.957749099,268.943640828,345.222967266,286.331410206,350.155863029
462,333.32647489,358.903542654,262.149742736,344.299570445,291.350077685,350.427017993
463,331.938523583,360.991244832,257.064597047,343.202315214,290.963017056,351.35435553
464,331.761394143,359.355887914,249.483456997,342.386088437,291.490250489,351.153470114
465,331.771672024,359.908797008,245.906535693,342.76073017,290.061843693,351.689108167
466,331.853934833,359.594410568,245.600246883,341.316389205,288.691406532,350.56671882
467,328.204591244,357.225008256,250.11762413,335.377289192,290.232194105,346.73538759
468,327.41168353,355.997461014,247.879868986,338.017857623,288.489526681,347.3109538
469,328.391561208,355.024313261,246.40719971,337.157480054,286.386517143,345.96911756
470,328.308244768,355.372621617,245.399420665,337.369815072,285.774217843,346.243503353
471,328.441638544,355.000860523,245.349343329,335.895410458,288.703851316,345.969128524
472,328.223069562,354.96236173,245.87821685,333.35990648,289.034164921,344.799739233
473,328.103204022,353.56480104,247.650853144,333.463690573,289.345055915,343.989351659
474,328.258058093,353.058554068,248.27405654,334.234008841,288.283660922,343.747585489
475,328.324645642,353.778504984,247.107735713,334.300867376,288.513819855,344.33636095
476,329.405353907,355.260446346,245.032150424,334.564975093,287.524519128,345.105899231
477,328.508116754,354.468366989,244.862128029,334.501445042,287.232583569,344.731132366
478,329.327405025,353.930124784,266.882518129,337.197142881,298.388000904,345.706301087
479,329.417490554,353.346503546,267.195307648,337.779398414,297.579785708,345.437109318
480,330.106764623,356.638771446,266.869804966,339.51151727,299.33314849,348.378525375
481,328.598212222,356.293739244,267.158351012,339.48977683,299.461731343,348.391937923
482,328.176063662,354.867791561,268.799631214,339.633574888,300.221519231,347.753640988
483,328.448198894,355.496574678,271.015617925,339.559995089,301.620523733,348.110815559
484,328.571533467,354.254048333,269.794518177,340.559906179,300.612854027,347.799543753
485,328.281347334,354.140186057,270.558798911,341.074963457,300.876580083,347.993670775
486,327.684136838,354.260764232,269.017116744,339.255697093,300.249191979,347.297585558
487,327.784828265,352.98640975,267.06600912,339.089392957,299.085485351,346.474380798
488,327.664941741,352.984865888,266.566704664,338.191961217,297.455867993,345.730810741
489,330.194862167,353.46890871,266.931124356,339.496759986,300.964627927,347.072152387
490,330.54368391,355.216908978,266.771290382,339.178752698,300.936607282,347.8363686
491,330.37038134,354.947282714,266.377450725,339.717176815,299.071171861,347.561951051
492,332.744452597,353.972731208,266.794848002,340.01361475,300.48999657,347.209052549
493,333.203140317,353.657955118,267.862713885,342.131891704,300.302549489,347.913330553
494,332.121994695,355.228630134,267.281904263,342.837676889,298.724348043,348.907353177
495,330.276787018,355.978903917,267.094934298,344.941931613,298.100021435,350.410278999
496,330.587588553,355.51025777,266.884307315,346.145858956,299.329808676,350.965393689
497,330.53843563,356.683973269,267.066943473,347.245706776,299.399954717,352.110972163
498,330.628749777,357.178102155,265.585288506,345.684717886,297.237663474,351.332590544
499,330.326665555,353.220818246,265.071861627,343.384141679,296.658851777,348.19628779
500,331.628243343,351.651196099,254.026110365,340.976867692,294.500916429,346.615649005
501,333.176461561,353.142261811,242.295937926,338.138814166,290.445624147,346.196662634
502,333.87889609,354.164547372,242.778898939,336.993516564,290.103472093,346.027213679
503,333.403012302,354.831743617,243.862549421,336.916795784,289.009126253,346.067829822
504,332.369518675,354.137163343,243.918014196,337.762533695,288.263592216,346.080440914
505,332.684325999,352.482659978,244.219869799,338.041881299,289.558446197,345.544171019
506,332.438859583,351.858222316,244.295095141,338.227442629,290.397186899,345.460506016
507,331.831589884,351.478210655,244.805490344,336.647665305,291.276601769,344.670945498
508,331.274616199,351.22710128,244.581563743,334.95939417,293.228743145,344.179136141
509,332.552462971,330.358774847,248.390830764,304.147239626,302.588175306,322.011833951
510,357.136329574,218.435543045,282.432037776,192.454882718,341.351631332,213.327695415
511,345.27210622,205.904707769,278.271364632,186.361347384,306.0648326,194.31448728
512,331.533968688,199.412842678,279.996160073,184.864904475,295.383161968,189.138967441
513,334.957924507,199.054038276,255.274386968,174.816915956,294.499810889,186.77360709
514,336.839601764,202.523636673,252.554416306,176.514207028,296.138297972,189.987615614
515,340.08035485,202.110056484,248.008799736,177.065977389,293.058283393,189.31909271
516,341.35317202,203.993357867,247.514914747,176.265114064,292.074012268,189.450304467
517,341.178010684,206.547276067,246.737513314,174.781616644,293.235303495,190.469522085
518,338.273197201,205.990278309,247.539953415,172.998662146,292.694512006,189.467126001
519,338.915952427,205.100644188,247.969328299,172.389919559,289.134329532,187.243998626
520,339.372602462,205.277137736,249.006519578,172.15185089,287.189285262,186.196406785
521,338.466767275,203.874057405,249.238755956,173.650545915,285.144145959,185.84268011
522,340.180290843,206.651310561,248.61278926,174.590969784,289.070902879,188.809431142
523,340.971031653,205.134527604,249.193598882,174.784821663,291.541858573,188.827930163
524,341.44304881,205.238571254,247.279507534,174.814992956,291.084492863,188.996138572
525,341.449827838,204.176289833,246.141833566,174.550518614,289.430956735,188.037239433
526,341.991822058,206.218450524,245.786481294,174.629652308,290.165278539,189.23499356
527,341.248753121,206.870044886,246.778525439,174.265221606,293.083759418,190.287265405
528,339.940449319,206.622602817,248.199547977,174.19430414,293.869179056,190.380209593
529,338.825002125,205.550677241,248.874855349,173.944779198,292.090462842,189.172610177
530,336.950193356,206.176491385,248.520944365,174.452484037,288.645573544,188.88680033
531,333.688387512,206.015458861,247.962330593,174.732325415,287.600947202,189.240064455
532,330.930317122,204.369890529,248.434715527,174.734646313,288.116779543,189.031934798
533,332.04840944,203.555289751,248.762802589,174.50144629,289.472942973,188.738774946
534,334.455839081,203.99167503,249.460277095,174.219713736,290.625924423,188.678227586
535,334.43779812,203.315285115,250.352922004,174.534934885,291.106470035,188.506647715
536,332.386416545,202.667091153,250.123011568,174.602725282,288.973600966,187.889463842
537,331.73564974,201.891847912,249.337359999,175.010635028,288.254745684,187.728890949
538,332.824498803,201.206865042,248.130712901,175.385231449,291.977247111,188.762323428
539,334.167402375,201.413338976,248.302266044,175.059562006,291.830513957,188.451114459
540,333.591731694,202.239338301,248.297127103,178.149700323,288.652352572,189.552908484
541,332.88348728,203.494885115,248.888870641,178.644379253,287.470286905,190.070928843
