0,0.0,0.0,0.0,0.0,540.8990361140325,433.0510139465332
1,0.0,0.0,0.0,0.0,531.2300618489584,390.7468843460083
2,0.0,0.0,0.0,0.0,545.3578948974609,394.651962518692
3,0.0,0.0,0.0,0.0,633.529224395752,384.84721183776855
4,0.0,0.0,0.0,0.0,646.3776969909668,379.87568378448486
5,0.0,0.0,0.0,0.0,647.3519897460938,376.51147842407227
6,0.0,0.0,0.0,0.0,645.6891441345215,376.89308881759644
7,0.0,0.0,0.0,0.0,645.4813385009766,374.6519958972931
8,0.0,0.0,0.0,0.0,646.6657638549805,375.4618513584137
9,0.0,0.0,0.0,0.0,643.1110954284668,373.91927003860474
10,0.0,0.0,0.0,0.0,628.2133483886719,370.50591945648193
11,0.0,0.0,0.0,0.0,642.8622245788574,361.81572675704956
12,0.0,0.0,0.0,0.0,644.3617630004883,368.037486076355
13,0.0,0.0,0.0,0.0,640.1899846394856,376.71164989471436
14,0.0,0.0,0.0,0.0,637.5103950500488,371.07069969177246
15,0.0,0.0,0.0,0.0,642.1183490753174,373.51449251174927
16,0.0,0.0,0.0,0.0,643.2557678222656,373.06646704673767
17,0.0,0.0,0.0,0.0,646.6168785095215,365.7299280166626
18,0.0,0.0,0.0,0.0,648.7143707275391,367.8436517715454
19,0.0,0.0,0.0,0.0,646.2863922119141,372.56508708000183
20,0.0,0.0,0.0,0.0,640.542402267456,373.74606370925903
21,0.0,0.0,0.0,0.0,650.5537414550781,372.6002240180969
22,0.0,0.0,0.0,0.0,646.2331899007161,370.44097423553467
23,0.0,0.0,0.0,0.0,646.4590072631836,372.07520842552185
24,0.0,0.0,0.0,0.0,641.9146633148193,361.2014365196228
25,0.0,0.0,0.0,0.0,646.0327339172363,364.90408658981323
26,0.0,0.0,0.0,0.0,640.5949020385742,368.410906791687
27,0.0,0.0,0.0,0.0,644.5102500915527,362.05625653266907
28,0.0,0.0,0.0,0.0,646.448860168457,370.54113507270813
29,0.0,0.0,0.0,0.0,645.4421997070312,368.12697529792786
30,0.0,0.0,0.0,0.0,639.8483149210612,370.47507762908936
31,0.0,0.0,0.0,0.0,640.7945728302002,369.1431677341461
32,0.0,0.0,0.0,0.0,642.3104667663574,362.2048509120941
33,0.0,0.0,0.0,0.0,646.2346839904785,370.85432052612305
34,0.0,0.0,0.0,0.0,647.2318013509114,369.0870952606201
35,0.0,0.0,0.0,0.0,648.0436515808105,362.72148728370667
36,0.0,0.0,0.0,0.0,641.2491321563721,362.28941559791565
37,0.0,0.0,0.0,0.0,648.3126068115234,366.475457278165
38,0.0,0.0,0.0,0.0,647.8566360473633,361.62771463394165
39,0.0,0.0,0.0,0.0,651.3802909851074,366.0699784755707
40,0.0,0.0,0.0,0.0,646.8454742431641,358.4316158294678
41,0.0,0.0,0.0,0.0,647.6377296447754,361.99400782585144
42,0.0,0.0,0.0,0.0,648.8906288146973,354.399493932724
43,0.0,0.0,0.0,0.0,647.1416091918945,358.7310254573822
44,0.0,0.0,0.0,0.0,647.7995300292969,375.8659100532532
45,0.0,0.0,0.0,0.0,650.9601084391277,375.0941848754883
46,0.0,0.0,0.0,0.0,645.1739692687988,371.39713525772095
47,0.0,0.0,0.0,0.0,640.1771450042725,365.55149137973785
48,0.0,0.0,0.0,0.0,643.3724975585938,371.51546359062195
49,0.0,0.0,0.0,0.0,649.6231587727864,385.9663438796997
50,0.0,0.0,0.0,0.0,648.9842414855957,369.64229464530945
51,0.0,0.0,0.0,0.0,650.9039115905762,375.44309735298157
52,0.0,0.0,0.0,0.0,644.631175994873,381.7758572101593
53,0.0,0.0,0.0,0.0,650.8833567301433,386.4476537704468
54,0.0,0.0,0.0,0.0,645.294303894043,387.44783878326416
55,0.0,0.0,0.0,0.0,648.8703346252441,381.92614674568176
56,0.0,0.0,0.0,0.0,648.2016754150391,373.5091173648834
57,0.0,0.0,0.0,0.0,652.521464029948,375.49211025238037
58,0.0,0.0,0.0,0.0,647.9056167602539,373.8718593120575
59,0.0,0.0,0.0,0.0,644.0034484863281,382.04371333122253
60,0.0,0.0,0.0,0.0,639.220380783081,376.4360725879669
61,0.0,0.0,0.0,0.0,639.1683578491211,376.9127082824707
62,0.0,0.0,0.0,0.0,649.6103096008301,371.0006833076477
63,0.0,0.0,0.0,0.0,645.7428359985352,377.9116094112396
64,0.0,0.0,0.0,0.0,644.2782211303711,366.0403347015381
65,0.0,0.0,0.0,0.0,644.1264343261719,375.69258213043213
66,0.0,0.0,0.0,0.0,646.080379486084,373.3507490158081
67,0.0,0.0,0.0,0.0,646.750431060791,380.93714118003845
68,0.0,0.0,0.0,0.0,638.2231044769287,380.2239418029785
69,0.0,0.0,0.0,0.0,644.9992370605469,368.23007583618164
70,0.0,0.0,0.0,0.0,654.930591583252,378.3521783351898
71,0.0,0.0,0.0,0.0,646.523380279541,375.07006645202637
72,0.0,0.0,0.0,0.0,647.889518737793,367.37529158592224
73,0.0,0.0,0.0,0.0,647.3795572916667,365.2307939529419
74,0.0,0.0,0.0,0.0,645.3804397583008,367.0786392688751
75,0.0,0.0,0.0,0.0,648.8420295715332,359.53724920749664
76,0.0,0.0,0.0,0.0,649.8086738586426,366.4099645614624
77,0.0,0.0,0.0,0.0,653.1468200683594,365.5851173400879
78,0.0,0.0,0.0,0.0,650.8181953430176,368.6023271083832
79,0.0,0.0,0.0,0.0,647.4164199829102,372.0073699951172
80,0.0,0.0,0.0,0.0,653.304328918457,377.02438831329346
81,0.0,0.0,0.0,0.0,651.6073226928711,381.9900155067444
82,0.0,0.0,0.0,0.0,650.2369181315105,377.0760154724121
83,0.0,0.0,0.0,0.0,653.0113410949707,379.78260040283203
84,0.0,0.0,0.0,0.0,653.3764457702637,380.13811111450195
85,0.0,0.0,0.0,0.0,655.6312942504883,374.2902088165283
86,0.0,0.0,0.0,0.0,648.4319305419922,381.6410493850708
87,0.0,0.0,0.0,0.0,647.6655387878418,386.343594789505
88,0.0,0.0,0.0,0.0,653.6933898925781,375.2981722354889
89,0.0,0.0,0.0,0.0,648.6179542541504,379.7304904460907
90,0.0,0.0,0.0,0.0,645.6363677978516,378.87102127075195
91,0.0,0.0,0.0,0.0,652.2960472106934,384.2764699459076
92,0.0,0.0,0.0,0.0,650.0976371765137,385.55267572402954
93,0.0,0.0,0.0,0.0,653.8205909729004,381.1085021495819
94,0.0,0.0,0.0,0.0,651.7236073811848,374.89449977874756
95,0.0,0.0,0.0,0.0,651.7087364196777,372.9172933101654
96,0.0,0.0,0.0,0.0,648.5005569458008,378.5612726211548
97,0.0,0.0,0.0,0.0,657.8411865234375,378.5262107849121
98,0.0,0.0,0.0,0.0,544.1730753580729,323.54912996292114
99,0.0,0.0,0.0,0.0,334.46746826171875,231.09574913978577
100,0.0,0.0,0.0,0.0,331.00610733032227,243.57776284217834
101,0.0,0.0,0.0,0.0,326.2184143066406,239.20338034629822
102,0.0,0.0,0.0,0.0,311.15935643513996,235.22709846496582
103,0.0,0.0,0.0,0.0,304.08868312835693,230.31700193881989
104,0.0,0.0,0.0,0.0,304.3864345550537,224.34682309627533
105,0.0,0.0,0.0,0.0,305.7757902145386,220.03955483436584
106,0.0,0.0,0.0,0.0,301.60900751749676,229.01297807693481
107,0.0,0.0,0.0,0.0,304.752254486084,234.2143213748932
108,0.0,0.0,0.0,0.0,304.9184274673462,225.17077088356018
109,0.0,0.0,0.0,0.0,302.8285551071167,231.04548454284668
110,0.0,0.0,0.0,0.0,307.96165466308594,227.23317861557007
111,0.0,0.0,0.0,0.0,308.0061912536621,231.29402339458466
112,0.0,0.0,0.0,0.0,305.72601318359375,228.29438030719757
113,0.0,0.0,0.0,0.0,300.96033096313477,228.59079122543335
114,0.0,0.0,0.0,0.0,308.8532495498657,222.04779982566833
115,0.0,0.0,0.0,0.0,302.76065190633136,230.48206329345703
116,0.0,0.0,0.0,0.0,305.438551902771,218.55791866779327
117,0.0,0.0,0.0,0.0,308.3695411682129,222.79108822345734
118,0.0,0.0,0.0,0.0,306.48718516031903,223.04206609725952
119,0.0,0.0,0.0,0.0,303.3620500564575,227.4028193950653
120,0.0,0.0,0.0,0.0,303.04173469543457,228.21755647659302
121,0.0,0.0,0.0,0.0,304.67517375946045,226.9252198934555
122,0.0,0.0,0.0,0.0,307.9021644592285,237.3620367050171
123,0.0,0.0,0.0,0.0,307.1388864517212,238.15502285957336
124,0.0,0.0,0.0,0.0,310.8081293106079,232.40832030773163
125,0.0,0.0,0.0,0.0,309.6679973602295,234.98531699180603
126,0.0,0.0,0.0,0.0,310.91436862945557,230.33106744289398
127,0.0,0.0,0.0,0.0,308.8007100423177,228.77891063690186
128,0.0,0.0,0.0,0.0,304.2088556289673,236.6830050945282
129,0.0,0.0,0.0,0.0,309.6622323989868,235.18162786960602
130,0.0,0.0,0.0,0.0,310.678391456604,232.07794189453125
131,0.0,0.0,0.0,0.0,307.9505221048991,236.71087503433228
132,0.0,0.0,0.0,0.0,307.5706911087036,232.94538974761963
133,0.0,0.0,0.0,0.0,309.01673316955566,235.55094122886658
134,0.0,0.0,0.0,0.0,310.1691770553589,237.41325795650482
135,0.0,0.0,0.0,0.0,307.5045903523763,226.20444774627686
136,0.0,0.0,0.0,0.0,307.7721834182739,227.99826979637146
137,0.0,0.0,0.0,0.0,304.71702575683594,235.33335506916046
138,0.0,0.0,0.0,0.0,304.44440841674805,233.20799946784973
139,0.0,0.0,0.0,0.0,306.8468729654948,233.60858917236328
140,0.0,0.0,0.0,0.0,308.76080989837646,235.83028256893158
141,0.0,0.0,0.0,0.0,310.190486907959,228.0555135011673
142,0.0,0.0,0.0,0.0,305.69316387176514,219.97373342514038
143,0.0,0.0,0.0,0.0,306.9812711079915,221.727933883667
144,0.0,0.0,0.0,0.0,309.07604217529297,223.480104804039
145,0.0,0.0,0.0,0.0,310.47688007354736,229.74655508995056
146,0.0,0.0,0.0,0.0,301.88788414001465,223.59523057937622
147,0.0,0.0,0.0,0.0,306.70710881551105,232.31252431869507
148,0.0,0.0,0.0,0.0,469.0934085845947,218.43794882297516
149,0.0,0.0,0.0,0.0,610.8561611175537,212.06275641918182
150,0.0,0.0,0.0,0.0,614.054126739502,217.27586567401886
151,0.0,0.0,0.0,0.0,623.3582560221354,217.84790754318237
152,0.0,0.0,0.0,0.0,636.8437767028809,220.88285744190216
153,0.0,0.0,0.0,0.0,636.785945892334,218.71985971927643
154,0.0,0.0,0.0,0.0,636.319580078125,216.07946634292603
155,0.0,0.0,0.0,0.0,637.2389888763428,217.5217491388321
156,0.0,0.0,0.0,0.0,636.4360682169596,209.357271194458
157,0.0,0.0,0.0,0.0,648.1158065795898,206.36319637298584
158,0.0,0.0,0.0,0.0,648.2848739624023,202.19198048114777
159,0.0,0.0,0.0,0.0,647.7693557739258,201.9034069776535
160,0.0,0.0,0.0,0.0,648.5645294189453,197.57802486419678
161,0.0,0.0,0.0,0.0,647.7552223205566,204.21086311340332
162,0.0,0.0,0.0,0.0,645.2402496337891,202.73571252822876
163,0.0,0.0,0.0,0.0,647.1991729736328,208.83156538009644
164,0.0,0.0,0.0,0.0,642.9408836364746,203.70614111423492
165,0.0,0.0,0.0,0.0,650.2225875854492,205.1233559846878
166,0.0,0.0,0.0,0.0,648.0649757385254,206.39407396316528
167,0.0,0.0,0.0,0.0,646.0635375976562,214.13982689380646
168,0.0,0.0,0.0,0.0,646.2591044108074,226.69390439987183
169,0.0,0.0,0.0,0.0,642.3834419250488,227.55498111248016
170,0.0,0.0,0.0,0.0,647.2577476501465,223.97395312786102
171,0.0,0.0,0.0,0.0,645.2369117736816,216.60377383232117
172,0.0,0.0,0.0,0.0,644.3868764241536,207.61630296707153
173,0.0,0.0,0.0,0.0,642.956600189209,207.08640575408936
174,0.0,0.0,0.0,0.0,644.73801612854,204.78936731815338
175,0.0,0.0,0.0,0.0,642.4317932128906,200.19964635372162
176,0.0,0.0,0.0,0.0,645.4919687906902,204.81167078018188
177,0.0,0.0,0.0,0.0,645.4202651977539,213.48961651325226
178,0.0,0.0,0.0,0.0,641.5135288238525,203.76961290836334
179,0.0,0.0,0.0,0.0,643.8298416137695,199.04543280601501
180,0.0,0.0,0.0,0.0,642.6153818766277,199.57072019577026
181,0.0,0.0,0.0,0.0,640.3519058227539,204.01023924350739
182,0.0,0.0,0.0,0.0,643.9914321899414,198.1799429655075
183,0.0,0.0,0.0,0.0,645.1429748535156,194.85813438892365
184,0.0,0.0,0.0,0.0,650.2284240722656,198.15247535705566
185,0.0,0.0,0.0,0.0,655.8036231994629,196.4160418510437
186,0.0,0.0,0.0,0.0,655.3623199462891,201.8384063243866
187,0.0,0.0,0.0,0.0,658.5760498046875,199.61361050605774
188,0.0,0.0,0.0,0.0,662.4871444702148,196.58275723457336
189,0.0,0.0,0.0,0.0,664.3910980224609,198.90804290771484
190,0.0,0.0,0.0,0.0,659.9561500549316,193.02501618862152
191,0.0,0.0,0.0,0.0,654.6185874938965,190.63556492328644
192,0.0,0.0,0.0,0.0,658.3377075195312,191.20132863521576
193,0.0,0.0,0.0,0.0,662.2085825602214,194.95618343353271
194,0.0,0.0,0.0,0.0,664.7353744506836,195.72238504886627
195,0.0,0.0,0.0,0.0,660.7913970947266,194.13791298866272
196,0.0,0.0,0.0,0.0,647.0952033996582,187.38141775131226
197,0.0,0.0,0.0,0.0,651.9084930419922,198.43342065811157
198,0.0,0.0,0.0,0.0,860.4104423522949,196.68754041194916
199,0.0,0.0,0.0,0.0,981.9691848754883,199.25789594650269
200,0.0,0.0,0.0,0.0,983.0032157897949,193.93665075302124
201,0.0,0.0,0.0,0.0,981.6766103108723,187.35562562942505
202,0.0,0.0,0.0,0.0,983.4003067016602,186.60664558410645
203,0.0,0.0,0.0,0.0,985.7388114929199,186.62773311138153
204,0.0,0.0,0.0,0.0,986.7807579040527,194.78110671043396
205,0.0,0.0,0.0,0.0,975.4258473714192,195.44034004211426
206,0.0,0.0,0.0,0.0,976.2295913696289,197.52824127674103
207,0.0,0.0,0.0,0.0,981.4661979675293,199.0964537858963
208,0.0,0.0,0.0,0.0,976.7864036560059,197.7117097377777
209,0.0,0.0,0.0,0.0,976.3277180989583,195.68387746810913
210,0.0,0.0,0.0,0.0,980.7717132568359,203.38054776191711
211,0.0,0.0,0.0,0.0,985.115909576416,198.23358178138733
212,0.0,0.0,0.0,0.0,985.4459953308105,200.9201842546463
213,0.0,0.0,0.0,0.0,984.1416168212891,202.78264045715332
214,0.0,0.0,0.0,0.0,983.5352325439453,199.05095279216766
215,0.0,0.0,0.0,0.0,982.6926803588867,198.6384880542755
216,0.0,0.0,0.0,0.0,977.963809967041,196.8448305130005
217,0.0,0.0,0.0,0.0,982.3105112711589,201.86206340789795
218,0.0,0.0,0.0,0.0,985.5009460449219,205.91750979423523
219,0.0,0.0,0.0,0.0,985.6023597717285,209.6970373392105
220,0.0,0.0,0.0,0.0,983.0410766601562,209.04685378074646
221,0.0,0.0,0.0,0.0,982.1057637532551,208.86017560958862
222,0.0,0.0,0.0,0.0,980.5097389221191,208.00115168094635
223,0.0,0.0,0.0,0.0,987.0365333557129,210.59713304042816
224,0.0,0.0,0.0,0.0,984.5676612854004,204.10579562187195
225,0.0,0.0,0.0,0.0,984.4394938151042,209.85509634017944
226,0.0,0.0,0.0,0.0,988.3518409729004,210.29875338077545
227,0.0,0.0,0.0,0.0,982.1537590026855,201.35047495365143
228,0.0,0.0,0.0,0.0,982.0492362976074,207.8843253850937
229,0.0,0.0,0.0,0.0,981.7715962727864,208.50691080093384
230,0.0,0.0,0.0,0.0,986.2064552307129,213.91148507595062
231,0.0,0.0,0.0,0.0,985.3598213195801,208.95732700824738
232,0.0,0.0,0.0,0.0,987.4539184570312,210.30759394168854
233,0.0,0.0,0.0,0.0,981.4736747741699,213.0091416835785
234,0.0,0.0,0.0,0.0,986.1771647135417,206.90018892288208
235,0.0,0.0,0.0,0.0,984.102954864502,207.0683866739273
236,0.0,0.0,0.0,0.0,980.7318878173828,209.42654728889465
237,0.0,0.0,0.0,0.0,978.1749534606934,211.50333881378174
238,0.0,0.0,0.0,0.0,982.5069173177083,204.9085235595703
239,0.0,0.0,0.0,0.0,982.5576782226562,210.66810965538025
240,0.0,0.0,0.0,0.0,977.9204559326172,209.37025845050812
241,0.0,0.0,0.0,0.0,981.1004257202148,218.03019404411316
242,0.0,0.0,0.0,0.0,979.9967447916667,215.66519737243652
243,0.0,0.0,0.0,0.0,982.4734878540039,214.94642615318298
244,0.0,0.0,0.0,0.0,982.0603942871094,213.92841517925262
245,0.0,0.0,0.0,0.0,982.1494102478027,215.69515943527222
246,0.0,0.0,0.0,0.0,983.4962972005208,218.62433195114136
247,0.0,0.0,0.0,0.0,981.3893127441406,218.46876740455627
248,0.0,0.0,0.0,0.0,990.7204627990723,320.96738398075104
249,0.0,0.0,0.0,0.0,990.3653717041016,388.40393900871277
250,0.0,0.0,0.0,0.0,993.2632446289062,393.06159496307373
251,0.0,0.0,0.0,0.0,997.6823997497559,370.8936685323715
252,0.0,0.0,0.0,0.0,995.5581855773926,353.63946855068207
253,0.0,0.0,0.0,0.0,995.4440116882324,362.9918271303177
254,0.0,0.0,0.0,0.0,988.6592102050781,368.68173122406006
255,0.0,0.0,0.0,0.0,990.505313873291,361.7451524734497
256,0.0,0.0,0.0,0.0,993.243293762207,352.48184859752655
257,0.0,0.0,0.0,0.0,986.612377166748,353.62460911273956
258,0.0,0.0,0.0,0.0,987.2650655110676,361.54462337493896
259,0.0,0.0,0.0,0.0,991.4937973022461,362.41624116897583
260,0.0,0.0,0.0,0.0,988.8563919067383,365.86413502693176
261,0.0,0.0,0.0,0.0,991.6333961486816,364.0968060493469
262,0.0,0.0,0.0,0.0,990.8267021179199,356.062753200531
263,0.0,0.0,0.0,0.0,990.9898376464844,348.79181385040283
264,0.0,0.0,0.0,0.0,985.9968376159668,358.86442244052887
265,0.0,0.0,0.0,0.0,991.2924957275391,361.5049606561661
266,0.0,0.0,0.0,0.0,990.2393341064453,366.16787910461426
267,0.0,0.0,0.0,0.0,989.7709846496582,356.0178744792938
268,0.0,0.0,0.0,0.0,995.6440734863281,358.8497346639633
269,0.0,0.0,0.0,0.0,988.9731407165527,363.9490592479706
270,0.0,0.0,0.0,0.0,989.5052846272786,367.3674488067627
271,0.0,0.0,0.0,0.0,991.0325622558594,363.3228385448456
272,0.0,0.0,0.0,0.0,988.6199188232422,355.5043977499008
273,0.0,0.0,0.0,0.0,997.6644897460938,351.8498772382736
274,0.0,0.0,0.0,0.0,990.2301025390625,347.6031017303467
275,0.0,0.0,0.0,0.0,989.4958114624023,357.22423553466797
276,0.0,0.0,0.0,0.0,989.3015289306641,366.77098989486694
277,0.0,0.0,0.0,0.0,993.342170715332,361.84547781944275
278,0.0,0.0,0.0,0.0,995.8420753479004,365.5782490968704
279,0.0,0.0,0.0,0.0,995.4556274414062,350.3094148635864
280,0.0,0.0,0.0,0.0,992.0135307312012,356.6461282968521
281,0.0,0.0,0.0,0.0,992.7472496032715,363.8971531391144
282,0.0,0.0,0.0,0.0,994.615421295166,358.07813823223114
283,0.0,0.0,0.0,0.0,997.3572540283203,358.3431029319763
284,0.0,0.0,0.0,0.0,992.5654983520508,362.37626552581787
285,0.0,0.0,0.0,0.0,996.4502716064453,359.9440920352936
286,0.0,0.0,0.0,0.0,993.835563659668,365.0932466983795
287,0.0,0.0,0.0,0.0,989.6949513753254,373.46766471862793
288,0.0,0.0,0.0,0.0,991.2085914611816,371.69232845306396
289,0.0,0.0,0.0,0.0,988.2892990112305,369.03528928756714
290,0.0,0.0,0.0,0.0,988.5500144958496,369.31670665740967
291,0.0,0.0,0.0,0.0,988.4836324055989,358.0148506164551
292,0.0,0.0,0.0,0.0,982.1368408203125,362.6104974746704
293,0.0,0.0,0.0,0.0,987.5572395324707,362.35128343105316
294,0.0,0.0,0.0,0.0,988.7752914428711,363.91892194747925
295,0.0,0.0,0.0,0.0,985.1620229085286,364.9610710144043
296,0.0,0.0,0.0,0.0,987.0017051696777,362.88318157196045
297,0.0,0.0,0.0,0.0,987.5783920288086,363.01627814769745
298,0.0,0.0,0.0,0.0,999.7683906555176,495.4085111618042
299,0.0,0.0,0.0,0.0,996.50634765625,543.5508263111115
300,0.0,0.0,0.0,0.0,1005.258051554362,557.2840261459351
301,0.0,0.0,0.0,0.0,994.7208595275879,520.0561344623566
302,0.0,0.0,0.0,0.0,1001.100902557373,510.0086224079132
303,0.0,0.0,0.0,0.0,1003.4309577941895,508.9048933982849
304,0.0,0.0,0.0,0.0,998.1910959879558,515.2472734451294
305,0.0,0.0,0.0,0.0,1004.787540435791,509.04563426971436
306,0.0,0.0,0.0,0.0,1006.8185424804688,522.1640503406525
307,0.0,0.0,0.0,0.0,1003.5823440551758,521.0481870174408
308,0.0,0.0,0.0,0.0,998.0131022135417,523.389401435852
309,0.0,0.0,0.0,0.0,997.0946502685547,517.3084044456482
310,0.0,0.0,0.0,0.0,998.8155619303386,515.4213523864746
311,0.0,0.0,0.0,0.0,1006.5230178833008,513.5352766513824
312,0.0,0.0,0.0,0.0,1000.6397501627605,520.9940958023071
313,0.0,0.0,0.0,0.0,1002.8620147705078,513.8037121295929
314,0.0,0.0,0.0,0.0,995.8518409729004,509.9311923980713
315,0.0,0.0,0.0,0.0,999.8333740234375,507.890921831131
316,0.0,0.0,0.0,0.0,1002.4009958902996,508.64264488220215
317,0.0,0.0,0.0,0.0,1000.0664329528809,516.4836144447327
318,0.0,0.0,0.0,0.0,1000.6998062133789,521.3538730144501
319,0.0,0.0,0.0,0.0,997.2299766540527,525.8891773223877
320,0.0,0.0,0.0,0.0,998.5473378499348,513.3389139175415
321,0.0,0.0,0.0,0.0,999.7058296203613,514.2544841766357
322,0.0,0.0,0.0,0.0,1002.5820414225261,511.53074741363525
323,0.0,0.0,0.0,0.0,1000.1999409993489,505.80787897109985
324,0.0,0.0,0.0,0.0,997.4820327758789,502.8029751777649
325,0.0,0.0,0.0,0.0,999.8976516723633,509.28165793418884
326,0.0,0.0,0.0,0.0,999.1893005371094,509.16874408721924
327,0.0,0.0,0.0,0.0,998.7160491943359,515.9985744953156
328,0.0,0.0,0.0,0.0,1002.6678085327148,519.0060925483704
329,0.0,0.0,0.0,0.0,1004.6755599975586,528.1347119808197
330,0.0,0.0,0.0,0.0,1001.4262390136719,525.5435800552368
331,0.0,0.0,0.0,0.0,1006.5869331359863,533.8132166862488
332,0.0,0.0,0.0,0.0,998.5300445556641,521.2538266181946
333,0.0,0.0,0.0,0.0,1000.0256538391113,505.15787959098816
334,0.0,0.0,0.0,0.0,1001.3498942057292,508.4795951843262
335,0.0,0.0,0.0,0.0,1007.641773223877,518.0463123321533
336,0.0,0.0,0.0,0.0,1004.5026969909668,508.02473187446594
337,0.0,0.0,0.0,0.0,1004.7735404968262,510.89425563812256
338,0.0,0.0,0.0,0.0,1006.9405873616536,510.5526924133301
339,0.0,0.0,0.0,0.0,1010.9483337402344,514.9357223510742
340,0.0,0.0,0.0,0.0,1007.7801322937012,522.5651907920837
341,0.0,0.0,0.0,0.0,1007.1222305297852,531.6456699371338
342,0.0,0.0,0.0,0.0,1010.9659322102864,521.7804479598999
343,0.0,0.0,0.0,0.0,1007.3716163635254,513.5120701789856
344,0.0,0.0,0.0,0.0,1009.7122955322266,512.4568462371826
345,0.0,0.0,0.0,0.0,947.236499786377,520.4929375648499
346,0.0,0.0,0.0,0.0,641.4362080891926,485.52563667297363
347,0.0,0.0,0.0,0.0,618.4932804107666,484.51916098594666
348,0.0,0.0,0.0,0.0,620.9391498565674,498.24201822280884
349,0.0,0.0,0.0,0.0,644.0180778503418,505.7914173603058
350,0.0,0.0,0.0,0.0,642.0023345947266,514.0640795230865
351,0.0,0.0,0.0,0.0,641.1508687337239,510.7051992416382
352,0.0,0.0,0.0,0.0,639.1520500183105,509.02273893356323
353,0.0,0.0,0.0,0.0,641.9379806518555,505.7078504562378
354,0.0,0.0,0.0,0.0,641.5946578979492,510.0546598434448
355,0.0,0.0,0.0,0.0,644.1932678222656,506.5629494190216
356,0.0,0.0,0.0,0.0,645.8400344848633,508.96451354026794
357,0.0,0.0,0.0,0.0,643.1753826141357,507.0185708999634
358,0.0,0.0,0.0,0.0,648.3692359924316,507.55534529685974
359,0.0,0.0,0.0,0.0,644.0641276041667,517.702431678772
360,0.0,0.0,0.0,0.0,646.4315032958984,524.3883740901947
361,0.0,0.0,0.0,0.0,640.3345775604248,519.5125794410706
362,0.0,0.0,0.0,0.0,639.384298324585,514.918566942215
363,0.0,0.0,0.0,0.0,641.4406967163086,510.23247241973877
364,0.0,0.0,0.0,0.0,634.2750835418701,524.3226385116577
365,0.0,0.0,0.0,0.0,634.1650009155273,528.8534045219421
366,0.0,0.0,0.0,0.0,644.8455619812012,527.9826629161835
367,0.0,0.0,0.0,0.0,638.835817972819,520.3788185119629
368,0.0,0.0,0.0,0.0,647.3175430297852,527.9401230812073
369,0.0,0.0,0.0,0.0,642.2412586212158,525.6272006034851
370,0.0,0.0,0.0,0.0,639.2678451538086,518.1977713108063
371,0.0,0.0,0.0,0.0,640.7973988850911,517.9499244689941
372,0.0,0.0,0.0,0.0,640.337963104248,496.9160306453705
373,0.0,0.0,0.0,0.0,642.1705722808838,509.8847794532776
374,0.0,0.0,0.0,0.0,637.738790512085,522.8489685058594
375,0.0,0.0,0.0,0.0,637.5802612304688,526.4606952667236
376,0.0,0.0,0.0,0.0,640.1987934112549,527.4422299861908
377,0.0,0.0,0.0,0.0,640.0310897827148,506.7267680168152
378,0.0,0.0,0.0,0.0,632.7211761474609,511.3706696033478
379,0.0,0.0,0.0,0.0,640.2796045939128,510.14317989349365
380,0.0,0.0,0.0,0.0,645.6272315979004,524.3935668468475
381,0.0,0.0,0.0,0.0,637.8041934967041,520.7403767108917
382,0.0,0.0,0.0,0.0,637.4491786956787,526.5035533905029
383,0.0,0.0,0.0,0.0,640.6932703653972,523.2584810256958
384,0.0,0.0,0.0,0.0,639.0644550323486,514.8713600635529
385,0.0,0.0,0.0,0.0,642.924976348877,506.90906167030334
386,0.0,0.0,0.0,0.0,642.1733283996582,526.4126372337341
387,0.0,0.0,0.0,0.0,634.8830604553223,517.5412631034851
388,0.0,0.0,0.0,0.0,633.9565022786459,516.4951801300049
389,0.0,0.0,0.0,0.0,633.9827156066895,505.43004870414734
390,0.0,0.0,0.0,0.0,638.4267520904541,512.1737229824066
391,0.0,0.0,0.0,0.0,634.5625972747803,514.1165113449097
392,0.0,0.0,0.0,0.0,640.6045150756836,523.465518951416
393,0.0,0.0,0.0,0.0,638.8163089752197,527.8550004959106
394,0.0,0.0,0.0,0.0,635.5785179138184,518.5291314125061
395,0.0,0.0,0.0,0.0,376.9568347930908,490.8903408050537
396,0.0,0.0,0.0,0.0,276.05345408121747,497.1346950531006
397,0.0,0.0,0.0,0.0,277.57816791534424,503.46848487854004
398,0.0,0.0,0.0,0.0,277.75012016296387,499.5140075683594
399,0.0,0.0,0.0,0.0,294.2585039138794,510.8821213245392
400,0.0,0.0,0.0,0.0,291.52252833048504,514.470591545105
401,0.0,0.0,0.0,0.0,291.0657024383545,512.8413033485413
402,0.0,0.0,0.0,0.0,291.0068893432617,516.4543354511261
403,0.0,0.0,0.0,0.0,292.50797748565674,512.7957808971405
404,0.0,0.0,0.0,0.0,293.0080986022949,518.1653738021851
405,0.0,0.0,0.0,0.0,290.87006092071533,519.3924379348755
406,0.0,0.0,0.0,0.0,291.9975709915161,519.8467397689819
407,0.0,0.0,0.0,0.0,294.13458824157715,526.8515968322754
408,0.0,0.0,0.0,0.0,288.7999089558919,512.8032302856445
409,0.0,0.0,0.0,0.0,297.9020023345947,516.5375375747681
410,0.0,0.0,0.0,0.0,298.8246536254883,523.9547896385193
411,0.0,0.0,0.0,0.0,301.8478059768677,526.3036751747131
412,0.0,0.0,0.0,0.0,303.2867097854614,526.7044293880463
413,0.0,0.0,0.0,0.0,293.8673400878906,520.9624528884888
414,0.0,0.0,0.0,0.0,297.64488220214844,519.5154762268066
415,0.0,0.0,0.0,0.0,288.69826316833496,523.4983742237091
416,0.0,0.0,0.0,0.0,288.1647777557373,521.0886883735657
417,0.0,0.0,0.0,0.0,293.57700788057764,514.4551002062284
418,0.0,0.0,0.0,0.0,296.23703956604004,516.611191034317
419,0.0,0.0,0.0,0.0,296.0041681925456,515.8647537231445
420,0.0,0.0,0.0,0.0,293.06385040283203,522.4438261985779
421,0.0,0.0,0.0,0.0,298.6910390853882,516.200008392334
422,0.0,0.0,0.0,0.0,294.93417263031006,510.7093870639801
423,0.0,0.0,0.0,0.0,298.0128860473633,512.8278493881226
424,0.0,0.0,0.0,0.0,300.68867683410645,511.67946696281433
425,0.0,0.0,0.0,0.0,296.7748022079468,514.3566977977753
426,0.0,0.0,0.0,0.0,295.03493785858154,516.9103109836578
427,0.0,0.0,0.0,0.0,295.72450002034503,521.0303592681885
428,0.0,0.0,0.0,0.0,295.0426912307739,522.3149943351746
429,0.0,0.0,0.0,0.0,292.28882789611816,507.3851215839386
430,0.0,0.0,0.0,0.0,293.48681449890137,499.90554571151733
431,0.0,0.0,0.0,0.0,289.80852127075195,498.1421899795532
432,0.0,0.0,0.0,0.0,290.4374694824219,494.7032296657562
433,0.0,0.0,0.0,0.0,294.596471786499,495.02726197242737
434,0.0,0.0,0.0,0.0,292.62115955352783,491.0914957523346
435,0.0,0.0,0.0,0.0,293.26738993326825,488.8270568847656
436,0.0,0.0,0.0,0.0,296.9114065170288,487.89077281951904
437,0.0,0.0,0.0,0.0,293.62730503082275,491.61253094673157
438,0.0,0.0,0.0,0.0,291.4716100692749,486.39992594718933
439,0.0,0.0,0.0,0.0,292.12608337402344,483.41626167297363
440,0.0,0.0,0.0,0.0,295.2086591720581,485.5770242214203
441,0.0,0.0,0.0,0.0,299.3662214279175,489.8252463340759
442,0.0,0.0,0.0,0.0,297.3404836654663,466.131888628006
443,0.0,0.0,0.0,0.0,297.5965944925944,343.16360235214233
444,0.0,0.0,0.0,0.0,299.1139793395996,332.55394756793976
445,0.0,0.0,0.0,0.0,297.65242099761963,337.03207790851593
446,0.0,0.0,0.0,0.0,298.49913120269775,349.25794064998627
447,0.0,0.0,0.0,0.0,302.56799062093097,356.7394423484802
448,0.0,0.0,0.0,0.0,299.5262145996094,355.49354553222656
449,0.0,0.0,0.0,0.0,298.04879665374756,356.4573919773102
450,0.0,0.0,0.0,0.0,298.69091987609863,355.7260340452194
451,0.0,0.0,0.0,0.0,301.9239902496338,360.7898676395416
452,0.0,0.0,0.0,0.0,298.8102340698242,356.72046661376953
453,0.0,0.0,0.0,0.0,301.5489959716797,357.14012145996094
454,0.0,0.0,0.0,0.0,300.36555767059326,361.9751840829849
455,0.0,0.0,0.0,0.0,301.402530670166,365.40897846221924
456,0.0,0.0,0.0,0.0,296.9873237609863,362.77380108833313
457,0.0,0.0,0.0,0.0,294.5688199996948,358.14304769039154
458,0.0,0.0,0.0,0.0,290.33379554748535,360.45527279376984
459,0.0,0.0,0.0,0.0,293.2488441467285,365.30632495880127
460,0.0,0.0,0.0,0.0,297.6013708114624,363.53222250938416
461,0.0,0.0,0.0,0.0,292.5978946685791,362.8471004962921
462,0.0,0.0,0.0,0.0,296.30043029785156,363.09022665023804
463,0.0,0.0,0.0,0.0,298.3060359954834,361.39352560043335
464,0.0,0.0,0.0,0.0,296.1999303644354,362.633310881528
465,0.0,0.0,0.0,0.0,302.57975578308105,364.63913798332214
466,0.0,0.0,0.0,0.0,301.3309621810913,368.88551473617554
467,0.0,0.0,0.0,0.0,298.50460688273114,365.22531509399414
468,0.0,0.0,0.0,0.0,295.8084964752197,359.1689443588257
469,0.0,0.0,0.0,0.0,292.456750869751,356.6775691509247
470,0.0,0.0,0.0,0.0,296.7195653915405,357.40539729595184
471,0.0,0.0,0.0,0.0,296.23823165893555,360.7451105117798
472,0.0,0.0,0.0,0.0,296.7033910751343,364.160395860672
473,0.0,0.0,0.0,0.0,295.454158782959,360.396591424942
474,0.0,0.0,0.0,0.0,297.83093452453613,359.61941063404083
475,0.0,0.0,0.0,0.0,298.3373769124349,364.37700748443604
476,0.0,0.0,0.0,0.0,299.70415592193604,360.9500813484192
477,0.0,0.0,0.0,0.0,302.71644592285156,356.7856192588806
478,0.0,0.0,0.0,0.0,295.1050901412964,357.8362190723419
479,0.0,0.0,0.0,0.0,297.7721341451009,359.2534017562866
480,0.0,0.0,0.0,0.0,299.7081422805786,360.2461624145508
481,0.0,0.0,0.0,0.0,296.9881534576416,361.7042487859726
482,0.0,0.0,0.0,0.0,300.6549882888794,363.1509464979172
483,0.0,0.0,0.0,0.0,298.13695907592773,353.93104791641235
484,0.0,0.0,0.0,0.0,302.3536777496338,360.3009384870529
485,0.0,0.0,0.0,0.0,301.49065017700195,359.6112084388733
486,0.0,0.0,0.0,0.0,298.50629329681396,353.12881350517273
487,0.0,0.0,0.0,0.0,300.674368540446,356.1659359931946
488,0.0,0.0,0.0,0.0,302.4998378753662,351.61933064460754
489,0.0,0.0,0.0,0.0,298.64977836608887,349.74173605442047
490,0.0,0.0,0.0,0.0,298.3936071395874,348.5993564128876
491,0.0,0.0,0.0,0.0,297.56532192230225,327.1190357208252
492,0.0,0.0,0.0,0.0,299.5965385437012,220.48499822616577
493,0.0,0.0,0.0,0.0,296.69341564178467,201.3184815645218
494,0.0,0.0,0.0,0.0,301.5537929534912,198.69722843170166
495,0.0,0.0,0.0,0.0,303.67448806762695,193.71479988098145
496,0.0,0.0,0.0,0.0,300.62400182088214,200.93823909759521
497,0.0,0.0,0.0,0.0,303.8071346282959,200.59731602668762
498,0.0,0.0,0.0,0.0,303.0970859527588,204.95381355285645
499,0.0,0.0,0.0,0.0,306.53207302093506,215.5820882320404
500,0.0,0.0,0.0,0.0,304.4751803080241,210.02341032028198
501,0.0,0.0,0.0,0.0,306.39400482177734,205.89789748191833
502,0.0,0.0,0.0,0.0,300.95954418182373,198.52785766124725
503,0.0,0.0,0.0,0.0,308.3459997177124,200.61097919940948
504,0.0,0.0,0.0,0.0,308.456605275472,202.5230884552002
505,0.0,0.0,0.0,0.0,308.70771884918213,202.73436069488525
506,0.0,0.0,0.0,0.0,306.44713401794434,201.24823451042175
507,0.0,0.0,0.0,0.0,304.68523502349854,202.4775767326355
508,0.0,0.0,0.0,0.0,303.3807118733724,197.25349187850952
509,0.0,0.0,0.0,0.0,305.785117149353,198.76407980918884
510,0.0,0.0,0.0,0.0,302.7817392349243,201.35198771953583
511,0.0,0.0,0.0,0.0,305.71274280548096,201.37773156166077
512,0.0,0.0,0.0,0.0,304.9142710367839,199.5546054840088
513,0.0,0.0,0.0,0.0,302.56617069244385,202.57318675518036
514,0.0,0.0,0.0,0.0,296.1184358596802,204.20869052410126
515,0.0,0.0,0.0,0.0,298.9659786224365,203.51226568222046
516,0.0,0.0,0.0,0.0,298.296799659729,207.69283175468445
517,0.0,0.0,0.0,0.0,299.1629409790039,213.86014223098755
518,0.0,0.0,0.0,0.0,304.3965244293213,215.16065955162048
519,0.0,0.0,0.0,0.0,305.10590076446533,210.0507026910782
520,0.0,0.0,0.0,0.0,306.0222752888997,214.11533117294312
521,0.0,0.0,0.0,0.0,298.6503028869629,202.1939492225647
522,0.0,0.0,0.0,0.0,300.57894706726074,202.82148957252502
523,0.0,0.0,0.0,0.0,301.81488037109375,209.29854154586792
