0,0.0711975,-0.230042,0.0765228,-0.210327,0.073761,-0.220551
1,0.00483704,-0.109619,0.020874,-0.0780029,0.011673,-0.0961456
2,0.004477607777777778,-0.10999366666666667,0.020760444444444446,-0.07345243333333333,0.01192898888888889,-0.09328883333333333
3,0.003733827,-0.10679019999999999,0.024429329999999996,-0.07831424000000001,0.013488759999999999,-0.09342653
4,0.00357437,-0.104585875,0.025053012500000003,-0.0800113625,0.013916012499999998,-0.09276580000000001
5,0.00298462,-0.1063874,0.02660828,-0.08378907999999999,0.01447754,-0.09541014
6,0.00208791,-0.11063633333333334,0.02718861666666667,-0.08524575000000001,0.01378121666666667,-0.09872689999999999
7,0.0018402103999999998,-0.11194459999999999,0.029837040000000002,-0.08835448000000003,0.014022840000000003,-0.10166946000000002
8,-0.000366211,-0.1133362,0.031036380000000002,-0.09082946,0.013967880000000002,-0.10308239999999999
9,-0.0010162346000000002,-0.11344620000000001,0.02975768,-0.09263002,0.012695300000000001,-0.1041872
10,-0.00053100492,-0.1129668,0.029675299999999998,-0.09316712,0.013948059999999998,-0.1034882
11,-0.00109710612,-0.11099999999999999,0.02813872,-0.08883516999999999,0.012770090000000001,-0.10047767999999999
12,0.0007186889,-0.11216280000000003,0.02906189,-0.08570863999999999,0.01484988,-0.09898672
13,0.0017616963636363635,-0.11064690909090907,0.028822463636363635,-0.08177185454545456,0.01494252727272727,-0.0966019909090909
14,-0.0018661539999999996,-0.09417880999999999,0.02380677,-0.07858583000000001,0.013963320999999997,-0.08663483
15,-0.023226949999999996,-0.06297455,0.010574343999999998,-0.05786439000000001,0.009225456999999998,-0.05805818
16,-0.02374878,-0.06596223999999999,0.01218412,-0.05284882,-0.0037872310000000007,-0.05872042000000001
17,-0.019062799999999998,-0.06531220000000001,0.008943164,-0.05412749,-0.004165651000000001,-0.05935823
18,-0.01723022,-0.06398012,0.008380134000000001,-0.055307020000000005,-0.00253296,-0.059002679999999995
19,-0.02058716,-0.0527466,-0.00425415,-0.06004637999999999,-0.011022941999999999,-0.057052599999999995
20,-0.018948627272727277,-0.05674050909090909,-0.004516600909090908,-0.05785717272727271,-0.011944836363636363,-0.057234327272727266
21,-0.02154372222222222,-0.05964998888888889,-0.0034145777777777777,-0.05604723333333333,-0.0122901,-0.05781724444444444
22,-0.02251643636363636,-0.05843145454545456,-0.002276335363636363,-0.05362354545454544,-0.01188937272727273,-0.05588738181818182
23,-0.022174069999999997,-0.05975342,-0.00027923604,-0.05121460000000001,-0.01096344,-0.05538176
24,-0.02268066,-0.06013490000000001,0.0010223386,-0.05097654,-0.010540766000000002,-0.055450440000000004
25,-0.02087679090909091,-0.06279130000000001,0.003325028181818181,-0.054254690909090915,-0.008686411818181817,-0.05846890909090909
26,-0.01943627777777778,-0.06213716666666666,0.004525078888888889,-0.05725773333333333,-0.008517794444444443,-0.05991277777777778
27,-0.017323280000000003,-0.058271779999999995,0.006036374999999999,-0.05990294,-0.006353762000000001,-0.05913086000000001
28,-0.015457159999999998,-0.05532226,0.005212404,-0.059207140000000005,-0.004769898,-0.05733644000000001
29,-0.017030725000000003,-0.053066225,0.0050258625,-0.060735700000000004,-0.0066413875,-0.056652075
30,-0.018102472727272726,-0.05197975454545454,0.005828858181818181,-0.06383722727272728,-0.00754755090909091,-0.05722184545454546
31,-0.018371588888888887,-0.05030313333333333,0.006764729999999999,-0.0649058,-0.005586409999999999,-0.057729077777777776
32,-0.022254939999999997,-0.055120829999999996,0.007324219,-0.06789092999999999,-0.008438107,-0.061087020000000006
33,-0.020388780000000002,-0.059492500000000004,0.0041259764,-0.07428437000000002,-0.012226867999999998,-0.06453555
34,-0.02377317,-0.06644744,0.013540640000000001,-0.07657779,-0.008328232000000001,-0.07062682
35,-0.02302092,-0.06807252999999999,0.013420109999999999,-0.07339019999999999,-0.0033538816000000006,-0.07088318999999998
36,-0.018977781818181823,-0.07068149090909091,0.013552581818181818,-0.06912647272727272,-0.0005077023272727273,-0.06986166363636363
37,-0.01870118,-0.07361144,0.01389464,-0.06829376000000001,-0.0009063728000000002,-0.07071534
38,-0.018976844444444443,-0.07470026666666668,0.013970311111111113,-0.0698344,-4.7472222222222376e-05,-0.07187398888888889
39,-0.019468836363636364,-0.07106435454545454,0.011058454545454543,-0.06316997272727275,0.0031835359999999994,-0.06495527272727272
40,-0.020443720000000005,-0.05513763999999999,0.010847470000000001,-0.06486510999999999,-0.0045486454,-0.06000978999999999
41,-0.022499781818181817,-0.05158163636363637,0.010434245454545453,-0.06411601818181817,-0.005758111818181818,-0.05792651818181818
42,-0.02420806,-0.046626259999999996,0.010520950000000001,-0.05895232,-0.006602478,-0.052853389999999986
43,-0.02158509,-0.039897169999999996,0.008680720999999999,-0.05741272000000001,-0.006480408000000002,-0.048638890000000004
44,-0.021478280000000006,-0.03870848,0.007684326000000003,-0.05587158000000001,-0.006726074,-0.04739992
45,-0.02177846363636364,-0.03831759090909091,0.006665317272727273,-0.05764492727272727,-0.007265957272727272,-0.0481817
46,-0.0215576,-0.03918455999999999,0.007167052,-0.05710752000000001,-0.006838991,-0.04837646
47,-0.0205536,-0.038731379999999996,0.009251404,-0.05652314999999999,-0.00495758,-0.04803773
48,-0.018103019999999997,-0.03977964999999999,0.010227969,-0.05382844,-0.002903749999999999,-0.04730835
49,-0.016364363636363635,-0.037230072727272724,0.010481403636363637,-0.05435595454545454,-0.002627284545454545,-0.045995554545454544
50,-0.016293320000000007,-0.03753205,0.01151734,-0.05346223,-0.0022369390000000003,-0.04558869
51,-0.016346739999999995,-0.038827530000000006,0.01206664,-0.05382689,-0.002311707,-0.04623566
52,-0.01670074,-0.03974914,0.012361149999999998,-0.055348180000000004,-0.002374266,-0.04743498
53,-0.016415700000000002,-0.03982404545454546,0.013214109090909093,-0.05789046363636364,-0.0005992544545454545,-0.04947179090909091
54,-0.015278629999999998,-0.03944394,0.016438299999999996,-0.06001435000000001,0.001283263,-0.050207520000000005
55,-0.01690217,-0.03957823,0.01522675,-0.0625061,-0.0005920419000000001,-0.05123902
56,-0.017023263636363632,-0.03940233636363637,0.013583100000000002,-0.061623309090909094,-0.002102937272727273,-0.050243027272727274
57,-0.01808931,-0.03955383,0.012402339999999998,-0.06144256,-0.0038803120000000003,-0.04975739
58,-0.018225089999999996,-0.04109647,0.011251860000000002,-0.05986939,-0.004487611,-0.04984282999999999
59,-0.01833801,-0.04374083,0.010572800000000002,-0.06010438,-0.0036560049999999995,-0.052055380000000005
60,-0.01928863,-0.044895929999999994,0.008520506,-0.059997560000000005,-0.005108641999999999,-0.052598580000000006
61,-0.0193283,-0.04530791999999999,0.010316476000000002,-0.05980837000000001,-0.004589842,-0.052520739999999996
62,-0.01916045,-0.042353810000000006,0.013015770000000001,-0.060742189999999995,-0.0014739984000000002,-0.05247041
63,-0.01784056,-0.0424759,0.014520259999999998,-0.06251219,0.0015304557999999998,-0.0544678
64,-0.011546329999999999,-0.04329222999999999,0.01551362,-0.06411438,0.0036285379999999997,-0.05498808000000001
65,-0.01357421,-0.045028700000000005,0.01641237,-0.06407166,0.0017135626,-0.054760750000000004
66,-0.012963045454545456,-0.04521455454545455,0.01818431818181818,-0.06510371818181818,0.0022902072727272725,-0.05496910909090909
67,-0.01430207,-0.04379729999999999,0.02011719,-0.06387330000000001,0.002890016,-0.05384523
68,-0.01420595,-0.04382784000000001,0.018113699999999996,-0.06233369,0.0017395010000000003,-0.052972410000000004
69,-0.013803099999999999,-0.04337921,0.01670684,-0.061421210000000004,0.0012542738,-0.05229644
70,-0.01275482,-0.04303283,0.016445929999999994,-0.0606247,0.002227784,-0.052072150000000005
71,-0.009524255454545454,-0.04372195454545456,0.01708429090909091,-0.05731896363636364,0.004104615454545454,-0.05069664545454545
72,-0.009512322,-0.043269369999999995,0.01706084,-0.05673522999999999,0.003501893,-0.04987181000000001
73,-0.011817231818181818,-0.04229599090909091,0.016922,-0.054737436363636365,0.0011055698181818181,-0.04791121818181818
74,-0.01276855,-0.04268187999999999,0.01743927,-0.05284424000000001,0.001895142,-0.04762424
75,-0.010987869,-0.04226684,0.01707308,-0.05428619999999999,0.0036911020000000004,-0.04859313
76,-0.008506775,-0.04271241,0.01758117,-0.0586731,0.005384827,-0.051214579999999996
77,-0.008980489090909092,-0.04591925454545454,0.019402245454545455,-0.05948569090909091,0.006089642727272728,-0.053135272727272725
78,-0.013380449999999999,-0.05112608,0.02102966,-0.056648239999999996,0.005522155,-0.05412752
79,-0.01356963,-0.05379183,0.02142029,-0.05437162999999999,0.004856872,-0.05411378
80,-0.01374206,-0.055001829999999995,0.02092285,-0.05305174999999999,0.0035598770000000004,-0.054040519999999995
81,-0.01473847,-0.05397188000000001,0.02060852,-0.05312502,0.0015716557999999998,-0.053585799999999996
82,-0.015165709999999999,-0.05210725999999999,0.021269259999999995,-0.05086668,0.0028457639999999998,-0.05149688000000001
83,-0.01595765,-0.05268706999999999,0.02110903,-0.05131835,0.0037933349999999997,-0.051965340000000006
84,-0.014245610000000002,-0.05256193,0.022431939999999997,-0.05197143,0.0057525630000000005,-0.05224763
85,-0.014902281818181819,-0.0494232,0.022388790909090905,-0.05283701818181818,0.007247923636363637,-0.05149009090909091
86,-0.014941408,-0.042642200000000005,0.019760160000000002,-0.055334459999999995,0.0031860344000000005,-0.04887239
87,-0.01571199,-0.043014529999999995,0.013470453999999998,-0.059443659999999995,-0.0017669657999999997,-0.050787330000000006
88,-0.01581424,-0.04516144,0.012902840000000002,-0.06408693000000001,-0.00110015868,-0.054824819999999996
89,-0.01941834,-0.04766085,0.014981079999999999,-0.06309817000000001,-0.0016616832000000002,-0.05564574000000001
90,-0.018534870000000002,-0.047605909999999994,0.01608735,-0.06450503,-0.0007354745,-0.05629576999999999
91,-0.01856841,-0.049269099999999996,0.01598358,-0.06742096,-0.0010864264999999999,-0.05846252
92,-0.01851862727272727,-0.04996281818181818,0.01586357272727273,-0.06913478181818182,-0.0002593990909090908,-0.06015013636363637
93,-0.01849058,-0.052241499999999996,0.015811159999999998,-0.07025297999999999,-0.0005294799199999998,-0.06168672000000001
94,-0.019752469999999994,-0.051415999999999996,0.015837109999999998,-0.06923372000000001,-0.002284243,-0.06018062
95,-0.018680927272727275,-0.05142350909090907,0.015837254545454548,-0.06992686363636363,-0.0013122548,-0.06073968181818182
96,-0.018786600000000004,-0.049108889999999995,0.017050179999999998,-0.06721799999999999,0.00028076171,-0.058760049999999994
97,-0.020428460000000002,-0.04884493000000001,0.01681669,-0.06874236000000002,0.000315857,-0.05995022999999999
98,-0.02189791,-0.049371330000000005,0.01609648,-0.0693161,-0.0020385751000000004,-0.059803760000000004
99,-0.022232059999999998,-0.04978179,0.01642608,-0.0704178,-0.003019714,-0.0600479
100,-0.020805360000000002,-0.052145399999999995,0.01703491,-0.07281494,-0.0029708885000000003,-0.0618759
101,-0.01899871,-0.05191039999999999,0.01773681,-0.07049865999999999,-0.0011779776999999998,-0.06094817
102,-0.01958771,-0.05475466,0.01621855,-0.07147674000000001,-0.0026092539999999997,-0.0626999
103,-0.020959480000000003,-0.05562745,0.015327459999999998,-0.07122346000000002,-0.0035949700000000003,-0.06309662
104,-0.021937972727272728,-0.05618286363636363,0.014863454545454546,-0.0690265909090909,-0.002105715454545455,-0.06310895454545457
105,-0.024285900000000006,-0.057453920000000006,0.014874269999999998,-0.06911774,-0.003614809,-0.06362304
106,-0.02243041,-0.058047480000000005,0.014324960000000001,-0.07006835,-0.003456115,-0.06426393000000001
107,-0.0201706,-0.05669858999999999,0.0135437,-0.06989287,-0.003025819,-0.06339417
108,-0.019489618181818182,-0.054880336363636366,0.012917272727272727,-0.06911814545454543,-0.00404774,-0.06166769090909092
109,-0.0167495702,-0.05161592,0.0198532,-0.06181335000000001,0.0021316508,-0.05680388999999999
110,0.15592204,0.043229661999999995,0.20054941999999998,0.06277924,0.16763776000000002,0.048017856799999994
111,0.26781439999999995,0.08035889,0.3311325,0.11297600000000001,0.2968947,0.09539489999999999
112,0.2818810909090909,0.0839510909090909,0.33630245454545454,0.11375981818181818,0.31260245454545454,0.1011700272727273
113,0.28259259999999997,0.08463136,0.3356752,0.11293040000000001,0.31301860000000004,0.10089114000000002
114,0.2934197777777778,0.09219022222222223,0.3419664444444444,0.11503588888888888,0.3144783333333334,0.1020759777777778
115,0.30497599999999997,0.09759520000000001,0.3497036363636364,0.11447845454545455,0.3261120909090909,0.10563636363636363
116,0.3048368,0.09481812,0.3484923999999999,0.1157286,0.3262299999999999,0.10504739999999999
117,0.30304710000000007,0.09355010999999999,0.3510038000000001,0.1162978,0.3263004,0.10455480000000002
118,0.30017869999999996,0.09341738,0.35127410000000003,0.11834549999999999,0.3258956999999999,0.105945
119,0.3001265454545454,0.09355301818181817,0.3514849090909091,0.11757590909090908,0.325512909090909,0.10541609090909089
120,0.29979839999999996,0.09356690000000001,0.3511994,0.11920500000000003,0.32427079999999997,0.1057466
121,0.30120539999999996,0.09223023999999999,0.3526763999999999,0.12091979999999998,0.3272004,0.10669239999999999
122,0.3020737,0.09084626,0.35278160000000003,0.11897430000000002,0.3290207,0.1057555
123,0.3027358,0.09132082,0.3524626,0.11809560000000001,0.3271606,0.1044616
124,0.2972138,0.09386596,0.35066220000000003,0.11897880000000001,0.3210572,0.10499879999999999
125,0.30018,0.10235596,0.3516878,0.12351359999999997,0.32594579999999995,0.113034
126,0.301828,0.10096122,0.35387280000000004,0.12349860000000001,0.33034959999999997,0.11329639999999999
127,0.30315539999999996,0.09977106,0.3543334,0.123471,0.33013900000000007,0.11224959999999999
128,0.3055452000000001,0.1011292,0.35335379999999994,0.12267140000000001,0.32983699999999994,0.11206039999999999
129,0.30809172727272727,0.1018359090909091,0.3515318181818181,0.12147954545454548,0.33074527272727267,0.11206890909090907
130,0.3069338888888889,0.10078914444444445,0.3528474444444445,0.12152122222222222,0.33224299999999996,0.11220477777777778
131,0.3044158,0.09900208000000002,0.35606699999999997,0.12107260000000002,0.3310976,0.1103914
132,0.30111400000000005,0.09657427272727272,0.35522881818181823,0.12175954545454548,0.3314055454545455,0.11070945454545454
133,0.2989472,0.09641730000000001,0.3541932,0.1197786,0.3272582,0.10846839999999999
134,0.29631360000000007,0.10175479999999999,0.3526152,0.1283876,0.3252106,0.1154296
135,0.29843300000000006,0.10084839999999998,0.35285019999999995,0.125647,0.3268968,0.11380000000000001
136,0.3007676,0.10182660000000002,0.3528382,0.12509140000000002,0.32790060000000004,0.11393290000000003
137,0.3010128181818182,0.10176518181818182,0.35135299999999997,0.125208,0.3270693636363636,0.1138819090909091
138,0.3004338888888889,0.09874472222222223,0.349243,0.1248321111111111,0.32594633333333334,0.11235211111111111
139,0.29897160000000006,0.09868927999999999,0.34952999999999995,0.1238157,0.32507030000000003,0.11163799999999999
140,0.2993995454545455,0.09929312727272728,0.3493389090909091,0.12350063636363638,0.3241855454545454,0.11130200000000003
141,0.2993958,0.10049159999999999,0.3496276,0.1234376,0.32526540000000004,0.1122986
142,0.2990144,0.09990246000000001,0.35055840000000005,0.12307460000000003,0.3286224,0.11319860000000001
143,0.2985031,0.09842836,0.35188139999999996,0.1226929,0.32951050000000004,0.1124957
144,0.2981872727272727,0.09588069999999999,0.35279827272727277,0.12184272727272726,0.33051072727272723,0.1112100909090909
145,0.2978089,0.09938362999999999,0.3527466,0.1202348,0.3313156,0.11212309999999999
146,0.2988738,0.10455919999999999,0.3524292,0.12036760000000002,0.3284912,0.1133208
147,0.2990929090909091,0.1038470909090909,0.35198272727272717,0.11985645454545456,0.3305608181818182,0.11340345454545453
148,0.2967055,0.10293429999999999,0.35039659999999995,0.12089239999999998,0.33014669999999996,0.11412650000000002
149,0.2954038,0.10306699999999999,0.3511504,0.12074579999999999,0.3293456,0.11383059999999998
150,0.2944154,0.10238340000000001,0.352057,0.11758740000000001,0.3322448,0.11238400000000001
151,0.29441545454545454,0.09624272727272727,0.35104090909090907,0.11895618181818182,0.3299322727272727,0.11041936363636363
152,0.2913696,0.09551850000000002,0.3509796,0.12082960000000002,0.3278016,0.1109786
153,0.2899063,0.09350586000000001,0.3507857000000001,0.1213014,0.32954110000000003,0.11159369999999999
154,0.2874878,0.09408109,0.3508988,0.122017,0.32319159999999997,0.1097823
155,0.28575419999999996,0.09280088,0.3505766,0.1232788,0.3165802,0.1072724
156,0.2864181,0.09306183999999999,0.3507537,0.122238,0.3165739000000001,0.10670780000000002
157,0.28673133333333334,0.09154934444444443,0.35195922222222226,0.12056477777777778,0.3189325555555555,0.10584333333333334
158,0.28584009090909096,0.09157909090909092,0.3520520909090909,0.1192181818181818,0.32254036363636357,0.10686709090909093
159,0.14114691000000007,0.11669149999999999,0.15246884999999996,0.11491100000000001,0.14597624,0.11425020000000001
160,-0.004443358,0.10290523999999998,0.028225700000000003,0.10633859999999999,0.01188052,0.10463559999999998
161,-0.001783892181818182,0.10863827272727272,0.031233354545454547,0.10140031818181817,0.02313510909090909,0.10341463636363636
162,-0.004193115999999999,0.1095244,0.034161399999999995,0.1000548,0.0150177,0.10480340000000002
163,-0.011047382,0.10693040000000001,0.03605652,0.10214540000000001,0.012149052000000002,0.1045866
164,-0.013562000000000001,0.107016,0.031021120000000003,0.10563959999999999,0.011703484,0.1063018
165,-0.013025436363636362,0.107652,0.025591772727272723,0.10608327272727273,0.005416868181818182,0.10691700000000001
166,-0.01337433,0.10861649999999998,0.023451220000000002,0.1056196,0.0046463,0.10716250000000001
167,-0.01471864,0.1066954,0.02013248,0.10545959999999999,0.0030792239999999998,0.10608499999999998
168,-0.015738763636363635,0.10484863636363637,0.02018181818181818,0.10497763636363634,0.0023359809090909094,0.10492772727272727
169,-0.01512907,0.10381309999999999,0.019923409999999996,0.10496359999999998,0.0027755719999999996,0.10441890000000001
170,-0.01443786,0.10259389999999999,0.02009276,0.10515300000000001,0.00332031,0.10392139999999998
171,-0.01432649,0.10211630000000001,0.01972044,0.10543530000000001,0.0038314819999999998,0.10390469999999999
172,-0.013700999999999998,0.10289718181818182,0.01991135454545455,0.10614863636363638,0.0038285690909090914,0.10461009090909092
173,-0.013589460000000001,0.10235000000000001,0.020803839999999997,0.10580160000000001,0.004238894000000001,0.10415959999999999
174,-0.013421639999999999,0.1035614,0.022003199999999994,0.10693680000000001,0.00418091,0.1052642
175,-0.014172645454545453,0.10350309090909088,0.020796336363636366,0.10653263636363638,0.0023651127272727272,0.1049498181818182
176,-0.014933769999999999,0.10204769999999999,0.020437610000000002,0.10462959999999999,0.002026367,0.10330809999999999
177,-0.01607362,0.09992670000000001,0.02087402,0.102011,0.0022583020000000002,0.1009766
178,-0.016467027272727273,0.10075381818181817,0.02176877272727273,0.10051363636363636,0.0021750727272727274,0.10065554545454546
179,-0.01594389,0.1016375,0.021972649999999996,0.10042883,0.0021163949999999996,0.1010772
180,-0.015032960000000003,0.10100119999999999,0.021524059999999998,0.09999084,0.001846314,0.10054940000000001
181,-0.01478577,0.1004548,0.02067717,0.10083450000000001,0.0013565055999999998,0.10063910000000001
182,-0.014990239999999998,0.09985054,0.020571899999999997,0.1022186,0.0022735620000000002,0.10101939999999998
183,-0.016705340000000003,0.09949037999999999,0.02059632,0.10396419999999999,0.001818848,0.10173040000000003
184,-0.016752763636363636,0.09895739999999999,0.019876645454545455,0.10551881818181817,0.0012151560000000002,0.1021990909090909
185,-0.016287239999999998,0.09919893000000002,0.0207367,0.10574220000000001,0.0024520880000000003,0.10251930000000001
186,-0.01584931,0.09941555000000002,0.021063239999999997,0.10563680000000002,0.0034133880000000007,0.102684
187,-0.015912145454545452,0.10115181818181819,0.021406681818181818,0.1047779090909091,0.0037217554545454544,0.10307609090909091
188,-0.016575649999999997,0.10311730000000001,0.02000733,0.1038514,0.002351379,0.10352780000000002
189,-0.01801759,0.10380249999999999,0.019686909999999995,0.1019137,0.0013717667999999998,0.1028548
190,-0.01887208,0.10481100000000002,0.020268260000000003,0.1036179,0.001976012,0.1041976
191,-0.019371718181818178,0.10488745454545455,0.0218173,0.1033310909090909,0.001754760909090909,0.10410918181818181
192,-0.016271970000000004,0.10525530000000001,0.023413089999999998,0.1037186,0.0040740970000000005,0.10448760000000001
193,-0.015573139999999996,0.1052568,0.02418824,0.10279859999999999,0.003823853,0.10408469999999999
194,-0.01644286,0.10793440000000001,0.024014280000000002,0.1027342,0.00314331,0.105432
195,-0.017365863636363634,0.10901,0.02516729090909091,0.10474736363636362,0.004742710909090909,0.10681990909090909
196,-0.01865998,0.108406,0.02473297,0.10574349999999999,0.0052276630000000004,0.10695940000000001
197,-0.019296818181818182,0.10690054545454544,0.02394379090909091,0.10594863636363637,0.0032001854545454537,0.10642999999999998
198,-0.018212899999999997,0.1089982,0.022691329999999996,0.10572059999999998,0.0018249499999999999,0.1074174
199,-0.01744383,0.10883499999999999,0.020913679999999997,0.10411670000000002,0.0006149296000000002,0.1066376
200,-0.016568254545454544,0.10946090909090911,0.021627254545454548,0.10163454545454544,0.0010736645454545455,0.10586263636363635
201,-0.01597594,0.10888809999999997,0.02308806,0.1013442,0.0031982409999999997,0.1052095
202,-0.015510559999999998,0.10824600000000002,0.023178110000000005,0.1023134,0.004373168,0.10521689999999999
203,-0.01627656,0.1068632,0.023127730000000003,0.1024478,0.0038375849999999997,0.10462020000000001
204,-0.01698998181818182,0.10543118181818181,0.021097345454545457,0.10183700000000001,0.0019822554545454543,0.10366
205,-0.01949769,0.1042862,0.018388369999999998,0.10034177999999998,0.00038604679999999997,0.102234
206,-0.02113341,0.1042862,0.018827820000000002,0.1013582,-0.0011657709,0.10284580000000001
207,-0.02369383,0.10410490000000001,0.019947789999999996,0.10165249999999999,-0.002734376,0.10294810000000001
208,-0.023899409090909096,0.10498327272727273,0.018059472727272725,0.10206874545454546,-0.003263992727272728,0.10356563636363636
209,-0.06889501,0.10690469999999999,-0.040284640000000004,0.10409852,-0.057731672,0.10601660000000002
210,-0.3086958,0.09690544,-0.2595597,0.0916503,-0.28614510000000004,0.09352885000000002
211,-0.36483479999999996,0.09739683000000002,-0.2882965,0.08404694,-0.30775610000000003,0.08730162999999999
212,-0.36743139999999996,0.09719696000000001,-0.2864287,0.08824618,-0.32314280000000006,0.09216919999999999
213,-0.3704819,0.09571378999999999,-0.28783250000000005,0.08587646999999998,-0.3388899,0.09199065
214,-0.3709503,0.09521027,-0.2935638000000001,0.08676604,-0.3344726,0.09129638
215,-0.37054300000000007,0.09431915,-0.2928117,0.08679198,-0.3324262,0.09067535999999998
216,-0.369818,0.09149167999999999,-0.2921587,0.08753511,-0.33204639999999996,0.08963621
217,-0.36849220000000005,0.08888093,-0.2922181,0.08713073,-0.33173369999999996,0.08810576
218,-0.36830430000000003,0.08833466,-0.2931123,0.08687745999999999,-0.333217,0.08771667
219,-0.36758290000000005,0.08855742999999998,-0.29490379999999994,0.08623353999999998,-0.33373739999999996,0.08753049
220,-0.36741329999999994,0.08849028999999999,-0.2964783,0.08494873,-0.33465870000000003,0.08690490999999999
221,-0.36586749999999996,0.0872284,-0.29692699999999994,0.08295287000000003,-0.33380449999999995,0.08526764999999999
222,-0.3623323,0.09426428,-0.2979233,0.08199921000000002,-0.3309875,0.08829348000000001
223,-0.3618744,0.09410553,-0.3001587,0.08489228000000001,-0.33386370000000004,0.08990937
224,-0.36101369999999994,0.09192504,-0.3034165,0.08909758000000001,-0.33205570000000006,0.09053955000000001
225,-0.36186081818181814,0.09015585454545456,-0.30351527272727274,0.09202993636363638,-0.3329106363636363,0.09113381818181816
226,-0.3633361,0.09107208,-0.3040723,0.09196017000000001,-0.3338028,0.09156494
227,-0.36412049999999996,0.09159241,-0.3034911,0.09223481,-0.3340024,0.09196470999999999
228,-0.3651078,0.09423219,-0.3034867,0.09425353000000002,-0.33608079999999996,0.09430237999999999
229,-0.3644697,0.09527435999999997,-0.3009705,0.0917572,-0.33561859999999993,0.09371034
230,-0.36417720000000003,0.09429933000000001,-0.2985506,0.09036559999999999,-0.3326264,0.09245454
231,-0.36351189999999994,0.09444275000000002,-0.29821620000000004,0.09093017,-0.33145110000000005,0.09276273999999998
232,-0.3620980909090909,0.09456706363636364,-0.29927627272727275,0.09200356363636364,-0.33016254545454543,0.09330194545454548
233,-0.3610167999999999,0.09498443999999999,-0.29831550000000007,0.09276581999999998,-0.33111110000000005,0.09396971000000001
234,-0.36110220000000004,0.09404143,-0.29837339999999996,0.09374848999999999,-0.33530129999999997,0.09396516
235,-0.36097300000000004,0.09548395454545454,-0.2973339090909091,0.0934572909090909,-0.33641199999999993,0.0947321
236,-0.3615723,0.09568482,-0.29795219999999994,0.09292451,-0.33116920000000005,0.09441223
237,-0.36149899999999996,0.0966156,-0.2983093,0.09227294000000001,-0.32865629999999996,0.0943985
238,-0.36292290000000005,0.09618834999999998,-0.3006028,0.09146572,-0.3300341,0.09372558
239,-0.3626663,0.09579316,-0.29974369999999995,0.09255063999999999,-0.3316285,0.09422913
240,-0.3616456363636364,0.09726646363636364,-0.29941890909090907,0.09400663636363639,-0.33185645454545454,0.09574893636363635
241,-0.361383,0.09759215000000002,-0.2983962,0.09515227999999999,-0.3309417,0.09646606
242,-0.36091770000000006,0.09691314000000001,-0.2980577000000001,0.09644469,-0.3303191,0.09673765999999999
243,-0.3612977272727273,0.09770343636363638,-0.29663645454545456,0.09546730909090907,-0.3301710909090909,0.09667552727272727
244,-0.3610352,0.0975952,-0.2965244,0.09445495999999999,-0.32922660000000004,0.09609374000000001
245,-0.360089,0.09650573999999998,-0.29642319999999994,0.09148254,-0.3292111999999999,0.09410708000000001
246,-0.35999289999999995,0.09801177000000001,-0.29641709999999993,0.09159545,-0.3294418,0.09496612
247,-0.35954729999999996,0.09694060999999998,-0.2950317,0.0915695,-0.3282164999999999,0.09436798000000002
248,-0.3594346363636364,0.09656730000000001,-0.29419763636363644,0.08937488181818183,-0.32617036363636365,0.09293155454545454
249,-0.35854169999999996,0.09319761,-0.2949278,0.08875887,-0.3250076,0.09087676
250,-0.35784010000000005,0.09202574000000001,-0.2946014,0.08763884000000001,-0.3253524,0.08980713
251,-0.35768681818181824,0.09061500000000001,-0.2930464545454546,0.08718039999999999,-0.32543118181818187,0.0889407090909091
252,-0.35794060000000005,0.08972166000000001,-0.29128139999999997,0.08587951999999999,-0.3275208,0.08800962000000001
253,-0.3577361,0.08707276,-0.2923629,0.08435513,-0.3276262,0.08585357
254,-0.3584564,0.08483278000000001,-0.29324960000000005,0.08161010999999999,-0.3277452,0.08335421
255,-0.3582138,0.08496705,-0.2930634,0.0819748,-0.3257341,0.08351897999999999
256,-0.35910030000000004,0.08495789,-0.2916489,0.08142242000000001,-0.3244688,0.08318020999999999
257,-0.35948189999999997,0.08431702999999999,-0.2891009,0.08116303,-0.3267608000000001,0.08287809999999998
258,-0.359744,0.08279141818181819,-0.28954799999999997,0.0780722909090909,-0.3312487272727273,0.08093954545454546
259,-0.35476979999999997,0.037670904000000005,-0.29549879999999995,0.030166596,-0.3321808,0.03453981199999999
260,-0.36989439999999996,-0.05550538000000001,-0.2872406,-0.06330872,-0.32689840000000003,-0.05956726000000001
261,-0.37596430000000003,-0.055642710000000005,-0.2844788,-0.06454315,-0.3235764,-0.06085816000000001
262,-0.37221380000000004,-0.0569763,-0.2842865,-0.06333313,-0.3241956999999999,-0.06051026
263,-0.3670682,-0.05673979,-0.2838377,-0.06233672,-0.3235322,-0.059733579999999994
264,-0.3673247272727273,-0.05667808181818182,-0.28557381818181815,-0.06247085454545454,-0.3294332727272727,-0.05943990000000001
265,-0.3672852,-0.05750732000000001,-0.28967599999999993,-0.06243894000000001,-0.328485,-0.060025020000000005
266,-0.3660768000000001,-0.058734140000000004,-0.2901901,-0.060855099999999995,-0.3241485,-0.05995637
267,-0.365032,-0.058768536363636374,-0.2901889090909091,-0.06096442727272726,-0.3235943636363637,-0.06004332727272727
268,-0.3609498,-0.05932923999999999,-0.2913667999999999,-0.06196288,-0.3235534,-0.060797100000000014
269,-0.35941340000000005,-0.060350020000000004,-0.2930788,-0.06303406,-0.3216827000000001,-0.06192168
270,-0.35835390909090914,-0.0659068727272727,-0.2940619090909091,-0.06268726363636362,-0.3163770909090909,-0.06381089090909091
271,-0.3614718,-0.06546018,-0.293573,-0.06265562,-0.320511,-0.06377561999999999
272,-0.3638002,-0.06293946,-0.29435140000000004,-0.06363526,-0.3269592,-0.06335144000000001
273,-0.3669402,-0.06048887999999999,-0.2929046,-0.06688233999999998,-0.3306184,-0.06369323999999998
274,-0.37220609090909085,-0.05844811818181817,-0.2939132727272727,-0.06826642727272728,-0.33391918181818175,-0.06334897272727273
275,-0.37358955555555556,-0.0578308111111111,-0.2947576666666667,-0.06672158888888889,-0.33183955555555555,-0.06261697777777779
276,-0.3731583,-0.05865631,-0.2951811999999999,-0.06517028999999999,-0.3299177,-0.06234892000000001
277,-0.37161250000000007,-0.05742645,-0.2958984,-0.06575166,-0.33213489999999996,-0.06183929000000001
278,-0.3706318181818182,-0.05698880909090909,-0.2958957272727272,-0.06706655454545454,-0.3323751818181819,-0.06221424545454546
279,-0.3668732,-0.05790097999999999,-0.29659139999999995,-0.06548156000000001,-0.32743520000000004,-0.062228419999999986
280,-0.3646056000000001,-0.057543939999999995,-0.2956664,-0.06343077999999999,-0.3264831999999999,-0.060855099999999995
281,-0.36449600000000004,-0.05732423999999999,-0.29456479999999996,-0.06305848,-0.3268584,-0.06046449999999999
282,-0.36467130000000003,-0.056944270000000005,-0.2928665000000001,-0.062278770000000004,-0.32728430000000003,-0.059782390000000005
283,-0.3639042727272726,-0.05536997272727271,-0.28895027272727275,-0.062379309090909094,-0.3234821818181819,-0.05921103636363638
284,-0.36281759999999996,-0.05539552,-0.28923639999999995,-0.061529539999999994,-0.32085,-0.05895689999999999
285,-0.36350720000000003,-0.05569611,-0.28936459999999997,-0.06165465999999999,-0.3216721,-0.059118639999999986
286,-0.3634436363636363,-0.05136522727272727,-0.2890942727272727,-0.06131674545454546,-0.32020554545454544,-0.05724540909090909
287,-0.363205,-0.04841612000000001,-0.2926942,-0.05834046,-0.3215454,-0.054382320000000005
288,-0.35768419999999995,-0.051876840000000014,-0.2932798,-0.05729673999999999,-0.32325740000000003,-0.0548233
289,-0.35699881818181817,-0.05301459090909091,-0.2932198181818182,-0.05628688181818182,-0.3240385454545454,-0.05474991818181819
290,-0.356662,-0.05413512,-0.291513,-0.0571991,-0.3229858,-0.055761719999999994
291,-0.35619480000000003,-0.05320280999999999,-0.2905534,-0.0576294,-0.32298589999999994,-0.05548860000000001
292,-0.35999363636363646,-0.05663090909090909,-0.29383172727272727,-0.061796727272727274,-0.3260553636363637,-0.05931229999999999
293,-0.36002219999999996,-0.060638439999999995,-0.29396980000000006,-0.06292723999999998,-0.322641,-0.061978120000000005
294,-0.35772290909090915,-0.06141383636363636,-0.2947471818181819,-0.06257766363636365,-0.3224308181818182,-0.06208107272727273
295,-0.35654900000000006,-0.06192016,-0.2957487999999999,-0.06272886,-0.3199951999999999,-0.06243896
296,-0.35612900000000003,-0.06194651818181818,-0.29608972727272725,-0.06270805454545456,-0.32036800000000004,-0.06245282727272728
297,-0.3582856,-0.06047975,-0.2958696,-0.06202238,-0.32321769999999994,-0.06140595
298,-0.3592104,-0.0594101,-0.2950759,-0.06266326000000001,-0.3211076,-0.06136934000000001
299,-0.3570344,-0.06010132,-0.29336260000000003,-0.06307372000000001,-0.3203432,-0.06188048
300,-0.35346059999999996,-0.06227415999999999,-0.29233400000000004,-0.06296083999999999,-0.31932379999999994,-0.06268919999999999
301,-0.360846,-0.06132507999999999,-0.29325860000000004,-0.05850219999999999,-0.32454219999999995,-0.05984802
302,-0.3631896,-0.05917054000000001,-0.2942262,-0.059072860000000005,-0.32893680000000003,-0.05915218
303,-0.3604522,-0.059265120000000004,-0.294934,-0.058432019999999994,-0.32969979999999993,-0.058908100000000005
304,-0.3604642,-0.06045838,-0.2963108,-0.057537819999999996,-0.3300110000000001,-0.059072860000000005
305,-0.3600586,-0.06210330000000001,-0.2962832000000001,-0.056234719999999995,-0.32613220000000004,-0.058978260000000005
306,-0.363504,-0.06074524000000001,-0.2951172,-0.05615236,-0.32446879999999995,-0.05813598
307,-0.359497,-0.06045532,-0.2930574,-0.05638124,-0.3217652,-0.05816042000000001
308,-0.3617494,-0.058337400000000005,-0.292398,-0.057153319999999994,-0.32465820000000006,-0.057736199999999994
309,-0.3586969090909092,-0.06703871818181817,-0.29365409090909095,-0.06440180000000001,-0.3243782727272727,-0.06557819090909091
310,-0.34147019999999995,-0.15842602,-0.2985808,-0.1740692,-0.33382259999999997,-0.15925598
311,-0.32362354545454547,-0.20273509090909092,-0.29692499999999994,-0.2141460909090909,-0.32208109090909093,-0.20393345454545456
312,-0.34566339999999995,-0.19173420000000002,-0.30510859999999995,-0.21418920000000002,-0.3270858,-0.20179439999999998
313,-0.3453354,-0.19295349999999997,-0.3067596,-0.21204680000000004,-0.32548829999999995,-0.20286720000000003
314,-0.3400849999999999,-0.19287099999999996,-0.31101979999999996,-0.2117096,-0.3244478,-0.20306079999999999
315,-0.3419924000000001,-0.19439999999999996,-0.3107481999999999,-0.2122958,-0.32630919999999997,-0.20357359999999997
316,-0.3456238,-0.19263,-0.30592040000000004,-0.2191374,-0.32704459999999996,-0.20518160000000002
317,-0.3467407999999999,-0.20171820000000001,-0.3100648,-0.21676940000000006,-0.3305298,-0.20842300000000002
318,-0.3375579000000001,-0.20294649999999997,-0.29782100000000006,-0.2296585,-0.3142914,-0.2160889
319,-0.319397,-0.20365899999999998,-0.2618869999999999,-0.287674,-0.319397,-0.20365899999999998
320,-0.319397,-0.203659,-0.2618869999999999,-0.287674,-0.319397,-0.203659
321,-0.319397,-0.20365899999999998,-0.2618869999999999,-0.287674,-0.319397,-0.20365899999999998
322,-0.3211031,-0.20249630000000002,-0.291829,-0.28334360000000003,-0.3200929,-0.2094239
323,-0.3204895999999999,-0.2040376,-0.3195312,-0.23143319999999998,-0.32048059999999995,-0.204074
324,-0.3165127999999999,-0.202069,-0.31254579999999993,-0.22147820000000001,-0.31479799999999997,-0.20942700000000003
325,-0.32451545454545455,-0.19945445454545452,-0.31099363636363636,-0.21538327272727276,-0.31678081818181825,-0.20863072727272727
326,-0.3214904,-0.1983687,-0.31459329999999996,-0.2163456,-0.3172837,-0.20932019999999998
327,-0.3185777,-0.2000243,-0.3142044,-0.2147704,-0.3158689,-0.20922080000000004
328,-0.3191881,-0.2014557,-0.3109267,-0.21252419999999997,-0.3147887,-0.20746159999999997
329,-0.31690379999999996,-0.2040191,-0.3068421,-0.21083069999999998,-0.3133298,-0.2065674
330,-0.3180343,-0.20540749999999997,-0.2986421,-0.217656,-0.314009,-0.20801850000000002
331,-0.3187776,-0.2070129,-0.297969,-0.2234207,-0.31189730000000004,-0.21242679999999997
332,-0.3212051000000001,-0.2090957,-0.29447009999999996,-0.2246383,-0.3108796,-0.21516590000000005
333,-0.3242509,-0.20625480000000002,-0.2944760999999999,-0.22492360000000003,-0.31516580000000005,-0.21192020000000006
334,-0.32600080000000003,-0.20771170000000003,-0.3009155,-0.2237762,-0.31791539999999996,-0.21277179999999998
335,-0.3299149,-0.210501,-0.30988170000000004,-0.2217696,-0.31825709999999996,-0.21709459999999997
336,-0.33041936363636365,-0.20852945454545455,-0.3107549090909091,-0.22129972727272726,-0.31974372727272726,-0.21550418181818182
337,-0.3298598,-0.20801689999999998,-0.3128616000000001,-0.22173010000000004,-0.3208876,-0.21532150000000003
338,-0.33175659999999996,-0.20586540000000003,-0.3124632,-0.22141550000000004,-0.32116219999999995,-0.21444570000000004
339,-0.3298601818181818,-0.20648181818181818,-0.3134641818181818,-0.22008318181818182,-0.32068018181818175,-0.21411545454545458
340,-0.33021069999999997,-0.20829620000000001,-0.31587699999999996,-0.2189697,-0.3234237,-0.2134032
341,-0.3287553,-0.20804280000000003,-0.31628120000000004,-0.21947480000000003,-0.32286360000000003,-0.21345960000000003
342,-0.3309542,-0.20923299999999995,-0.3157595000000001,-0.2199722,-0.32287460000000007,-0.21495199999999998
343,-0.331143,-0.2102694,-0.31464839999999994,-0.22037360000000006,-0.3223634,-0.21567379999999997
344,-0.33142645454545455,-0.2107959090909091,-0.3142714545454546,-0.21973200000000004,-0.32226563636363637,-0.2155872727272727
345,-0.33091119999999996,-0.20778049999999998,-0.3144912999999999,-0.22028060000000002,-0.3221207,-0.21449259999999998
346,-0.3303558000000001,-0.20670759999999996,-0.3132874,-0.22077339999999998,-0.3220246,-0.21360460000000003
347,-0.33035119999999996,-0.20751360000000002,-0.31234439999999997,-0.22310170000000001,-0.3227584,-0.2141114
348,-0.32917779999999996,-0.20861800000000003,-0.3119232,-0.2243162,-0.3219302,-0.2152498
349,-0.32713472727272724,-0.20876927272727272,-0.30627018181818183,-0.226012,-0.3179350909090909,-0.216425
350,-0.325554,-0.2092041,-0.30683570000000004,-0.2251099,-0.3153137,-0.21794890000000003
351,-0.32379940000000007,-0.20915389999999995,-0.30663609999999997,-0.2251648,-0.3148177999999999,-0.21756730000000002
352,-0.32047754545454543,-0.21487690909090906,-0.3020517272727272,-0.225167,-0.3107412727272727,-0.22031045454545453
353,-0.31781000000000004,-0.21751709999999996,-0.29673740000000004,-0.22573249999999997,-0.3069018,-0.2217882
354,-0.3110687,-0.2207016,-0.295117,-0.22580869999999997,-0.30343489999999995,-0.2231128
355,-0.30438400000000004,-0.2205873,-0.29041910000000004,-0.22943560000000002,-0.29823140000000004,-0.22458500000000003
356,-0.3023322727272727,-0.21887736363636365,-0.28514236363636364,-0.2349602727272727,-0.29349172727272727,-0.22720027272727272
357,-0.29776300000000006,-0.21930229999999998,-0.27994220000000003,-0.2363922,-0.2878112999999999,-0.22889869999999995
358,-0.2894485,-0.2216309,-0.27905430000000003,-0.2360412,-0.28415999999999997,-0.22900530000000002
359,-0.20013599999999995,-0.2178102,-0.19825738,-0.2265625,-0.19861288000000005,-0.22458490000000003
360,-0.03777105454545455,-0.21520454545454545,-0.015888545454545454,-0.2270243636363636,-0.027881990909090913,-0.22074627272727276
361,-0.04107817999999999,-0.21185620000000002,-0.010636894000000001,-0.22522440000000002,-0.03306124999999999,-0.21510480000000004
362,-0.03710021,-0.2114121,-0.007014462000000002,-0.22510360000000001,-0.022691346999999997,-0.2179855
363,-0.01895446,-0.206604,0.0046035774,-0.2186569,-0.011203003,-0.2105883
364,-0.020719930000000004,-0.2056181,0.004212952999999999,-0.2211976,-0.008677673000000002,-0.2131714
365,-0.02097932,-0.2046144,0.004609681,-0.2213774,-0.008979797,-0.21249389999999999
366,-0.021679355555555554,-0.20337255555555553,0.005686442222222223,-0.22373622222222223,-0.008631387777777779,-0.21310911111111114
367,-0.021825636363636366,-0.2030321818181818,0.006619541818181818,-0.22440272727272734,-0.00729508909090909,-0.2139769090909091
368,-0.022477709999999998,-0.20284239999999998,0.007025147,-0.22571110000000005,-0.007514953,-0.2144743
369,-0.0222702,-0.2040848,0.007954407,-0.2237412,-0.007293701999999999,-0.21386559999999996
370,-0.02276,-0.20547189999999999,0.009408571,-0.22386660000000003,-0.0066665660000000005,-0.21470190000000003
371,-0.022803563636363634,-0.20558845454545455,0.009600551818181818,-0.2234080909090909,-0.006638959999999999,-0.21450263636363634
372,-0.02393428888888889,-0.20631933333333335,0.008500843333333334,-0.2230751111111111,-0.006759645555555556,-0.2152234444444444
373,-0.023629760000000003,-0.2071485,0.008642575999999999,-0.22351840000000003,-0.006672668,-0.21577610000000003
374,-0.023457350000000002,-0.20506129999999997,0.008224487,-0.2231722,-0.0072937,-0.21433390000000002
375,-0.02348173,-0.20433510000000005,0.008547974999999998,-0.22301640000000003,-0.006733704,-0.2141343
376,-0.02304536,-0.20499869999999998,0.009143067000000001,-0.22274940000000001,-0.00630951,-0.21426559999999997
377,-0.023648080000000005,-0.20545039999999998,0.009478762,-0.2230162,-0.007073973,-0.2142763
378,-0.023426399999999993,-0.20666109090909093,0.009887695454545454,-0.2235648181818182,-0.007173016363636365,-0.21494354545454544
379,-0.024252330000000002,-0.20692300000000002,0.009518432000000002,-0.2236863,-0.007182310999999999,-0.215428
380,-0.02492676,-0.20617649999999998,0.010681143,-0.22337630000000003,-0.007144164999999999,-0.2148085
381,-0.026304630000000002,-0.2054062,0.01095428,-0.22156669999999998,-0.007603453999999998,-0.21356199999999997
382,-0.024002072727272727,-0.20414754545454547,0.011043206363636362,-0.2222038181818182,-0.00532947909090909,-0.21381027272727274
383,-0.024020389999999996,-0.204004,0.009751891,-0.22183389999999997,-0.005856322000000001,-0.2136262
384,-0.02519075,-0.2045045,0.009135435999999997,-0.2227737,-0.006274412,-0.2146042
385,-0.025024418181818178,-0.20487009090909095,0.009198276363636364,-0.22254654545454544,-0.007240988181818181,-0.21409854545454543
386,-0.024609379999999997,-0.20594460000000003,0.008285521,-0.2224212,-0.009017943,-0.2137768
387,-0.0203756,-0.20320111111111108,0.012924194444444445,-0.22068788888888888,-0.0043707952222222235,-0.21163777777777776
388,-0.017941581818181816,-0.20089300000000002,0.014547163636363636,-0.22188372727272732,-0.002087679245454545,-0.21118309090909093
389,-0.018498229999999997,-0.20004879999999997,0.014791879999999999,-0.2204361,-0.0015945430699999999,-0.21044329999999997
390,-0.019688419999999998,-0.20199260000000002,0.01435394,-0.22061009999999998,-0.0029144289999999996,-0.2112047
391,-0.020347570000000002,-0.2018009,0.01413116,-0.22036139999999999,-0.003034974,-0.21115409999999998
392,-0.01837616,-0.20329429999999998,0.01396637,-0.2196853,-0.002000427,-0.211618
393,-0.02156525,-0.2045655,0.01361387,-0.21965010000000001,-0.003552245,-0.2123246
394,-0.02159952727272727,-0.20603645454545452,0.012741100000000003,-0.2203149090909091,-0.004354304545454546,-0.2132428181818182
395,-0.021791090000000006,-0.2056381,0.0107727,-0.2211122,-0.005218507,-0.2135528
396,-0.022164063636363637,-0.20628236363636362,0.010216458181818183,-0.22126909090909094,-0.005003496363636364,-0.2142526363636364
397,-0.021038820000000003,-0.2046771,0.010543836000000001,-0.22200910000000001,-0.004280088,-0.2139083
398,-0.021700763636363637,-0.20501718181818188,0.009644945454545455,-0.22382718181818184,-0.005328090909090909,-0.2148840909090909
399,-0.021562199999999997,-0.204805,0.010897821999999998,-0.2228272,-0.005145266,-0.21395560000000002
400,-0.02248078,-0.20514380000000002,0.011004650000000001,-0.22214359999999997,-0.005674744,-0.21370989999999995
401,-0.022617681818181815,-0.2040253636363637,0.010301081818181818,-0.22247863636363638,-0.005957864545454546,-0.2134066363636364
402,-0.0241623,-0.20231190000000004,0.0099533,-0.2224365,-0.006388853999999999,-0.21283420000000003
403,-0.024098210000000002,-0.20260620000000001,0.009866328,-0.22418809999999997,-0.007225035,-0.21337109999999998
404,-0.023465254545454547,-0.20273245454545455,0.01110423636363636,-0.22324990909090908,-0.006171486363636362,-0.21304045454545453
405,-0.02207488,-0.20393700000000003,0.01024934,-0.22556600000000002,-0.005580139000000001,-0.21501160000000002
406,-0.023687760000000002,-0.2022033,0.009367371999999999,-0.22477859999999997,-0.006999203999999999,-0.21364299999999994
407,-0.02406007,-0.202649,0.008654784,-0.22349699999999997,-0.007269286999999999,-0.21336660000000002
408,-0.02373503,-0.2011902,0.008337404999999999,-0.22205050000000007,-0.006750487000000001,-0.21227110000000002
409,-0.021891779999999993,-0.20175179999999998,0.008259585,-0.22247310000000003,-0.006350708000000001,-0.21246489999999998
410,-0.0233737,-0.20201927272727274,0.008834838181818181,-0.22286836363636367,-0.007092561818181819,-0.21259809090909088
411,-0.022970579999999997,-0.20235749999999997,0.010264579,-0.2239075,-0.005714418000000001,-0.2135881
412,-0.02300747272727272,-0.20288481818181817,0.011645218181818183,-0.2255482727272727,-0.005296187272727272,-0.21451636363636367
413,-0.019767769999999997,-0.2061219,0.014312740000000001,-0.22723379999999999,-0.003083799,-0.21650389999999997
414,0.06800083999999999,-0.19494620000000004,0.08856506,-0.2109469,0.078446906,-0.2040865
415,0.29055489999999995,-0.2154097,0.2927825,-0.1862457,0.2931838,-0.18863519999999998
416,0.31795563636363633,-0.20818827272727275,0.3262912727272727,-0.16895918181818181,0.319687,-0.19539836363636365
417,0.3132294,-0.20706499999999997,0.32339179999999995,-0.17556480000000002,0.3146392,-0.20302760000000003
418,0.3097183,-0.2118347,0.3276948,-0.1780135,0.31156930000000005,-0.2084337
419,0.30749660000000006,-0.2118392,0.3368286,-0.18389879999999997,0.31186689999999995,-0.2058869
420,0.30690972727272736,-0.21311109090909094,0.3256380909090909,-0.19849036363636363,0.3078461818181818,-0.21234936363636364
421,0.3099182,-0.21181769999999997,0.32725980000000005,-0.1992722,0.3112181,-0.21085030000000007
422,0.315334,-0.2126948181818182,0.3295078181818181,-0.20014827272727273,0.3171318181818182,-0.2111621818181818
423,0.31665639999999995,-0.21282979999999996,0.329535,-0.2042694,0.3212188,-0.20982060000000002
424,0.31682740000000004,-0.2116745,0.32798289999999997,-0.2087462,0.32145819999999997,-0.2104708
425,0.31759339999999997,-0.21332880000000004,0.32858299999999996,-0.20892480000000005,0.3210844,-0.21190509999999999
426,0.31954020000000005,-0.21261140000000003,0.3277787,-0.20636139999999997,0.3207976,-0.2116777
427,0.3199102727272727,-0.21344818181818184,0.3273925454545454,-0.20073918181818182,0.3208851818181818,-0.2117587272727273
428,0.319803,-0.2141112,0.330966,-0.1990752,0.32169479999999995,-0.2115538
429,0.3194394000000001,-0.21518260000000003,0.33466500000000005,-0.19922179999999995,0.3228424,-0.2116516
430,0.31806818181818186,-0.21532218181818177,0.33823872727272725,-0.20049609090909087,0.3224777272727273,-0.21212918181818186
431,0.31621699999999997,-0.2169802,0.3357024,-0.1978028,0.3197508,-0.21356520000000004
432,0.31533629999999996,-0.2160447,0.33529810000000004,-0.1953567,0.3193527,-0.2118941
433,0.31553509090909093,-0.2142558181818182,0.33658699999999997,-0.19707545454545453,0.3193359090909091,-0.21105272727272728
434,0.31390218181818186,-0.2139837272727273,0.33689318181818184,-0.20045336363636368,0.31590663636363636,-0.21281990909090912
435,0.31298219999999993,-0.21352220000000002,0.33906260000000005,-0.2010498,0.31707459999999993,-0.21160880000000004
436,0.3102236,-0.2162536,0.33715219999999996,-0.19707339999999998,0.31501779999999996,-0.21285999999999997
437,0.30688180000000004,-0.21553360000000002,0.3358398,-0.1965668,0.3117124,-0.2124146
438,0.3075273,-0.2128616,0.3357177,-0.19838700000000004,0.3166489,-0.2083326
439,0.3156661,-0.21066900000000005,0.33755490000000005,-0.2028426,0.3237962,-0.20788410000000002
440,0.3229412727272727,-0.20974172727272727,0.33744945454545455,-0.20197072727272725,0.3255073636363637,-0.20835599999999996
441,0.3173782,-0.20847929999999998,0.34137120000000004,-0.2025925,0.32271409999999995,-0.207173
442,0.3127624,-0.2081422,0.3408508,-0.20606400000000002,0.3217196,-0.20744320000000002
443,0.31373436363636364,-0.20766663636363633,0.34020854545454554,-0.21178654545454548,0.3221212727272727,-0.2090246363636364
444,0.3153564,-0.20855410000000002,0.3395676999999999,-0.20924840000000003,0.321025,-0.2087233
445,0.3208098,-0.20778219999999997,0.3421906,-0.2090364,0.32335820000000004,-0.20794699999999997
446,0.3239119999999999,-0.20743709999999999,0.3399015,-0.20965550000000005,0.3262908,-0.2077758
447,0.32321854545454537,-0.20707009090909087,0.33808063636363633,-0.20917318181818184,0.3272318181818182,-0.20765281818181822
448,0.3223724,-0.20908179999999996,0.3379946,-0.2098602,0.325821,-0.20929860000000003
449,0.32259689999999996,-0.20867480000000005,0.337419,-0.20794369999999995,0.324884,-0.20849619999999996
450,0.32163099999999994,-0.20741889999999996,0.33845080000000005,-0.2090881,0.32301030000000003,-0.20758040000000003
451,0.3195374,-0.2087297,0.3377211,-0.2056194,0.32120350000000003,-0.20843819999999996
452,0.3186064,-0.20713190000000004,0.34279640000000006,-0.2046478,0.32467490000000004,-0.2064972
453,0.317627,-0.20889280000000002,0.34087860000000003,-0.20047920000000002,0.32659619999999995,-0.20561820000000003
454,0.3170472999999999,-0.2107103,0.3398865,-0.20359359999999999,0.32569440000000005,-0.2080321
455,0.30939019999999995,-0.21373900000000004,0.34007560000000003,-0.1980194,0.3186188,-0.2090454
456,0.30431290909090913,-0.21383254545454544,0.33855899999999994,-0.1954411818181818,0.3170135454545454,-0.20707290909090909
457,0.3039214,-0.21099839999999997,0.33640100000000006,-0.1941956,0.31512139999999994,-0.2052094
458,0.3059264,-0.2075532,0.33846459999999995,-0.19392399999999999,0.3169402,-0.20298760000000002
459,0.32011418181818185,-0.1899081818181818,0.3084261818181818,-0.11585995454545457,0.31303963636363635,-0.15915900909090913
460,0.31674022222222226,-0.0874804,0.33077155555555554,-0.03244865555555557,0.31754711111111106,-0.07697725555555555
461,0.2926386363636364,-0.05771153636363636,0.32370400000000005,-0.029850327272727274,0.3166850909090909,-0.03711212727272727
462,0.29673740000000004,-0.05298460000000001,0.3206302,-0.026263420000000003,0.30596,-0.04278564
463,0.29358727272727275,-0.05690695454545455,0.32014609090909085,-0.02785839090909091,0.30658372727272726,-0.042753736363636365
464,0.2953964,-0.056637559999999997,0.31868280000000004,-0.028352360000000004,0.30722510000000003,-0.04234313999999999
465,0.2951386,-0.05673216000000001,0.31601580000000007,-0.028762820000000005,0.3057434,-0.04258424000000001
466,0.2966798,-0.058016959999999985,0.3136872,-0.0311554,0.30499260000000006,-0.04496460000000001
467,0.31048570000000003,-0.057678209999999994,0.3146958,-0.0314224,0.3126494,-0.04430084
468,0.31398479999999995,-0.05959932,0.3126145,-0.029753110000000006,0.31332569999999993,-0.044464119999999996
469,0.316864,-0.060614,0.31433720000000004,-0.02978208,0.3156768,-0.045788579999999995
470,0.3167054000000001,-0.06139526000000001,0.3188354,-0.030349740000000004,0.31782560000000004,-0.04596558
471,0.3159225,-0.05731200000000001,0.3231414,-0.02985534,0.3195894,-0.043455509999999996
472,0.31296979999999996,-0.05463559999999999,0.32734680000000005,-0.02874448,0.320041,-0.04196166
473,0.31289400000000006,-0.05181608181818182,0.33057181818181813,-0.029381481818181822,0.3216235454545455,-0.04078256363636364
474,0.3133209,-0.05025023999999999,0.333075,-0.030143750000000004,0.3225372,-0.040901179999999995
475,0.313565,-0.05054322,0.33570240000000007,-0.03087768,0.3236298,-0.04164736
476,0.3133697777777778,-0.05259874444444444,0.3373262222222222,-0.033357422222222224,0.32474611111111107,-0.043499411111111115
477,0.3135918181818182,-0.05381777272727272,0.3374856363636364,-0.033647018181818186,0.32557409090909095,-0.04374277272727272
478,0.315268,-0.053250140000000015,0.336914,-0.03402406,0.326236,-0.04355162
479,0.31558539999999996,-0.055743399999999985,0.3365266,-0.03372194,0.32524420000000004,-0.04563295999999999
480,0.31491790909090905,-0.05590265454545455,0.3354380909090909,-0.035190927272727275,0.3240385454545454,-0.046747390909090906
481,0.31309970000000004,-0.05642702000000001,0.3360016,-0.03289339,0.3241867,-0.04508207
482,0.3129607,-0.057595850000000004,0.33797770000000005,-0.03067474,0.3248227,-0.044908159999999996
483,0.3131255,-0.057498179999999996,0.33696279999999995,-0.03104402,0.3244584,-0.04499207999999999
484,0.31321990909090913,-0.055811118181818165,0.33689872727272724,-0.033416745454545455,0.3245627272727273,-0.045124399999999995
485,0.31149449999999995,-0.05487367,0.33735229999999994,-0.03314055,0.3230973,-0.04516143
486,0.30735159999999995,-0.054046620000000004,0.33681619999999995,-0.035000619999999996,0.3210388,-0.04523012
487,0.3066877272727272,-0.05236122727272727,0.3342299090909091,-0.036854136363636374,0.31895563636363633,-0.04549617272727273
488,0.30669260000000004,-0.05217894000000001,0.3350217999999999,-0.036084000000000005,0.31996460000000004,-0.04466857999999999
489,0.307794,-0.05233152,0.3339294,-0.03658141999999999,0.32062399999999996,-0.04463195999999999
490,0.30890199999999995,-0.05527648,0.33288280000000003,-0.0362732,0.3190582,-0.047354120000000006
491,0.30770736363636353,-0.05686534545454545,0.3299032727272727,-0.035340727272727274,0.315614090909091,-0.04922761818181818
492,0.3072418,-0.05704652,0.330545,-0.035482799999999995,0.3171874,-0.04788208
493,0.3089296363636364,-0.055260381818181804,0.32798345454545447,-0.03384954545454545,0.31820690909090915,-0.04488440909090909
494,0.31001439999999997,-0.05334626,0.32628009999999996,-0.03402252,0.31782540000000004,-0.044100959999999995
495,0.30981289999999995,-0.05045316999999999,0.32505940000000005,-0.03359374999999999,0.3171906,-0.04232026
496,0.30677949999999987,-0.0504547,0.32208120000000007,-0.03560028,0.31387029999999994,-0.043597409999999996
497,0.306054,-0.05154837272727272,0.32047627272727275,-0.03556547272727272,0.3126720909090909,-0.04425186363636364
498,0.3062501000000001,-0.054356400000000006,0.3196075,-0.03319092,0.3121659,-0.045036320000000005
499,0.3070281,-0.055633539999999995,0.3206436999999999,-0.030145270000000002,0.31319579999999997,-0.044157419999999996
500,0.3082885,-0.05691071000000001,0.3218659,-0.030406190000000007,0.31453110000000006,-0.04480745
501,0.309976,-0.056915270000000004,0.322856,-0.03259277000000001,0.3161695000000001,-0.045281999999999996
502,0.3101743,-0.058064269999999994,0.32355950000000006,-0.033091760000000005,0.31698590000000004,-0.045422370000000004
503,0.3106385,-0.05929411999999999,0.3242644,-0.03295897,0.3175978,-0.04591677000000001
504,0.31020499999999995,-0.058734150000000006,0.322322,-0.03170777,0.3162353,-0.04536437
505,0.3097006363636364,-0.05821226363636363,0.3221352727272727,-0.032999218181818175,0.3158195454545455,-0.04585542727272727
506,0.3094209,-0.058366390000000004,0.32199719999999993,-0.03357391,0.31532279999999996,-0.04680787
507,0.31064855555555554,-0.0589853888888889,0.3196664444444444,-0.03406777777777778,0.31495311111111113,-0.04715645555555556
508,0.3116662727272727,-0.05910563636363637,0.3170222727272728,-0.03512713636363636,0.31432854545454547,-0.04728281818181818
509,0.30733190000000005,-0.04215241000000001,0.3252044,-0.01968079,0.3127413,-0.033433514000000004
510,0.3043894545454546,0.06671002727272728,0.3486857272727273,0.10240862727272727,0.30617872727272727,0.06799040909090909
511,0.3026642,0.08228605999999998,0.32943120000000004,0.10254227999999999,0.30782319999999996,0.08667295
512,0.3037109,0.07615968000000001,0.32995150000000006,0.1024824,0.32037360000000004,0.09286193000000001
513,0.29550036363636356,0.07610804545454544,0.333621,0.1039858181818182,0.31618990909090905,0.09122537272727273
514,0.2947389000000001,0.09194945,0.35551449999999996,0.1279419,0.32445070000000004,0.10938107000000001
515,0.29082769999999997,0.09298400999999998,0.35567640000000006,0.1216232,0.32250370000000006,0.10694719999999999
516,0.29241339999999993,0.09241942,0.3527558,0.1221314,0.32249439999999996,0.10719300000000001
517,0.2935591000000001,0.09519501999999998,0.3529738,0.12091949999999999,0.32603170000000004,0.1092252
518,0.29684881818181813,0.09502061818181819,0.3525570909090908,0.12019200000000002,0.3274204545454545,0.10881336363636364
519,0.29668890000000003,0.09435728999999998,0.3504442,0.1200653,0.326326,0.10851279999999999
520,0.29542409090909094,0.09297732727272724,0.35089399999999993,0.12017127272727271,0.3249511818181818,0.10742872727272727
521,0.2895997,0.09160768999999999,0.35375199999999996,0.11966709999999998,0.32294920000000005,0.1061663
522,0.28720249999999997,0.09114991,0.35596779999999995,0.12102970000000002,0.3207292,0.10569150000000001
523,0.2869629,0.09398345999999999,0.35741719999999993,0.12335480000000001,0.3213258,0.10828849999999998
524,0.28700681818181817,0.09413424545454543,0.3578282727272727,0.12335336363636365,0.32390390909090905,0.10933881818181818
525,0.2873168,0.09556119999999999,0.35796659999999997,0.1229813,0.3213578,0.1087752
526,0.2852299090909091,0.09499151818181818,0.35915027272727273,0.12043763636363637,0.3178478181818181,0.10622872727272727
527,0.28399779999999997,0.09308168,0.35923450000000007,0.12117770000000001,0.3194976000000001,0.10632780000000004
528,0.28231660000000003,0.0923584,0.35915850000000005,0.1225707,0.32072459999999997,0.1074401
529,0.28212279999999995,0.09232939999999999,0.35844280000000006,0.12186280000000001,0.3194901,0.10677479999999999
530,0.2844861,0.09332731999999998,0.3582307,0.12295210000000001,0.32137150000000003,0.10812209999999997
531,0.2817735,0.09232177,0.35801859999999996,0.1231293,0.3209977,0.10814359999999998
532,0.28064579999999995,0.09213560000000001,0.35634000000000005,0.12199849999999998,0.3210817,0.10807039999999998
533,0.27921440000000003,0.09128418999999999,0.35617220000000005,0.12014740000000002,0.31695419999999996,0.1054491
534,0.28203781818181817,0.09059003636363637,0.35581972727272726,0.11941254545454544,0.31728300000000004,0.10434663636363636
535,0.28189709999999996,0.08646394,0.35634010000000005,0.11995999999999998,0.32031709999999997,0.10373840000000001
536,0.2826095,0.08608245,0.3560472,0.12120340000000003,0.3222306,0.10498670000000002
537,0.2824387,0.08831634000000002,0.35388949999999997,0.1202697,0.32051710000000005,0.10533130000000002
538,0.2846757000000001,0.09009857,0.3556687,0.1193403,0.32218189999999997,0.1055251
539,0.2850966999999999,0.08864137999999999,0.35668040000000006,0.11935429999999998,0.3222899,0.10457590000000001
540,0.2845376363636363,0.08633976363636363,0.3572416363636364,0.11982709090909091,0.32165645454545455,0.10339654545454545
541,0.282654,0.085907,0.35667933333333335,0.11998000000000002,0.31984966666666664,0.10298666666666666
