0,0.351501,-0.18454,0.356567,-0.144073,0.353928,-0.16571
1,0.3233675,-0.1917726,0.35472709999999996,-0.12265909999999998,0.3399796,-0.15571140000000003
2,0.32241475,-0.19196137500000002,0.35147462499999993,-0.12227399999999998,0.33835424999999997,-0.154415
3,0.3150836666666667,-0.19269300000000003,0.3439448888888889,-0.12539844444444442,0.3311935555555556,-0.15574988888888894
4,0.29182120000000006,-0.07703858,0.2927916,-0.031964132199999995,0.29108280000000003,-0.04034119453999999
5,0.29482869999999994,-0.043064870000000005,0.3118195,0.0029464735000000004,0.3042345000000001,-0.012583913999999998
6,0.27844860000000005,-0.04742736,0.3142426,0.0034942628000000004,0.2980532,-0.01950076
7,0.26146820000000004,-0.06749572,0.31363820000000003,-0.0006652833999999998,0.2878482,-0.034075940000000006
8,0.2628747777777778,-0.06405979999999999,0.31296766666666664,-0.0005984837777777776,0.2877827777777778,-0.0327691
9,0.2744888,-0.046759039999999995,0.3113602,-0.0004348756199999999,0.2908463,-0.02636108
10,0.2759048,-0.046530140000000005,0.3108506,-0.0039764405,0.292308,-0.026689150000000002
11,0.2776063,-0.04658051999999999,0.3111619,0.0004501335,0.2941268,-0.023602319999999996
12,0.27826481818181814,-0.04421164545454546,0.31140299999999993,0.0008114896363636364,0.2950650000000001,-0.021546781818181822
13,0.28102119999999997,-0.04208680999999999,0.3112088,0.0034179690000000007,0.2966873,-0.018722550000000004
14,0.28668659999999996,-0.0383072,0.30835729999999995,0.005621337,0.29707790000000006,-0.01744994
15,0.2861099,-0.037132280000000004,0.3111208,0.005308534000000001,0.2988558,-0.015713480000000002
16,0.2848755,-0.038644399999999995,0.311319,0.005690004,0.2993712,-0.01450652
17,0.2840671818181818,-0.03998358181818182,0.3106205454545455,0.006328237272727273,0.2978821818181818,-0.01607720909090909
18,0.2815354,-0.043156440000000004,0.31026610000000004,0.004136657,0.29489449999999995,-0.021380619999999996
19,0.27072149999999995,-0.055027780000000005,0.31178449999999996,-0.002716064,0.2918944,-0.028327960000000003
20,0.2706937,-0.05200956999999999,0.3147292,-0.002378845,0.2930634,-0.02699585
21,0.19509279999999998,-0.042535390000000006,0.1935241,-0.018486015999999997,0.192874,-0.02642058
22,0.10532161818181818,-0.038538136363636365,0.10255294545454546,-0.031219481818181818,0.10329783636363636,-0.03259555454545454
23,0.11199200000000001,-0.04830017,0.1009612,-0.030256650000000003,0.10544120000000001,-0.03753664
24,0.09086907000000001,-0.05302886,0.08149715300000002,-0.03013611,0.086123529,-0.04155121
25,-0.0067504670000000004,-0.07552032,0.0005661006,-0.050473040000000004,-0.0007095340000000002,-0.056623849999999996
26,-0.004684448000000001,-0.07798463000000001,0.0063796980000000005,-0.058604449999999995,0.0027801518999999997,-0.06480103
27,-0.004200328181818183,-0.07976739090909091,0.0053905127272727265,-0.06033185454545453,0.0004230847090909091,-0.07037353636363636
28,-0.003504943,-0.07908631,0.006567381,-0.06301879,0.0013870255000000002,-0.07127227
29,-0.0024017350000000003,-0.07714539,0.008599853000000001,-0.06470336,0.0030395510000000006,-0.07100981999999999
30,-0.0031860350000000003,-0.07091673,0.009512350000000001,-0.06633756999999998,0.0034927373000000006,-0.06847993000000001
31,-0.007879084545454546,-0.06647977272727273,0.008443656363636365,-0.05860760909090909,0.001405194818181818,-0.06200894545454545
32,-0.012184150000000001,-0.06839447,0.007731628,-0.06080018,-0.002536009,-0.06471861
33,-0.014012130000000001,-0.06788482,0.00601654,-0.06071474,-0.0045333859999999995,-0.06449585
34,-0.0149063,-0.06963499,0.0041976949999999996,-0.05715485,-0.005880735999999999,-0.06370695
35,-0.01507013636363636,-0.06945798181818183,0.005468194545454546,-0.05328923636363636,-0.004744094545454546,-0.06134309999999999
36,-0.015632609999999998,-0.06921540000000001,0.006625367,-0.05410463000000001,-0.004328917000000001,-0.06155547
37,-0.011381528,-0.06829528,0.010229508,-0.05318756,-0.00048217680000000007,-0.0606476
38,-0.008908074,-0.06770323,0.008889771000000001,-0.051408390000000005,-0.0005966186,-0.06009981
39,-0.012054445454545454,-0.06751736363636363,0.008655895454545455,-0.048034654545454546,-0.0016909499999999999,-0.057794754545454546
40,-0.013331599999999999,-0.0653061,0.009100339999999998,-0.047817990000000005,-0.0012680050000000002,-0.05590668
41,-0.014736950000000002,-0.06066744,0.01007844,-0.04867247,-0.0017959609999999998,-0.054415899999999996
42,-0.016192345454545454,-0.060982427272727284,0.01156477272727273,-0.048056890909090905,-0.001996127272727273,-0.05438093636363636
43,-0.0152859,-0.06093512222222222,0.012576644444444444,-0.04834154444444445,-0.0009511322222222221,-0.05446880000000001
44,-0.015028527272727271,-0.05994345454545455,0.013293181818181817,-0.04898764545454545,-7.49069818181818e-05,-0.05417427272727273
45,-0.015194700000000002,-0.05676420999999998,0.014385980000000001,-0.049818419999999995,0.0004913329,-0.053097530000000004
46,-0.014979044444444443,-0.05063206666666667,0.01492988888888889,-0.05012514444444443,0.0007120765555555558,-0.050342133333333344
47,-0.01654191818181818,-0.04885861818181818,0.015161690909090907,-0.04942043636363636,-0.0009238503636363635,-0.04914161818181818
48,-0.016340630000000002,-0.048606880000000005,0.015408330000000001,-0.049185190000000004,-0.0011398317999999998,-0.048886109999999997
49,-0.01645504,-0.04998628000000001,0.014637720000000002,-0.04909211000000001,-0.0012802125000000001,-0.04955747
50,-0.016683959999999998,-0.050329599999999995,0.015452559999999999,-0.04877623,-0.0006637575,-0.049559009999999994
51,-0.016851800000000004,-0.04977114,0.01678162,-0.04910583,-0.00022277824,-0.049450680000000004
52,-0.01692962,-0.04834137000000001,0.01803437,-0.04957887,0.00063018802,-0.04897615999999999
53,-0.01683321818181818,-0.046961,0.01703851818181818,-0.049796354545454544,0.0006200617272727274,-0.048431390909090904
54,-0.01581726,-0.04616698000000001,0.0161682,-0.04912110000000001,0.000619507,-0.04769286
55,-0.01603243,-0.047807310000000006,0.015405289999999999,-0.04969787,0.0005203249799999998,-0.0488144
56,-0.019129939999999998,-0.04830167,0.01456298,-0.04892576999999999,-0.002226258,-0.048620619999999996
57,-0.020156849999999997,-0.04782716,0.016244500000000002,-0.049560549999999995,-0.001965333,-0.04870149
58,-0.020435681818181818,-0.04753390909090909,0.01855329090909091,-0.04980748181818182,-0.00033708092727272726,-0.04871020909090909
59,-0.01954956,-0.04750825999999999,0.0184082,-0.04885710000000001,0.00046081559999999993,-0.0482315
60,-0.018475627272727276,-0.04590815454545454,0.018166272727272725,-0.04856457272727273,0.0010084674545454543,-0.047317509090909086
61,-0.018545529999999998,-0.04485017,0.01763915,-0.04949188,-4.2724579999999986e-05,-0.04722901
62,-0.01910095,-0.04488676,0.0175293,-0.0499588,-0.001196291,-0.04737244
63,-0.01908181818181818,-0.045830454545454556,0.016322745454545453,-0.0492442909090909,-0.0014801041818181817,-0.04753389090909091
64,-0.019271859999999995,-0.045680250000000006,0.01873626,-0.047921759999999994,0.00013885490000000003,-0.046836869999999996
65,-0.02036741,-0.0460144,0.01840212,-0.048565670000000005,-0.0006423949,-0.04731903
66,-0.02163695,-0.04680329999999999,0.018020619999999998,-0.04889376,-0.0017425569999999998,-0.047860690000000004
67,-0.02178652,-0.04722900000000001,0.01664428,-0.047726460000000005,-0.00258484,-0.04748534
68,-0.023040800000000004,-0.04716798,0.016745000000000003,-0.04721376,-0.0027923579999999996,-0.04720462
69,-0.023198918181818184,-0.04790150909090909,0.017639163636363635,-0.047465927272727276,-0.0026272863636363636,-0.04769064545454546
70,-0.022455844444444442,-0.04602051111111112,0.01753742222222222,-0.046983500000000004,-0.0027754033333333337,-0.04650541111111111
71,-0.02147521,-0.04669190000000001,0.0169342,-0.04752502,-0.0018447869999999999,-0.04712371
72,-0.02083131,-0.04609373,0.017358400000000003,-0.047633339999999996,-0.001393128,-0.046888729999999997
73,-0.02032166,-0.045260619999999994,0.017562879999999996,-0.047393809999999995,-0.0013641360000000002,-0.0463379
74,-0.020625727272727275,-0.04602884545454546,0.0187156,-0.048496618181818184,-0.0005423807272727271,-0.04729948181818182
75,-0.02058411,-0.045899960000000004,0.01719511,-0.04862059,-0.0014877319999999999,-0.04728545999999999
76,-0.020135469999999996,-0.04682615,0.017329419999999998,-0.04847566,-0.0006027222,-0.04769287
77,-0.019762909090909095,-0.04594421818181818,0.017629427272727274,-0.04971312727272728,0.00015120076363636366,-0.047963909090909085
78,-0.020257559999999997,-0.0450409,0.018313600000000003,-0.05003968000000001,-0.0005676253999999999,-0.04761047999999999
79,-0.019140054545454546,-0.043981381818181814,0.016686190909090907,-0.05070911818181818,-0.0009266232727272727,-0.04741460909090909
80,-0.018121340000000003,-0.044342040000000006,0.015606700000000001,-0.05182494,-0.0008911132000000001,-0.048172000000000006
81,-0.01738889,-0.045112589999999994,0.015382400000000001,-0.053115840000000004,-0.0008712767999999999,-0.04914550000000001
82,-0.01743773,-0.045558169999999995,0.013874800000000001,-0.05378113999999999,-0.001641845,-0.04971162
83,-0.017187479999999998,-0.045147690000000004,0.014529419999999998,-0.053321830000000014,-0.0015258789999999997,-0.049185200000000005
84,-0.019091518181818184,-0.04494683636363636,0.014233672727272727,-0.0506772,-0.0018851554545454543,-0.04787098181818183
85,-0.019795744444444444,-0.046676633333333335,0.014723033333333333,-0.0478431,-0.0017683244444444443,-0.047293777777777775
86,-0.02214466363636364,-0.04703177272727273,0.016190972727272726,-0.049173536363636354,-0.0027507436363636366,-0.04812483636363636
87,-0.021423340000000003,-0.04629518,0.01728516,-0.04996642,-0.001351928,-0.048214740000000006
88,-0.020602409999999998,-0.04732817,0.017082220000000002,-0.05052797,-0.0006271348000000001,-0.04903256
89,-0.019706720000000004,-0.046449279999999996,0.016366600000000002,-0.049101259999999994,-0.001254272,-0.04781189
90,-0.020266719999999995,-0.044546520000000006,0.01799622,-0.04809876,-0.0005981442,-0.04638368
91,-0.021790927272727276,-0.040618900000000006,0.017848636363636365,-0.04721344545454545,-0.0007546172727272726,-0.04412842727272726
92,-0.025353999999999995,-0.0381073,0.01748658,-0.047641,-0.002822878,-0.04312439999999999
93,-0.02529298,-0.03814394,0.01741942,-0.047808859999999995,-0.003213502,-0.04313964000000001
94,-0.02286224,-0.041847239999999994,0.017698659999999998,-0.04773407,-0.001858519,-0.04490205
95,-0.022582988888888895,-0.042961988888888886,0.017478100000000003,-0.04744466666666666,-0.00211419,-0.04526094444444444
96,-0.022520581818181822,-0.04348479090909091,0.01732426363636364,-0.04740350909090909,-0.0021958772727272728,-0.04549059090909091
97,-0.02148098888888889,-0.04418438888888889,0.017235644444444448,-0.04783123333333334,-0.0020684122222222223,-0.0460222
98,-0.021917154545454547,-0.04490800909090909,0.017948490909090908,-0.04843000909090909,-0.0020738081818181824,-0.04666413636363636
99,-0.022540280000000003,-0.04410098,0.017791759999999997,-0.049124140000000004,-0.002270506,-0.0466339
100,-0.022348040000000003,-0.044180300000000006,0.018780500000000002,-0.0471588,-0.0013549804,-0.04571225999999999
101,-0.02212218,-0.043859859999999994,0.019689940000000003,-0.04652404000000001,-0.0005279537999999999,-0.04524232
102,-0.022128299999999997,-0.043829339999999994,0.01897582,-0.0472229,-0.0012268072,-0.04556276
103,-0.022730045454545454,-0.04251930909090909,0.018927854545454544,-0.04789039090909091,-0.0007962303636363636,-0.045354672727272734
104,-0.024761979999999996,-0.04402162,0.01927492,-0.04857786000000001,-0.0019897440000000003,-0.046389780000000005
105,-0.02550853636363637,-0.04397722727272727,0.020538327272727273,-0.047622681818181814,-0.0028311981818181817,-0.04578191818181818
106,-0.02566527,-0.04341889,0.020610040000000003,-0.047294590000000004,-0.0025985720000000004,-0.04535831
107,-0.025631719999999997,-0.04434203999999999,0.02036134,-0.04747315999999999,-0.002581786,-0.045919800000000004
108,-0.02982180000000001,-0.041009519999999994,0.01847838,-0.04757996,-0.005825806,-0.04428101999999999
109,-0.028939810000000003,-0.04008028,0.01824188,-0.04774323,-0.0047775249999999995,-0.044018550000000004
110,-0.029581236363636368,-0.03934826363636363,0.017053781818181818,-0.0480832,-0.005787242727272727,-0.04381214545454546
111,-0.030068980000000002,-0.04097593999999999,0.01646424,-0.049115,-0.007839966,-0.04487611999999999
112,-0.0286774,-0.04034426,0.01704714,-0.049774179999999994,-0.0058105480000000004,-0.0450714
113,-0.026654079999999997,-0.03956908,0.016824359999999997,-0.048843380000000006,-0.004498291999999999,-0.04429932
114,-0.025567620000000003,-0.0373108,0.016342180000000005,-0.048513799999999996,-0.004711913999999999,-0.04289244
115,-0.02684326,-0.03515317999999999,0.015554799999999999,-0.0491913,-0.006033326,-0.042062379999999996
116,-0.026788900000000008,-0.03760461818181818,0.01591076363636364,-0.04987544545454547,-0.005249023636363636,-0.0438052090909091
117,-0.027005019999999998,-0.03901364,0.015084819999999999,-0.0498871,-0.005374144,-0.04461366
118,0.03479703636363637,-0.00826471090909091,0.058289909090909094,-0.012924190909090909,0.04692498545454546,-0.010052782727272731
119,0.2226804,0.10132143999999998,0.28245840000000005,0.11284174000000002,0.24971620000000003,0.10676269999999999
120,0.2621094,0.1118498,0.34433900000000006,0.12071860000000001,0.28386839999999997,0.11445620000000001
121,0.26467280000000004,0.10566679999999999,0.33949900000000005,0.11733679999999999,0.3025818,0.11166700000000003
122,0.26624654545454546,0.1090310909090909,0.34166363636363634,0.1135738181818182,0.30236654545454544,0.11130454545454546
123,0.28508900000000004,0.11120919999999998,0.34887999999999997,0.11164840000000001,0.3174254,0.11151420000000001
124,0.2876894,0.10586559999999998,0.3504486000000001,0.10928959999999999,0.32200019999999996,0.1078034
125,0.2874818,0.10747060000000001,0.34964000000000006,0.1100768,0.31828920000000005,0.10881960000000002
126,0.2889653636363637,0.10869263636363637,0.3506788181818182,0.1118927272727273,0.3205038181818181,0.11038627272727272
127,0.2894517,0.11020509999999999,0.34986249999999997,0.11166230000000002,0.32035519999999995,0.11102000000000001
128,0.2903276,0.1087922,0.35043189999999996,0.10939049999999999,0.32050480000000003,0.1091477
129,0.29123210000000005,0.1089476,0.35258960000000006,0.1088624,0.32174689999999995,0.10896479999999997
130,0.2915862,0.1095517,0.35072770000000003,0.1069288,0.32062360000000006,0.10832950000000001
131,0.2912842000000001,0.109439,0.35003039999999996,0.10642099999999999,0.3207092,0.10798959999999999
132,0.29091581818181816,0.10881581818181818,0.34979518181818176,0.10652727272727275,0.32033636363636364,0.1077340909090909
133,0.2907408,0.10639020000000002,0.35029279999999996,0.10700340000000001,0.32115459999999996,0.10675679999999999
134,0.2907316,0.10809019999999998,0.3500152,0.10754999999999999,0.32136240000000005,0.10785520000000001
135,0.29125980000000007,0.10779720000000001,0.3513946,0.10474240000000001,0.3229736,0.10624699999999998
136,0.2909912,0.1080624,0.3514008,0.10418399999999998,0.3226868,0.1060944
137,0.29013190909090913,0.10865918181818185,0.35163727272727274,0.10568654545454546,0.3219618181818182,0.10718481818181819
138,0.2897965,0.10784939999999998,0.35250409999999993,0.10567,0.32209930000000003,0.10679159999999999
139,0.2899338181818182,0.10768527272727274,0.35258618181818185,0.10610963636363638,0.3224792727272727,0.10692781818181817
140,0.2894531,0.1080781,0.3529206,0.10623770000000002,0.3230193,0.1071669
141,0.28915870000000005,0.1078765,0.3530791,0.10595690000000002,0.32369220000000004,0.10689849999999998
142,0.2898132,0.1067628,0.3532806,0.10604240000000001,0.32329100000000005,0.1064424
143,0.2879,0.10489163636363638,0.3525291818181818,0.10637863636363637,0.320536,0.10568790909090908
144,0.28882177777777784,0.10576044444444442,0.3524018888888889,0.10742700000000001,0.3219298888888889,0.10668088888888888
145,0.28895879999999996,0.10504440000000001,0.35204460000000004,0.10858759999999998,0.32457260000000004,0.1070984
146,0.29220579999999996,0.10966799999999999,0.35041659999999997,0.10859079999999999,0.3243072,0.109131
147,0.29343260000000004,0.11089799999999998,0.3502534,0.10991519999999999,0.32328799999999996,0.110434
148,0.2933240909090909,0.11068718181818182,0.3492180909090909,0.10997709090909091,0.32312981818181813,0.11036400000000003
149,0.29169330000000004,0.10690760000000002,0.3494918000000001,0.11140270000000001,0.3232863,0.1094084
150,0.28999199999999997,0.1053788,0.3492174,0.1108566,0.3218628,0.10836760000000001
151,0.2882736,0.10546260000000003,0.3497315,0.1106916,0.31957840000000004,0.1081711
152,0.28826763636363634,0.10586263636363637,0.35072454545454546,0.10946227272727273,0.3217980909090909,0.10784518181818183
153,0.2885985,0.10659460000000003,0.3500534,0.10810869999999999,0.32183540000000005,0.10746610000000001
154,0.28736429999999996,0.10804580000000001,0.3501388,0.10795599999999998,0.3212662,0.1080581
155,0.28717620000000005,0.10905479999999998,0.3499726,0.1066712,0.32228099999999993,0.10778499999999999
156,0.2869426363636363,0.10661609090909091,0.349816,0.10573645454545456,0.3215457272727273,0.10619281818181818
157,0.2876113,0.10739590000000002,0.3477187,0.10744479999999998,0.3198211,0.10748140000000002
158,0.28742370000000006,0.1071898,0.3482390999999999,0.10788259999999998,0.3198394,0.1076156
159,0.28691089999999997,0.10641919999999998,0.34864960000000006,0.10793139999999998,0.31971109999999997,0.10727389999999999
160,0.28613879999999997,0.10328230000000001,0.3478362,0.11005269999999998,0.3192381,0.1069625
161,0.2859093636363637,0.10400509090909092,0.34583781818181825,0.11090227272727272,0.31728018181818185,0.10765763636363636
162,0.28658910000000004,0.10542449999999999,0.34589230000000004,0.11115420000000002,0.3166046,0.10836320000000002
163,0.2868623,0.10646219999999999,0.3460753,0.1099669,0.31684740000000006,0.10828109999999999
164,0.2857423,0.106569,0.3462266,0.10929090000000001,0.3158295,0.10797110000000001
165,0.28304279999999993,0.1042449,0.3468213,0.1069305,0.31417989999999996,0.10560620000000001
166,0.25601022222222225,0.10041964444444444,0.31931033333333336,0.11181311111111111,0.27705555555555555,0.10314946666666668
167,0.05697495065454545,0.12874545454545458,0.0783538909090909,0.11166672727272729,0.06753544545454547,0.12158627272727274
168,-0.005221557,0.1326066,0.03440245000000001,0.10258190000000003,0.02403566,0.110791
169,-0.006445312,0.13487860000000002,0.036495959999999994,0.1080994,0.01979368,0.1183256
170,-0.009008238181818182,0.134158,0.03316567272727273,0.10778663636363638,0.012638428181818184,0.12071500000000003
171,-0.01945801,0.1317871,0.0314087,0.10757769999999997,0.010699470999999999,0.11748049999999999
172,-0.01835022,0.1308517,0.02639922,0.10054924000000001,0.004924011000000001,0.11514589999999998
173,-0.018690618181818185,0.12997018181818182,0.02343334545454545,0.09808624545454546,0.0034873245454545452,0.1132201818181818
174,-0.018498229999999997,0.1294861,0.022816460000000004,0.09783326,0.0029800440000000003,0.11306609999999999
175,-0.01921388,0.1296614,0.022663880000000004,0.09718322000000001,0.001803587,0.1133973
176,-0.020303320000000007,0.1304716,0.023004129999999998,0.09784544999999997,0.004481508,0.11183780000000001
177,-0.021954329999999998,0.12839040000000002,0.02361906,0.10085746,0.0028640740000000003,0.11339570000000002
178,-0.018920889999999996,0.12548669999999998,0.02313079,0.10130460000000001,0.002674866,0.11309509999999998
179,-0.01919861,0.12422789999999999,0.02227325,0.09900672,0.0010833759000000002,0.11192019999999998
180,-0.019248970000000004,0.12415000000000001,0.02254638,0.09760285,0.0013885507,0.11107200000000002
181,-0.016978872727272727,0.12284172727272726,0.02298251818181818,0.09680313636363637,0.0032015736363636372,0.10971909090909092
182,-0.01613871111111111,0.12078166666666669,0.021796344444444445,0.09591335555555554,0.003541736666666666,0.10789322222222222
183,-0.01678925,0.12126619999999999,0.020645129999999994,0.09348450999999999,0.003242491,0.1064226
184,-0.01814823636363636,0.1201448181818182,0.019873872727272722,0.09334496363636363,0.0020571609090909095,0.10591827272727272
185,-0.016950979999999997,0.12106950000000001,0.01878967,0.09482881,0.001927185,0.10722809999999998
186,-0.017100945454545453,0.12051945454545453,0.01897776363636364,0.09586262727272726,0.0024705363636363634,0.10717081818181816
187,-0.017294300000000002,0.12045430000000001,0.02078706,0.09649506,0.002947999,0.1077513
188,-0.01738434,0.1208679,0.022059640000000002,0.09634399,0.003614807,0.1078353
189,-0.017135649999999995,0.1227521,0.023265060000000004,0.09602963000000002,0.003344727,0.1092377
190,-0.01746673,0.122798,0.023013299999999997,0.09514923,0.003067017,0.1088044
191,-0.01908568,0.12208870000000001,0.02432096,0.09635012,0.003773498000000001,0.10856350000000001
192,-0.016062909999999996,0.1216628,0.025473020000000002,0.09563446,0.0057342520000000004,0.10802909999999999
193,-0.01624147,0.1224669,0.023947160000000002,0.09675142,0.003701779,0.1097352
194,-0.015920445454545455,0.12344236363636364,0.024823290909090908,0.09600138181818182,0.004584571818181819,0.10967045454545453
195,-0.01558533,0.12370610000000001,0.02430418,0.09758450999999999,0.0065093999999999985,0.1092545
196,-0.012814329999999999,0.1244279,0.0243515,0.09911798000000001,0.0077240009999999994,0.110463
197,-0.01360626,0.12537520000000002,0.025912480000000005,0.09932561999999999,0.0067947369999999995,0.11195820000000001
198,-0.014415390909090909,0.12686445454545456,0.02746028181818182,0.09886863636363637,0.00659457,0.11285263636363636
199,-0.015341169999999998,0.1265899,0.02712555,0.09779970000000002,0.006539916,0.1117752
200,-0.01506651,0.12786580000000003,0.025053379999999997,0.09763184,0.006605527999999999,0.1115585
201,-0.01588289,0.128395,0.02523803,0.09838409000000001,0.006719971000000001,0.11192170000000001
202,-0.014678966666666666,0.1274381111111111,0.025363466666666664,0.09906006666666668,0.006825765555555555,0.1122301111111111
203,-0.017229972727272728,0.12687272727272728,0.024219845454545454,0.09953029999999999,0.006178421818181817,0.11146554545454546
204,-0.02093168888888889,0.12658544444444442,0.023542588888888886,0.09959583333333333,0.0032484244444444445,0.11193844444444445
205,-0.02284378181818182,0.1259279090909091,0.023437500000000003,0.09959826363636362,0.0018948636363636362,0.11188854545454546
206,-0.022569290000000002,0.12571269999999998,0.02297821,0.09954376000000001,0.0034149159999999996,0.1108263
207,-0.020937827272727274,0.12534263636363635,0.022577472727272726,0.09911832727272728,0.004323785454545454,0.11015863636363638
208,-0.018363122222222226,0.12587155555555554,0.022554188888888892,0.09768168888888888,0.004823472222222222,0.10991222222222222
209,-0.018298045454545456,0.12548563636363638,0.022803554545454543,0.09731085454545454,0.004645608181818182,0.10978963636363638
210,-0.017416370000000004,0.12708440000000001,0.022973630000000002,0.09677275999999999,0.004553223,0.1106217
211,-0.018133560000000003,0.1257447,0.023158269999999998,0.09803008,0.004112243999999999,0.11085359999999997
212,-0.018188500000000003,0.12392600000000001,0.022305289999999995,0.09862365,0.0038650539999999997,0.11018080000000001
213,-0.022015399999999997,0.12261350000000001,0.02135162,0.09856415,0.0010528552599999997,0.10985260000000001
214,-0.022180718181818184,0.12256690909090909,0.01928989090909091,0.09725812727272726,-0.0006048033454545455,0.10942763636363635
215,-0.023703020000000005,0.12314480000000001,0.018603520000000002,0.09663696,-0.0014617916,0.1092438
216,-0.10966195999999999,0.11231399999999998,-0.09577317999999999,0.1053528,-0.100418042,0.1078644
217,-0.3262651,0.1129684,-0.2706908,0.09602205,-0.29971610000000004,0.10513927999999999
218,-0.37811579999999995,0.11641089999999998,-0.2943589,0.09066464999999999,-0.31095110000000004,0.09570464999999999
219,-0.3857391,0.11832120000000002,-0.29318999999999995,0.08705444999999999,-0.3399979,0.10273597000000001
220,-0.3851136,0.11745450000000002,-0.2936326,0.08957828000000001,-0.340027,0.1037353
221,-0.38539154545454546,0.11601390909090908,-0.29478736363636365,0.09100202727272727,-0.3388851818181818,0.1031881818181818
222,-0.38391809090909085,0.11299272727272726,-0.29560309090909087,0.09199386363636362,-0.33816109090909097,0.10214236363636364
223,-0.38213800000000003,0.1128264,-0.29459540000000006,0.09380798000000001,-0.3372801999999999,0.1031064
224,-0.38031019999999993,0.11201639999999999,-0.29511260000000006,0.09470674,-0.3378479,0.10342550000000002
225,-0.3789200909090909,0.1096801818181818,-0.29476527272727265,0.09308278181818182,-0.3362816363636364,0.10131309090909091
226,-0.3760254,0.10683889999999999,-0.2948424,0.09180755,-0.33535919999999997,0.09934998000000002
227,-0.37494820000000006,0.10375830000000001,-0.2940643,0.09347687,-0.33389589999999997,0.09859313
228,-0.37584036363636364,0.10163336363636365,-0.2931519090909091,0.09320901818181819,-0.3320575454545454,0.09723731818181819
229,-0.37440790000000007,0.10256655,-0.2925247,0.09282989999999999,-0.3319807,0.09757386
230,-0.3609492727272727,0.09532304545454545,-0.29143863636363637,0.09366399090909092,-0.32682781818181816,0.09456704545454547
231,-0.36019910000000005,0.09544525,-0.29120619999999997,0.09407958999999999,-0.32604500000000003,0.09482573999999999
232,-0.36075599999999997,0.09618685,-0.29080059999999996,0.09209595000000001,-0.3257311,0.09419251000000001
233,-0.3610146363636364,0.09711666363636363,-0.2903467272727272,0.09073431818181818,-0.3245184545454545,0.09385540909090909
234,-0.36067650000000007,0.09843444000000001,-0.28775470000000003,0.09004058,-0.32245170000000006,0.09407805999999999
235,-0.3619745454545454,0.09699319090909092,-0.2874590000000001,0.0914944818181818,-0.3230897272727272,0.09418001818181819
236,-0.3613252,0.09549256000000002,-0.2871428,0.09142150000000002,-0.32337039999999995,0.09347838
237,-0.3616239,0.09586486999999999,-0.2875473,0.09145508,-0.32474349999999996,0.09373017000000002
238,-0.3627332727272727,0.09577661818181818,-0.2873216363636363,0.0913418909090909,-0.3250968181818182,0.09362514545454546
239,-0.3619480909090909,0.0950539090909091,-0.2890555454545454,0.09152639090909093,-0.3256392727272728,0.09335049090909092
240,-0.36170939999999996,0.09421388,-0.2884216,0.09054869999999998,-0.3263398,0.09249573999999999
241,-0.36178879999999997,0.09462279999999999,-0.28660260000000004,0.08895871999999998,-0.32706599999999997,0.09205322
242,-0.3624408,0.0979614,-0.28681049999999997,0.09056851,-0.3268888,0.09452363000000001
243,-0.3621246,0.09505914,-0.28816220000000003,0.09588317999999998,-0.32326059999999995,0.09554138
244,-0.36868788888888887,0.0970865888888889,-0.2899236666666667,0.09125095555555555,-0.32883866666666667,0.0941924888888889
245,-0.36839154545454544,0.09773393636363638,-0.2900361818181818,0.09190092727272728,-0.3303349090909091,0.09496376363636365
246,-0.368234,0.09823,-0.2898376000000001,0.09210205999999999,-0.32929400000000003,0.09524535999999999
247,-0.3677901,0.09959715,-0.29002680000000003,0.09303434999999999,-0.3293321,0.09640961
248,-0.36753389999999997,0.10037702,-0.2912857,0.09182737999999999,-0.3296329,0.09617766999999999
249,-0.3674453636363637,0.09980078181818182,-0.2926083636363636,0.09316463636363635,-0.3300422727272727,0.09653680909090907
250,-0.3672288,0.09864961999999998,-0.2930406,0.09314117999999999,-0.32934579999999997,0.09589234000000002
251,-0.3682374,0.09859314,-0.29323740000000004,0.09321897999999999,-0.32940359999999996,0.0958649
252,-0.36567380000000005,0.09617310000000001,-0.2934204,0.09380798,-0.32809140000000003,0.09500734000000001
253,-0.35537399999999997,0.08946531999999999,-0.293741,0.09333192000000001,-0.32422500000000004,0.09147949999999999
254,-0.3559583636363637,0.08990065454545454,-0.2952061818181818,0.09264164545454544,-0.32597909090909094,0.09130581818181818
255,-0.35641480000000003,0.08910524,-0.29579800000000006,0.09213868,-0.32588180000000005,0.09068604000000002
256,-0.3573944,0.08838804,-0.29555979999999993,0.09212646,-0.32648939999999993,0.09031372000000001
257,-0.3588592,0.08812562,-0.29602059999999997,0.09229738000000001,-0.3266084,0.09032898000000002
258,-0.3595371818181818,0.08828734545454546,-0.29533800000000004,0.09306752727272728,-0.3270539090909091,0.0907731636363636
259,-0.359436,0.08856812,-0.2951811999999999,0.09298097999999999,-0.328229,0.09078064000000001
260,-0.3576751999999999,0.08963014000000001,-0.29430239999999996,0.092099,-0.3279784,0.09082948
261,-0.3580626363636364,0.08926530909090907,-0.29226545454545455,0.0877963,-0.3260914545454546,0.08859946363636363
262,-0.3574828,0.08900146,-0.29185799999999995,0.08576356000000002,-0.324829,0.08743288000000002
263,-0.35723580000000005,0.09032592,-0.2935152,0.08426818,-0.32787799999999995,0.08757626
264,-0.3565151999999999,0.08959655999999998,-0.2933746,0.08265686000000001,-0.3275026,0.08643492000000001
265,-0.36547999999999997,0.0694594,-0.29662127272727273,0.06103377272727273,-0.33434227272727274,0.06562804545454545
266,-0.3926362,-0.042916880000000004,-0.30338139999999997,-0.043228159999999995,-0.35454100000000005,-0.04305726000000001
267,-0.3805908,-0.055755620000000006,-0.309958,-0.050939939999999996,-0.34557179999999993,-0.053363039999999994
268,-0.37932419999999994,-0.056561280000000005,-0.3046204,-0.05225524,-0.34187920000000005,-0.05442812
269,-0.37523220000000007,-0.054418940000000006,-0.30279560000000005,-0.05114134,-0.3379028,-0.05275877999999999
270,-0.3744078,-0.05484618,-0.3027984,-0.05089417999999999,-0.3371308,-0.052816779999999994
271,-0.3742646,-0.054260260000000005,-0.30213619999999997,-0.05067138,-0.33656899999999995,-0.05241393999999999
272,-0.37489160000000005,-0.05706939,-0.30338580000000004,-0.048823570000000004,-0.3370756,-0.05271911
273,-0.3731386,-0.05685425999999999,-0.3052278,-0.046856699999999994,-0.33719479999999996,-0.05156556000000001
274,-0.37186579999999997,-0.05807496000000001,-0.30630199999999996,-0.04783936,-0.33801559999999997,-0.05279236
275,-0.3713323636363635,-0.058495263636363634,-0.3072579090909091,-0.049205418181818186,-0.33968290909090904,-0.053910690909090904
276,-0.37342240000000004,-0.05691832,-0.3098236,-0.04737852,-0.3417876,-0.05217590000000001
277,-0.37706899999999993,-0.05550535999999999,-0.311322,-0.047006219999999994,-0.3437104000000001,-0.05119629999999999
278,-0.3788636000000001,-0.05569459,-0.3124239,-0.04795075,-0.3444993,-0.05169678
279,-0.37979740000000006,-0.05551145999999999,-0.31250919999999993,-0.04804688,-0.34388739999999995,-0.05153808000000001
280,-0.37936690909090914,-0.0560233,-0.3138941818181818,-0.04782798181818182,-0.3459721818181818,-0.05184520909090909
281,-0.3796448,-0.05615996999999999,-0.31154329999999997,-0.04735564999999999,-0.34736320000000004,-0.05199281
282,-0.37613530000000006,-0.05584869,-0.3094224,-0.04518583999999999,-0.3461303000000001,-0.05104825
283,-0.3728576,-0.054736339999999994,-0.3088958,-0.042764260000000005,-0.3430052,-0.04913942
284,-0.3717436,-0.0546387,-0.30937800000000004,-0.04183962,-0.340982,-0.04830934
285,-0.3718398,-0.053221149999999995,-0.3085143,-0.04169312,-0.3394821,-0.04732818
286,-0.3759948,-0.05220032,-0.3090574,-0.04177244,-0.344217,-0.047265619999999994
287,-0.38295580000000007,-0.04709472,-0.3057283999999999,-0.044338999999999996,-0.34474779999999994,-0.04578248
288,-0.3784402727272727,-0.05423250909090909,-0.2995122727272727,-0.053193527272727276,-0.3428847272727273,-0.05369985454545454
289,-0.3795974999999999,-0.054124450000000005,-0.2994735,-0.05102694000000001,-0.3405668,-0.05265046000000001
290,-0.3816133,-0.053804019999999994,-0.29900669999999996,-0.04904479,-0.34124449999999995,-0.05150606
291,-0.3817108000000001,-0.05317231,-0.29940180000000005,-0.046588130000000005,-0.3402054,-0.04986877000000001
292,-0.3818543,-0.05318754000000001,-0.3004973,-0.04575652,-0.34027250000000003,-0.04940641999999999
293,-0.3818848,-0.053627020000000004,-0.30181430000000004,-0.04585727,-0.34226389999999995,-0.04979551
294,-0.3808701818181819,-0.05284952727272727,-0.3018466363636364,-0.04660727272727272,-0.34171345454545454,-0.04977833636363636
295,-0.38014230000000004,-0.053181450000000005,-0.3007276,-0.046276870000000005,-0.34216289999999994,-0.04989471999999999
296,-0.37961120000000004,-0.05341494,-0.30071400000000004,-0.046408099999999994,-0.3422666,-0.05011596
297,-0.3799926,-0.055206279999999996,-0.3023288,-0.049136340000000014,-0.3427488,-0.052319340000000006
298,-0.3807096363636363,-0.05496354545454545,-0.3025887272727273,-0.04940933636363636,-0.3429177272727273,-0.052301581818181814
299,-0.3819717777777778,-0.05397711111111111,-0.3024917777777778,-0.048287300000000005,-0.34264455555555556,-0.05118475555555555
300,-0.3815398,-0.053671239999999995,-0.301883,-0.04759824000000001,-0.34153439999999996,-0.050646960000000005
301,-0.38110927272727274,-0.05358609090909092,-0.301422,-0.047314745454545455,-0.3408536363636363,-0.050440009090909094
302,-0.37980060000000004,-0.05379944,-0.3005218,-0.0487854,-0.33945919999999996,-0.05126953999999999
303,-0.37999627272727277,-0.0534127,-0.3001264545454546,-0.04851186363636364,-0.3393844545454545,-0.05094634545454546
304,-0.3788482000000001,-0.05352629,-0.2995666,-0.04654693000000001,-0.3387296,-0.05001983
305,-0.3784732,-0.052417000000000005,-0.2998076,-0.045407119999999995,-0.33954780000000007,-0.04896544
306,-0.37849259999999996,-0.05356901000000001,-0.2996689,-0.04738310999999999,-0.3383517,-0.05044405
307,-0.3787352,-0.05473328000000001,-0.29842840000000004,-0.04818116,-0.3378326,-0.05142515999999999
308,-0.37769099999999994,-0.0593775,-0.29771281818181816,-0.04832318181818183,-0.338988,-0.05403834545454545
309,-0.37647699999999995,-0.060253919999999996,-0.2970277,-0.04976502,-0.33892810000000007,-0.05530548
310,-0.3763091,-0.05984799999999999,-0.2958007,-0.04852296,-0.3375106,-0.05440064
311,-0.37601309999999993,-0.059791529999999996,-0.29573379999999994,-0.05057526999999999,-0.33728020000000003,-0.05536194000000001
312,-0.37574779999999997,-0.06119384,-0.2959688,-0.0522644,-0.3373108,-0.05690920000000001
313,-0.3749205,-0.06206969999999999,-0.2962784,-0.054817199999999996,-0.3362182,-0.05852661
314,-0.37139627272727277,-0.06215598181818182,-0.2965003636363636,-0.05604969090909091,-0.3367740000000001,-0.0593566909090909
315,-0.3718446,-0.06198732,-0.296405,-0.054470819999999996,-0.33673080000000005,-0.0585083
316,-0.3694169000000001,-0.07783654,-0.29930559999999995,-0.08163444,-0.3413649999999999,-0.07923727
317,-0.3723560909090909,-0.19470918181818178,-0.3091485454545455,-0.20639172727272725,-0.3683389999999999,-0.19545536363636362
318,-0.36215990000000003,-0.20602749999999997,-0.3059617,-0.21136159999999998,-0.35119619999999996,-0.2074475
319,-0.3585479,-0.20453649999999998,-0.30029310000000003,-0.2156508,-0.3252655,-0.21102300000000002
320,-0.35678409999999994,-0.20578449999999998,-0.3026854,-0.21597159999999999,-0.32825329999999997,-0.2112732
321,-0.356015,-0.20870080000000005,-0.2990434,-0.2147277,-0.32878409999999997,-0.21152960000000004
322,-0.3553345,-0.20823529999999996,-0.3009733,-0.2164932,-0.3316145,-0.21194129999999997
323,-0.35347300000000004,-0.20582560000000005,-0.30280759999999995,-0.21434340000000002,-0.33321819999999996,-0.2093172
324,-0.35387609090909095,-0.20810627272727275,-0.30414227272727273,-0.21873909090909088,-0.33537827272727266,-0.21215000000000003
325,-0.3550049,-0.20894019999999996,-0.307161,-0.22063259999999998,-0.3334015,-0.21431460000000002
326,-0.35583660000000006,-0.20904990000000004,-0.312056,-0.2190551,-0.3345124,-0.2139923
327,-0.35650459999999995,-0.2073273,-0.3136523,-0.21621410000000002,-0.33629610000000004,-0.21157369999999998
328,-0.3565934,-0.20652290000000004,-0.31437079999999995,-0.21557139999999997,-0.3382784999999999,-0.21051620000000004
329,-0.35871129999999996,-0.203897,-0.31372370000000005,-0.2149214,-0.33742379999999994,-0.20919969999999996
330,-0.3606691,-0.2036712,-0.31582769999999993,-0.2151872,-0.33816690000000005,-0.2095399
331,-0.3621883636363636,-0.20321363636363635,-0.3155904545454546,-0.21529290909090912,-0.33854654545454543,-0.20943090909090908
332,-0.3628631,-0.20307769999999997,-0.3154267,-0.2147631,-0.3387772,-0.20910630000000002
333,-0.3621187,-0.2038208,-0.3146973,-0.21425319999999998,-0.3388426,-0.2090331
334,-0.3583264545454545,-0.2057870909090909,-0.31434081818181814,-0.2152529090909091,-0.336843090909091,-0.21048409090909087
335,-0.3600248999999999,-0.20681460000000002,-0.3142089,-0.21486529999999995,-0.3373259,-0.2108796
336,-0.35785219999999995,-0.20546110000000004,-0.31298360000000003,-0.2153276,-0.3366928,-0.21019610000000002
337,-0.3592588,-0.2044829,-0.3112871,-0.21627040000000003,-0.3370117,-0.21005409999999997
338,-0.3590767272727274,-0.20489499999999997,-0.3121669090909091,-0.2172949090909091,-0.33758127272727273,-0.21068245454545453
339,-0.36025540000000006,-0.20585319999999996,-0.3131681,-0.21796739999999998,-0.3409147,-0.2109175
340,-0.36049049999999994,-0.20533,-0.30993200000000004,-0.2191574,-0.33670809999999995,-0.21191400000000002
341,-0.3597123,-0.20486440000000003,-0.3072801,-0.220697,-0.3347107,-0.21253660000000002
342,-0.35949850000000005,-0.2026978,-0.307933,-0.22127209999999997,-0.33573140000000007,-0.2113922
343,-0.3583011818181819,-0.20277254545454546,-0.3099768181818182,-0.219674,-0.3354658181818182,-0.21086254545454547
344,-0.3573775,-0.20528709999999997,-0.3125595,-0.2163345,-0.33617379999999997,-0.21060479999999998
345,-0.35542145454545454,-0.2054511818181818,-0.3136026363636364,-0.21588827272727273,-0.33762000000000003,-0.20995818181818182
346,-0.3550172,-0.20638420000000002,-0.3117082,-0.218878,-0.3383514,-0.21128070000000002
347,-0.3558945,-0.20749359999999997,-0.3079117,-0.2217257,-0.333232,-0.21428389999999994
348,-0.3557328,-0.2104521,-0.3080261,-0.2224532,-0.3327437,-0.21633300000000003
349,-0.339621,-0.2090776,-0.2933977,-0.2210877,-0.3180906,-0.21473689999999998
350,-0.32870190909090913,-0.2123912727272727,-0.28152054545454547,-0.2215298181818182,-0.3024790909090909,-0.21749181818181818
351,-0.32921449999999997,-0.2113647,-0.2833769,-0.21971750000000007,-0.3070756,-0.21548320000000004
352,-0.3303208,-0.2112428,-0.2827666,-0.21965630000000003,-0.30902700000000005,-0.21509540000000005
353,-0.33154718181818177,-0.21110672727272728,-0.28234863636363633,-0.2200900909090909,-0.31090345454545454,-0.21496563636363633
354,-0.33122077777777775,-0.21152244444444443,-0.28566311111111115,-0.2192195555555555,-0.3097751111111111,-0.2152048888888889
355,-0.3299851818181818,-0.2129698181818182,-0.28637700000000005,-0.21772509090909092,-0.308063909090909,-0.21543736363636362
356,-0.3278549,-0.21199659999999998,-0.2880174,-0.2154878,-0.31193529999999997,-0.21342900000000004
357,-0.32778245454545457,-0.21081390909090905,-0.286435090909091,-0.21547363636363637,-0.3118687272727273,-0.2126868181818182
358,-0.32829766666666665,-0.20840466666666668,-0.2851086666666667,-0.21818866666666667,-0.3096023333333333,-0.2127108888888889
359,-0.3284101,-0.20859540000000001,-0.2830305,-0.21802359999999998,-0.3091462,-0.21267869999999997
360,-0.3285126,-0.20930010000000002,-0.2836392,-0.21665930000000003,-0.3086746,-0.21262799999999998
361,-0.32865150000000004,-0.2120941,-0.28468479999999996,-0.21493510000000002,-0.30711520000000003,-0.2135208
362,-0.32864360000000004,-0.21094050000000006,-0.28639380000000003,-0.21429739999999997,-0.3086717,-0.21257779999999998
363,-0.3281174,-0.2096422,-0.28623350000000003,-0.21349179999999998,-0.30716709999999997,-0.21161790000000003
364,-0.3284424,-0.20906229999999998,-0.2859987,-0.21324890000000002,-0.30702359999999995,-0.21121979999999999
365,-0.3277311,-0.2102035,-0.2858276999999999,-0.21537009999999998,-0.3069398,-0.21281749999999997
366,-0.32687980000000005,-0.21320480000000003,-0.2849227,-0.21721190000000004,-0.3065277,-0.2152285
367,-0.3263611,-0.2158906,-0.28545390000000004,-0.21703339999999996,-0.30845030000000007,-0.21644140000000003
368,-0.3077483,-0.2138872,-0.27320560000000005,-0.21842340000000005,-0.291838,-0.21630549999999998
369,-0.07416231400000002,-0.18807040000000003,-0.06323239,-0.20135200000000003,-0.06828153473,-0.1966857
370,-0.021092229999999997,-0.17759999999999995,0.01882174,-0.20745720000000004,-0.00845946653,-0.18700229999999995
371,-0.021278379999999996,-0.1772688,0.01880798,-0.20692309999999997,-0.006347658589999999,-0.188211
372,-0.02028046,-0.1770034,0.01951598,-0.2070785,2.8991740000000002e-05,-0.1924134
373,-0.01896361,-0.17696050000000002,0.02060852,-0.2063796,0.0006988526,-0.1916445
374,-0.019339000000000002,-0.17757730000000002,0.02153932,-0.2058929,0.0007720949000000002,-0.19156949999999998
375,-0.01851197,-0.1775833,0.02200776,-0.20500020000000002,0.001296998,-0.19105850000000002
376,-0.017600345454545453,-0.17727954545454547,0.02221122727272727,-0.20125090909090906,0.0017200818181818183,-0.1889468181818182
377,-0.01794737,-0.1772601,0.02065585,-0.19478769999999998,0.0018341067999999995,-0.18628689999999998
378,-0.01930387,-0.176181,0.02160339,-0.19104309999999997,0.0015060432,-0.18378440000000001
379,-0.018531779999999998,-0.1763672,0.021131900000000002,-0.18856029999999996,0.0019454960000000003,-0.1827115
380,-0.016911299999999997,-0.17633839999999995,0.021914689999999997,-0.18743290000000004,0.002099609,-0.18180219999999997
381,-0.01688731818181818,-0.17662618181818182,0.022645436363636366,-0.1876083636363636,0.002333208181818182,-0.1820069090909091
382,-0.018472299999999997,-0.17658980000000002,0.02288818,-0.1878964,0.0018249480000000003,-0.1821838
383,-0.02188261,-0.1775069,0.020680229999999997,-0.187784,-0.0009658811999999999,-0.18259730000000002
384,-0.020932009999999994,-0.17828999999999995,0.02012022,-0.18719330000000003,-0.0009429926999999999,-0.18265979999999998
385,-0.020373236363636364,-0.1782725454545454,0.02021791818181818,-0.1874140909090909,-0.0013372245454545456,-0.182602
386,-0.0201233,-0.17782579999999998,0.019927979999999998,-0.18924259999999998,-0.0005004880000000001,-0.1834748
387,-0.014240627272727274,-0.1811980909090909,0.018234254545454548,-0.1914589090909091,0.002262465090909091,-0.18643754545454544
388,-0.01336974,-0.1824982,0.01621094,-0.19281299999999998,0.0007873542,-0.1874664
389,-0.01431886,-0.18347760000000002,0.015069579999999999,-0.19257200000000002,0.0001129152,-0.187973
390,-0.01649475,-0.1817258,0.014929180000000004,-0.1919466,-0.0007049564,-0.1868831
391,-0.01713256,-0.1807509,0.013943480000000003,-0.19097289999999997,-0.0012618998000000002,-0.18599559999999998
392,-0.017395045454545458,-0.17962363636363635,0.014613745454545458,-0.19008563636363637,-0.0013621936363636363,-0.18488672727272729
393,-0.017166110000000002,-0.17953809999999998,0.0153427,-0.1903061,-0.00171814,-0.1846773
394,-0.017883299999999998,-0.17914590000000002,0.014700330000000001,-0.1903959,-0.00231018,-0.18455059999999998
395,-0.01803450909090909,-0.17914800000000003,0.013221045454545454,-0.19087218181818183,-0.0027854254545454545,-0.18489063636363634
396,-0.017852766666666665,-0.17917388888888885,0.012895366666666665,-0.19129422222222217,-0.0025278733333333335,-0.18523466666666663
397,-0.014798245454545457,-0.1794253636363636,0.012220900000000002,-0.19239963636363636,-0.0009945963636363638,-0.1860710909090909
398,-0.015670780000000002,-0.17826539999999996,0.01176452,-0.1925996,-0.0021026606000000003,-0.18537299999999998
399,-0.019644169999999996,-0.1765962,0.01173095,-0.1932708,-0.004779052000000001,-0.18451850000000003
400,-0.01886959090909091,-0.1757329090909091,0.01242620909090909,-0.19275318181818182,-0.003760597272727273,-0.18397254545454544
401,-0.01873476,-0.1738006,0.01572572,-0.1907592,-0.0021270762000000004,-0.18199779999999996
402,-0.01842042,-0.1733614,0.018508900000000002,-0.1879518,1.2206460000000027e-05,-0.18068240000000002
403,-0.0173096,-0.17279360000000002,0.01890564,-0.18778679999999998,0.0005981456,-0.18024279999999998
404,-0.018897999999999998,-0.17361730000000003,0.015802000000000004,-0.1885132,-0.0020919792,-0.1808595
405,-0.01574247,-0.1765352,0.014024340000000001,-0.1892442,-0.0010116569000000004,-0.18284630000000002
406,-0.014423727272727276,-0.17841845454545457,0.014254499999999998,-0.1891091818181818,-0.00021639725454545455,-0.18373263636363635
407,-0.01505126,-0.17936380000000002,0.01577456,-0.1888642,0.00034484859999999996,-0.18413699999999997
408,-0.014230340000000003,-0.17908340000000003,0.015850839999999998,-0.18920300000000004,0.0010833727999999998,-0.18426520000000002
409,-0.014927659999999999,-0.17887109999999998,0.015197750000000001,-0.18871759999999999,0.00043334919999999993,-0.18391849999999998
410,-0.014988309090909091,-0.1784182727272727,0.01561250909090909,-0.1876760909090909,0.00028159385454545454,-0.18306663636363635
411,-0.016407780000000004,-0.17794339999999997,0.016046119999999997,-0.186998,-0.0007598886,-0.1823397
412,-0.016590890000000004,-0.17808659999999998,0.01826019,-0.18709290000000003,0.0005233765999999999,-0.1825394
413,-0.013624411111111111,-0.17733944444444444,0.018751355555555557,-0.187366,0.002295598888888889,-0.18229366666666666
414,-0.0142198,-0.17756099999999997,0.014745518181818183,-0.18761936363636364,0.0006908069090909092,-0.18276436363636364
415,0.024038598,-0.1781004,0.04950248,-0.1868958,0.0386231024,-0.1830078
416,0.2622802,-0.19154980000000002,0.2765746,-0.1913574,0.2696962,-0.19178160000000002
417,0.27595809090909096,-0.19620999999999997,0.31778109090909085,-0.18028390909090908,0.2874699090909091,-0.19276290909090907
418,0.2675202,-0.19364019999999998,0.3244232,-0.17901620000000001,0.2973086,-0.1863402
419,0.2660188,-0.1967619,0.32549590000000006,-0.17824389999999998,0.29597609999999996,-0.1875747
420,0.2654648,-0.19654080000000002,0.326773,-0.1766661,0.2961303,-0.18675690000000003
421,0.26368400000000003,-0.19760139999999998,0.327774,-0.1758636,0.29621580000000003,-0.18674019999999997
422,0.2643462,-0.19771719999999998,0.329419,-0.1790466,0.2946748,-0.18920600000000004
423,0.26864459999999996,-0.1938447,0.33138760000000006,-0.1819016,0.2991728,-0.188156
424,0.2712754,-0.193768,0.33244470000000004,-0.1858354,0.299782,-0.19017650000000003
425,0.2733612727272727,-0.19270490909090912,0.33198981818181816,-0.1874597272727273,0.3004719090909091,-0.19038090909090907
426,0.27345899999999995,-0.1920836,0.3324766,-0.1884614,0.30218200000000006,-0.1904268
427,0.2732159,-0.19166869999999997,0.33347629999999995,-0.1896852,0.3038008,-0.19076540000000003
428,0.27234572727272727,-0.19222045454545456,0.33284400000000003,-0.18913536363636363,0.3016967272727272,-0.19082654545454547
429,0.26971740000000005,-0.19294459999999997,0.33449699999999993,-0.1882874,0.30000000000000004,-0.19090279999999998
430,0.26945199999999997,-0.19413740000000002,0.33608699999999997,-0.1881224,0.30228259999999996,-0.1913116
431,0.268741,-0.194754,0.335782,-0.18847039999999998,0.3013736000000001,-0.191818
432,0.2707916,-0.19253859999999995,0.3320342,-0.1882018,0.300589,-0.1905518
433,0.26900040000000003,-0.1921418,0.3290742,-0.18826579999999998,0.3018983999999999,-0.1901244
434,0.2673554,-0.19503779999999998,0.33180219999999994,-0.1909392,0.29989619999999995,-0.19306060000000003
435,0.2625702,-0.1978822,0.3404204,-0.19736340000000002,0.290503,-0.19764699999999996
436,0.2629304,-0.19592879999999996,0.33810740000000006,-0.1945798,0.2943817999999999,-0.19552
437,0.26433509090909085,-0.19613927272727275,0.3395539090909091,-0.1928711818181818,0.2977378181818181,-0.1948519090909091
438,0.2636842,-0.19621600000000003,0.34000879999999994,-0.19304500000000002,0.297238,-0.194983
439,0.26249845454545456,-0.19710327272727277,0.3404930909090909,-0.19164209090909087,0.2980511818181818,-0.1947936363636364
440,0.26103388888888895,-0.19856933333333332,0.33916222222222225,-0.19175566666666669,0.29853988888888894,-0.19547555555555557
441,0.2616974,-0.1989166,0.3377138,-0.19114059999999997,0.299524,-0.195224
442,0.2643335454545454,-0.19970163636363633,0.3368710909090909,-0.19004145454545454,0.30074245454545445,-0.19502672727272727
443,0.26515349999999993,-0.1988722,0.33855730000000006,-0.191112,0.30016309999999996,-0.19533839999999997
444,0.2660338,-0.19925240000000002,0.3385193999999999,-0.18981920000000002,0.29858399999999996,-0.19518739999999998
445,0.26655559999999995,-0.1996214,0.33941060000000006,-0.18620580000000003,0.30004280000000005,-0.19363080000000002
446,0.2667955454545454,-0.19776927272727274,0.336548,-0.1838741818181818,0.298738,-0.19156863636363639
447,0.2672974,-0.19673739999999998,0.3352478,-0.1858689,0.29914549999999995,-0.1918014
448,0.2668945999999999,-0.1983214,0.33471700000000004,-0.1876892,0.3005006,-0.19319779999999998
449,0.26664760000000004,-0.2015442,0.33481760000000005,-0.18845199999999998,0.3003724,-0.1952362
450,0.26647339999999997,-0.20189820000000003,0.3345427999999999,-0.18961180000000002,0.29814160000000006,-0.19633499999999998
451,0.26368699999999995,-0.2010894,0.3331118,-0.1892916,0.29608139999999994,-0.19575199999999998
452,0.26075736363636365,-0.19897054545454546,0.33225309090909094,-0.18695890909090912,0.29503136363636356,-0.19338018181818184
453,0.2590163,-0.1979127,0.3322617,-0.18562440000000002,0.29288800000000004,-0.1924119
454,0.2582352,-0.1968874,0.3330686,-0.18355890000000002,0.2911087,-0.19121689999999997
455,0.25770879999999996,-0.19812,0.3329726,-0.18060610000000002,0.29217680000000007,-0.1902924
456,0.25756539999999994,-0.19884020000000002,0.33344739999999995,-0.17760169999999995,0.2929353,-0.1891647
457,0.2575697272727272,-0.1983320909090909,0.332525,-0.17862354545454542,0.29771818181818177,-0.18798836363636362
458,0.25879050000000003,-0.1935349,0.33234700000000006,-0.178131,0.3007431,-0.18488000000000002
459,0.2602722,-0.19133,0.3307954,-0.17962640000000002,0.3004089999999999,-0.1848084
460,0.2623902,-0.18785999999999997,0.3301484,-0.18035579999999998,0.29887060000000004,-0.18395980000000003
461,0.26120299999999996,-0.18761260000000002,0.3296634,-0.17939159999999998,0.2965058,-0.18351439999999997
462,0.2622347272727273,-0.18716418181818184,0.32892118181818186,-0.17824645454545457,0.29606345454545446,-0.18277399999999996
463,0.2630786666666667,-0.1872353333333333,0.32747744444444443,-0.1784514444444444,0.2951575555555556,-0.18298488888888886
464,0.26512145454545455,-0.18459545454545453,0.3271261818181818,-0.18031872727272724,0.29868790909090903,-0.18240090909090909
465,0.2653073,-0.18417380000000003,0.3266066,-0.18257610000000002,0.2985656,-0.18341070000000004
466,0.26903209090909086,-0.16839463636363636,0.33146109090909087,-0.15949872727272726,0.2977365454545455,-0.16605881818181817
467,0.2801405,-0.06548765000000001,0.3309554,-0.0563095,0.2885694,-0.06419222
468,0.27387550000000005,-0.04969941,0.3436677,-0.04095763,0.2996079,-0.04635314
469,0.27075445454545455,-0.054507154545454545,0.3422283636363636,-0.04152887272727273,0.30823309090909096,-0.04761712727272727
470,0.268167,-0.05688477999999999,0.33838799999999997,-0.045353710000000005,0.3066207,-0.05062408
471,0.2656022,-0.05651705,0.3339768,-0.04216766,0.30015420000000004,-0.04936677
472,0.26472990909090904,-0.0549233,0.331439,-0.04645468181818182,0.2985674545454545,-0.05067026363636364
473,0.26325999999999994,-0.05397335999999999,0.33117670000000005,-0.04706880000000001,0.2964617,-0.05064851
474,0.2610198181818182,-0.05517160909090908,0.3313902727272727,-0.04660867272727273,0.2964783636363636,-0.05090473636363637
475,0.2589601,-0.056073,0.33197940000000004,-0.04631349,0.2973649,-0.05100403
476,0.2584885,-0.05643769,0.33202989999999993,-0.04633789,0.29767279999999996,-0.051123039999999995
477,0.25750899999999993,-0.05507868181818181,0.33135563636363635,-0.04626466363636364,0.29691654545454543,-0.05043308181818182
478,0.26290744444444447,-0.049875899999999994,0.34139511111111115,-0.043733400000000006,0.2999048888888889,-0.04706827777777779
479,0.2634186,-0.05016784,0.34469600000000006,-0.0410675,0.2991422,-0.04624634
480,0.2650353636363637,-0.04925397272727273,0.34272209090909095,-0.041494181818181826,0.3041188181818182,-0.04541433636363637
481,0.2639282,-0.04900819,0.34113630000000006,-0.04149782,0.3024702,-0.045321650000000005
482,0.2600464,-0.04556886,0.3296937,-0.03984529,0.29268940000000004,-0.04292755999999999
483,0.25895355555555555,-0.04648845555555556,0.3277232222222223,-0.04081216666666667,0.2902968888888889,-0.04391311111111111
484,0.26125799999999993,-0.04828796,0.327115,-0.041165139999999996,0.29647840000000003,-0.04451904
485,0.2619888,-0.04840546,0.32658240000000005,-0.041333009999999996,0.2961077,-0.04471282
486,0.2637267,-0.046289079999999996,0.3234709,-0.03997498000000001,0.2943557,-0.0430893
487,0.2639281,-0.04599914999999999,0.32190389999999997,-0.0398941,0.2938629,-0.04288178
488,0.26318790000000003,-0.044761640000000005,0.3212296,-0.04009858000000001,0.293962,-0.04232024
489,0.262622,-0.04494628999999999,0.32098079999999996,-0.04045410000000001,0.2919692,-0.042724620000000005
490,0.25997610000000004,-0.04660951000000001,0.32189029999999996,-0.0411575,0.2892241,-0.04406738
491,0.25900399999999996,-0.044715889999999994,0.32254510000000003,-0.043035870000000004,0.2897276,-0.04391631
492,0.2567353,-0.045660400000000004,0.32492249999999995,-0.041006469999999996,0.29181940000000006,-0.043304419999999996
493,0.2580082727272727,-0.04737575454545455,0.3249361818181818,-0.04154137272727273,0.29346236363636363,-0.044326790909090905
494,0.2600405,-0.047778320000000006,0.32561039999999997,-0.041343679999999994,0.2947909,-0.04441223
495,0.259532,-0.047273249999999996,0.32446300000000006,-0.041053769999999996,0.2934279,-0.04406433
496,0.2584283636363636,-0.04783489090909092,0.3241754545454545,-0.04229875454545456,0.2929590909090909,-0.044963499999999997
497,0.25931299999999996,-0.048229666666666664,0.32370688888888893,-0.04139032222222222,0.29323511111111117,-0.04468112222222223
498,0.25990749999999996,-0.05015411999999999,0.32338580000000006,-0.042254620000000014,0.2923308,-0.04616394
499,0.2595137,-0.052063000000000005,0.32404160000000004,-0.04382629,0.29225319999999994,-0.047935479999999996
500,0.25913027272727274,-0.054378154545454555,0.32631509090909083,-0.04521596363636364,0.29415063636363636,-0.049656263636363634
501,0.2579162,-0.05528413,0.32853230000000005,-0.044856270000000004,0.297986,-0.04943086000000001
502,0.2586776,-0.05627898,0.3284119,-0.04487,0.298285,-0.04986114
503,0.2595946,-0.05502168,0.32884670000000005,-0.044868450000000004,0.2962799,-0.04970091
504,0.26018509999999995,-0.05489656,0.3296264000000001,-0.043067949999999994,0.2968642,-0.048724359999999994
505,0.261545,-0.05495606000000001,0.3301195,-0.04221649,0.2978987,-0.048269620000000006
506,0.2609176,-0.054573039999999996,0.3298462,-0.04220123,0.2971665,-0.04813078
507,0.25870210000000005,-0.05466005,0.3281755,-0.041523739999999996,0.2949049,-0.04788361
508,0.25723270000000004,-0.05503996,0.32623750000000007,-0.04145202999999999,0.2944945,-0.047779850000000006
509,0.2568413636363636,-0.05300904545454546,0.3256184545454545,-0.041324945454545466,0.29461136363636364,-0.046646118181818186
510,0.25676109999999996,-0.05065154000000001,0.3250719,-0.04030759999999999,0.2913878,-0.045457449999999996
511,0.2558106,-0.049435429999999995,0.3245941,-0.041358950000000005,0.29019769999999995,-0.04544983
512,0.253975,-0.05004120999999999,0.3257081,-0.041995250000000005,0.2913023,-0.04591064
513,0.25588829999999996,-0.05172727999999999,0.32677769999999995,-0.042268349999999996,0.29321739999999996,-0.046809399999999994
514,0.2711738181818182,0.033710781818181816,0.34538109090909086,0.05152484727272728,0.30757690909090907,0.041709254545454544
515,0.27510690000000004,0.10039526000000001,0.34001610000000004,0.11237040000000001,0.318274,0.10835120000000001
516,0.2708803,0.09895019,0.3469053,0.11338949999999999,0.3059784,0.1059282
517,0.27698199999999995,0.10153511,0.347104,0.1107146,0.3143174,0.1064591
518,0.2867267,0.10680070000000001,0.34629370000000004,0.11134810000000002,0.32226119999999997,0.1095458
519,0.2848109090909091,0.10762999999999999,0.34903372727272725,0.11143363636363636,0.319367909090909,0.1097328181818182
520,0.28334040000000005,0.10655049999999999,0.34875629999999996,0.1095993,0.3171953,0.10818799999999999
521,0.28196429999999995,0.10532389999999998,0.3489684999999999,0.1092668,0.31676319999999997,0.10742019999999997
522,0.28291459999999996,0.1045807,0.3495178,0.10969069999999999,0.3163698,0.1072005
523,0.2838407,0.10595690000000002,0.35077669999999994,0.10984479999999999,0.3180559,0.1079971
524,0.28473472727272725,0.10655345454545455,0.3517221818181818,0.10983263636363637,0.319741,0.10833190909090909
525,0.28437963636363645,0.1070250909090909,0.3519410909090909,0.10905318181818183,0.32062318181818183,0.10818209090909092
526,0.28317419999999993,0.10459589999999999,0.35215,0.1107513,0.322673,0.10817879999999999
527,0.2801332,0.10574639999999999,0.3524596,0.1154968,0.3207884,0.11128239999999998
528,0.2777317777777778,0.1048178888888889,0.3486921111111112,0.1152918888888889,0.3137564444444444,0.11017500000000001
529,0.278119,0.10578209090909091,0.3464826363636364,0.11479872727272729,0.310198909090909,0.11006299999999998
530,0.2773375,0.1055132,0.34500259999999994,0.11458280000000001,0.3102217,0.1099745
531,0.2772948,0.10446490000000001,0.34457090000000007,0.11343860000000001,0.3120956,0.1091505
532,0.27789854545454545,0.1023877272727273,0.34445445454545454,0.11403736363636365,0.31461663636363635,0.10885190909090908
533,0.27976670000000003,0.10378720000000001,0.3446794,0.1128936,0.3155717,0.10885439999999998
534,0.28117960000000003,0.10473039999999997,0.34469,0.1134477,0.314006,0.10927280000000002
535,0.28043018181818175,0.10584845454545457,0.34455336363636363,0.11416190909090909,0.31640081818181814,0.11053881818181818
536,0.279547,0.1052338,0.3436738,0.1116546,0.31691900000000006,0.109021
537,0.2803561,0.10528870000000001,0.34584799999999993,0.11002180000000002,0.3149858,0.1078386
538,0.28697059999999996,0.10504759999999999,0.3544753,0.10930949999999998,0.3210953000000001,0.10724800000000001
539,0.2878210909090909,0.10487381818181819,0.3537418181818182,0.106978,0.3202461818181818,0.10596527272727271
540,0.2880253333333333,0.10453333333333333,0.35350566666666666,0.10836266666666666,0.32230133333333333,0.10658766666666668
