0,0.0,0.0,0.0,0.0,-1.0,-1.0
1,0.0238647,-0.069397,0.0466766,-0.0441437,0.0391083,-0.0525208
2,0.022780009090909093,-0.07047479090909091,0.050900572727272726,-0.04326977272727273,0.03764759090909091,-0.05604138181818181
3,0.021789559999999996,-0.07053526,0.04792482,-0.041812119999999994,0.035092160000000004,-0.0559326
4,0.021568972727272727,-0.0688005090909091,0.044625027272727276,-0.04369145454545454,0.03276477272727273,-0.05662399090909091
5,0.021051019999999997,-0.06959840000000002,0.04343262,-0.04777832,0.0328827,-0.058071899999999996
6,0.02159951818181818,-0.06797789090909089,0.04331000000000001,-0.048593700000000004,0.03279806363636364,-0.057976463636363634
7,-0.009359751999999999,-0.06317747999999998,0.015078734199999999,-0.05953368000000001,0.0010437002000000003,-0.06162720000000001
8,-0.013823072727272729,-0.06722607272727271,0.016669536363636366,-0.06214211818181818,-0.00018033163636363634,-0.06494697272727273
9,-0.015066500000000002,-0.06725157999999999,0.017349220000000002,-0.06152648000000001,0.0015625002,-0.06434325999999999
10,-0.017795899999999996,-0.06674055454545452,0.017260463636363636,-0.062176800000000004,0.0005895449090909091,-0.06435740909090906
11,-0.020484245454545455,-0.06607473636363635,0.015462690909090913,-0.06204917272727273,-0.0020405169090909094,-0.06400925454545454
12,-0.0312805,-0.09895015999999998,-0.0037201040000000006,-0.09353643999999998,-0.015744010000000003,-0.0955964
13,-0.025455809090909096,-0.12460063636363637,-0.004262749999999999,-0.1174271818181818,-0.013243254545454546,-0.120428
14,-0.0266693,-0.1260374,-0.005487061999999999,-0.1169556,-0.014917000000000003,-0.12104200000000001
15,-0.02525744545454545,-0.122729,-0.006240841818181817,-0.11617490909090909,-0.015260163636363637,-0.11926818181818181
16,-0.02417908,-0.11667799999999999,-0.005889892,-0.10952758,-0.014855959999999998,-0.11311042
17,-0.012177909090909093,-0.08604153636363637,-0.00035372654545454547,-0.07598460000000001,-0.008973555454545453,-0.08362095454545454
18,-0.013256819999999999,-0.08363344,0.00031433043999999996,-0.07256776,-0.007369995999999999,-0.07884215999999998
19,-0.014862063636363635,-0.08389007272727274,-0.0007976189090909092,-0.07306464545454544,-0.007741753636363636,-0.07840520909090909
20,-0.015901045454545456,-0.08414946363636364,0.0004175345454545454,-0.07193825454545455,-0.008030285454545455,-0.0782762090909091
21,-0.01752624,-0.07436524,0.010163869,-0.061112959999999994,-0.0061859129999999995,-0.06889499000000002
22,-0.016887327272727275,-0.07797936363636365,0.011527354545454544,-0.06265953636363636,-0.005258734545454546,-0.07160118181818183
23,-0.01862335,-0.07687073000000001,0.010496532,-0.06122283999999999,-0.004858399000000001,-0.06948394999999999
24,-0.02048283636363636,-0.07530628181818182,0.008292455454545456,-0.059932363636363645,-0.007694591818181818,-0.06847867272727272
25,-0.020748900000000004,-0.07484438000000002,0.003372192000000001,-0.05682986000000001,-0.008078001999999999,-0.06538999999999999
26,-0.020267836363636365,-0.07238352727272726,0.004025546363636365,-0.053322554545454544,-0.007526742727272728,-0.06241816363636365
27,-0.02303162,-0.08224176000000001,-0.0090209904,-0.07327270000000001,-0.01663512,-0.07818301999999999
28,-0.024974454545454546,-0.1288148181818182,-0.008445067272727272,-0.1186330909090909,-0.015322600000000004,-0.12275845454545455
29,-0.02502442727272727,-0.12843036363636362,-0.007453223636363637,-0.11779363636363635,-0.013828627272727273,-0.12171799999999999
30,-0.02556817272727273,-0.12893827272727273,-0.008435336363636362,-0.11810581818181819,-0.017372799999999997,-0.12376545454545453
31,-0.02695925,-0.11327995999999999,-0.006991575600000001,-0.10880722000000001,-0.016558832000000002,-0.11126404000000001
32,-0.01968938181818182,-0.07140142727272727,0.001449586327272727,-0.05621199999999999,-0.008547696363636363,-0.06340028181818182
33,-0.019285727272727274,-0.06981588181818182,0.00326954,-0.05537693636363636,-0.009452138181818183,-0.06356671818181818
34,-0.02023622,-0.07104186000000001,0.003274536,-0.05629884000000002,-0.008541869999999998,-0.06371457999999999
35,-0.0209073,-0.07203672727272725,0.00418507,-0.05687090000000001,-0.007985896363636365,-0.06424780909090912
36,-0.02188108181818182,-0.07276222727272726,0.0038105363636363643,-0.05823447272727273,-0.008468628181818183,-0.06518832727272728
37,-0.021582030000000002,-0.07281648000000002,0.003709411,-0.05703124999999999,-0.008595276,-0.06473845999999998
38,-0.022237590909090905,-0.07222956363636363,0.0006727740909090909,-0.055092554545454545,-0.010611781818181816,-0.06354035454545455
39,-0.020245654545454548,-0.07026114545454545,-0.0006575152727272726,-0.0540785,-0.010466147272727273,-0.06223365454545455
40,-0.01800845,-0.03309938,7.782000000000001e-05,-0.02526549,-0.006448372000000001,-0.028787220000000002
41,-0.017251579999999996,-0.02469178,0.0004974366,-0.01565246,-0.0055145279999999994,-0.01873778
42,-0.018274472727272728,-0.02695673636363637,-0.00044527920000000004,-0.018711454545454545,-0.009091469090909092,-0.02272312727272727
43,-0.015686,-0.024831590909090907,-0.0003440162545454546,-0.019018000000000004,-0.006686124545454545,-0.0214192
44,-0.012082190909090912,-0.024405736363636365,0.000172008,-0.01968522727272727,-0.005629106363636363,-0.021950472727272727
45,-0.010908520000000001,-0.025184610000000003,0.0006469732000000001,-0.020223989999999997,-0.00521698,-0.02274932
46,-0.011421210000000001,-0.025221260000000002,0.0023239129999999995,-0.01960449,-0.004669188999999999,-0.022483789999999997
47,-0.01281047272727273,-0.0276614,0.0033971627272727273,-0.022865990909090906,-0.004118488181818181,-0.025074336363636363
48,-0.022519209090909088,-0.05358609090909092,0.0005742860909090908,-0.04584712727272728,-0.010477257272727273,-0.049528618181818175
49,-0.02140530909090909,-0.051978381818181825,0.001844926363636364,-0.0476434909090909,-0.01069501181818182,-0.04990733636363636
50,-0.02309418,-0.05592043,0.001416015,-0.04771271,-0.010231011,-0.051622
51,-0.021868618181818185,-0.056506072727272726,0.003096149090909091,-0.04862977272727273,-0.008833451818181818,-0.05240422727272728
52,-0.021537800000000003,-0.06749419,0.012680048000000003,-0.06440428999999999,-0.005372618,-0.06597440000000002
53,-0.01998760909090909,-0.06804032727272727,0.016039754545454546,-0.06647006363636362,-0.0028353618181818185,-0.06730231818181817
54,-0.01591493,-0.06828766,0.01585694,-0.06660613000000001,-0.00016326949999999997,-0.06746215
55,-0.01621590909090909,-0.0693290090909091,0.015434945454545457,-0.06673085454545453,-0.0008642032727272726,-0.06808749090909091
56,-0.016755536363636362,-0.07144999090909092,0.01764749090909091,-0.06647698181818182,-0.0010251109090909092,-0.06922772727272727
57,-0.01973267,-0.07225191,0.023500059999999996,-0.07931826,0.0010299689999999995,-0.07552949
58,-0.019958519999999997,-0.08170471999999998,0.020097330000000004,-0.08004457,-0.0015518206,-0.08085175
59,-0.018622654545454545,-0.08598049090909089,0.017558690909090905,-0.0789781,-0.0003995022545454546,-0.08247650909090909
60,-0.017657489999999998,-0.08588714,0.016909780000000003,-0.08029631999999999,9.155260000000004e-06,-0.08304291999999999
61,-0.01335420181818182,-0.0841439,0.018848772727272728,-0.08174689090909092,0.0033139318181818183,-0.0829093090909091
62,-0.012979109999999999,-0.07884521,0.01824188,-0.08016052,0.004437254,-0.07962494
63,-0.013990936363636365,-0.07981457272727274,0.016756945454545456,-0.07897257272727275,0.0022749481818181826,-0.07938176363636365
64,-0.01125945,-0.08010863999999998,0.01694947,-0.07787628,0.0034637440000000004,-0.07894894999999999
65,-0.01797069090909091,-0.07838023636363638,0.01293528909090909,-0.07340171818181819,-0.0011277614545454546,-0.07563366363636362
66,-0.014280685000000001,-0.07638245,0.0131775,-0.06888579,0.0011886586000000002,-0.07216643
67,-0.009608875454545454,-0.07556844545454545,0.017123136363636365,-0.06895030909090909,0.003821633636363636,-0.07222404545454546
68,-0.009815978999999999,-0.07440644,0.020559700000000004,-0.06900481,0.005606080999999999,-0.07167815
69,-0.004537406363636362,-0.06947880909090907,0.027574009090909093,-0.06368323636363636,0.013569214545454546,-0.06614128181818181
70,0.04776154,-0.04901732999999999,0.07829285,-0.04149017000000001,0.05187988,-0.04843444000000001
71,0.05431850909090908,-0.053262890909090914,0.08312293636363635,-0.03936628181818182,0.06030690000000001,-0.050229145454545446
72,0.05677948000000001,-0.053511039999999996,0.08567657999999999,-0.03957979,0.07208405999999999,-0.046141049999999996
73,0.05700960909090909,-0.05303123636363637,0.08705278181818182,-0.04026518181818181,0.07307852727272729,-0.04621193636363636
74,0.05553285,-0.04934692000000001,0.08744353000000002,-0.04263000000000001,0.07344969,-0.045590229999999995
75,-0.004229456909090909,-0.0626304090909091,0.022351359999999997,-0.058607645454545464,-0.0002871400000000008,-0.06174121818181819
76,-0.0168274,-0.06866149,0.011363234,-0.061180109999999996,-0.007792656999999999,-0.06619417000000001
77,-0.015358663636363635,-0.06829971818181818,0.012010045454545456,-0.05685702727272726,-0.0034110309090909095,-0.06332119090909091
78,-0.01701506,-0.06638184999999999,0.011494457,-0.05314943000000001,-0.00229187,-0.05955505
79,-0.017893009090909098,-0.0639495909090909,0.00972817090909091,-0.05089917272727273,-0.003983930909090909,-0.05739384545454546
80,-0.018400559999999996,-0.059107969999999996,0.008499144,-0.049259960000000005,-0.005868528999999999,-0.05447693
81,-0.01677218181818182,-0.0602417,0.006231132727272728,-0.055021790909090915,-0.003033725454545455,-0.05706927272727271
82,-0.015380840000000002,-0.06782684,0.0048873910000000005,-0.05715179,-0.003518677,-0.061660740000000006
83,-0.0159073,-0.07410583,0.0027038579999999995,-0.06280673,-0.007464599000000001,-0.06899565999999999
84,-0.01614101818181818,-0.07718865454545454,0.0035261700000000003,-0.06647837272727274,-0.008862583636363636,-0.07322831818181819
85,-0.013157242727272728,-0.0758431181818182,0.011190219090909094,-0.06464731818181818,-0.0016451754545454547,-0.07056633636363638
86,-0.0070312499999999984,-0.07397919,0.01445923,-0.06362305,0.00364685,-0.0688309
87,-0.006364302727272728,-0.06927906363636363,0.015926009090909087,-0.060707800000000006,0.004688609999999999,-0.06502326363636363
88,-0.006627863636363637,-0.06720664545454545,0.01839375454545455,-0.058800454545454545,0.007300638181818181,-0.06253745454545455
89,0.018794255,-0.0529785,0.05077819,-0.04848786000000001,0.029345702999999994,-0.051174910000000004
90,0.02690277,-0.044021620000000004,0.059669490000000006,-0.039059460000000004,0.03040619,-0.043513470000000005
91,0.025522409090909085,-0.04383293636363636,0.05962995454545454,-0.04032205454545454,0.040889381818181816,-0.042320936363636354
92,0.024124136363636365,-0.04308663636363636,0.057540900000000006,-0.04064665454545454,0.04137769090909091,-0.04182850909090909
93,0.021603389999999993,-0.043211370000000006,0.05467529,-0.0376587,0.03848877,-0.04039308
94,-0.013029624909090909,-0.05895303636363636,0.02850619090909091,-0.05549757272727274,0.004165650909090908,-0.057374436363636365
95,-0.006683354545454545,-0.06575569090909092,0.024153281818181816,-0.058799045454545444,0.010227565454545453,-0.061922927272727274
96,-0.006208802,-0.06700133999999999,0.02432556,-0.060722359999999996,0.011495993,-0.06333008000000002
97,-0.006067449999999999,-0.06655051818181817,0.024977263636363642,-0.06184524545454546,0.00965049818181818,-0.06417984545454546
98,-0.009056791818181817,-0.07063431818181819,0.01897500909090909,-0.06450445454545455,0.005077021818181818,-0.06750904545454545
99,-0.011370850000000002,-0.0742859,0.003384399999999999,-0.06782683999999999,-0.005056762,-0.07149507000000002
100,-0.015752618181818185,-0.07896978181818182,0.0034817781818181816,-0.06756453636363637,-0.005906539090909092,-0.07315478181818183
101,-0.018152418181818182,-0.07865212727272729,0.004566539090909091,-0.06624395454545454,-0.0058427263636363636,-0.07193687272727273
102,-0.01723784,-0.07780916,0.005986022,-0.06508333,-0.005157472000000001,-0.07119596
103,-0.014817645454545458,-0.07641461818181818,0.010506366363636364,-0.06486786363636364,-0.00303511090909091,-0.07105046363636364
104,-0.01406029090909091,-0.07728715454545455,0.010663127272727274,-0.06517444545454544,-0.0021736836363636363,-0.07146660909090909
105,0.091087536,-0.029357919999999992,0.10982647999999999,-0.028247065999999998,0.09537357999999999,-0.028425599999999995
106,0.2865046363636364,0.07859934545454546,0.2930464545454546,0.06248335454545455,0.29014981818181823,0.0709922090909091
107,0.30026849999999994,0.08588408,0.32464600000000005,0.07709502,0.30231769999999997,0.08487547
108,0.2897117272727272,0.08144728181818182,0.3150080909090909,0.07830670909090909,0.30155790909090907,0.07999491818181817
109,0.31023054545454537,0.09216030909090907,0.3168337272727273,0.08341842727272729,0.3135361818181818,0.08782957272727272
110,0.38360863636363635,0.14554527272727275,0.33903472727272727,0.0989185090909091,0.36939590909090914,0.1292334545454545
111,0.389096,0.15227209999999997,0.3473559,0.10543969999999998,0.37036739999999996,0.1309647
112,0.37225336363636363,0.1534950909090909,0.338417909090909,0.09806268181818183,0.35871327272727266,0.13110363636363634
113,0.368546909090909,0.14961381818181815,0.3343353636363637,0.09420221818181819,0.35778799999999994,0.13188990909090909
114,0.37060080000000006,0.14494790000000002,0.3374967,0.09215394000000002,0.36498420000000004,0.1358857
115,0.32804999999999995,0.12714727272727272,0.34066372727272726,0.0947543,0.3295511818181818,0.12335081818181819
116,0.34269163636363636,0.13897572727272725,0.33873390909090906,0.09773397272727272,0.3427760909090909,0.13026300000000002
117,0.37148309999999996,0.16015479999999999,0.33751060000000005,0.1013901,0.36849849999999995,0.1552857
118,0.36587945454545456,0.15537890909090912,0.33311463636363636,0.10441309090909091,0.3545351818181818,0.1379742727272727
119,0.3615251,0.14833840000000004,0.33000029999999997,0.10318589999999998,0.33832690000000004,0.11503590000000001
120,0.3599813636363636,0.14440363636363637,0.3244934545454546,0.09910725454545453,0.3300780909090909,0.10602090909090908
121,0.36592254545454544,0.156759,0.31110163636363636,0.09345731818181817,0.3143461818181818,0.09721376363636364
122,0.36406700000000003,0.17119459999999997,0.3260802,0.0975419,0.3316392,0.11001439999999998
123,0.3356420909090909,0.168267,0.336676909090909,0.10085624545454547,0.33612754545454543,0.14465054545454545
124,0.33874370000000004,0.17012479999999996,0.3334901,0.10014477000000002,0.3363038,0.13376160000000004
125,0.34081999999999996,0.16914509090909088,0.3340690909090909,0.09622051818181819,0.3379752727272727,0.13587981818181818
126,0.3407357272727273,0.17624463636363635,0.334670909090909,0.09652570909090909,0.3378018181818182,0.13449254545454545
127,0.34143680000000004,0.180147,0.33550699999999994,0.09645233000000002,0.33925009999999994,0.14568779999999998
128,0.34472781818181814,0.18427218181818183,0.3355727272727273,0.09798362727272729,0.3407661818181818,0.14514845454545452
129,0.34970090909090906,0.18453563636363635,0.335266,0.09677127272727272,0.3429164545454545,0.14124636363636364
130,0.3625796,0.19238260000000001,0.33494579999999996,0.09493408,0.3444519999999999,0.1275452
131,0.3707047,0.197696,0.3341081,0.09673461999999998,0.34598209999999996,0.12848969999999998
132,0.37409409090909096,0.2073183636363636,0.3332961818181819,0.09746621818181818,0.3498948181818182,0.14080118181818183
133,0.3744674545454545,0.21117745454545453,0.33467090909090913,0.09751752727272728,0.3470943636363637,0.13166772727272724
134,0.3698897,0.2114916,0.3333419,0.09775545000000001,0.3364577,0.1069321
135,0.3702224545454546,0.21540954545454546,0.3319385454545455,0.09747453636363637,0.338426,0.11604572727272727
136,0.3720154,0.21508649999999996,0.33207710000000007,0.09849854000000001,0.3493438,0.14718020000000004
137,0.37264318181818185,0.2215327272727273,0.3316193636363636,0.0958362909090909,0.3501461818181818,0.15051690909090906
138,0.372809,0.2262576,0.3293182,0.10055554,0.3534788000000001,0.168222
139,0.3632854545454546,0.2256511818181818,0.324936,0.09598057272727273,0.3507747272727273,0.182899
140,0.3505776363636364,0.21704372727272733,0.33715127272727274,0.11137381818181818,0.349332,0.20464663636363636
141,0.3527648,0.22191480000000002,0.343332,0.11458420000000002,0.34909060000000003,0.174585
142,0.3535032727272727,0.22416281818181816,0.3422810909090909,0.11282900000000001,0.3466104545454545,0.15097727272727274
143,0.3552718181818182,0.2262989090909091,0.3410839090909091,0.11296618181818184,0.34745381818181814,0.15935036363636365
144,0.3574708,0.229556,0.34005740000000007,0.11138299999999998,0.348175,0.16237179999999998
145,0.37080679999999994,0.2409088,0.34119900000000003,0.11163020000000001,0.35419599999999996,0.16529860000000002
146,0.37631363636363635,0.25039545454545453,0.33663236363636356,0.10644245454545455,0.35447836363636365,0.16787972727272726
147,0.385093,0.26047454545454546,0.3198574545454546,0.0998465090909091,0.3557837272727273,0.18439954545454543
148,0.40689390000000003,0.27630790000000005,0.3141465,0.09809419,0.3654755,0.1938599
149,0.40194700000000005,0.2692829090909091,0.31441845454545453,0.09850520000000001,0.35821263636363637,0.18118563636363635
150,0.38727269999999997,0.25712440000000003,0.31826619999999994,0.09969329000000002,0.35351420000000006,0.17773129999999998
151,0.3777287272727273,0.24816354545454547,0.3416984545454546,0.09900578181818184,0.3617942727272727,0.17803681818181818
152,0.314279909090909,0.24687754545454546,0.26145945454545455,0.08681150909090908,0.30712618181818185,0.21434845454545454
153,0.07775565999999998,0.24249259999999997,0.046115119999999996,0.05464171999999999,0.06307685999999998,0.1541046
154,0.06677108181818182,0.23709236363636366,0.03873652727272727,0.05485671818181817,0.044404463636363634,0.09243779999999999
155,0.06735228000000001,0.23542480000000005,0.04168090000000001,0.05653076000000001,0.05248414,0.13081040000000002
156,0.06902105454545454,0.23589245454545457,0.041387381818181815,0.058517445454545444,0.05482900909090909,0.1438777272727273
157,0.05397952,0.24819339999999998,0.021322650000000005,0.07598268,0.040316779999999997,0.1738344
158,0.05306728181818183,0.25024427272727273,0.007686266363636365,0.09235591818181818,0.049051454545454544,0.23610345454545456
159,0.05265500000000001,0.24848940000000003,0.004718017999999999,0.09310302,0.03200376,0.1822936
160,0.05273435454545454,0.24658899999999997,0.004903617272727273,0.0927789909090909,0.02996964545454545,0.1737077272727273
161,0.05778808,0.250186,0.009097283999999999,0.09085997999999999,0.0340393,0.17264100000000002
162,0.05868113636363636,0.2535957272727272,0.01147739090909091,0.09126836363636363,0.03453063636363637,0.17074845454545454
163,0.06253358,0.2572968,0.012176500000000002,0.09266968,0.03764343999999999,0.17612619999999998
164,0.06347933636363637,0.2611419090909091,0.010141536363636362,0.09481951818181816,0.03701228181818182,0.17885354545454543
165,0.065448,0.2636872,0.006277466,0.09301453999999999,0.037728880000000006,0.18395699999999998
166,0.06543857499999998,0.2661705833333334,0.004545848333333335,0.09261065000000002,0.03698730833333333,0.18542208333333332
167,0.06600038000000001,0.2703764,0.003250122,0.09473876,0.03474428,0.1832914
168,0.07041653636363637,0.2739962727272727,0.00493414,0.09646746363636365,0.038811436363636355,0.188467
169,0.06620481999999998,0.2151948,0.009011823999999998,0.08558652000000001,0.025765982000000003,0.12683709999999998
170,0.05757140000000001,0.12818899999999997,0.008377079999999999,0.0404816,0.008377079999999999,0.0404816
171,0.08680449090909091,0.279276,0.025655572727272726,0.06662681818181818,0.025655572727272726,0.06662681818181818
172,0.10143126,0.248889,0.015979,0.12285460000000001,0.015979,0.12285460000000001
173,0.0690598818181818,0.24763481818181815,0.015317045454545456,0.11614563636363635,0.019292645454545454,0.12533690909090908
174,0.0710476909090909,0.2630005454545455,0.015034063636363636,0.11702936363636364,0.03770449090909091,0.176784
175,0.08044295454545454,0.28120999999999996,0.017100927272727273,0.11399981818181817,0.05129173636363637,0.20455500000000001
176,0.07925259999999999,0.2835525,0.016735869999999996,0.11656189999999997,0.04773865000000001,0.1997132
177,0.07820822727272726,0.28467909090909094,0.017317327272727272,0.1168477272727273,0.04710666363636363,0.19924654545454545
178,0.07725831000000001,0.28229650000000006,0.018736250000000003,0.1167023,0.04697112999999999,0.19683979999999995
179,0.07841796000000001,0.2790254,0.01948242,0.11642140000000001,0.049304200000000006,0.1988952
180,0.0812475,0.2717893636363636,0.02204061818181818,0.11027954545454546,0.05603721818181817,0.20313881818181823
181,0.08422294545454545,0.2676918181818182,0.024497300000000003,0.10002543636363637,0.05568349090909092,0.187701
182,0.08345489,0.267781,0.025140389999999995,0.10037241999999999,0.0553009,0.18707860000000004
183,0.08428650000000001,0.26788,0.02309876,0.10079660000000001,0.05330197999999999,0.183435
184,0.0858968,0.2701161666666666,0.023841866666666666,0.10082226666666665,0.052598316666666665,0.17943316666666667
185,0.08660738,0.26848879999999997,0.023475660000000002,0.10037392,0.05268098,0.17830490000000002
186,0.08674926000000001,0.2675168,0.02423096,0.10038480000000001,0.055340600000000004,0.18369439999999998
187,0.08832341818181816,0.267438,0.024932872727272726,0.0997577181818182,0.058027790909090916,0.18741427272727273
188,0.08905444545454545,0.267194,0.024445963636363633,0.10019345454545454,0.060111309090909094,0.19254645454545455
189,0.08713739090909091,0.26580963636363636,0.023580354545454544,0.1007230909090909,0.05716497272727272,0.18813254545454547
190,0.08469544000000002,0.26454769999999994,0.022915640000000004,0.09907992000000002,0.054414370000000004,0.1835584
191,0.08437836363636363,0.26387854545454537,0.02253583636363636,0.0984039090909091,0.052953545454545455,0.17994827272727273
192,0.08471983999999999,0.26593000000000006,0.02171936,0.09916074,0.052545180000000004,0.1809234
193,0.0838651,0.26564727272727273,0.021908845454545453,0.10016427272727274,0.052284954545454544,0.18146309090909088
194,0.06039706363636365,0.25675127272727266,-0.00442919090909091,0.09500803636363636,0.033710809818181815,0.190968
195,0.019854454545454547,0.2378402727272727,-0.03297704545454545,0.07494561818181818,-0.006930267272727272,0.1556520909090909
196,0.01880186,0.2352446,-0.03447878,0.07405396,-0.012802133999999998,0.1401888
197,0.043361336363636364,0.23812045454545452,-0.0207811,0.08405097272727272,0.0025468281818181817,0.1420330909090909
198,0.047633790909090916,0.23748900000000003,-0.0154322,0.08635644545454546,0.009775329090909092,0.14697272727272725
199,0.0479860909090909,0.23514909090909092,-0.017684936363636362,0.08650346363636364,0.014981354545454545,0.16089163636363638
200,0.04784087,0.23447260000000006,-0.01681214,0.08593292000000001,0.016839589999999998,0.16367210000000001
201,0.04899292000000001,0.2330048,-0.01594544,0.08849182,0.0185364,0.1656402
202,-0.004225327272727275,0.24439172727272726,-0.07164827272727271,0.09512754545454545,-0.03161900727272727,0.18472990909090906
203,-0.22222754545454543,0.28333345454545455,-0.29519372727272725,0.13337000000000002,-0.26284236363636365,0.20264072727272728
204,-0.26127770000000006,0.2669371,-0.3211759,0.14110099999999998,-0.30874779999999996,0.1667297
205,-0.26390072727272723,0.2599098181818182,-0.3208408181818182,0.1409081818181818,-0.3027189090909091,0.17998990909090906
206,-0.26475954545454544,0.2571203636363637,-0.3217093636363637,0.13854436363636363,-0.29404636363636355,0.19790072727272728
207,-0.2684005,0.2559175,-0.324086,0.13868580000000003,-0.2991499999999999,0.1928924
208,-0.2859399090909091,0.22302654545454545,-0.3245196363636364,0.08997405727272725,-0.3041518181818182,0.16970827272727276
209,-0.32232245454545455,0.14003678181818183,-0.32666999999999996,-0.02080466727272727,-0.3224902727272727,0.11759816363636365
210,-0.34504850000000004,0.13777460000000002,-0.3283033,-0.02832032,-0.33078929999999995,-0.007369984
211,-0.3449943636363636,0.1339387272727273,-0.32887681818181824,-0.02557929090909091,-0.3332574545454545,0.011295661818181818
212,-0.3367616000000001,0.13518349999999998,-0.33467710000000006,-0.00022735999999999866,-0.33580160000000003,0.053744440000000004
213,-0.3376949090909091,0.22547918181818186,-0.33418527272727283,0.08985900000000001,-0.3350357272727272,0.11359472727272729
214,-0.34589410000000004,0.22580399999999998,-0.3322846,0.09304659,-0.3366729,0.12559669999999998
215,-0.34520236363636364,0.22695772727272728,-0.336437,0.09448659090909092,-0.33845818181818177,0.11911263636363635
216,-0.34597179999999994,0.22669059999999996,-0.3382398999999999,0.09516298,-0.3411543,0.13530579999999998
217,-0.341088,0.22412527272727276,-0.33894472727272723,0.09570590000000001,-0.3404498181818182,0.14584472727272726
218,-0.34075099999999997,0.221666,-0.33893245454545456,0.09724424545454546,-0.3404667272727272,0.15615990909090907
219,-0.3393235454545454,0.21654990909090913,-0.33817927272727266,0.09722622727272726,-0.33937354545454546,0.15711700000000003
220,-0.3395859090909092,0.2144721818181818,-0.3376644545454546,0.09675045454545454,-0.33922527272727265,0.1554969090909091
221,-0.3297197,0.21169260000000004,-0.33000170000000006,0.10483399,-0.3299699,0.17884529999999998
222,-0.3348860909090909,0.2102119090909091,-0.33146809090909085,0.11121018181818179,-0.3345809090909091,0.19794663636363638
223,-0.33503420000000006,0.20859529999999998,-0.329509,0.10904099999999999,-0.3326232,0.15778989999999998
224,-0.3339730909090909,0.20425118181818183,-0.3291501818181818,0.10861209090909091,-0.3318384545454546,0.15434672727272725
225,-0.3315761818181818,0.1998721818181818,-0.32824009090909084,0.1068839090909091,-0.32982127272727274,0.1412811818181818
226,-0.3398601818181818,0.18354118181818183,-0.3306275454545455,0.0852218272727273,-0.33363763636363636,0.11530772727272726
227,-0.3526168,0.1736726,-0.3286817999999999,0.08159944000000001,-0.33405,0.10141920000000001
228,-0.3522420909090909,0.1726392727272727,-0.32980063636363643,0.08116844545454545,-0.3402738181818182,0.12260445454545454
229,-0.3482149,0.1650681,-0.3298586,0.08069610000000002,-0.33629929999999997,0.1091399
230,-0.34449627272727273,0.16008836363636364,-0.32911545454545454,0.07671424545454546,-0.3333532727272727,0.09839004545454545
231,-0.35596449999999996,0.1240008,-0.3241408,0.041871660000000005,-0.33167409999999997,0.060542280000000004
232,-0.36014063636363636,0.1178739090909091,-0.33086609090909086,0.04227792727272727,-0.3357309090909091,0.05455571818181819
233,-0.35798909090909087,0.11413163636363638,-0.332614,0.04249849090909091,-0.3365839090909091,0.05339049090909091
234,-0.33380280000000007,0.09876709000000002,-0.32284229999999997,0.03981018,-0.3237716,0.043826290000000004
235,-0.31352800000000003,0.09055674545454545,-0.30223918181818177,0.034482118181818185,-0.303536,0.039323272727272734
236,-0.3161271,0.0916519,-0.29980029999999996,0.03235167,-0.3063841,0.05598752999999999
237,-0.33955536363636357,0.11348249090909092,-0.3216706363636364,0.05628273636363637,-0.32667254545454544,0.07210053636363635
238,-0.3471116,0.12091670000000002,-0.33258960000000004,0.07715148,-0.33324139999999997,0.0790619
239,-0.34563636363636374,0.12045572727272726,-0.3297397272727273,0.07639382727272727,-0.3313336363636364,0.08070513636363635
240,-0.3429809,0.1129929,-0.32712719999999995,0.07538145,-0.3285339,0.07866824
241,-0.318888,0.11139463636363639,-0.3075438181818182,0.07920562727272727,-0.3088589090909091,0.08204513636363636
242,-0.243956,0.1382873,-0.20723560000000002,0.08705751,-0.22824709999999998,0.11497935000000001
243,-0.25045918181818183,0.13997981818181818,-0.2013327272727273,0.08795442727272727,-0.23977927272727273,0.12874954545454545
244,-0.2830367272727273,0.12997436363636367,-0.257721,0.09505803636363637,-0.2695979090909091,0.11235872727272728
245,-0.3503632,0.13303510000000002,-0.34455559999999996,0.10178836,-0.34559159999999994,0.1127061
246,-0.3477326363636363,0.1250097272727273,-0.34104645454545457,0.09579051818181818,-0.3429357272727273,0.10416203636363636
247,-0.3475464545454546,0.12404545454545453,-0.34026399999999996,0.1001558,-0.34175245454545455,0.10489870909090908
248,-0.34758150000000004,0.12315080000000003,-0.3397092,0.10164949999999999,-0.3407365,0.10447540000000002
249,-0.35323400000000005,0.12290827272727273,-0.33848000000000006,0.10116300000000002,-0.3400392727272728,0.10346154545454543
250,-0.35435609090909087,0.12141427272727272,-0.339827,0.10249063636363637,-0.341560909090909,0.10474463636363636
251,-0.349963,0.11843736363636363,-0.3379545454545454,0.10284,-0.339171,0.1044463636363636
252,-0.3474336,0.11482080000000001,-0.333522,0.09705201,-0.33711399999999997,0.10174100999999999
253,-0.3514820909090908,0.01143159090909091,-0.3063854545454545,-0.028181590909090906,-0.3301849090909092,-0.007131409090909088
254,-0.3514419999999999,-0.03129882,-0.30059969999999997,-0.06556698999999999,-0.30515900000000007,-0.06238557
255,-0.35051259999999995,-0.03819277,-0.3003403,-0.06502530999999999,-0.3113038000000001,-0.059304789999999996
256,-0.35024900000000003,-0.03793472727272727,-0.3002555454545455,-0.06316307272727271,-0.3245086363636364,-0.051026763636363645
257,-0.3459874545454545,-0.04544345454545454,-0.2952132727272727,-0.06876856363636363,-0.3223849090909091,-0.05633961818181818
258,-0.3430909,-0.07037353999999998,-0.28108960000000005,-0.09799647,-0.33527400000000007,-0.07402803
259,-0.34361120000000006,-0.07327576,-0.28039089999999994,-0.0975662,-0.3178147,-0.08324585
260,-0.3428997272727273,-0.07348910000000002,-0.2779624545454545,-0.0973413818181818,-0.3081332727272727,-0.0863786090909091
261,-0.3490325999999999,-0.07512665,-0.28062609999999993,-0.09882956000000001,-0.31094059999999996,-0.08855133999999999
262,-0.35761463636363633,-0.14668260909090908,-0.3032075454545455,-0.18948636363636362,-0.3189031818181818,-0.17890798181818182
263,-0.32752349999999997,-0.15360089000000002,-0.31418609999999997,-0.24161649999999998,-0.3159941,-0.233583
264,-0.3115802727272727,-0.05782388181818183,-0.2853701818181818,-0.10412734545454545,-0.2853701818181818,-0.10412734545454545
265,-0.3398331,-0.044413760000000004,-0.294403,-0.07255252000000001,-0.331787,-0.049026499999999994
266,-0.34588345454545455,-0.04877125454545454,-0.29624227272727266,-0.07583896363636362,-0.3123377272727273,-0.06748960909090908
267,-0.3413498,-0.05365753999999999,-0.29330910000000004,-0.07607879999999997,-0.31304319999999997,-0.06686401
268,-0.3395995454545455,-0.05428105454545455,-0.29162054545454535,-0.07363752727272728,-0.3111045454545454,-0.0657972818181818
269,-0.34294459999999993,-0.05041198,-0.2910036,-0.07556154000000001,-0.315228,-0.06393738
270,-0.34015872727272717,-0.052511045454545456,-0.2914930909090909,-0.07647429090909091,-0.31285236363636365,-0.06604557272727272
271,-0.3448443,-0.050827010000000006,-0.29172359999999997,-0.07675631,-0.3152756,-0.06536101000000001
272,-0.34551163636363635,-0.051635718181818176,-0.2921239090909091,-0.07718726363636363,-0.31882,-0.06451693636363637
273,-0.29465620000000003,-0.06520232,-0.25873550000000006,-0.07061308000000001,-0.2656494,-0.06869051
274,-0.2530644545454545,-0.06829695454545454,-0.21547627272727274,-0.07015020909090909,-0.22473827272727273,-0.06942056363636362
275,-0.29557200000000006,-0.060736090000000006,-0.2522905,-0.06585389,-0.27188889999999993,-0.06436462
276,-0.34565054545454543,-0.05575976363636364,-0.3026302727272727,-0.07169411818181817,-0.307409,-0.07006698181818181
277,-0.3426957272727273,-0.057891836363636366,-0.30217681818181813,-0.06825394545454547,-0.3190058181818182,-0.06386773636363635
278,-0.3415207272727273,-0.05577089090909091,-0.3012197272727272,-0.07078411818181819,-0.3209047272727273,-0.06350155454545456
279,-0.3426619999999999,-0.05481718,-0.3005952,-0.07103576,-0.3207106,-0.06333464000000001
280,-0.2852574545454545,-0.07819853636363637,-0.24771254545454546,-0.08933324545454548,-0.25619527272727277,-0.08631623636363636
281,-0.13568545454545455,-0.13257672727272726,-0.10199112727272729,-0.14474627272727275,-0.11522454545454544,-0.14079572727272727
282,-0.1200531,-0.1478195,-0.08139495,-0.14982919999999997,-0.09284058,-0.14926140000000004
283,-0.12015736363636363,-0.15301245454545453,-0.08134461818181818,-0.1491281818181818,-0.09823198181818182,-0.15096354545454546
284,-0.24202590000000002,-0.11433260999999999,-0.1947524,-0.11450221999999999,-0.20818770000000003,-0.11511066
285,-0.3486036363636364,-0.05356114545454546,-0.29675163636363633,-0.07111843636363636,-0.31473190909090915,-0.06422561818181817
286,-0.356592,-0.05835570000000001,-0.294632,-0.07055661999999999,-0.3084409999999999,-0.06836548
287,-0.3564841818181818,-0.057183018181818195,-0.2931006363636364,-0.07125578181818183,-0.3209492727272727,-0.06514251818181817
288,-0.3547698181818182,-0.059335863636363645,-0.292056,-0.07246676363636363,-0.3211519090909091,-0.06645340909090909
289,-0.35515900000000006,-0.059680180000000006,-0.291046,-0.0727768,-0.3223878,-0.06644748000000002
290,-0.3542840909090909,-0.058951645454545454,-0.2917493636363636,-0.07270811818181819,-0.3211989090909091,-0.06632994545454546
291,-0.35544654545454546,-0.05917496363636363,-0.2930034545454545,-0.0729037090909091,-0.3235724545454545,-0.06625643636363636
292,-0.3260829090909091,-0.06770322727272728,-0.2720753636363636,-0.07904053636363635,-0.29162318181818186,-0.07505936363636365
293,-0.24530170000000004,-0.08392793000000001,-0.21521629999999997,-0.07878266000000002,-0.2170258,-0.07919921999999999
294,-0.25769181818181824,-0.08073287272727271,-0.22264954545454546,-0.08420909090909093,-0.24594254545454544,-0.08124889090909092
295,-0.3498660909090909,-0.05857571818181818,-0.29429481818181813,-0.0727220090909091,-0.30025263636363636,-0.07222401818181819
296,-0.3509858,-0.056738279999999995,-0.2959902,-0.07176514,-0.30468779999999995,-0.06948240000000001
297,-0.3531869090909091,-0.057249600000000005,-0.296632,-0.07065791818181819,-0.3226846363636364,-0.06454743636363637
298,-0.3539099090909091,-0.05873942727272727,-0.2970911818181818,-0.07039294545454546,-0.3242853636363637,-0.06488177272727273
299,-0.35531019999999996,-0.05978698000000001,-0.2980956,-0.07109986,-0.32521659999999997,-0.06580503999999998
300,-0.2735818181818182,-0.07847734545454546,-0.22878736363636365,-0.08719566363636365,-0.23678590909090913,-0.08583069090909091
301,-0.19069220000000003,-0.08785095999999999,-0.1664338,-0.09787906000000002,-0.16767600000000002,-0.09744264
302,-0.22493827272727274,-0.0957545090909091,-0.19589527272727272,-0.10888814545454545,-0.20515572727272727,-0.10445877272727273
303,-0.39009399999999994,-0.15829759999999998,-0.2985718,-0.18749680000000005,-0.306845,-0.18512879999999998
304,-0.3899259090909091,-0.1746439090909091,-0.29780990909090904,-0.19403490909090912,-0.3045903636363636,-0.1929612727272727
305,-0.3921662,-0.17986119999999997,-0.2947387999999999,-0.19821790000000003,-0.3388642,-0.1902571
306,-0.3794582727272727,-0.1920360909090909,-0.2962245454545455,-0.2044592727272727,-0.3465811818181818,-0.1971726363636364
307,-0.36075120000000005,-0.20552679999999998,-0.2971558,-0.2130004,-0.33967880000000006,-0.20772719999999997
308,-0.35793790909090906,-0.20400745454545455,-0.29215299999999994,-0.21534190909090906,-0.32339609090909094,-0.21015799999999996
309,-0.35631399999999996,-0.20354919999999996,-0.28725300000000004,-0.21482220000000002,-0.31563739999999996,-0.2103574
310,-0.3536438,-0.20482479999999997,-0.2859528,-0.2138672,-0.31145920000000005,-0.210617
311,-0.35428981818181815,-0.20560645454545454,-0.2863339090909091,-0.21234127272727274,-0.3141298181818181,-0.20973336363636363
312,-0.3534432727272728,-0.20932163636363638,-0.28880718181818177,-0.21211236363636363,-0.31588890909090905,-0.2110305454545455
313,-0.1821198,-0.249945,-0.16671758,-0.2542602,-0.16683644,-0.25421140000000003
314,-0.06776011818181818,-0.28446972727272724,-0.045945618181818186,-0.2764226363636364,-0.058488327272727264,-0.2811250909090908
315,-0.06907043999999998,-0.28766499999999995,-0.04134216,-0.275766,-0.054501339999999995,-0.2814334
316,-0.07006976363636364,-0.2870580909090909,-0.041933918181818186,-0.27693745454545443,-0.05589015454545454,-0.2819853636363637
317,-0.17138364,-0.26620180000000004,-0.14428095999999999,-0.2583036,-0.16312542,-0.26369
318,-0.36579754545454557,-0.22347054545454545,-0.3025014545454546,-0.21881099999999998,-0.33047063636363644,-0.220989
319,-0.38312979999999996,-0.22701699999999997,-0.28350519999999996,-0.21763600000000002,-0.2949768,-0.21908560000000002
320,-0.3863454545454545,-0.22959036363636365,-0.30469972727272726,-0.21726163636363635,-0.33814190909090913,-0.22249527272727268
321,-0.3824066,-0.23107000000000003,-0.3105437999999999,-0.22229000000000002,-0.3398438,-0.22601620000000003
322,-0.38004363636363636,-0.23307509090909087,-0.31225572727272727,-0.22153827272727275,-0.34130472727272737,-0.22659727272727273
323,-0.3790503636363637,-0.23488563636363635,-0.3096633636363636,-0.21999709090909095,-0.34010154545454535,-0.2266428181818182
324,-0.32399279999999997,-0.23458839999999997,-0.2900512,-0.22437739999999998,-0.3046356,-0.22787460000000004
325,-0.14543036363636366,-0.2527397272727273,-0.12246419090909093,-0.254697,-0.12468090909090906,-0.2544929090909091
326,-0.132074,-0.25554819999999995,-0.09633482,-0.24934080000000006,-0.1245298,-0.25397640000000005
327,-0.13504563636363634,-0.25336236363636366,-0.09565599090909091,-0.25103900000000007,-0.11699754545454545,-0.25227363636363637
328,-0.14959400000000003,-0.2511932,-0.11911932,-0.24551379999999998,-0.1370054,-0.24967980000000006
329,-0.34910990909090905,-0.21212218181818185,-0.29791245454545456,-0.21577327272727267,-0.3152062727272727,-0.21387699999999993
330,-0.3770296,-0.1981018,-0.30907280000000004,-0.21344299999999997,-0.312558,-0.21275319999999995
331,-0.3748474,-0.19934400000000002,-0.31249679999999996,-0.2139802,-0.3413026,-0.207968
332,-0.3748028181818182,-0.20043672727272724,-0.30602454545454555,-0.21116481818181815,-0.340074,-0.206009
333,-0.3734545454545455,-0.2010859090909091,-0.3016550909090909,-0.2103700909090909,-0.33136136363636354,-0.20671645454545456
334,-0.27672440000000004,-0.22094719999999998,-0.2619568,-0.22620839999999998,-0.2692476,-0.22515240000000003
335,-0.15761772727272727,-0.24304909090909088,-0.1342621818181818,-0.25307681818181815,-0.1348072727272727,-0.25289354545454545
336,-0.14927379999999998,-0.2539368,-0.13126219999999997,-0.2508088,-0.1380404,-0.25204780000000004
337,-0.1503892727272727,-0.25272700000000003,-0.12802536363636363,-0.2510597272727273,-0.1391089090909091,-0.25190881818181815
338,-0.2136444,-0.24394560000000004,-0.1934996,-0.24136980000000002,-0.2019836,-0.2425294
339,-0.3510518181818182,-0.20954072727272727,-0.29408818181818175,-0.21332890909090912,-0.2943795454545455,-0.2133178181818182
340,-0.3467879,-0.2199416,-0.2923280999999999,-0.21464980000000003,-0.2993026,-0.2154679
341,-0.34449627272727273,-0.22076700000000002,-0.29234318181818186,-0.21437336363636364,-0.31345863636363636,-0.216987
342,-0.3453717,-0.22259980000000001,-0.29436809999999997,-0.2148761,-0.3166534999999999,-0.218335
343,-0.34387072727272733,-0.22329145454545454,-0.29203218181818186,-0.2154957272727273,-0.31561136363636366,-0.219122
344,-0.3338539090909091,-0.2247300909090909,-0.28782090909090907,-0.22345236363636367,-0.3085741818181818,-0.22495354545454546
345,-0.20128479999999999,-0.238037,-0.1848298,-0.23657240000000002,-0.185092,-0.23660280000000006
346,-0.18680927272727274,-0.24004563636363632,-0.16314699999999996,-0.2380272727272727,-0.17143236363636363,-0.2387610909090909
347,-0.1822552727272727,-0.24093645454545456,-0.16109399999999996,-0.239079,-0.17101500000000003,-0.2399529090909091
348,-0.18294080000000001,-0.24133599999999994,-0.16366419999999998,-0.23697680000000002,-0.1727098,-0.23903790000000003
349,-0.1878572,-0.24495259999999996,-0.1680146,-0.23859539999999999,-0.1767824,-0.24128740000000004
350,-0.24808972727272724,-0.21871390909090904,-0.2725248181818182,-0.22698845454545455,-0.268946,-0.22548190909090907
351,-0.2427766,-0.21028759999999996,-0.28165000000000007,-0.21933300000000006,-0.27091980000000004,-0.21693120000000002
352,-0.2236062727272727,-0.21994281818181818,-0.2491942727272727,-0.22096809090909095,-0.23786245454545452,-0.21967372727272727
353,-0.05576626999999999,-0.22016010000000003,-0.028172238,-0.218193,-0.041326935999999995,-0.2192184
354,-0.02493978181818182,-0.22202790909090905,0.00862815,-0.21414745454545453,-0.01770297272727273,-0.22055209090909092
355,-0.02589722,-0.22450859999999997,0.011059560000000001,-0.2150786,-0.010128775999999999,-0.220633
356,-0.025303218181818184,-0.22172136363636366,0.014716418181818182,-0.2140061818181818,-0.006039706363636363,-0.21805500000000003
357,-0.02520752,-0.22146,0.0165924,-0.21181039999999998,-0.0040161120000000005,-0.21661040000000004
358,-0.022754990909090902,-0.22145100000000004,0.013995099999999998,-0.20910081818181817,-0.004190617000000001,-0.21525718181818182
359,-0.0220975,-0.21736563636363637,0.013330645454545457,-0.2109391818181818,-0.0034609697272727277,-0.21401281818181817
360,-0.032273869999999996,-0.21534430000000002,0.01381228,-0.20709070000000004,-0.009944155,-0.21141329999999997
361,-0.03195607272727273,-0.218947,0.013760654545454547,-0.20759172727272723,-0.009515935454545455,-0.21343845454545454
362,-0.03804016,-0.23126830000000004,0.012113939,-0.2085345,-0.012248206999999999,-0.21956769999999998
363,-0.03480947272727272,-0.23291709090909093,0.007246538181818183,-0.21421399999999996,-0.01130260909090909,-0.2225812727272727
364,-0.03458708,-0.2335846,0.00480957,-0.2181962,-0.013539100000000002,-0.22542270000000003
365,-0.03843967272727272,-0.23164363636363638,0.012623181818181818,-0.22069899999999995,-0.01226110909090909,-0.22610190909090902
366,-0.04794005,-0.22991480000000006,0.014169309999999996,-0.2208313,-0.017005929999999995,-0.2255006
367,-0.04189371818181818,-0.23054927272727269,0.014637327272727273,-0.2203729090909091,-0.01414211818181818,-0.22565100000000002
368,-0.027908319999999997,-0.22803659999999998,0.0136505,-0.22040119999999996,-0.006549068,-0.22420520000000002
369,-0.01669616,-0.2277466,0.013159179999999998,-0.21940020000000002,-0.00013732920000000004,-0.22312339999999997
370,-0.0172036,-0.22826472727272729,0.016931709090909092,-0.22029109090909094,-0.00020113918181818185,-0.22432372727272723
371,-0.02705660909090909,-0.22740181818181823,0.01313642727272727,-0.2184198181818182,-0.006880327272727273,-0.22294463636363632
372,-0.029635345454545457,-0.22806472727272728,0.009679631818181817,-0.2174543636363636,-0.009060945454545454,-0.22255490909090916
373,-0.03086699,-0.231557,0.008650207,-0.21647650000000002,-0.010031121999999998,-0.2236664
374,-0.027402027272727277,-0.2336730909090909,0.00883483909090909,-0.2154999090909091,-0.008597644545454544,-0.22429445454545457
375,-0.033560179999999995,-0.2394866,0.005223084,-0.2282489,-0.017463671,-0.23440410000000003
376,-0.029596509090909093,-0.25483709090909085,0.0028880715454545455,-0.2437939090909091,-0.020105536363636364,-0.25136345454545456
377,-0.035627759999999994,-0.2567977,0.0009994535,-0.2415344,-0.01629639,-0.24879019999999996
378,-0.036543436363636356,-0.2588502727272728,0.0033624836363636366,-0.24283645454545455,-0.018181545454545454,-0.2515494545454546
379,-0.03338758181818182,-0.25358045454545447,0.005738692727272728,-0.24053545454545455,-0.013785615454545456,-0.2471035454545455
380,-0.01881255,-0.23434610000000006,0.011492908000000001,-0.22050460000000002,-0.006712333999999999,-0.22889109999999996
381,-0.03041631818181818,-0.235457,0.010199807272727275,-0.22048545454545457,-0.011408044545454547,-0.22848236363636365
382,-0.02325137,-0.231575,0.010063176,-0.21873179999999998,-0.0068206790000000005,-0.22528549999999997
383,-0.025824809090909086,-0.23056600000000005,0.012190390909090909,-0.21860863636363634,-0.006681962727272728,-0.22458981818181814
384,-0.02574850909090909,-0.22743527272727276,0.013834163636363637,-0.21854045454545454,-0.00654186,-0.22316381818181819
385,-0.024823,-0.2260805,0.01346589,-0.2179273,-0.006210327999999999,-0.22216489999999997
386,-0.024926750000000004,-0.22648930000000003,0.014207479999999998,-0.21842799999999998,-0.005220031,-0.22247140000000004
387,-0.02421152727272727,-0.22625309090909093,0.015812263636363635,-0.2177456363636364,-0.0037328536363636367,-0.22195436363636362
388,-0.02409915454545454,-0.2252556363636364,0.015222727272727277,-0.216124,-0.004054675454545455,-0.22065036363636362
389,-0.024748230000000003,-0.22502270000000002,0.0138443,-0.2169617,-0.005084229000000001,-0.2209642
390,-0.026947027272727273,-0.22613381818181819,0.015502954545454545,-0.2178831818181818,-0.004509666363636363,-0.22182818181818179
391,-0.027070610000000005,-0.2274718,0.016418480000000006,-0.21803139999999996,-0.004924009,-0.22272189999999997
392,-0.027249427272727278,-0.2284989090909091,0.016611272727272725,-0.2178968181818182,-0.005160245454545454,-0.22321945454545453
393,-0.029316719999999998,-0.227701,0.01697844,-0.21908129999999998,-0.0053253169999999996,-0.2233093
394,-0.028391063636363637,-0.22876381818181815,0.015110354545454546,-0.21948100000000004,-0.005744240909090909,-0.22398654545454547
395,-0.026107820000000004,-0.2302216,0.014561480000000002,-0.2194917,-0.005726625000000001,-0.22489789999999998
396,-0.027035809090909083,-0.22859054545454544,0.013904905454545457,-0.21801199999999998,-0.004294655636363636,-0.22281436363636367
397,-0.027517720000000002,-0.22630010000000006,0.0164261,-0.21872100000000003,-0.005116273,-0.2224579
398,-0.027501890909090908,-0.22562072727272728,0.01590659090909091,-0.2189609090909091,-0.0065529563636363645,-0.22245663636363633
399,-0.026951200000000005,-0.22464963636363633,0.01604113636363636,-0.2173600909090909,-0.006336560909090908,-0.22120663636363636
400,-0.02520754,-0.22442020000000001,0.016966259999999997,-0.21691430000000006,-0.004037476,-0.22070620000000005
401,-0.02443696,-0.2239214,0.016688550000000003,-0.21695680000000003,-0.002926638,-0.22033069999999996
402,-0.010460599999999997,-0.22459263636363638,0.022899309090909092,-0.21733790909090908,0.0075947109090909095,-0.2204783636363636
403,0.20595097999999998,-0.22640980000000002,0.21743778000000002,-0.21053919999999998,0.21350265999999998,-0.221263
404,0.29846045454545456,-0.22177399999999994,0.32893772727272724,-0.20841418181818183,0.3101610909090909,-0.2173226363636364
405,0.30029320000000004,-0.22358089999999997,0.32654550000000004,-0.20771199999999998,0.31031190000000003,-0.217679
406,0.29974518181818177,-0.2234692727272727,0.32875899999999997,-0.2076569090909091,0.31272063636363634,-0.21645281818181816
407,0.2953431,-0.22640390000000005,0.33277300000000004,-0.20847320000000003,0.311374,-0.21876679999999996
408,0.25094036363636363,-0.255566909090909,0.28499563636363634,-0.2384934545454546,0.2534124545454545,-0.25437763636363636
409,0.25139681818181814,-0.26277154545454545,0.28969781818181817,-0.2446747272727273,0.2545806363636363,-0.26123318181818184
410,0.2552353,-0.2586638,0.2938338,-0.24779820000000002,0.2664489,-0.25564739999999997
411,0.2612874545454545,-0.263475,0.291128,-0.24305609090909092,0.26912054545454545,-0.25905000000000006
412,0.2803605,-0.23624419999999996,0.3153992,-0.2257571,0.28421169999999996,-0.2354171
413,0.28398690909090907,-0.227728,0.32552836363636356,-0.22301727272727276,0.3015482727272727,-0.2254431818181818
414,0.2838884545454545,-0.23635872727272728,0.33176645454545456,-0.22158418181818182,0.30030536363636356,-0.23137736363636366
415,0.2853602727272727,-0.23232745454545453,0.3344118181818182,-0.2215089090909091,0.3006520909090909,-0.2289887272727273
416,0.28756570000000004,-0.22302109999999997,0.312152,-0.2079208,0.2937591,-0.21921540000000003
417,0.28753790909090904,-0.22384381818181814,0.3123335454545455,-0.20867081818181824,0.29456272727272725,-0.2196059090909091
418,0.28889919999999997,-0.2227037,0.312149,-0.20616600000000002,0.296843,-0.2170778
419,0.2898184545454546,-0.22114972727272725,0.31192027272727274,-0.2049656363636364,0.299088909090909,-0.21440409090909093
420,0.2902513,-0.22044209999999995,0.31835019999999997,-0.20535899999999999,0.3028077,-0.2137128
421,0.28763509090909095,-0.24314054545454544,0.2988408181818181,-0.2362781818181818,0.29251936363636366,-0.2415950909090909
422,0.28625354545454545,-0.2431488181818182,0.31257072727272733,-0.2373823636363637,0.2873937272727273,-0.24288109090909088
423,0.28505079999999994,-0.2447251,0.31824030000000003,-0.23822190000000001,0.2878572,-0.24419569999999996
424,0.28504799999999997,-0.24349281818181814,0.3257112727272727,-0.23338599999999998,0.2939619090909091,-0.24131099999999997
425,0.2857881,-0.2216384,0.30934609999999996,-0.20191940000000003,0.28740830000000006,-0.22041169999999996
426,0.2881732727272727,-0.22150327272727274,0.30565036363636366,-0.19841709090909096,0.2920491818181818,-0.21635309090909088
427,0.288162,-0.22173159999999997,0.3053222,-0.1994324,0.2953738,-0.21240540000000002
428,0.28804990909090905,-0.22152554545454547,0.3051563636363637,-0.20117736363636363,0.29494118181818185,-0.2133886363636364
429,0.28789200000000004,-0.22196809999999995,0.3054687000000001,-0.20333079999999998,0.29543450000000004,-0.2140353
430,0.28853000000000006,-0.22229845454545458,0.30734390909090914,-0.20316663636363633,0.2968389090909091,-0.21390172727272727
431,0.2875734,-0.2215272,0.30611600000000005,-0.2015016,0.295868,-0.21261579999999997
432,0.2870469,-0.2214949,0.30710280000000006,-0.20164480000000004,0.2949509,-0.21370399999999998
433,0.2868110909090909,-0.2268329090909091,0.32187318181818186,-0.20729754545454543,0.3009227272727273,-0.21939927272727272
434,0.28951490909090905,-0.23913590909090912,0.3380250909090909,-0.21343163636363635,0.31706236363636364,-0.2247079090909091
435,0.2880096,-0.23818960000000003,0.3380064000000001,-0.2108216,0.30992119999999995,-0.2263578
436,0.28682709999999995,-0.23771340000000002,0.33716579999999996,-0.21237319999999998,0.30913080000000004,-0.22664040000000002
437,0.286865,-0.23663327272727275,0.35327036363636366,-0.20133409090909093,0.3145263636363636,-0.2222108181818182
438,0.28906927272727273,-0.23325554545454547,0.3450455454545454,-0.19906063636363636,0.30810536363636365,-0.22188763636363634
439,0.2855850999999999,-0.22661749999999997,0.3158373,-0.2054246,0.2942519,-0.22065110000000004
440,0.2858081818181818,-0.22625318181818177,0.30741327272727276,-0.20547227272727275,0.2931390909090909,-0.21928690909090906
441,0.284909,-0.22662639999999995,0.30450740000000004,-0.20343019999999998,0.2924136,-0.21777660000000001
442,0.2859290909090909,-0.22671245454545455,0.30296181818181817,-0.2037047272727273,0.2925360909090909,-0.21782318181818186
443,0.28668336363636365,-0.22549181818181818,0.30103936363636363,-0.2017933636363636,0.2914634545454545,-0.2177607272727273
444,0.2869567,-0.22594299999999995,0.3015443,-0.20150610000000002,0.29120179999999996,-0.2189149
445,0.28740736363636366,-0.225648,0.3026677272727272,-0.20392836363636366,0.29312954545454556,-0.21762654545454546
446,0.28116809090909084,-0.21366481818181818,0.3013957272727273,-0.1832028181818182,0.2857221818181819,-0.20643763636363638
447,0.2774688,-0.16572740000000002,0.29930690000000004,-0.14741510000000002,0.29272469999999995,-0.1523055
448,0.27410600000000007,-0.16670849999999998,0.3003481,-0.1446,0.29343550000000007,-0.15054150000000002
449,0.2722861818181818,-0.1673362727272727,0.299652,-0.14379172727272727,0.285202,-0.1562917272727273
450,0.2705148181818182,-0.16876209090909092,0.299741,-0.14348945454545453,0.28272600000000003,-0.15826709090909094
451,0.26917569999999996,-0.1677764,0.2982192,-0.14303900000000003,0.2804672,-0.15822750000000002
452,0.2706742727272727,-0.16399445454545453,0.30027345454545457,-0.1401186363636364,0.2811613636363636,-0.15571200000000002
453,0.28011236363636366,-0.09785181818181819,0.3328844545454545,-0.08766860909090911,0.29205872727272725,-0.09564762727272727
454,0.2726274,-0.08280334,0.3299636,-0.07978517,0.3001877,-0.08139343000000002
455,0.2725097272727273,-0.08252092727272725,0.3290041818181818,-0.07734402727272728,0.2946720909090909,-0.08056501818181819
456,0.2741728,-0.0838959,0.33229359999999997,-0.07366028,0.29733259999999995,-0.07984926
457,0.2784869090909092,-0.07695975454545455,0.3145780909090909,-0.06864096363636363,0.28967818181818183,-0.07460993636363637
458,0.28017109999999995,-0.07129517999999999,0.3054747000000001,-0.06476746,0.28608859999999997,-0.06980441000000001
459,0.2780538181818182,-0.07250002727272727,0.3059440909090909,-0.0633753090909091,0.2875447272727273,-0.06941502727272728
460,0.27805179999999996,-0.07176513999999999,0.3091646,-0.06123352000000001,0.28679199999999994,-0.06881102000000001
461,0.27540290909090914,-0.08068848181818183,0.30423809090909093,-0.07202148181818181,0.2821850909090909,-0.07881442727272726
462,0.26746220000000004,-0.11601240000000002,0.31408699999999995,-0.09446404,0.29594719999999997,-0.10236506000000001
463,0.2667763636363636,-0.1178548181818182,0.313439,-0.09166786363636364,0.30087572727272727,-0.09878535454545455
464,0.26630249999999994,-0.1167023,0.313902,-0.09365997000000001,0.2854844999999999,-0.1074768
465,0.26872527272727276,-0.09985474545454545,0.3177171818181818,-0.07751326363636364,0.28069236363636363,-0.09449770909090911
466,0.2904768999999999,-0.07230224,0.31122130000000003,-0.05424193000000001,0.295836,-0.06781616
467,0.292870090909091,-0.07273865454545453,0.3099475454545454,-0.055775027272727276,0.2994745454545455,-0.06624117272727272
468,0.29339454545454546,-0.07324773636363635,0.3116760909090908,-0.055404654545454554,0.29940081818181824,-0.06742858181818183
469,0.2924408,-0.07301026,0.308838,-0.05723268,0.2970216,-0.06861878
470,0.29168563636363637,-0.07312567272727272,0.3074853636363637,-0.05881153636363636,0.29594409090909085,-0.0692748909090909
471,0.27488418181818186,-0.09143343636363635,0.3187436363636364,-0.07188550909090907,0.2845348181818182,-0.08709996363636364
472,0.27336119999999997,-0.09765328000000001,0.3160644,-0.07930908,0.2879638,-0.0913666
473,0.2739503,-0.09597016,0.3136841,-0.08099364999999999,0.2919526,-0.0892395
474,0.27999045454545457,-0.09093960909090909,0.3131074545454546,-0.07669345454545456,0.29621600000000003,-0.08389974545454545
475,0.2923112727272727,-0.07231419090909091,0.31408963636363635,-0.05112942727272728,0.30093509090909093,-0.06451416363636364
476,0.290149,-0.07042236,0.3151642,-0.046221939999999996,0.2970702,-0.06372378
477,0.29111963636363636,-0.07132928181818182,0.3153187272727273,-0.048102627272727266,0.3013858181818182,-0.061524836363636363
478,0.2936524,-0.07168276,0.3161284,-0.05021363999999999,0.303116,-0.06268312
479,0.2953417,-0.0710968,0.3144103,-0.051792899999999996,0.3027374,-0.06363831
480,0.29210609090909095,-0.07486101818181817,0.31011672727272727,-0.055776427272727275,0.2984896363636364,-0.06821648181818182
481,0.2839466363636364,-0.09107277272727271,0.3019712727272727,-0.06957174545454545,0.2897644545454545,-0.08316041818181819
482,0.2858981818181819,-0.09324228181818181,0.30349872727272725,-0.0697617909090909,0.2942533636363636,-0.08212835454545454
483,0.2861726,-0.09242858000000001,0.3039826,-0.07266539999999999,0.29374700000000004,-0.08405454000000001
484,0.28445427272727275,-0.10321327272727272,0.3151491818181818,-0.09092576363636364,0.2948553636363637,-0.09877844545454546
485,0.2687014,-0.11273819999999998,0.31807240000000003,-0.09841003999999999,0.29040520000000003,-0.1064332
486,0.26972663636363636,-0.11205663636363637,0.3243937272727273,-0.09700289090909088,0.2936873636363636,-0.10555218181818181
487,0.27519372727272723,-0.10782674545454544,0.322174,-0.09319512727272726,0.2948468181818181,-0.10181482727272728
488,0.29815679999999994,-0.07813416,0.3240508,-0.05423279999999999,0.30538040000000005,-0.07225342
489,0.3132156363636364,-0.07173435454545454,0.320551,-0.048453600000000006,0.3143751818181818,-0.06848974545454545
490,0.31065381818181814,-0.07042902727272728,0.3210031818181818,-0.05059814545454546,0.3139300909090909,-0.06399951818181819
491,0.31560960000000005,-0.066214,0.320157,-0.051187119999999996,0.31709879999999996,-0.061297599999999994
492,0.3160759090909091,-0.06487064545454546,0.31633954545454546,-0.051595518181818185,0.3161872727272727,-0.05956891818181818
493,0.31117239999999996,-0.06725767999999999,0.3115388,-0.053781140000000005,0.31126699999999996,-0.06321716000000001
494,0.2897588181818182,-0.07802790000000003,0.3021659090909091,-0.06562389999999999,0.29316409090909085,-0.07470840909090909
495,0.2919282,-0.07865294,0.301236,-0.06469725999999999,0.2962584,-0.07214966
496,0.2914410909090909,-0.07692649999999998,0.3013012727272727,-0.06453914545454546,0.2960010909090908,-0.07118918181818182
497,0.2918944,-0.07735595999999997,0.3003268,-0.06556702,0.2950802,-0.07295838
498,0.2578598181818182,-0.08169696363636364,0.28191709090909084,-0.07664215454545455,0.27001681818181816,-0.07861191818181819
499,0.26264954545454544,-0.08549361818181817,0.2853017272727273,-0.07142916363636365,0.27694409090909083,-0.07647566363636366
500,0.26292119999999997,-0.08537291999999999,0.28947760000000006,-0.07320555999999998,0.2749452,-0.0798828
501,0.2625454545454546,-0.08579324545454546,0.2893662727272728,-0.07319918181818182,0.27329036363636366,-0.08076611818181817
502,0.2627746,-0.06311340000000001,0.2879028,-0.05144041200000001,0.27198500000000003,-0.05950011400000001
503,0.31434609090909094,0.10127949090909091,0.30465536363636364,0.09146827272727273,0.3055142727272728,0.09357399999999999
504,0.3308311818181818,0.11665363636363639,0.32311854545454544,0.10803199999999999,0.3246308181818182,0.10996463636363636
505,0.34604319999999994,0.11775959999999999,0.31130690000000005,0.09859015000000002,0.33112189999999997,0.10943150000000001
506,0.338254090909091,0.11183299999999999,0.3153851818181818,0.10073434545454546,0.32849136363636355,0.10705700000000001
507,0.33118279999999994,0.1084106,0.3199006,0.10772999999999999,0.3270048,0.10812080000000002
508,0.3251079090909091,0.10988136363636362,0.3110824545454546,0.11037527272727274,0.3187436363636364,0.11010718181818184
509,0.3054017,0.09576557999999998,0.2856248,0.09258567,0.2998034,0.09528507
510,0.2864530909090909,0.08250566363636364,0.26297945454545457,0.06626336363636363,0.2854141818181818,0.08184536363636363
511,0.294348,0.08138276,0.29193579999999997,0.06597444,0.2938477,0.07883757
512,0.3203041818181818,0.07774214545454546,0.3268390909090909,0.07001702727272728,0.3207465454545455,0.07735787272727274
513,0.32129530000000006,0.07740783,0.33046710000000007,0.07098999,0.3254822,0.07442475000000001
514,0.31896060000000004,0.08533326,0.32588799999999996,0.07265014,0.3228364,0.07818909999999998
515,0.35624845454545456,0.12649009090909094,0.32737309090909095,0.09259861818181818,0.3459706363636364,0.11326587272727272
516,0.3605206363636364,0.13041136363636363,0.34267763636363635,0.10541036363636364,0.3574772727272727,0.1257810909090909
517,0.3565536000000001,0.1254136,0.3455657,0.1032805,0.35150139999999996,0.11520390000000003
518,0.3548125000000001,0.1245667,0.34772030000000004,0.102498,0.35180190000000006,0.11508769999999999
519,0.32404936363636366,0.12447154545454545,0.31213254545454555,0.10330481818181819,0.3225166363636363,0.11832236363636364
520,0.21517827272727275,0.1382167272727273,0.23630036363636361,0.12240318181818183,0.21744599999999997,0.1368711818181818
521,0.20822427272727273,0.14006054545454544,0.23937572727272724,0.12457554545454545,0.22941163636363637,0.12963309090909092
522,0.238942,0.1336,0.2552048,0.11676640000000002,0.2472641,0.1259644
523,0.34252672727272726,0.12803645454545454,0.3330535454545455,0.09598892727272727,0.3416482727272727,0.12655054545454547
524,0.3696029,0.13621960000000005,0.3418534000000001,0.10081932,0.3662077,0.1323305
525,0.3772055454545455,0.1350152727272727,0.3404402727272727,0.09915298181818183,0.3650428181818182,0.12305381818181817
526,0.37471489999999996,0.1333482,0.34097750000000004,0.09880974000000002,0.3632355,0.1215255
527,0.37262245454545456,0.13240045454545454,0.329354,0.0915055,0.35557154545454545,0.11627063636363638
528,0.31650379999999995,0.123802,0.2879363,0.09512939,0.30868090000000004,0.11800839999999999
529,0.2605201818181818,0.1074800909090909,0.25336545454545456,0.0840579,0.2603746363636364,0.10696109090909091
530,0.25971154545454544,0.10590972727272728,0.2536870000000001,0.08475840909090909,0.2575766363636363,0.09878542727272727
531,0.23999640000000003,0.10104825000000002,0.2387649,0.07962189,0.23947880000000002,0.09158782
532,0.1417749090909091,0.0854950090909091,0.15369645454545455,0.050971272727272726,0.14237545454545456,0.08329772727272727
533,0.13175209999999998,0.0845169,0.15044700000000003,0.047354150000000005,0.13780989999999999,0.07259977999999999
534,0.16972345454545454,0.08717203636363637,0.1743789090909091,0.055806936363636366,0.17197072727272728,0.07048034545454546
535,0.3321471,0.12424620000000001,0.32590470000000005,0.07070004999999999,0.32944629999999997,0.11106718
536,0.3347486363636364,0.12042936363636364,0.3334307272727273,0.10423551818181818,0.3345739090909091,0.1202059090909091
537,0.3330614,0.11771690000000001,0.3365098,0.09449300999999999,0.33334660000000005,0.11633149999999999
538,0.3299881818181818,0.11503454545454544,0.3389101818181819,0.09095764545454546,0.33126963636363643,0.11159727272727271
539,0.33296329999999996,0.1147033,0.34069960000000005,0.08305817000000001,0.3342574,0.10965119999999999
540,0.26297563636363636,0.1379200909090909,0.24196136363636367,0.09802941818181819,0.262558,0.13559381818181818
541,0.07588706666666666,0.150787,0.08940113333333333,0.09339906666666668,0.0845692,0.131892
