0,0.0676575,-0.198074,0.0522919,-0.114471,0.0600128,-0.156311
1,0.0583344,-0.200806,0.0535736,-0.117371,0.0559082,-0.157578
2,0.058413709999999994,-0.20086060000000003,0.05198059000000001,-0.11712030000000002,0.05508879000000001,-0.1570615
3,0.058760218181818175,-0.20112881818181821,0.0523847909090909,-0.11780063636363637,0.055603027272727264,-0.1593935454545454
4,0.059066780000000006,-0.2003752,0.05413818,-0.12029399999999998,0.05665282000000001,-0.1605654
5,0.06091860909090908,-0.19810063636363637,0.054869236363636366,-0.12163609090909092,0.05794594545454546,-0.16003827272727275
6,0.019195553799999997,-0.14023439999999995,0.00543518,-0.06287232,0.012622063999999997,-0.09894088
7,0.006283846363636364,-0.12664381818181816,-0.008443659999999999,-0.04725231818181818,-0.0031502454545454545,-0.07538534545454546
8,-0.00409851122,-0.1254364,-0.007778929999999999,-0.050134279999999996,-0.005773926600000001,-0.08973998000000001
9,-0.009009619999999998,-0.12480854545454548,-0.008045545454545455,-0.04992678181818182,-0.008528277272727272,-0.08696539090909089
10,-0.01101684,-0.1243012,-0.009667968,-0.05013426,-0.010348514,-0.08649292000000001
11,-0.01209715,-0.12116400000000001,-0.0104019,-0.0514374,-0.01120149,-0.08411713000000001
12,-0.013336209090909094,-0.11520781818181819,-0.009349478181818182,-0.05104480000000001,-0.01130122727272727,-0.08223375454545455
13,-0.01410605454545455,-0.10885336363636364,-0.008938878181818181,-0.051252872727272726,-0.011525927272727275,-0.08001570000000001
14,-0.01557006,-0.1051882,-0.007751464000000001,-0.052417000000000005,-0.01169126,-0.07893370000000001
15,-0.01831662,-0.1019928,-0.0069030759999999984,-0.053488139999999997,-0.01281738,-0.07861938000000002
16,-0.01896805454545454,-0.09913078181818183,-0.005927346363636365,-0.05533806363636364,-0.012542736363636363,-0.0775729090909091
17,-0.01826784,-0.09744568000000002,-0.005718994000000001,-0.055981420000000004,-0.012118539999999999,-0.07712098
18,-0.017761236363636367,-0.09550060909090909,-0.004884200909090909,-0.054572354545454546,-0.011380272727272727,-0.07522445454545455
19,-0.011389161999999998,-0.09114994,-0.0042511,-0.052243039999999984,-0.007833864,-0.07175293999999999
20,-0.012748009090909092,-0.09157215454545455,-0.0035996872727272725,-0.051789727272727265,-0.008225874545454544,-0.0719021909090909
21,-0.012246720000000001,-0.09449769999999999,-0.003146366,-0.050756840000000004,-0.007843018,-0.07336119999999999
22,-0.01760308181818182,-0.09777277272727272,-0.0018199570909090907,-0.05157886363636364,-0.010181772727272729,-0.07606089090909092
23,-0.019616700000000004,-0.10075677999999999,0.00227661,-0.05166626,-0.008865360000000001,-0.07669983999999999
24,-0.019888319999999998,-0.10179136000000003,0.0033630350000000003,-0.052243059999999994,-0.007762147,-0.07598724999999999
25,-0.019195536363636363,-0.10172472727272726,0.0036732063636363637,-0.0521712,-0.007479581818181818,-0.07639242727272727
26,-0.01917614545454545,-0.09942352727272728,0.004257202727272726,-0.052194772727272715,-0.007378319090909091,-0.07568081818181817
27,-0.019522099999999997,-0.09859314,0.005224612,-0.05229492,-0.006741332000000001,-0.07471618000000001
28,-0.01950076,-0.09704286000000001,0.00479431,-0.05306396,-0.007162474,-0.07475282
29,-0.018302209090909093,-0.09690578181818182,0.002545445454545454,-0.053203254545454534,-0.007999767272727273,-0.0753395818181818
30,-0.01664732,-0.09664612000000002,0.0022796620000000004,-0.05294190000000001,-0.007269288000000001,-0.07502136000000001
31,-0.010479731999999999,-0.09078065,0.002815245,-0.051826460000000005,-0.0035308840000000015,-0.07043000000000002
32,-0.007734819999999998,-0.08664634545454544,0.0009668514545454546,-0.05172312727272727,-0.003273704545454545,-0.06876026363636363
33,-0.00907897909090909,-0.08296202727272729,-0.001384387763636364,-0.05299378181818182,-0.005126954545454546,-0.06757422727272727
34,-0.009930426000000001,-0.08311766000000001,0.0002532966,-0.053463760000000006,-0.0048339839999999995,-0.06828612
35,-0.013241600000000001,-0.08313293999999999,0.0010314936000000003,-0.05491028,-0.006011962,-0.06889344
36,-0.014147663636363635,-0.08706110909090908,0.0010306610909090908,-0.05682652727272728,-0.0062963336363636374,-0.07145
37,-0.015093959999999998,-0.08896177999999999,0.0007934576,-0.05602112,-0.007180784,-0.07259522000000002
38,-0.01580202,-0.09119570000000002,-0.00012817376,-0.055068980000000003,-0.007937622,-0.07308043999999998
39,-0.014774654545454546,-0.09017806363636362,-0.0007157761818181817,-0.05463618181818181,-0.007594718181818182,-0.07202427272727274
40,-0.01268004,-0.08897399999999998,-0.0005401611999999999,-0.05258484,-0.006631472000000001,-0.07086788
41,-0.00966020181818182,-0.08504972727272725,0.0025759595454545457,-0.05213375454545455,-0.003287575454545454,-0.0679432090909091
42,-0.006903078,-0.08208926,0.00647278,-0.04978638,-0.0002410896,-0.06601258000000002
43,-0.007797242727272727,-0.08149441818181818,0.008034447272727273,-0.0482275,0.00018033081818181814,-0.06471389090909092
44,-0.008630373999999998,-0.08142702,0.005429078000000001,-0.04309999999999999,-0.0014526400000000003,-0.06189270000000001
45,-0.008051091818181817,-0.0804915,0.004529086363636365,-0.04395780909090908,-0.0015563963636363637,-0.061695454545454546
46,-0.00904541,-0.0789581,0.0034759519999999996,-0.04549863999999999,-0.0025085459999999995,-0.06152956
47,-0.01000421090909091,-0.07479161818181819,0.0032667654545454543,-0.04605380909090909,-0.0031904736363636364,-0.06006136363636363
48,-0.01022032,-0.07205197999999999,0.0017913807999999996,-0.046353160000000004,-0.0041442879999999994,-0.059072879999999994
49,-0.01034852,-0.0660736,0.0008300774000000001,-0.049380480000000004,-0.004513549999999999,-0.05736387999999999
50,-0.012287472727272729,-0.0622392,0.00392150909090909,-0.05436427272727271,-0.004074098181818181,-0.05824555454545455
51,-0.01355284,-0.06295471999999999,0.004495240000000001,-0.053833019999999995,-0.0044860839999999996,-0.05835878000000001
52,-0.009801695454545453,-0.06607889090909091,0.0039020872727272725,-0.053679009090909086,-0.0024122745454545455,-0.059405254545454554
53,-0.010626226999999999,-0.06947783999999999,0.004147337,-0.05365449000000001,-0.002781678,-0.061088540000000004
54,-0.012623156363636366,-0.0810227818181818,0.004695545454545453,-0.05301459090909091,-0.004046353636363637,-0.06713590000000001
55,-0.007196042999999999,-0.07322084,0.004179382000000001,-0.051985180000000006,-0.0014129630000000002,-0.062442010000000006
56,-0.006579589999999999,-0.06938172000000001,0.008221433999999998,-0.05108338,0.0008911126,-0.06013792000000001
57,-0.006878939999999999,-0.06928182727272726,0.007100884545454544,-0.05196035454545455,0.0002677225454545455,-0.06042619090909091
58,-0.007998655999999998,-0.06937562,0.0060272220000000005,-0.052154540000000006,-0.0007965082,-0.06054687999999999
59,-0.008599854,-0.06937254000000001,0.005905152000000001,-0.052127120000000006,-0.0013397220000000002,-0.060754419999999996
60,-0.009725391818181817,-0.06920139999999998,0.005791404545454545,-0.049578581818181824,-0.0020599363636363637,-0.059534263636363646
61,-0.009515935454545455,-0.07100746363636365,0.002265238363636364,-0.04502452727272727,-0.003675980909090909,-0.058162354545454535
62,-0.009121701999999999,-0.07088624000000002,0.0016204833999999997,-0.04530637999999999,-0.003442382,-0.05736694
63,-0.009182739999999998,-0.07120974,0.005020142,-0.05354002,-0.0015502939999999996,-0.061727920000000006
64,-0.008342396363636364,-0.06974515454545456,0.005652686363636362,-0.05446,-0.000866977,-0.06159833636363637
65,-0.00826721,-0.06994017999999999,0.004492188,-0.05451659999999999,-0.0015350332000000002,-0.061822520000000006
66,-0.008458919090909092,-0.06943023636363636,0.0039672854545454534,-0.054232509090909105,-0.002158426363636364,-0.061738463636363636
67,-0.009164427999999999,-0.0705963,0.0026184100000000003,-0.05367126,-0.003182982,-0.062011720000000006
68,-0.008918066363636366,-0.07066207272727273,0.005788630909090909,-0.054909454545454546,-0.0014814907272727273,-0.06271083636363636
69,-0.008831783999999999,-0.07099915999999999,0.006164552,-0.05541382,-0.0010345459999999997,-0.06290588
70,-0.010022242727272729,-0.06980341818181818,0.0047912599999999994,-0.048468854545454555,-0.0025204736363636368,-0.05902374545454545
71,-0.009344477999999998,-0.07025145999999999,0.003317262,-0.04603882,-0.0030151379999999997,-0.05816346
72,-0.010423137272727272,-0.0695579,0.003816081818181818,-0.04778221818181818,-0.0030961463636363633,-0.05838011818181819
73,-0.009701538,-0.07048035999999999,0.00569458,-0.054321280000000007,-0.0015228280000000002,-0.06190490000000002
74,-0.010351009090909092,-0.07116561818181819,0.007761176363636363,-0.05436012727272727,-0.0009002690000000001,-0.06240566363636364
75,-0.009422305,-0.07221984,0.009275821,-0.05498044,0.00042877219999999997,-0.06312867000000001
76,-0.00963745,-0.07148742,0.008291626000000002,-0.05480348,-0.00027770988,-0.06277772000000001
77,-0.008926391818181818,-0.07010441818181817,0.006527987272727271,-0.04923040000000001,-0.000889169818181818,-0.05925540909090909
78,-0.008678088181818183,-0.0703443909090909,0.005004881818181819,-0.04563208181818181,-0.001942028181818182,-0.05820812727272726
79,-0.009960946,-0.06932982,0.0006073001999999999,-0.04679107,-0.004562378000000001,-0.05781709
80,-0.010156249999999999,-0.06978759999999999,0.000396729,-0.049798579999999995,-0.004528808,-0.05917358000000002
81,-0.010258054545454547,-0.06989356363636362,0.0028589409090909092,-0.05468749090909091,-0.003670433636363636,-0.06223783636363636
82,-0.009707642,-0.07035675,0.005093382999999999,-0.05431061,-0.002426147,-0.062467949999999994
83,-0.008768254545454544,-0.070171,0.006616765454545454,-0.05534225454545454,-0.0011194403636363636,-0.0628134909090909
84,-0.008670047,-0.07098542000000001,0.005918884000000001,-0.05650941,-0.0013580332,-0.06374205
85,-0.00792902181818182,-0.07036384545454545,0.004862006363636363,-0.05440589090909092,-0.001174927090909091,-0.06193820909090909
86,-0.008851623,-0.06971284,0.0022903439999999997,-0.05429075000000001,-0.0028976460000000002,-0.06148529000000001
87,-0.010649249090909092,-0.0682151090909091,0.004111551818181818,-0.053985581818181826,-0.002552380909090909,-0.06041372727272727
88,-0.010560579999999998,-0.06966248000000001,0.0040130639999999985,-0.05379790000000001,-0.00296173,-0.06141206000000001
89,-0.010796281818181819,-0.0693303909090909,0.005042337272727273,-0.05326285454545455,-0.002940784545454545,-0.06137084545454546
90,-0.010939019999999999,-0.06951904,0.005293274000000001,-0.053497300000000005,-0.0022949219999999996,-0.06101378
91,-0.01101377,-0.06608734000000001,0.005270385000000001,-0.05343629,-0.0017242439999999998,-0.058872999999999995
92,-0.011585590909090908,-0.06413408181818182,0.005117241818181819,-0.05187153636363637,-0.0025759609090909093,-0.05752148181818182
93,-0.013420109999999999,-0.06546021999999999,0.004260253,-0.051647929999999995,-0.003861999,-0.05799865
94,-0.012840963636363638,-0.06570989999999999,0.003094759090909091,-0.05336274545454545,-0.004218362727272728,-0.059039045454545455
95,-0.012149049999999998,-0.06574248999999999,0.0030746480000000006,-0.05451815,-0.003993224,-0.05974273000000001
96,-0.011380040000000003,-0.0648285,0.002886964,-0.05358581999999999,-0.003994752,-0.05900878
97,-0.01225557272727273,-0.06325324545454546,0.004348756363636363,-0.05314777272727273,-0.003913185454545455,-0.05818452727272728
98,-0.013791181818181819,-0.0637956090909091,0.005042336363636365,-0.05292720909090909,-0.004112935454545454,-0.05821645454545455
99,-0.014479049999999999,-0.06371004999999999,0.004986570000000001,-0.053173840000000014,-0.004138183,-0.05812381000000001
100,-0.01425629,-0.06347048,0.004901119999999999,-0.053208960000000007,-0.004083251,-0.05802765
101,-0.013323690909090911,-0.06427835454545455,0.005935670909090909,-0.054643118181818176,-0.0032570572727272733,-0.059248463636363644
102,-0.0145462,-0.06312409,0.0068069440000000005,-0.05571899,-0.0036895750000000005,-0.05936585
103,-0.01447087090909091,-0.06263735454545453,0.007222955454545454,-0.05699019090909092,-0.003555297272727272,-0.059796418181818176
104,0.058644162,-0.04156034600000001,0.057772731,-0.010568235999999998,0.058549647,-0.026121507999999998
105,0.21100254545454541,0.013795328181818183,0.19333154545454542,0.04669464545454544,0.19622245454545453,0.0421627909090909
106,0.23208599999999996,0.015548700000000002,0.21327199999999996,0.0518646,0.21327199999999996,0.0518646
107,0.23208599999999996,0.0155487,0.21327199999999993,0.0518646,0.21327199999999993,0.0518646
108,0.26989129999999995,0.051219190000000005,0.28384719999999997,0.09037927999999999,0.27539959999999997,0.07804716
109,0.2941282727272727,0.07296476363636363,0.35023654545454547,0.11611518181818181,0.3333074545454546,0.10466418181818181
110,0.29453129999999994,0.08567658,0.35139329999999996,0.1183012,0.3203064,0.10044710000000001
111,0.29159681818181815,0.08456280909090907,0.35383318181818185,0.122531,0.32375254545454546,0.10411081818181817
112,0.2915467,0.08393861,0.3481277,0.11833339999999999,0.32092719999999997,0.10175028
113,0.30214900000000006,0.08820552727272728,0.34493609090909094,0.11614736363636363,0.3221572727272728,0.10118234545454546
114,0.3033783,0.09149475,0.34205319999999995,0.11722720000000002,0.3202375,0.10268700000000001
115,0.3021949090909091,0.08952191818181819,0.3432227272727273,0.11709309090909091,0.3214848181818182,0.10244763636363637
116,0.30108150000000006,0.08688352,0.34312,0.11866459999999998,0.32082370000000004,0.10175619999999999
117,0.30115050000000004,0.08581239999999998,0.34730230000000006,0.1185225,0.3236113,0.10167230000000001
118,0.30376918181818174,0.08623852727272728,0.3483817272727273,0.11919754545454543,0.32486936363636365,0.10176518181818182
119,0.3040208,0.08500977000000001,0.350331,0.1197935,0.3256271,0.1011703
120,0.3050732727272728,0.08462802727272728,0.3506691818181818,0.11753027272727272,0.32672681818181815,0.1001975272727273
121,0.30648949999999997,0.08497769999999999,0.3504167,0.11941679999999996,0.3282229,0.1019517
122,0.30709709090909093,0.08501642727272728,0.3462109090909091,0.11872163636363635,0.32716381818181817,0.10223927272727272
123,0.3056213,0.08494721,0.3462389,0.11903700000000002,0.3267637,0.10262280000000001
124,0.3057709090909091,0.08552829090909092,0.3464080909090909,0.11939881818181818,0.32615781818181816,0.1024558181818182
125,0.30623769999999995,0.08620913,0.346318,0.12072610000000002,0.3264176,0.10352460000000001
126,0.3061175454545455,0.08614697272727273,0.34465581818181823,0.12136827272727273,0.3250552727272727,0.10338927272727272
127,0.3037125,0.08650513,0.34446560000000004,0.12145999999999998,0.323056,0.10302120000000001
128,0.3039855454545454,0.08633145454545456,0.3466768181818182,0.12185672727272726,0.32759363636363636,0.10588063636363634
129,0.3038666,0.08719330000000002,0.34708700000000003,0.12137180000000003,0.32897509999999996,0.10697780000000001
130,0.30315260000000005,0.08747407,0.3470824,0.12288669999999999,0.3248093999999999,0.104863
131,0.30239036363636357,0.08923063636363637,0.34671554545454547,0.12462981818181819,0.323542,0.10604581818181819
132,0.30311429999999995,0.08916017000000001,0.3466769,0.1250963,0.3237701,0.10612649999999998
133,0.3060081818181818,0.08769782727272726,0.34670609090909094,0.12209936363636364,0.3249458181818182,0.10363209090909091
134,0.3020294,0.08540498999999999,0.34628159999999997,0.1215087,0.3236327,0.10295560000000001
135,0.3002912999999999,0.08393098,0.34685220000000005,0.1217452,0.3234848,0.10269009999999998
136,0.30045127272727273,0.08434087272727275,0.3468210909090909,0.11959836363636364,0.32366809090909093,0.10192854545454545
137,0.30143072727272724,0.08531468181818182,0.3474037272727272,0.11815581818181817,0.3230522727272727,0.1007051818181818
138,0.3010742,0.08647767999999999,0.3477722,0.1187866,0.3219788,0.100888
139,0.2996826,0.08670957,0.3489945,0.1197174,0.32402319999999996,0.1029496
140,0.2999518181818182,0.08633838181818182,0.35038881818181816,0.1205483636363636,0.32677399999999995,0.10446590909090908
141,0.3007996,0.08718413,0.35116739999999996,0.12027449999999999,0.3271058,0.10440989999999999
142,0.2994815454545455,0.08926946363636364,0.3535322727272727,0.11951663636363635,0.3260776363636364,0.104112
143,0.2990922,0.09034272000000002,0.3529528,0.11806489999999999,0.3246155,0.10344350000000002
144,0.2960758181818182,0.09180241818181817,0.350965909090909,0.11877154545454548,0.32318227272727273,0.10508436363636366
145,0.2971954,0.09033508,0.34793699999999994,0.11803280000000001,0.32225339999999997,0.1039734
146,0.2983079,0.09115604000000001,0.3466612,0.1172699,0.32272790000000007,0.10432139999999998
147,0.295772,0.09099787272727272,0.3451122727272728,0.11759672727272727,0.31971736363636355,0.10387636363636363
148,0.29370860000000004,0.09044496,0.34089690000000006,0.1184219,0.31704699999999997,0.1042435
149,0.293722,0.08992559090909091,0.3413140909090909,0.11882000000000001,0.3167142727272727,0.10384427272727272
150,0.2946016,0.08956908999999999,0.3444854,0.1172928,0.3194044,0.10330810000000001
151,0.2278262727272727,0.0844143909090909,0.25478300000000004,0.11930990909090909,0.2391232454545455,0.09258894545454545
152,0.09257200000000002,0.05329592,0.03138731999999999,0.1050228,0.03467405999999999,0.10444919999999999
153,0.09204100000000001,0.0410004,0.019805899999999998,0.10491900000000001,0.019805899999999998,0.10491900000000001
154,0.09204100000000003,0.0410004,0.019805899999999998,0.104919,0.019805899999999998,0.104919
155,-0.00865784,-0.12080234399999996,-0.05164637999999999,-0.03346405000000001,-0.05164637999999999,-0.03346405000000001
156,-0.04091854545454546,0.07452114545454544,-0.021150063636363636,0.08406344545454546,-0.024437645454545454,0.08163315454545456
157,-0.037899779999999994,0.07651518999999998,-0.01621705,0.08759918000000001,-0.026835619999999998,0.08382109
158,-0.03966870000000001,0.08265131818181817,-0.01766274545454545,0.08608454545454546,-0.029202536363636365,0.08416193636363635
159,-0.016510007999999996,0.08973540999999999,0.0010269070000000003,0.09737693,-0.008320633000000003,0.09293212
160,-0.0012252796,0.08578798,0.007029726,0.10298610000000001,0.002252195,0.09328307999999999
161,0.002477470909090909,0.08924033636363636,0.00942854,0.10306500000000002,0.005991155454545455,0.09627326363636364
162,0.0028640740000000003,0.09111176000000001,0.01248171,0.1011917,0.007717892999999999,0.09617155000000001
163,0.0030781145454545455,0.09159295454545456,0.012968590909090909,0.10007412727272728,0.008579602727272727,0.09630237272727273
164,-0.004937738,0.09053650000000002,0.013546760000000001,0.10080266,0.004971313999999999,0.09596558
165,-0.009637446999999999,0.09251862,0.01356659,0.10117193,0.003974912,0.09759827
166,-0.006752708181818182,0.09290522727272728,0.012341572727272727,0.10182763636363634,0.003179378181818182,0.09754529999999999
167,-0.007988671818181818,0.09361684545454546,0.011556454545454543,0.10261799999999997,0.0025163127272727274,0.09846358181818181
168,-0.011038202,0.09287112,0.012176499999999998,0.10324720000000001,3.662160000000008e-05,0.097818
169,-0.010610958,0.09045714,0.010040304000000002,0.1046676,-0.00045776380000000003,0.09750824
170,-0.009765623636363635,0.08898924545454544,0.006389270909090908,0.10432145454545454,-0.0015064583636363637,0.09682117272727274
171,-0.009674067,0.08534697999999999,0.004145816,0.10475179999999999,-0.0027206409999999998,0.09497983999999998
172,-0.005002107272727273,0.08482361818181818,0.006308820909090909,0.10142372727272728,-0.0008544938181818181,0.09087579090909091
173,-0.0033630379999999996,0.0838501,0.01829834,0.09788208000000001,0.0073272699999999994,0.09076846000000001
174,0.0005174100000000002,0.08437416363636364,0.017657163636363635,0.09477094545454547,0.00930092,0.08970780909090907
175,0.0028106666000000005,0.08579711999999998,0.019418340000000003,0.09193114000000001,0.011489880000000001,0.08899536
176,-0.0016967778999999999,0.08630523999999999,0.01958925,0.09428251,0.01132506,0.09128265999999999
177,-0.003365259090909091,0.08534379090909089,0.015407218181818184,0.09762019090909092,0.007302029090909091,0.09221302727272727
178,-0.003897926363636363,0.08715405454545457,0.012065536363636364,0.10064441818181818,0.004000576363636364,0.0938374
179,-0.005068968,0.08563842000000002,0.011865240000000003,0.10029600000000001,0.003387452,0.09296571999999999
180,-0.005215456,0.08820496,0.012945540000000002,0.1026824,0.004455568,0.09593199999999999
181,-0.007035687272727274,0.08827626363636364,0.009862725454545454,0.10307999999999998,0.0021625869090909087,0.0963620181818182
182,-0.009765627999999998,0.08834228,0.0064239480000000005,0.1029784,-0.0013854986000000002,0.09591064
183,-0.008252238181818184,0.08753966363636363,0.006905296363636365,0.10195645454545454,-0.0010486959999999998,0.0943895
184,-0.007403568000000001,0.08723756,0.009201054,0.10041191999999999,0.0009826656,0.09389342
185,-0.008524115454545454,0.08841913636363635,0.01206277272727273,0.1004290909090909,0.002442792727272727,0.09483058181818182
186,-0.01241148,0.09077148,0.01003113,0.09992994000000001,-0.00034179742,0.09570311999999999
187,-0.014152530000000002,0.09278107999999999,0.008346558,0.09966583999999999,-0.001826475,0.09655608
188,-0.013415272727272727,0.09253346363636364,0.00767239818181818,0.10131409090909088,-0.0024871827272727274,0.09706948181818181
189,-0.011898799999999998,0.09224852000000001,0.00635376,0.10266400000000002,-0.002868652,0.09741211999999999
190,-0.011460860000000003,0.09271545,0.0053421020000000005,0.1019804,-0.003085328,0.09733732999999999
191,-0.008198143818181817,0.08999633636363638,0.005543101818181818,0.09900730909090907,-0.0013497083636363635,0.09450463636363636
192,-0.005054820000000001,0.08906140909090908,0.009486813636363637,0.09838720000000002,0.0028159409090909087,0.0941065
193,-0.0056976319999999985,0.08991088,0.011120616,0.1006866,0.0029113780000000005,0.09544371999999998
194,-0.00474687090909091,0.08982571818181817,0.012401209090909089,0.10159309090909088,0.004108774545454546,0.09590844545454545
195,-0.006594846,0.08970336000000001,0.012249760000000002,0.1014586,0.0037109379999999996,0.09613952
196,-0.006692502000000001,0.08984679999999999,0.008508296000000002,0.10225520000000002,0.0016906732799999997,0.09668883999999997
197,-0.012104376363636364,0.08775747272727273,0.00676103090909091,0.10179709090909093,-0.0020793563272727277,0.09520792727272727
198,-0.01433104,0.08919068,0.005386351999999999,0.10317400000000002,-0.004586794,0.09611816
199,-0.01569991818181818,0.09292047272727273,0.003132216363636364,0.10003232727272728,-0.006282457272727273,0.09647718181818181
200,-0.01757814,0.09328305999999999,0.0022613536,0.09829102,-0.008255004,0.0956482
201,-0.14653005454545454,0.09699734545454546,-0.1302685090909091,0.0949291,-0.14228127272727276,0.09784612727272729
202,-0.3677948,0.09874888000000001,-0.3080322,0.08393546,-0.3381316,0.09140018000000001
203,-0.3871835454545455,0.09844280000000002,-0.32548681818181824,0.07301192727272725,-0.33411227272727273,0.07696253636363636
204,-0.3920654,0.09883112000000001,-0.32252800000000004,0.07469176,-0.3651276,0.08954772000000001
205,-0.3937532727272727,0.09986325454545453,-0.32197827272727275,0.0742229181818182,-0.3666173636363636,0.09014061818181819
206,-0.37420960000000003,0.09810179999999999,-0.31028760000000005,0.0774292,-0.34837359999999995,0.08953552000000002
207,-0.3582338,0.0946289,-0.29978360000000004,0.08088991999999999,-0.33581839999999996,0.08951722
208,-0.3590603636363637,0.09133218181818183,-0.2996143636363637,0.08197854545454546,-0.3278088181818182,0.08643409999999997
209,-0.3583864,0.09164734,-0.29898679999999994,0.08026124000000001,-0.328412,0.08591308
210,-0.3554535454545454,0.08960930909090908,-0.3002804545454545,0.07873675454545453,-0.32660872727272733,0.08392613636363636
211,-0.35461400000000004,0.08890992,-0.3041106,0.07728269999999998,-0.32897619999999994,0.08302
212,-0.35617379999999993,0.08815306,-0.3123442,0.06865844,-0.3348786,0.07865907999999999
213,-0.36954309090909093,0.09465997272727272,-0.31174390909090904,0.07533542727272727,-0.34220599999999995,0.08549085454545453
214,-0.3706084,0.09613645999999999,-0.3122988,0.07663265999999999,-0.3418456,0.08650511999999999
215,-0.37157645454545457,0.0960624,-0.31262063636363635,0.07787667272727274,-0.34326045454545456,0.08731495454545454
216,-0.37002560000000007,0.09353941999999998,-0.3134064,0.08062133999999999,-0.3420958,0.08717344
217,-0.36761772727272723,0.08962179090909092,-0.3133046363636364,0.08038885454545455,-0.34218781818181826,0.0853105
218,-0.36644600000000005,0.08781282000000001,-0.31212609999999996,0.07865602,-0.34277060000000004,0.08383787999999999
219,-0.3724697272727273,0.09558928181818183,-0.3044892727272728,0.06390240000000001,-0.3415164545454546,0.08107134545454547
220,-0.38696300000000006,0.106796,-0.29910300000000006,0.041748,-0.347137,0.07702640000000001
221,-0.38696300000000006,0.106796,-0.29910300000000006,0.041748,-0.347137,0.07702640000000001
222,-0.3526376363636364,0.09104072727272726,-0.2946946363636364,0.051606590909090914,-0.3242935454545454,0.07210888181818181
223,-0.34704018181818186,0.0826707181818182,-0.30194499999999996,0.08520231818181817,-0.3087088181818181,0.08413281818181818
224,-0.3499800999999999,0.07962034000000001,-0.2992585,0.08544005000000002,-0.3135468,0.08377075999999999
225,-0.3475106363636363,0.08129466363636363,-0.3001568181818181,0.07915427272727273,-0.3256100909090909,0.08031533636363636
226,-0.3541337,0.08074339,-0.3034546,0.08154753,-0.32856450000000004,0.08121642
227,-0.3565439090909091,0.08320756363636363,-0.30252627272727267,0.07943449999999999,-0.3323768181818182,0.08148610000000002
228,-0.3587588,0.08414767000000001,-0.3035491,0.07113646,-0.33049490000000004,0.07747498
229,-0.3614474545454545,0.08558792727272727,-0.30651454545454543,0.07215744545454544,-0.33263736363636365,0.07854809090909091
230,-0.36579000000000006,0.08780517,-0.309178,0.06972503000000001,-0.3364609999999999,0.07844694
231,-0.3700213636363637,0.08621353636363636,-0.31143736363636365,0.06710122727272727,-0.3420050909090909,0.07705273636363637
232,-0.3713043,0.08910981999999999,-0.30889759999999994,0.06845552,-0.3401901,0.07877046000000001
233,-0.36526800000000004,0.08592834,-0.31817920000000005,0.07889710000000001,-0.3445982,0.08257142
234,-0.3628968181818182,0.08413557272727273,-0.3163785454545454,0.07988254545454544,-0.3425943636363637,0.08231144545454544
235,-0.3629103000000001,0.0856964,-0.3167053,0.08215638,-0.34040670000000006,0.08399048
236,-0.36315072727272724,0.08602073636363636,-0.31734254545454543,0.08291074545454545,-0.3404208181818182,0.08448929090909091
237,-0.3632568,0.08633576,-0.31731889999999996,0.08439029,-0.34097140000000004,0.08541562
238,-0.36284827272727266,0.08529383636363637,-0.3132340909090909,0.08205205454545456,-0.3383138181818182,0.08370692727272727
239,-0.3621796,0.08711545999999999,-0.3119278,0.08349303,-0.33758550000000004,0.08536679999999999
240,-0.3619674545454545,0.08869378181818183,-0.3125860909090909,0.08252231818181818,-0.3383998181818182,0.08576409090909091
241,-0.36381070000000004,0.09088288000000001,-0.31299600000000005,0.08370058,-0.33825530000000004,0.08727875000000002
242,-0.3651672,0.09091492000000001,-0.3113432,0.08258971999999999,-0.33777460000000004,0.08668520000000002
243,-0.36525809090909095,0.09165677272727274,-0.30900299999999997,0.08173023636363635,-0.3358059090909091,0.08650762727272726
244,-0.36544960000000004,0.09344633999999999,-0.30688760000000004,0.07646482,-0.3364671999999999,0.08502655
245,-0.3666427,0.09260102,-0.3085984,0.07324217,-0.3383728,0.08317109
246,-0.3687645454545454,0.09212838181818182,-0.31015854545454546,0.07371380909090908,-0.3419828181818182,0.08370417272727274
247,-0.3682982,0.08950499000000002,-0.31156300000000003,0.07739562000000001,-0.3425887999999999,0.08402252000000002
248,-0.3685732727272727,0.08900174545454546,-0.3143587272727273,0.08049982727272728,-0.3428179090909091,0.08497896363636365
249,-0.3695893,0.08950958999999999,-0.3124709,0.08007203999999998,-0.3425095000000001,0.08505399999999999
250,-0.367985,0.09086748181818183,-0.3092680000000001,0.07783786363636364,-0.3399073636363636,0.08467519090909091
251,-0.37143400000000004,0.09403373000000001,-0.31021740000000003,0.07290801,-0.3443467,0.08470308000000001
252,-0.3425486363636363,0.003742545454545443,-0.25898890909090905,-0.07204378181818182,-0.27802509090909083,-0.062335009090909096
253,-0.327362,-0.057479900000000014,-0.23046899999999998,-0.16767899999999997,-0.23046899999999998,-0.16767899999999997
254,-0.327362,-0.05747990000000002,-0.23046899999999998,-0.16767899999999994,-0.23046899999999998,-0.16767899999999994
255,-0.33799900000000005,-0.07333987,-0.272374,-0.13449856,-0.3089311,-0.10639959999999997
256,-0.3493178,-0.07796785000000002,-0.3058838,-0.08248135999999999,-0.3475142,-0.07825165000000002
257,-0.35320772727272726,-0.07943586363636364,-0.299501,-0.07794604545454543,-0.328458,-0.07867153636363636
258,-0.35599163636363634,-0.0787603090909091,-0.29987809090909096,-0.07257633636363638,-0.3271499090909091,-0.07562117272727273
259,-0.3481872,-0.07529298,-0.2860749,-0.06623688000000001,-0.3205094,-0.07108763999999998
260,-0.35384036363636373,-0.06872974545454545,-0.2911751818181818,-0.06617596363636363,-0.32313954545454543,-0.06750349090909091
261,-0.3550584,-0.06943817,-0.28918150000000004,-0.06670838000000001,-0.32007440000000004,-0.06802216999999999
262,-0.3557861,-0.06790160999999999,-0.2896576,-0.06699221,-0.3201064,-0.06745147
263,-0.3578491818181818,-0.06815543636363637,-0.29135827272727277,-0.06614687272727272,-0.3227887272727273,-0.0671359090909091
264,-0.35779099999999997,-0.0675369,-0.29539360000000003,-0.0653671,-0.3251038,-0.0664322
265,-0.3573386363636364,-0.06908763636363636,-0.29881299999999994,-0.06512866363636362,-0.32691954545454543,-0.06705130000000001
266,-0.3551482,-0.07083128000000001,-0.30195000000000005,-0.06824952000000001,-0.3256867,-0.06942901
267,-0.35820972727272726,-0.0716746909090909,-0.30278272727272726,-0.06817627272727272,-0.3288506363636364,-0.06984224545454545
268,-0.3592469,-0.06782532,-0.30452750000000006,-0.06423187,-0.3287247,-0.06594390000000001
269,-0.3584623636363636,-0.06394125454545455,-0.3046165454545455,-0.06532982727272728,-0.32804872727272727,-0.06474719999999999
270,-0.3580947,-0.06326752,-0.30455180000000004,-0.06338348,-0.3297625,-0.06334841000000001
271,-0.35627045454545453,-0.06033048181818182,-0.30302972727272726,-0.061132263636363635,-0.32666854545454543,-0.06080489090909091
272,-0.3541872,-0.060276790000000004,-0.30057849999999997,-0.061047370000000004,-0.3247893,-0.060723879999999994
273,-0.3509887,-0.059750349999999994,-0.29909519999999995,-0.06076812,-0.3233902,-0.06031953000000001
274,-0.3518746363636363,-0.05690420909090909,-0.29871436363636367,-0.05688892727272728,-0.32518827272727274,-0.05690833636363637
275,-0.3524749,-0.05477145,-0.29844360000000003,-0.05879822999999999,-0.3262086,-0.056767299999999986
276,-0.3547391818181818,-0.054755481818181816,-0.301439,-0.0600558090909091,-0.3261121818181818,-0.05757002727272727
277,-0.3680955,-0.06358335999999999,-0.3077867,-0.06504670000000001,-0.3296904,-0.06440277
278,-0.36891436363636365,-0.06427556363636364,-0.3079834545454545,-0.06507734545454544,-0.3348028181818181,-0.06475551818181818
279,-0.3675092000000001,-0.0635788,-0.3096605,-0.06546479,-0.337602,-0.06458892
280,-0.36642590909090916,-0.059237381818181806,-0.312092,-0.06413546363636365,-0.33797927272727263,-0.061839700000000004
281,-0.36447620000000003,-0.05893400000000001,-0.3137221,-0.06011656,-0.3388825,-0.05956419
282,-0.3526683636363636,-0.06173708181818182,-0.3001598181818182,-0.06527709999999999,-0.3276103636363636,-0.06345299090909091
283,-0.35316459999999994,-0.05924379,-0.2997526999999999,-0.06523285,-0.32507790000000003,-0.062435889999999994
284,-0.3529082727272727,-0.059159699999999996,-0.3002306363636364,-0.06525769999999999,-0.3232920909090909,-0.06262623636363635
285,-0.3533554,-0.059591660000000005,-0.300531,-0.06503598000000001,-0.32300720000000005,-0.06275026
286,-0.35408490000000004,-0.05957944000000002,-0.3008514,-0.06462706,-0.32391810000000004,-0.062481680000000005
287,-0.3572040909090909,-0.06169961818181819,-0.3000611818181818,-0.06452386363636364,-0.3263117272727273,-0.06329068181818182
288,-0.3633497,-0.06424255999999999,-0.30158700000000005,-0.06479799999999998,-0.33271330000000005,-0.06455843000000001
289,-0.3656602727272728,-0.06441150909090908,-0.30606781818181816,-0.0649733,-0.3359612727272727,-0.06472501818181818
290,-0.365477,-0.06141968,-0.310542,-0.06239774,-0.3367812,-0.06196440000000001
291,-0.3639096363636364,-0.06180087272727273,-0.3119519090909092,-0.062029745454545454,-0.3366532727272727,-0.06194513636363636
292,-0.36549069999999995,-0.06228332000000001,-0.31178870000000003,-0.06474458000000001,-0.33640590000000004,-0.06364442000000001
293,-0.3553208,-0.0586502,-0.30528550000000004,-0.06528624000000001,-0.32518759999999997,-0.06274262
294,-0.3580044545454545,-0.05942048181818182,-0.30374581818181823,-0.06708318181818182,-0.3275673636363637,-0.0637748181818182
295,-0.3593611,-0.05980682999999999,-0.30347139999999995,-0.06650696000000002,-0.33099049999999997,-0.06325531
296,-0.3602114545454546,-0.06097965454545454,-0.3025625454545454,-0.06603725454545453,-0.3308938181818182,-0.0636000181818182
297,-0.360997,-0.060319519999999995,-0.30220630000000004,-0.06351014,-0.32927549999999994,-0.06208494
298,-0.35774363636363643,-0.05990879090909092,-0.3021767272727272,-0.06554621818181817,-0.3264147272727273,-0.06312420909090909
299,-0.35683000000000004,-0.061950689999999996,-0.30239859999999996,-0.06444853999999998,-0.32914600000000005,-0.06327667000000001
300,-0.35620254545454544,-0.06268725454545454,-0.3018937272727273,-0.06513978181818182,-0.3298144545454545,-0.06391769090909091
301,-0.36393139999999996,-0.08302769000000002,-0.3069033,-0.09484561,-0.3359679,-0.08856052
302,-0.36298990909090906,-0.22862672727272726,-0.30986990909090906,-0.20258818181818183,-0.3234226363636364,-0.20905227272727273
303,-0.3485809000000001,-0.24606150000000002,-0.31368419999999997,-0.2115143,-0.3189058,-0.21665950000000006
304,-0.3513584545454545,-0.24759754545454546,-0.31321709090909094,-0.21093054545454545,-0.32307581818181824,-0.22037581818181817
305,-0.35287480000000004,-0.2434876,-0.3155274,-0.21248779999999998,-0.329956,-0.2244232
306,-0.35256654545454547,-0.2421057272727273,-0.3159512727272728,-0.2122135454545455,-0.33254590909090903,-0.225755
307,-0.3571289999999999,-0.22586380000000003,-0.3176024,-0.2119354,-0.33293439999999996,-0.217395
308,-0.351764,-0.22868490000000002,-0.3182341,-0.2106843,-0.33405310000000005,-0.21917599999999998
309,-0.3517638181818182,-0.23006518181818184,-0.3160012727272727,-0.2075250909090909,-0.3331088181818182,-0.21831581818181814
310,-0.3505813,-0.2355315,-0.315259,-0.20796969999999998,-0.33218679999999995,-0.22117019999999998
311,-0.34986259999999997,-0.23611450000000006,-0.314412,-0.20976699999999998,-0.331752,-0.2226301
312,-0.35015300000000005,-0.23373127272727273,-0.3135542727272727,-0.21064890909090908,-0.3304595454545455,-0.2213342727272727
313,-0.35244327272727277,-0.23403363636363636,-0.31507472727272723,-0.21174218181818183,-0.3317996363636364,-0.22172154545454548
314,-0.3673033999999999,-0.22585139999999998,-0.31478280000000003,-0.21112380000000003,-0.3370546,-0.21744080000000002
315,-0.3671037,-0.2274934,-0.3141252,-0.20916320000000002,-0.33957509999999996,-0.2180207
316,-0.3662442727272728,-0.2276610909090909,-0.315273,-0.20919245454545454,-0.3404805454545454,-0.2183685454545455
317,-0.36168209999999995,-0.22881490000000002,-0.3161227,-0.20946349999999997,-0.3368072,-0.21823270000000003
318,-0.3556838181818182,-0.23224290909090908,-0.3168613636363636,-0.20952963636363633,-0.33222836363636365,-0.2185239090909091
319,-0.34972070000000005,-0.23242669999999999,-0.31538540000000004,-0.21015010000000003,-0.33131420000000006,-0.2204938
320,-0.34998663636363636,-0.2322637272727273,-0.3145933636363636,-0.21000254545454544,-0.3307522727272727,-0.22017736363636364
321,-0.3515380999999999,-0.2321961,-0.3148377000000001,-0.20929250000000002,-0.33163879999999996,-0.21977549999999998
322,-0.3509674545454546,-0.23139827272727273,-0.3151160909090909,-0.20841827272727276,-0.33085618181818177,-0.21851700000000002
323,-0.3523164,-0.22969660000000003,-0.31626579999999993,-0.20794959999999998,-0.3314728,-0.2171052
324,-0.353572,-0.22756049999999997,-0.31746979999999997,-0.20790999999999998,-0.33369740000000003,-0.21674969999999996
325,-0.3526015454545454,-0.22969327272727272,-0.3174354545454546,-0.20780927272727273,-0.3328551818181818,-0.21737254545454546
326,-0.35269779999999995,-0.23117229999999997,-0.31748519999999997,-0.20737440000000001,-0.3325837,-0.2175721
327,-0.3517414545454546,-0.23322781818181823,-0.3176797272727273,-0.2083574545454546,-0.3315263636363637,-0.21849609090909086
328,-0.35264740000000006,-0.23375859999999998,-0.31805110000000003,-0.20831150000000004,-0.3313018999999999,-0.2180467
329,-0.3533200909090909,-0.23357745454545453,-0.31805136363636366,-0.20899563636363636,-0.3339635454545455,-0.22007054545454546
330,-0.3530243999999999,-0.23283399999999999,-0.3180784,-0.20764139999999998,-0.33457359999999997,-0.21952180000000002
331,-0.35322999999999993,-0.23301136363636366,-0.3175963636363636,-0.2071727272727273,-0.333918,-0.21899845454545455
332,-0.35049739999999996,-0.2299652,-0.31815480000000007,-0.2071504,-0.33313899999999996,-0.2177276
333,-0.3510283636363636,-0.23076854545454548,-0.3182843636363637,-0.20839472727272731,-0.3338373636363636,-0.21901072727272727
334,-0.35048219999999997,-0.23216540000000002,-0.31846320000000006,-0.2093992,-0.3341096,-0.2205202
335,-0.35192389999999996,-0.2325607,-0.31841289999999994,-0.20908829999999998,-0.335628,-0.22114099999999998
336,-0.3601923636363637,-0.23030918181818186,-0.3165143636363636,-0.20675927272727276,-0.33911972727272727,-0.2189971818181818
337,-0.3671154545454545,-0.22913672727272727,-0.3178128181818182,-0.2038811818181818,-0.3427971818181818,-0.21671081818181814
338,-0.36762680000000003,-0.22905280000000006,-0.32302879999999995,-0.2029722,-0.3471926000000001,-0.217111
339,-0.3599366,-0.2287674,-0.3226789,-0.2022735,-0.34168999999999994,-0.2157622
340,-0.35337,-0.22867936363636365,-0.31705018181818184,-0.2033650909090909,-0.3341133636363636,-0.21525009090909097
341,-0.3522964,-0.22871239999999998,-0.31310419999999994,-0.20397349999999997,-0.3322418,-0.216049
342,-0.3526528181818182,-0.22901209090909092,-0.3091529090909091,-0.20638636363636362,-0.3314306363636364,-0.21798145454545456
343,-0.35246259999999996,-0.22884220000000002,-0.30683900000000003,-0.20715319999999998,-0.3294186,-0.2179166
344,-0.35034727272727273,-0.2299999090909091,-0.3062477272727273,-0.20765536363636364,-0.3281126363636364,-0.21875409090909093
345,-0.34616099999999994,-0.23276680000000005,-0.3064329999999999,-0.20743119999999998,-0.32629400000000003,-0.22010820000000003
346,-0.35616440000000005,-0.2300382,-0.3069276,-0.20760800000000001,-0.3317442,-0.21894819999999998
347,-0.35764690909090907,-0.22828536363636365,-0.30742309090909087,-0.20847518181818184,-0.33136254545454547,-0.2179508181818182
348,-0.3550414,-0.2295318,-0.30753199999999997,-0.20864559999999996,-0.32951359999999996,-0.218347
349,-0.3507927272727273,-0.23252890909090904,-0.30300499999999997,-0.20769809090909092,-0.32583354545454546,-0.21958099999999997
350,-0.3495483999999999,-0.23358159999999994,-0.30167239999999995,-0.2078554,-0.324353,-0.22005919999999998
351,-0.24438745454545446,-0.23112772727272726,-0.22885554545454545,-0.21370781818181817,-0.23635299999999998,-0.2198762727272727
352,-0.017800904,-0.219107,-0.011163322,-0.2111146,-0.014224246000000001,-0.21515199999999995
353,-0.008404819090909088,-0.2196490909090909,0.006884490000000001,-0.2094409090909091,-0.004898069090909091,-0.21755281818181818
354,-0.0026092540000000005,-0.221936,0.007769776000000001,-0.2098174,0.002731322,-0.21568
355,-0.000698852,-0.2224152,0.009320066000000002,-0.2096406,0.00505066,-0.2150512
356,0.00104592,-0.22583690909090912,0.00886397090909091,-0.20994581818181815,0.00551397090909091,-0.21683281818181818
357,-0.0006347649999999999,-0.23369439999999994,0.010174562000000002,-0.21027839999999998,0.00479126,-0.22193899999999997
358,-9.293945454545444e-05,-0.23303090909090907,0.005294808181818183,-0.20810900000000004,0.002704968181818182,-0.21998299999999996
359,0.002276612,-0.2290498,0.0030670159999999997,-0.20706180000000002,0.002679444,-0.21822179999999997
360,0.0018920909090909092,-0.2256300909090909,-0.0011014083636363638,-0.20498654545454545,0.00046192363636363663,-0.21587299999999995
361,0.0012115466,-0.2224914,-0.005001832,-0.19965519999999998,-0.0019592282000000004,-0.2108336
362,-0.00044527914545454547,-0.22132845454545455,-0.00698575,-0.19828254545454546,-0.003724532727272727,-0.20979027272727271
363,-0.0011444086000000002,-0.22109680000000004,-0.006695558000000002,-0.1986022,-0.003866575999999999,-0.21008600000000005
364,0.0003759205454545454,-0.2211662727272727,-0.004099065454545455,-0.1987402727272727,-0.0018171800000000003,-0.21021627272727275
365,-0.00021362309999999998,-0.2211532,-0.004374693999999999,-0.19739069999999997,-0.002323914,-0.20912950000000002
366,0.000961304,-0.22108440000000001,-0.004785154,-0.19787300000000002,-0.001950072,-0.2093232
367,0.00047857127272727274,-0.21904945454545457,-0.005630493636363637,-0.19692990909090913,-0.002750744545454546,-0.2073768181818182
368,-0.001797764,-0.2183741818181818,0.00024968890909090913,-0.200922,-0.0007504549090909091,-0.20928827272727277
369,-0.0032043459999999994,-0.21886290000000003,0.001296997,-0.20052029999999998,-0.0009277348,-0.209619
370,-0.0033081060000000003,-0.22037040000000002,0.0015350334,-0.19974660000000002,-0.0009674085999999997,-0.210501
371,-0.002424760000000001,-0.22101927272727273,0.005085337272727273,-0.20120927272727274,0.001266478909090909,-0.2112789090909091
372,-0.0020172100000000006,-0.2206788,0.004983518,-0.20189200000000002,0.0015930179999999999,-0.2109802
373,-0.000603415,-0.22161863636363632,0.004112938181818181,-0.201896,0.0018296681818181816,-0.21138854545454547
374,-0.00041809099999999994,-0.2218048,0.002484132,-0.2019286,0.0010986334,-0.21139819999999995
375,-0.001536977272727273,-0.22340527272727273,0.0029144272727272724,-0.2017351818181818,0.000690807,-0.21252990909090916
376,-0.001768493,-0.22470399999999996,0.0035766610000000005,-0.2019637,0.000875855,-0.2134216
377,-0.0028167730000000003,-0.22388470000000002,0.0037841819999999997,-0.2008043,0.0006210326000000001,-0.21185460000000003
378,-0.004019997272727272,-0.22141072727272723,0.003770307272727273,-0.20094,0.0001636852181818182,-0.210398
379,-0.004554748,-0.21983329999999998,0.004640198,-0.20215750000000005,0.0002349857,-0.21064320000000003
380,-0.0033222536363636365,-0.2208460909090909,0.0054029990909090905,-0.20333863636363636,0.0010778259999999998,-0.21201518181818182
381,-0.0031646739999999993,-0.22126759999999995,0.004393007,-0.2042162,0.0006301883999999999,-0.2126982
382,-0.003583038181818182,-0.22107763636363637,4.577634545454545e-05,-0.20392799999999997,-0.0015785909090909093,-0.21161845454545458
383,-0.002795413,-0.22096699999999997,0.00033111554,-0.2031141,-0.0010314940000000002,-0.21092850000000002
384,-0.0035053581818181817,-0.22182790909090908,0.0007823593272727274,-0.204132,-0.001331674090909091,-0.2128961818181818
385,-0.003697206,-0.22511919999999996,0.003533934,-0.2017823,0.00010376000000000005,-0.2128526
386,-0.005068972,-0.22581479999999998,0.0038787840000000006,-0.1999908,-0.00043640144,-0.21249100000000004
387,-0.005135276363636364,-0.22655418181818182,0.0024289227272727277,-0.19993036363636366,-0.0012359623636363634,-0.21289500000000003
388,-0.0047024809090909095,-0.22723527272727273,0.0015272654545454545,-0.20101109090909086,-0.0014870363636363638,-0.21375618181818182
389,-0.003623963,-0.22667669999999998,0.0019241330000000002,-0.20225999999999997,-0.000761414,-0.21412670000000006
390,-0.0040817250000000005,-0.22457270000000001,0.0029876700000000004,-0.2016829,-0.0005310057000000001,-0.21308580000000005
391,-0.0055001,-0.22348136363636362,0.003796666363636364,-0.20062527272727274,-0.0009432697272727272,-0.212308
392,-0.006092835,-0.22299189999999994,0.004476929,-0.200061,-0.0009979239,-0.21197230000000006
393,-0.005977282727272728,-0.22265636363636362,0.00404219,-0.2002393636363637,-0.0009862733636363638,-0.21152863636363636
394,-0.0053207409999999995,-0.2225189,0.005101014000000001,-0.1998352,0.00023498534,-0.21043100000000003
395,-0.005129729090909091,-0.22360936363636358,0.005790018181818182,-0.20096099999999997,0.0007879084545454545,-0.21134399999999998
396,-0.005014037999999999,-0.22433160000000002,0.005912779,-0.20137330000000003,0.0009460456,-0.21181030000000006
397,0.000617288181818182,-0.22812290909090913,0.010327409454545454,-0.20153954545454544,0.005262897272727273,-0.21542790909090917
398,0.001298526,-0.2294675,0.013948080000000002,-0.2005571,0.006004337,-0.21880490000000002
399,-0.0034637472727272727,-0.228395,0.014082481818181818,-0.2006155454545455,0.004832875454545455,-0.2152833636363636
400,-0.004116821,-0.2282149,0.014231869999999999,-0.20136260000000003,0.0050613410000000005,-0.21481000000000003
401,-0.004202273,-0.23061349999999997,0.01336976,-0.20240629999999998,0.005322267,-0.21535479999999999
402,0.045326213000000004,-0.23406509999999997,0.05612184,-0.2057893,0.05059521299999999,-0.21971440000000003
403,0.2750452727272727,-0.2195740909090909,0.277578,-0.20240927272727272,0.2778016363636364,-0.2129698181818182
404,0.3001951,-0.2326507,0.33626720000000004,-0.19997099999999998,0.3125244,-0.2209794
405,0.3298603636363636,-0.23203354545454546,0.3429413636363636,-0.1976680909090909,0.3385553636363636,-0.2119932727272727
406,0.3365357000000001,-0.2290743,0.34819330000000004,-0.1985198,0.3404419000000001,-0.2188522
407,0.3336054545454546,-0.22891509090909087,0.3545796363636363,-0.19900363636363638,0.343005,-0.2157884545454545
408,0.33766640000000003,-0.22686439999999997,0.3446455999999999,-0.1947752,0.3407943,-0.21302950000000004
409,0.3355114545454545,-0.22495636363636365,0.3404319999999999,-0.192333,0.3379337272727272,-0.20938936363636362
410,0.3345321,-0.22681419999999997,0.33949419999999997,-0.19146419999999997,0.3371002,-0.2089845
411,0.33530289999999996,-0.22593969999999994,0.3396791,-0.19225940000000002,0.33766489999999993,-0.20827779999999999
412,0.3343146363636364,-0.22385072727272728,0.3267626363636364,-0.19061981818181817,0.33056509090909086,-0.20710345454545454
413,0.3359024,-0.22160029999999997,0.328006,-0.1914475,0.3321778,-0.20723129999999998
414,0.3352204545454545,-0.21989436363636364,0.3294484545454545,-0.19162118181818186,0.3325125454545455,-0.20640590909090906
415,0.3352583999999999,-0.21774430000000003,0.332176,-0.19228079999999995,0.33378450000000004,-0.20533150000000006
416,0.333183909090909,-0.2185363636363636,0.3340549090909091,-0.19315254545454544,0.3336389090909091,-0.2060711818181818
417,0.33121949999999994,-0.219699,0.3346984,-0.1948316,0.33294229999999997,-0.20759290000000002
418,0.3312517272727273,-0.2218170909090909,0.3352105454545455,-0.1947229090909091,0.3331896363636364,-0.2088190909090909
419,0.33067940000000007,-0.2205568,0.33620449999999996,-0.19486969999999998,0.33329909999999996,-0.20850850000000004
420,0.3308162727272728,-0.22060772727272726,0.33666863636363636,-0.19645845454545452,0.333614,-0.20918554545454546
421,0.3309587,-0.22011560000000002,0.3360292,-0.195996,0.33316629999999997,-0.20970750000000002
422,0.3325997272727273,-0.22046736363636363,0.33391909090909094,-0.19586045454545456,0.333220090909091,-0.20912163636363637
423,0.33226030000000006,-0.22058869999999997,0.33339230000000003,-0.1942048,0.3328676,-0.20748599999999998
424,0.3318421,-0.2213012,0.3331923,-0.19467930000000003,0.3325561,-0.20786450000000004
425,0.3303791818181818,-0.22107081818181815,0.3342632727272727,-0.19378936363636362,0.33229899999999996,-0.2077735454545455
426,0.3296418,-0.22108319999999998,0.3350296,-0.1941697,0.33226769999999994,-0.2081756
427,0.3280541818181818,-0.2214174545454546,0.3351704545454546,-0.19074036363636362,0.3316512727272727,-0.20616563636363638
428,0.32720669999999996,-0.2230146,0.333745,-0.19001910000000002,0.3307082,-0.20561970000000002
429,0.32840430000000004,-0.2226317,0.33288260000000003,-0.1890425,0.33073430000000004,-0.2055755
430,0.3290337272727272,-0.2224631818181818,0.3338484545454546,-0.18940300000000002,0.33152927272727273,-0.20566090909090906
431,0.3282059,-0.2224578,0.33411539999999995,-0.1899109,0.3313338,-0.2055252
432,0.32898490909090916,-0.22233027272727277,0.33368481818181817,-0.19010509090909092,0.33135136363636364,-0.2064581818181818
433,0.32855670000000003,-0.22090899999999997,0.3344743,-0.18883819999999996,0.3313416,-0.2059827
434,0.32643136363636366,-0.22101809090909086,0.33719136363636365,-0.18834481818181817,0.33144318181818183,-0.20600609090909092
435,0.32682329999999993,-0.2210433,0.33798380000000006,-0.18981920000000002,0.33222339999999995,-0.20608519999999997
436,0.32749127272727274,-0.22124690909090905,0.336214909090909,-0.18806590909090912,0.33181618181818184,-0.20499481818181817
437,0.3283082,-0.2195112,0.3362746,-0.18605639999999996,0.3322478,-0.20320710000000003
438,0.3285887,-0.2169466,0.3369078,-0.1844513,0.33274839999999994,-0.20095670000000002
439,0.3282568181818182,-0.21401563636363638,0.33936909090909095,-0.1826227272727273,0.33412309090909087,-0.19759972727272726
440,0.3275726,-0.20933980000000005,0.34000550000000007,-0.18101360000000002,0.33405179999999995,-0.1946913
441,0.32598463636363634,-0.20540272727272726,0.3404515454545455,-0.18026727272727272,0.3331215454545454,-0.19307645454545455
442,0.32579030000000003,-0.2055955,0.3399796,-0.18097539999999998,0.33233039999999997,-0.19433440000000005
443,0.3267391818181818,-0.20733790909090913,0.34096200000000004,-0.18009263636363634,0.33341145454545457,-0.19465345454545455
444,0.3281817,-0.20755779999999996,0.34074699999999997,-0.18012219999999998,0.3342148,-0.1944963
445,0.32617318181818183,-0.20744445454545454,0.34030018181818183,-0.1824118181818182,0.33275254545454547,-0.19585209090909092
446,0.3242937,-0.2120726,0.3381259,-0.1806473,0.3302566,-0.19859000000000004
447,0.32136518181818186,-0.20357154545454545,0.3344783636363637,-0.16808945454545454,0.32744245454545456,-0.18815463636363638
448,0.3271512,-0.21215669999999998,0.3425325,-0.14461210000000002,0.3292465,-0.17661600000000002
449,0.33267979999999997,-0.23068829999999996,0.3346695,-0.1579437,0.3373765,-0.2057877
450,0.3191733636363636,-0.17556909090909092,0.3398481818181818,-0.1440539090909091,0.3346932727272727,-0.1558157272727273
451,0.3210113,-0.15778810000000004,0.33616,-0.13147139,0.3225313,-0.15517569999999997
452,0.2895353636363636,-0.06522439999999997,0.3212156363636364,-0.026618263636363635,0.29383427272727275,-0.06042752727272726
453,0.3046172,-0.061558539999999995,0.3417906,-0.02091676,0.32558590000000004,-0.04045259
454,0.30507309090909085,-0.05757558181818183,0.34544772727272727,-0.01736172727272727,0.3260358181818182,-0.037230072727272724
455,0.3072403,-0.058372489999999985,0.34952839999999996,-0.013417040000000002,0.32455770000000006,-0.04013823000000001
456,0.30628629999999996,-0.061961350000000005,0.3518799,-0.023114009999999997,0.32431179999999993,-0.04665221
457,0.30072299999999996,-0.07363476363636362,0.35265827272727274,-0.023984054545454547,0.32075354545454543,-0.054755454545454545
458,0.3001939,-0.07311553000000001,0.3537582,-0.0272766,0.3242903,-0.05271758000000001
459,0.3006467,-0.07315063,0.3534743,-0.026679980000000002,0.32623290000000005,-0.05085602
460,0.3041478181818182,-0.07253058181818182,0.35342118181818183,-0.026783345454545457,0.3284259090909092,-0.05020140909090909
461,0.3050474,-0.07189786000000001,0.3534319,-0.02525024,0.32946010000000003,-0.04857484999999999
462,0.3058596363636364,-0.07165666363636364,0.35300627272727264,-0.02539616363636363,0.3311571818181818,-0.047042854545454545
463,0.30620580000000003,-0.07191009,0.3520386,-0.026144409999999996,0.33096900000000007,-0.04738616999999999
464,0.30809990909090906,-0.07063987272727272,0.3515361818181818,-0.026505909090909094,0.32721236363636363,-0.051404090909090906
465,0.309195,-0.06759185999999999,0.3529709,-0.025579829999999998,0.32630469999999995,-0.051333609999999995
466,0.3087171818181818,-0.07027369090909091,0.35366563636363635,-0.02374821818181818,0.328813,-0.0496618
467,0.3039384,-0.07081298,0.35248710000000005,-0.023492429999999998,0.3283598,-0.04726867
468,0.2998699090909091,-0.0705747,0.35093972727272726,-0.024593018181818183,0.3263173636363636,-0.04697627272727272
469,0.29946439999999996,-0.07309722999999999,0.3501601,-0.025709540000000003,0.32603289999999996,-0.048486339999999996
470,0.29819190000000007,-0.07536621,0.350583,-0.027047730000000002,0.3253357,-0.050564569999999996
471,0.29795400000000005,-0.07445318181818182,0.34891154545454545,-0.026615481818181817,0.32341272727272724,-0.05074379090909091
472,0.29836889999999994,-0.07160034000000001,0.3494736,-0.02603759,0.3222747,-0.05048980999999999
473,0.2990862727272727,-0.07298000909090908,0.35088827272727274,-0.027961045454545454,0.3247083636363637,-0.050933863636363645
474,0.2991973,-0.07418670000000001,0.35054009999999997,-0.03135681,0.3256424,-0.05231473999999999
475,0.29768509090909095,-0.0760692090909091,0.3506067272727273,-0.031173718181818185,0.32409936363636366,-0.05386629999999999
476,0.29783180000000004,-0.07818148,0.35123750000000004,-0.02953034,0.32190529999999995,-0.05648344999999999
477,0.2975021818181819,-0.07780454545454546,0.35309554545454547,-0.02519365454545455,0.3226041818181818,-0.054340736363636365
478,0.29851679999999997,-0.07742158,0.35185089999999997,-0.0280075,0.3238997,-0.05416718999999999
479,0.30305480000000007,-0.07409058000000002,0.355252,-0.03744508,0.327057,-0.05718994000000001
480,0.3012737272727273,-0.07205477272727273,0.36330081818181814,-0.027920818181818182,0.31843727272727274,-0.060058590909090916
481,0.30094,-0.07176512,0.3632842,-0.027667220000000003,0.3259338,-0.054290780000000004
482,0.3024016363636363,-0.06957314545454546,0.3629264545454545,-0.029744936363636364,0.3292624545454546,-0.05207826363636365
483,0.3033112,-0.06917116000000001,0.361615,-0.03383484,0.33045660000000004,-0.05287169999999999
484,0.3031754545454545,-0.06991437272727273,0.3615682727272727,-0.03451956363636363,0.33188554545454546,-0.05267612727272728
485,0.30230399999999996,-0.07180478,0.3606414,-0.03435976,0.3299408,-0.054235839999999993
486,0.3023207,-0.0725586,0.35753169999999995,-0.0301941,0.32767300000000005,-0.05330353000000001
487,0.3009890909090909,-0.07398293636363636,0.35605418181818177,-0.029036081818181826,0.32511918181818183,-0.05450718181818182
488,0.3002791818181818,-0.07504411818181816,0.3546157272727272,-0.0289584,0.3220256363636364,-0.05681679090909091
489,0.3002382,-0.07522886,0.3527468000000001,-0.03039858,0.32083419999999996,-0.057836900000000004
490,0.3019256,-0.07543945999999999,0.35176379999999996,-0.028414900000000003,0.32166759999999994,-0.05701599999999999
491,0.3014790909090909,-0.07527854545454547,0.34901027272727275,-0.02655861818181818,0.32170945454545463,-0.05475410909090908
492,0.301254,-0.074057,0.3472472,-0.02592468,0.3221436000000001,-0.0524231
493,0.301296,-0.07442544545454545,0.34830945454545464,-0.025201963636363633,0.32166927272727275,-0.05332531818181818
494,0.2997312,-0.07457582000000001,0.34931959999999995,-0.02568054,0.3212676,-0.05361938000000001
495,0.29922754545454544,-0.07316035454545454,0.35246281818181824,-0.026324172727272725,0.322611,-0.05279263636363636
496,0.29932259999999994,-0.07344665999999998,0.35301220000000005,-0.0282196,0.321808,-0.054693599999999995
497,0.29993936363636364,-0.07316589090909091,0.35195372727272733,-0.028223209090909085,0.3216898181818182,-0.05449190000000001
498,0.30037539999999996,-0.07413940000000001,0.35012499999999996,-0.02514342,0.3233184,-0.05178832
499,0.29963990909090904,-0.07381091818181819,0.3522728181818182,-0.026324190909090908,0.32457554545454553,-0.05155389090909091
500,0.29971319999999996,-0.07107238000000002,0.35310359999999996,-0.02927856,0.3250214,-0.05144348
501,0.29660359999999997,-0.005126972000000002,0.35487360000000007,0.044656303999999994,0.3103516,0.006622314000000004
502,0.2860285454545454,0.07172739999999998,0.35353490909090907,0.09190091818181818,0.32305336363636367,0.08312158181818181
503,0.29060660000000005,0.0756195,0.35818479999999997,0.10079637999999999,0.3294066,0.08976746
504,0.2909574545454545,0.07462658181818184,0.3580543636363636,0.09547561818181817,0.32322554545454546,0.08463771818181817
505,0.292035,0.07502746000000002,0.3563446,0.09588011999999999,0.32386780000000004,0.08533933999999999
506,0.2919659090909091,0.08281499090909092,0.3568672727272727,0.10799747272727274,0.32153590909090907,0.09408990909090909
507,0.2923036,0.08268736000000002,0.357254,0.1157594,0.31728839999999997,0.09528506
508,0.2917452727272727,0.08579738181818182,0.35501254545454547,0.11391818181818181,0.3208119090909091,0.09869386363636362
509,0.2929656,0.08717040000000001,0.35170599999999996,0.11406859999999999,0.31888740000000004,0.09901428
510,0.2945375454545454,0.08802517272727273,0.34788800000000003,0.11322590909090909,0.3202889090909091,0.10016274545454545
511,0.2965578000000001,0.08785400000000002,0.34830640000000007,0.1134706,0.3222536,0.10054339999999999
512,0.2955864545454545,0.08592915454545456,0.3483555454545455,0.11232681818181814,0.32144681818181814,0.0988297909090909
513,0.2937836,0.08531494,0.34742740000000005,0.11213699999999997,0.3194854,0.09812928000000001
514,0.2939811818181818,0.08469874545454545,0.34585281818181823,0.11463372727272728,0.3190581818181818,0.09913907272727274
515,0.295053,0.08444824000000002,0.34456459999999994,0.11632699999999999,0.3197816,0.1003174
516,0.29547681818181815,0.08426873636363637,0.34388036363636365,0.11856627272727273,0.318867,0.10078000000000001
517,0.2955384,0.08464965999999999,0.34282830000000003,0.11992340000000001,0.31999649999999996,0.1028413
518,0.2945738,0.082547,0.3444398,0.11910699999999999,0.320984,0.10184320000000002
519,0.29293572727272726,0.08104775454545456,0.34507481818181823,0.1191199090909091,0.31787536363636365,0.09918072727272728
520,0.2937622,0.08131103999999999,0.3473268,0.11929000000000001,0.31908879999999995,0.09918518000000001
521,0.29399,0.08209504545454546,0.3457658181818182,0.11790618181818183,0.31774190909090905,0.09847885454545455
522,0.29358819999999997,0.08261718000000001,0.3456878,0.11564920000000001,0.3162416,0.09692381999999998
523,0.2915857272727273,0.08194245454545455,0.34545345454545456,0.11471145454545456,0.316853,0.09726369090909091
524,0.29079889999999997,0.08310851999999999,0.34473590000000004,0.11377100000000002,0.3178299,0.09842377
525,0.2900431818181819,0.08282332727272727,0.3437761818181818,0.11329372727272728,0.31856463636363636,0.0989574090909091
526,0.2909453,0.08245238,0.3451676000000001,0.1137087,0.3181472,0.09808348
527,0.29039009090909096,0.08268877272727275,0.34540200000000004,0.11441599999999999,0.3176214545454546,0.09834566363636364
528,0.2898896000000001,0.08266753,0.34799209999999997,0.1153899,0.318924,0.09896852
529,0.289142,0.08301085999999999,0.3469422,0.11538399999999997,0.31723939999999995,0.09871218
530,0.289566,0.08325195454545455,0.34862999999999994,0.11549363636363635,0.31854790909090913,0.09902260909090908
531,0.29039319999999996,0.08393250000000001,0.346744,0.11526500000000002,0.3180144,0.09924316
532,0.29058154545454545,0.08548113636363636,0.34895736363636365,0.11543418181818182,0.31861581818181817,0.0998217090909091
533,0.2895022,0.08517151999999999,0.3489044,0.11467450000000001,0.31957850000000004,0.10008089999999999
534,0.28929818181818184,0.08458779090909091,0.35176945454545455,0.11547445454545452,0.32085790909090905,0.10015588181818182
535,0.28843830000000004,0.08435823,0.3515137,0.11672189999999998,0.3193328,0.10016183000000001
536,0.2893828181818182,0.08524530909090909,0.3503918181818182,0.11724572727272728,0.32007536363636374,0.10130145454545456
537,0.2892305,0.08696899,0.3481018000000001,0.11655270000000002,0.31778120000000004,0.1012772
538,0.28687781818181823,0.08671291818181819,0.33528981818181813,0.11299690909090908,0.30992390909090906,0.09918779999999999
539,0.2865664,0.08636781999999998,0.309152,0.10191020000000002,0.29673920000000004,0.09335328000000001
540,0.28569181818181816,0.08524669090909091,0.30883800000000006,0.10140854545454547,0.29697490909090907,0.09312437272727273
541,0.28595,0.08546953333333333,0.30904133333333333,0.10249333333333333,0.29751600000000006,0.09398903333333335
