0,0.101761,-0.273026,0.158981,-0.243027,0.128723,-0.259048
1,0.015032960000000001,-0.22558900000000004,0.07653807999999998,-0.1616578,0.04917298,-0.190335
2,0.1146561777777778,-0.17211566666666664,0.16740933333333333,-0.076533,0.1187695777777778,-0.16568666666666665
3,0.2006926,-0.1170684,0.23174140000000004,-0.042886360000000005,0.20169980000000004,-0.11273200000000001
4,0.17759,-0.1416971818181818,0.23039818181818184,-0.04382049090909092,0.21712690909090912,-0.07379698181818181
5,0.18970489999999998,-0.12962469999999998,0.21689790000000003,-0.039727790000000006,0.21387210000000004,-0.050407429999999996
6,0.2221924,-0.13251636,0.2554932,-0.042922959999999996,0.2526428,-0.052337640000000005
7,0.27555163636363633,-0.11241816363636364,0.2830352727272727,-0.04518683636363637,0.28277863636363637,-0.047611572727272726
8,0.2790862,-0.10552229999999999,0.28925470000000003,-0.039144899999999996,0.28706210000000004,-0.05312804
9,0.16558839,-0.1442535,0.18376461000000005,-0.0503357,0.17293237999999997,-0.12028506000000001
10,-0.0032211383999999994,-0.19316260000000002,0.03891905,-0.10283487,0.017868031,-0.14818869999999998
11,-0.02198792,-0.19116819999999998,0.026934819999999998,-0.11387619999999998,-0.012866206,-0.1747986
12,-0.010288576363636363,-0.20237463636363637,0.025267172727272733,-0.11513609090909092,0.010492498181818181,-0.14820163636363634
13,-0.0008468544799999991,-0.2048461,0.019511419999999998,-0.11974769999999998,0.014421099999999997,-0.1391802
14,-0.006515503000000001,-0.20008089999999998,0.02115479,-0.11871789000000002,0.007495117,-0.15816650000000002
15,-0.0026367158,-0.18273460000000002,0.03805388999999999,-0.0925644,0.0023132359999999998,-0.17183679999999998
16,-0.009640789090909091,-0.18191681818181815,0.03884193636363636,-0.09947343636363636,0.004817608181818181,-0.15589345454545453
17,0.0037918099999999996,-0.17352460000000003,0.04365539,-0.10563490000000002,0.026098629999999994,-0.1358291
18,0.0027725224,-0.17420190000000005,0.04343718,-0.10972580000000001,0.025024399999999995,-0.1390957
19,-0.0008850103636363637,-0.17362963636363637,0.040316481818181815,-0.1104348181818182,0.02063819090909091,-0.14074727272727275
20,-0.0025619510000000002,-0.1758867,0.041093450000000004,-0.11016540000000001,0.01907043,-0.1434569
21,-0.003356934,-0.1726428,0.04337465,-0.1116258,0.021690370000000004,-0.1400497
22,-0.004689026000000001,-0.1718537,0.04467163,-0.11370240000000001,0.021482850000000005,-0.1411393
23,-0.008259576000000001,-0.16222379999999997,0.04191132000000001,-0.09586032999999998,0.010789492000000001,-0.138626
24,-0.005384967272727273,-0.1450042727272727,0.03717319090909091,-0.0807592090909091,0.0070606690909090905,-0.1261901818181818
25,-0.006404115,-0.146855,0.036239610000000005,-0.08257141000000001,0.01656037,-0.11233849999999998
26,-0.005871584000000001,-0.1496811,0.03615876,-0.0835312,0.01601562,-0.1153456
27,-0.005619396363636364,-0.15235045454545454,0.036827790909090906,-0.08484300909090908,0.015348972727272729,-0.11909899999999998
28,-0.007450867,-0.151657,0.03901521000000001,-0.08652189999999998,0.01387329,-0.12179720000000001
29,-0.009475708,-0.1515501,0.038038630000000004,-0.08840179000000001,0.012254329999999999,-0.12276619999999998
30,-0.009777831,-0.15149390000000001,0.03728943,-0.09078824999999999,0.013035590000000003,-0.1221908
31,-0.009361257000000001,-0.1515031,0.0386963,-0.08878781000000001,0.01444701,-0.12053520000000002
32,-0.009554775454545455,-0.15184572727272727,0.04151224545454545,-0.08584039090909092,0.0154086,-0.1196899090909091
33,-0.015284729000000002,-0.1562623,0.039466860000000006,-0.08923338,0.010717776000000002,-0.12454689999999999
34,-0.01664125,-0.1581437,0.03654025,-0.09201506000000001,0.009208684,-0.12611239999999999
35,-0.0149092,-0.1567992727272727,0.037078845454545456,-0.09176079999999999,0.011266536363636365,-0.12415390909090909
36,-0.012988273,-0.1568082,0.036991869999999996,-0.09197235000000001,0.013359059999999997,-0.12273270000000003
37,-0.009182738,-0.1555832,0.038603200000000004,-0.09104156999999999,0.015109250000000001,-0.12287
38,-0.009411621,-0.156238,0.042346190000000006,-0.08961943000000001,0.016037000000000003,-0.12359920000000002
39,-0.009735106000000002,-0.15598279999999998,0.04207609999999999,-0.09083097,0.01631471,-0.12333819999999998
40,-0.009060668999999999,-0.1559924,0.038381939999999996,-0.09309539,0.01501008,-0.1241729
41,-0.009013783636363638,-0.15659963636363636,0.03749223636363637,-0.09314383636363636,0.01534201818181818,-0.12347963636363636
42,-0.008321128888888888,-0.15422744444444444,0.0381436,-0.09245808888888889,0.017354333333333333,-0.12020722222222223
43,-0.013044744,-0.1505526,0.0379944,-0.09328308,0.014916980000000002,-0.11915880000000001
44,-0.01681825,-0.15716880000000003,0.03761445,-0.09346159000000001,0.010960385,-0.12477869999999998
45,-0.017108159999999997,-0.15741739999999999,0.03615721000000001,-0.09035032999999999,0.009576405,-0.12394259999999999
46,-0.019205263636363636,-0.15996754545454545,0.03804015454545455,-0.09000188181818182,0.008723865454545456,-0.12596827272727273
47,-0.02353668,-0.1412887,0.04040372999999999,-0.09098053,0.008850097,-0.1159211
48,-0.022508090909090908,-0.1432358181818182,0.040574490909090905,-0.09702925454545454,0.011527322727272728,-0.11840836363636366
49,-0.019430549999999998,-0.15135939999999998,0.04224701000000001,-0.09183961999999998,0.01369321,-0.1195101
50,-0.019774,-0.15268336363636364,0.042578954545454545,-0.09320761818181818,0.013427699999999999,-0.12114227272727271
51,0.005086260222222223,-0.14402255555555554,0.04199558888888889,-0.09375506666666666,0.024080077777777778,-0.11830311111111112
52,0.002811779818181818,-0.14482527272727272,0.04259006363636363,-0.09257365454545456,0.01864623636363636,-0.12403872727272726
53,0.005078125,-0.1485473,0.0417923,-0.08944242999999999,0.02176056,-0.12177600000000002
54,0.004037473999999999,-0.1505112,0.03773042,-0.09356535999999999,0.01989899,-0.12378549999999999
55,0.0030960070000000004,-0.1509447,0.03599853,-0.09437866,0.019172670000000003,-0.12340849999999999
56,0.0019027689999999997,-0.1448594,0.041084270000000006,-0.09268799,0.022422779999999996,-0.1176225
57,0.001684569,-0.14814760000000002,0.04121248000000001,-0.09218598000000001,0.021606430000000003,-0.12009739999999999
58,0.0017257699999999997,-0.1507753,0.04063721,-0.09258272,0.020494059999999998,-0.122804
59,0.0006464176363636363,-0.15151563636363635,0.04016530000000001,-0.09227545454545454,0.0199557,-0.12267509090909089
60,0.00012817389000000003,-0.1526688,0.04007719,-0.09341125,0.01899567,-0.1247803
61,-0.00013427737999999997,-0.15063170000000004,0.04020843,-0.09630433,0.01899415,-0.1249616
62,-0.0008270272,-0.1469297,0.039549230000000005,-0.10085749999999997,0.01869199,-0.12470990000000001
63,0.0002011386909090909,-0.14240209090909087,0.03938292727272727,-0.1024099090909091,0.018174590909090908,-0.12409709090909092
64,0.0009399419999999998,-0.14198299999999997,0.03846128000000001,-0.10167845999999998,0.018322739999999997,-0.12331840000000001
65,0.0010467544,-0.1578428,0.03938904,-0.09696654,0.0197174,-0.1282746
66,0.0017974869999999997,-0.1573807,0.03959044999999999,-0.0921875,0.02069243,-0.12490220000000003
67,0.002909852,-0.15765560000000003,0.0410904,-0.09099121000000002,0.022482290000000005,-0.1236022
68,0.004359437,-0.1584396,0.04045409,-0.09314422000000003,0.02218626,-0.12630179999999996
69,0.004492187999999999,-0.1583101,0.0374588,-0.09675901999999999,0.020637510000000005,-0.12825769999999997
70,0.003563619090909091,-0.16004681818181818,0.04016669090909091,-0.09427157272727271,0.019463290909090908,-0.1315960909090909
71,0.001715766666666667,-0.1489056666666667,0.041417444444444444,-0.09803773333333332,0.02015685555555555,-0.1255461111111111
72,0.0017547590000000003,-0.1484789,0.04098510000000001,-0.103795,0.02123411,-0.1263673
73,0.0015896874545454547,-0.15559945454545454,0.038234363636363636,-0.10713327272727273,0.018714218181818187,-0.13304272727272728
74,0.002215573919999999,-0.1576264,0.03772582000000001,-0.10786119999999999,0.013864119999999999,-0.1411376
75,0.0013000509999999998,-0.1570464,0.03861693000000001,-0.10144964999999999,0.01751862,-0.1328673
76,0.001712037,-0.15721710000000003,0.03960266,-0.0992874,0.022650149999999997,-0.12527910000000003
77,0.0020446820000000004,-0.15908219999999998,0.03932191,-0.09912567,0.02311249,-0.12529619999999997
78,0.0023941070000000004,-0.159697,0.03887941,-0.09877931999999999,0.020840440000000002,-0.1289916
79,0.002255526363636363,-0.15927536363636366,0.038649136363636365,-0.09639255454545453,0.02012771818181818,-0.12850372727272727
80,0.0018447868,-0.15902550000000001,0.04001923,-0.09309845,0.02114868,-0.12581789999999998
81,0.0020141600000000005,-0.15673381818181814,0.04108775454545455,-0.09287052727272727,0.021115390909090904,-0.12563136363636362
82,0.001651002,-0.15594179999999996,0.03739929999999999,-0.09208374000000001,0.01884766,-0.12530820000000004
83,0.0015655530000000001,-0.1556152,0.03339692,-0.09141846,0.017752070000000002,-0.1231098
84,0.0032917345454545454,-0.15365063636363635,0.03504942727272728,-0.0894608909090909,0.020907327272727275,-0.11814345454545454
85,0.005194092,-0.14876740000000002,0.036083979999999995,-0.09506226,0.020974740000000002,-0.121414
86,0.004965209,-0.1481156,0.03903657000000001,-0.09749605000000001,0.023120110000000003,-0.12122180000000002
87,0.004031371000000001,-0.14886910000000003,0.0437515,-0.09337923000000001,0.02549895,-0.1189743
88,0.002761838,-0.15279400000000004,0.04180754999999999,-0.09705976000000001,0.023149100000000002,-0.1237902
89,0.002613833,-0.15169539999999998,0.038841249999999994,-0.10201868,0.0215271,-0.1258361
90,0.002283270909090909,-0.15020190909090914,0.040624427272727276,-0.09988250909090911,0.021509354545454547,-0.12504272727272728
91,-0.0026977439999999997,-0.14761039999999997,0.04147951999999999,-0.10027454,0.019155880000000004,-0.1241728
92,-0.009770191999999999,-0.14974530000000003,0.03911436,-0.10218220000000003,0.012593079999999998,-0.1280823
93,-0.01135391818181818,-0.1527058181818182,0.0430839,-0.09460036363636362,0.013989554545454546,-0.12573945454545454
94,-0.012017144444444443,-0.15335766666666664,0.04430813333333334,-0.09369234444444444,0.014546700000000003,-0.12532377777777776
95,-0.013350045454545451,-0.15364754545454543,0.04480534545454545,-0.0955893909090909,0.014035299999999999,-0.1264021818181818
96,-0.014473788888888887,-0.15433244444444444,0.046449466666666675,-0.09672208888888886,0.01588101111111111,-0.12574122222222223
97,-0.015110372727272725,-0.15434545454545454,0.0448539090909091,-0.10006841818181819,0.015515427272727273,-0.12674918181818182
98,-0.015383919999999999,-0.1556122,0.04604798,-0.09829410000000001,0.015008559999999999,-0.1273834
99,-0.01548614,-0.15532829999999997,0.046398930000000005,-0.09718169999999997,0.014819339999999997,-0.1269805
100,-0.015692954545454545,-0.15669354545454545,0.04621330909090909,-0.09988671818181817,0.016921999999999996,-0.12689218181818185
101,-0.01523438,-0.157202,0.04619445999999999,-0.100711,0.016729719999999997,-0.1279358
102,-0.015115380000000001,-0.15766280000000002,0.0467926,-0.1006804,0.01627198,-0.128888
103,-0.015090950000000002,-0.15762790000000004,0.04684142000000001,-0.09980014000000001,0.01582795,-0.128877
104,-0.014255872727272727,-0.1583016363636364,0.04529223636363635,-0.10221035454545455,0.015354490909090907,-0.13053345454545456
105,-0.006488042000000001,-0.15280140000000003,0.04598998,-0.09936532000000001,0.01872862,-0.12721280000000004
106,-0.003762818,-0.15219120000000003,0.04579622999999999,-0.10128635999999999,0.020829740000000003,-0.1270324
107,-0.0035247779999999992,-0.1523073,0.04514464,-0.10002735999999998,0.02175294,-0.12525460000000002
108,-0.00149536,-0.1465974,0.04368592,-0.10231034000000001,0.021185300000000004,-0.12445979999999998
109,0.09833074,-0.10663752,0.13199163999999997,-0.05014038,0.11702280000000001,-0.07494514
110,0.2159302,-0.014840706,0.27102059999999994,0.028131098,0.24366460000000006,0.00664675
111,0.2157502,-0.04600524,0.2741242,0.044348140000000015,0.23097239999999997,-0.023089598
112,0.214255,-0.060705560000000006,0.25289300000000003,0.03281858,0.22760620000000004,-0.0280334572
113,0.2300126,-0.05931550000000001,0.2476349,0.03388065,0.243202,0.010279833999999998
114,0.2511805454545455,-0.01875027818181818,0.3060567272727273,0.06848423636363637,0.26631981818181816,0.007098100000000001
115,0.26146840000000005,-0.0148590064,0.334433,0.07550660000000001,0.3082581999999999,0.04102174
116,0.23613279999999998,-0.02616882,0.34369180000000005,0.07659606,0.31849340000000004,0.05211792
117,0.2989335454545455,0.013592787818181818,0.355402,0.06928182727272726,0.3351247272727273,0.04866720909090909
118,0.2542907,-0.03511049,0.32175760000000003,0.07740022000000002,0.3035445,0.04546659
119,0.2542418,-0.036099219999999994,0.3171204,0.07187194,0.2903562,0.024551385999999998
120,0.25440680000000004,-0.02463378,0.31692220000000004,0.07239989999999999,0.3059632,0.05510256
121,0.25744020000000006,-0.031829819999999995,0.316086,0.07283324,0.30576800000000004,0.05379028
122,0.26877739999999994,-0.02871398,0.3133514,0.07278441999999999,0.30159299999999994,0.0451477
123,0.272531,-0.029904179999999995,0.3145508,0.07253726,0.3024382,0.04207156
124,0.2716065,-0.0276474,0.3170685,0.07135163,0.30411540000000004,0.04239806
125,0.26570109999999997,-0.02610322,0.31951450000000003,0.07415009,0.2992844,0.03565213999999999
126,0.2611084,-0.03134156,0.3196962,0.07510375999999999,0.2987366,0.03610841999999999
127,0.2575226,-0.03414004,0.32131339999999997,0.0732086,0.29509880000000005,0.0281891
128,0.25799279999999997,-0.03791963,0.3270705,0.07041776999999999,0.3020585,0.030335989999999997
129,0.25980581818181814,-0.035136836363636355,0.3239677272727272,0.06666425454545455,0.3049135454545455,0.036300654545454544
130,0.2575562,-0.022558619999999998,0.3160738,0.07213136,0.3062776,0.05618287999999999
131,0.2579562,-0.02442628,0.3168306,0.06876217999999999,0.3115968,0.060095200000000015
132,0.2602622727272727,-0.022767499999999996,0.3160733636363637,0.0687450090909091,0.31084527272727275,0.05996841818181819
133,0.26120489999999996,-0.02394714,0.31593480000000007,0.06740572000000002,0.3101914,0.05755311
134,0.2614592,-0.029534920000000003,0.31393740000000003,0.06740416,0.3021332,0.04504700000000001
135,0.260376,-0.03376464,0.3139557999999999,0.06704712000000002,0.3065398,0.05265808000000001
136,0.258026,-0.0359192,0.31372680000000003,0.06900328,0.31143200000000004,0.06448974
137,0.25753645454545454,-0.036001036363636364,0.3106437272727272,0.07130155454545455,0.30605509090909094,0.06167325454545455
138,0.25693979999999994,-0.028308099999999996,0.30713820000000003,0.07094726,0.2944336,0.045220960000000004
139,0.25816045454545455,-0.020346909090909096,0.30690409090909093,0.07044566363636363,0.28994600000000004,0.038296790909090904
140,0.2960291111111111,0.017201755555555556,0.31474677777777776,0.07002765555555555,0.31073011111111115,0.05892435555555556
141,0.3133420909090909,0.022988063636363635,0.31426736363636365,0.07597490909090909,0.3140896363636363,0.06473334545454547
142,0.3129334,0.01964113,0.3152513,0.07309263,0.3143952,0.050584420000000005
143,0.31187139999999997,0.022485360000000003,0.31523160000000006,0.07215270000000001,0.3139403999999999,0.05165098
144,0.3119446,0.0237152,0.317508,0.07129516,0.31510000000000005,0.05028076
145,0.3105718181818181,0.024398818181818185,0.31953818181818183,0.06855080000000001,0.3154604545454545,0.0480527
146,0.31049290909090915,0.024488972727272726,0.3186146363636364,0.06712617272727273,0.316029,0.053325309090909094
147,0.30943,0.01773986,0.31718609999999997,0.06650083999999999,0.31442709999999996,0.04904785000000001
148,0.2718168,-0.014002989999999998,0.31237950000000003,0.06500701,0.29605230000000005,0.032734690000000004
149,0.2743012,-0.010235590000000003,0.31435860000000004,0.0713501,0.2960876,0.03337708
150,0.3023861818181819,0.017676609090909092,0.3143103636363636,0.07150406363636365,0.30950354545454545,0.04921099090909091
151,0.3019574,0.019293200000000003,0.31250439999999996,0.06981048,0.30808409999999997,0.04815062
152,0.3009384,0.0155304,0.31109780000000004,0.06749726,0.30669399999999997,0.044429010000000005
153,0.30025160000000006,0.0163742,0.309253,0.06619111,0.3051529,0.04297942000000001
154,0.3013886,0.013470480000000002,0.30866060000000006,0.06701354,0.3057558,0.04482115999999999
155,0.3007701818181819,0.012609309090909094,0.3083482727272728,0.06944692727272728,0.30520627272727274,0.044856690909090904
156,0.3022261,0.011006150000000001,0.3068391,0.07073669,0.3048859,0.04504087999999999
157,0.19154062,-0.005337541999999999,0.19958028,0.08802337999999998,0.19762867999999995,0.05551452999999999
158,0.022358709000000004,-0.044282520000000006,0.06151884999999999,0.09242402,0.05413969,0.06389008000000002
159,0.015426627000000002,-0.03833617000000001,0.055068959999999986,0.08933870000000001,0.049461359999999996,0.07183838000000001
160,0.002809005272727272,-0.054025845454545446,0.05149008181818182,0.08665744545454544,0.04380106363636365,0.0639815181818182
161,-0.008067325,-0.04792175,0.04936828000000001,0.08804168999999999,0.045635999999999996,0.07915651000000001
162,0.0016494740000000002,-0.04750365,0.048358149999999996,0.08642122,0.03836365,0.05708619
163,0.0034973159999999994,-0.052947980000000006,0.04884644,0.08337401999999998,0.03802794,0.050628660000000006
164,0.008215324,-0.09055793999999999,0.03807984,0.08203126000000001,0.035110480000000006,0.06766358000000001
165,-0.003890990909090909,-0.049308081818181825,0.03848820909090909,0.08328663636363637,0.03837308181818182,0.08293013636363636
166,-0.0034088144000000006,-0.05804289,0.03583525,0.08288116000000001,0.035461429999999995,0.08133852
167,0.0032577510000000006,-0.05823668,0.03311767,0.08307343999999998,0.03185577999999999,0.07695772000000001
168,0.001878356,-0.05967561000000001,0.034252939999999996,0.08449095000000001,0.026811250000000002,0.05174561999999999
169,-0.00035247879999999977,-0.05785675,0.03677519,0.08396758000000001,0.02631074,0.04412231999999999
170,-0.008329773,-0.052760320000000006,0.038729860000000005,0.08372803000000002,0.02111356,0.03262635
171,-0.012188720000000002,-0.04736634000000001,0.03836364,0.08070983000000001,0.01829529,0.02982331
172,-0.013358381818181818,-0.03936211818181819,0.0393649,0.08067874545454545,0.023021354545454543,0.0433849
173,-0.01538391,-0.03219147,0.03929899,0.07974397,0.021972639999999998,0.04425203
174,-0.01413268,-0.03118287,0.03825379,0.07808839,0.019413760000000002,0.038789399999999995
175,-0.0125305,-0.03054505,0.03614347999999999,0.07873994,0.01682281,0.03534546000000001
176,-0.010542144444444445,-0.03041077777777778,0.03582931111111112,0.07938810000000002,0.0179579,0.037089033333333334
177,-0.011433018181818183,-0.028546418181818186,0.03683057272727273,0.07978957272727272,0.021962945454545458,0.046349263636363644
178,-0.010494633333333333,-0.03285047777777778,0.037695988888888886,0.07847425555555554,0.03516304444444445,0.07279798888888889
179,-0.008963005,-0.03780822,0.038540649999999996,0.07803345,0.03787992,0.07640075000000002
180,-0.015680487272727275,-0.02877808181818182,0.03841192727272727,0.08046237272727273,0.03129023636363636,0.06574871818181818
181,-0.01292573,-0.026651010000000003,0.03680877999999999,0.08096617999999998,0.027983069999999992,0.06200865
182,-0.01154022,-0.027084370000000003,0.03620453999999999,0.08018797,0.032569890000000004,0.07206117999999999
183,-0.008880609000000001,-0.030407709999999998,0.034872429999999996,0.07916564,0.03241274,0.07304078
184,-0.007816661818181818,-0.033860636363636364,0.03383845454545454,0.07477083636363636,0.032945127272727276,0.07243209090909092
185,-0.008882138000000001,-0.02780456,0.03208618,0.07446441000000001,0.027624520000000003,0.06325532
186,-0.009684247777777778,-0.026172211111111107,0.03152465555555555,0.07392373333333332,0.02084351111111111,0.04803634444444444
187,-0.010789354545454545,-0.023687181818181816,0.03248873636363636,0.07334344545454545,0.020567445454545454,0.04662669090909091
188,-0.01335283636363636,-0.026756990909090915,0.031444190909090904,0.07165528181818182,0.02718422727272727,0.062368209090909094
189,-0.01630555,-0.03580932999999999,0.031498700000000004,0.07104645000000001,0.031320179999999996,0.07063599
190,-0.02029265,-0.049319449999999994,0.03104095,0.07115173,0.0297928,0.06824495
191,-0.02007919090909091,-0.044837245454545455,0.03293539090909091,0.07155260909090909,0.028452072727272727,0.06171207272727273
192,-0.00996399,-0.04625396,0.039874259999999995,0.07715455,0.03485867,0.06544648
193,-0.013119507000000002,-0.04364927999999999,0.036724860000000005,0.07912598,0.03352202,0.07026063999999999
194,-0.06754151,-0.028007530000000003,0.03769531,0.07964019999999998,0.03534242,0.07725221
195,-0.07349395,-0.019915770000000003,0.03713378,0.07980346000000002,0.035913089999999995,0.07870484000000001
196,-0.038832109999999996,-0.049784850000000005,0.034832760000000004,0.07984466,0.03468169,0.0795822
197,-0.013110352000000002,-0.09012753999999999,0.03620912,0.08121033,0.03597716,0.08037263999999998
198,-0.00929566,-0.09797663,0.03502046,0.08082885000000001,0.0346695,0.07940216999999998
199,-0.011297036363636366,-0.10620963636363637,0.03259554545454545,0.07738287272727273,0.031469172727272725,0.07242516363636366
200,-0.011076348000000001,-0.11976609999999999,0.02918396,0.07259674,0.025059500000000002,0.052767980000000006
201,-0.014138789999999998,-0.12500160000000002,0.02845459000000001,0.07114106,0.02351075,0.04835203
202,-0.01466231090909091,-0.10135439090909092,0.030616054545454543,0.07012522727272728,0.028177463636363642,0.06206441818181818
203,-0.024107363,-0.062190140000000005,0.03636628000000001,0.07246856000000002,0.03324888999999999,0.0663971
204,-0.003536986,-0.04086761,0.03520966000000001,0.07480468,0.03498079,0.07412109000000001
205,-0.006422423999999999,-0.04349821,0.034179669999999995,0.07440187000000001,0.034062190000000006,0.07405088
206,-0.006968182222222222,-0.06837634444444445,0.03238764444444445,0.07326595555555557,0.03207907777777778,0.07205706666666667
207,-0.011322013,-0.07284546,0.02648316,0.07127533,0.02446442,0.06363067
208,-0.12801571818181817,-0.0788477,-0.15091370909090912,0.055605781818181835,-0.13470311818181818,-0.017088454545454546
209,-0.23805079999999998,-0.004992694999999999,-0.22005329999999995,0.05604703999999999,-0.21893309999999996,0.044061279999999994
210,-0.2251313,0.0014312831999999996,-0.21936490000000003,0.04857178,-0.22131649999999997,0.040518189999999996
211,-0.2269270909090909,-0.004717746363636364,-0.22207790909090913,0.04960910909090909,-0.22241372727272732,0.04607324545454545
212,-0.2613310999999999,0.023518380000000005,-0.2415282,0.05479432999999999,-0.24420469999999997,0.05050047999999999
213,-0.27936269999999996,0.03082581,-0.27296889999999996,0.04251404999999999,-0.2749389,0.04040833999999999
214,-0.2759766,0.004354851,-0.2773989,0.04378355,-0.277414,0.04372558
215,-0.26995690000000006,0.012800597000000002,-0.2793441,0.04456635,-0.2793333,0.04453277
216,-0.26705227272727267,0.016170136363636366,-0.281071,0.049019545454545455,-0.27720790909090914,0.03983234545454546
217,-0.2654953,0.025294470000000003,-0.2759827999999999,0.05163118,-0.27266390000000007,0.04334413
218,-0.27346809090909097,0.03504249090909091,-0.26469145454545456,0.04624107272727273,-0.2678501818181819,0.042146163636363636
219,-0.27581330000000004,0.035356139999999994,-0.26772319999999994,0.04825288000000001,-0.2719163,0.04173736
220,-0.2772003,0.03554994,-0.26361860000000004,0.044671630000000004,-0.2712787,0.039530949999999995
221,-0.27841181818181815,0.0373785,-0.26371209090909087,0.04279812727272727,-0.27215154545454545,0.03971448181818182
222,-0.25395339999999994,0.019653330000000004,-0.2637511,0.040791320000000006,-0.25975960000000003,0.03147584
223,-0.2489534,0.01788485,-0.2642183,0.039106760000000004,-0.2619933,0.03590391000000001
224,-0.2740171818181818,0.009031836363636362,-0.2670317272727272,0.05003495454545454,-0.26704554545454545,0.04857702727272728
225,-0.28555919999999996,0.02699129,-0.266376,0.05023956,-0.2674178,0.04872438
226,-0.30293,0.023241909090909094,-0.26819936363636365,0.05036786363636363,-0.26992254545454547,0.04902233636363636
227,-0.3026076,0.033143610000000004,-0.27025280000000007,0.05062105,-0.2711885,0.050117520000000006
228,-0.3063795000000001,0.02831572,-0.26935749999999997,0.04775085,-0.2701949,0.047360219999999995
229,-0.30282310000000007,0.038865670000000005,-0.268222,0.04642183,-0.2685057999999999,0.046362310000000004
230,-0.2814055999999999,0.03275296999999999,-0.2670897,0.04909514,-0.26938180000000006,0.0460968
231,-0.27662960000000003,0.03266753,-0.29380189999999995,0.06083984,-0.28648070000000003,0.04881592
232,-0.2762740909090909,0.03281889090909091,-0.2969524545454545,0.062262790909090905,-0.29077018181818187,0.05335583636363637
233,-0.27600077777777776,0.03018018888888889,-0.29661388888888884,0.057651100000000004,-0.29397755555555555,0.054172088888888886
234,-0.2764420909090909,0.027780700000000002,-0.2818355454545454,0.05340575454545455,-0.2817672727272727,0.05303676363636363
235,-0.2688948,0.02919465,-0.2804535,0.048362720000000005,-0.2771649,0.04524994
236,-0.2698989,0.022099280199999998,-0.2767212,0.06017152000000001,-0.27374869999999996,0.0364334
237,-0.27511150000000006,0.008378616,-0.26905670000000004,0.05350952,-0.2708707,0.03862761
238,-0.2764146,0.023272679999999997,-0.26952479999999995,0.05538480999999999,-0.2704607,0.051040659999999995
239,-0.26168969999999997,0.010578915999999999,-0.2711181,0.054676819999999994,-0.2703447,0.05068511999999999
240,-0.24560818181818186,0.014767736363636364,-0.272139,0.05635902727272728,-0.2710197272727273,0.05452381818181817
241,-0.2438765,0.01208036,-0.2726579,0.05757445,-0.2699724,0.05332032
242,-0.24455409999999994,0.009631339000000003,-0.27219840000000006,0.05756987,-0.2644882999999999,0.04351501
243,-0.23886109090909088,0.0005784445454545453,-0.27333481818181815,0.05235429090909091,-0.25587063636363644,0.0261189
244,-0.2283386,-0.003277586,-0.2759216,0.049380480000000004,-0.25704340000000003,0.02829896
245,-0.22742010000000001,-0.0026489250000000003,-0.27854149999999994,0.04822385999999999,-0.2618133,0.03143311
246,-0.22743839999999999,-0.00126648,-0.280185,0.05260313999999999,-0.263281,0.03515320000000001
247,-0.2286512,-0.006500241999999999,-0.28141000000000005,0.05494844,-0.2676194,0.03867034999999999
248,-0.2228775,-0.007603455999999999,-0.2815615,0.05489807,-0.268921,0.041276570000000005
249,-0.22200699999999998,-0.009338378181818182,-0.28206827272727275,0.05416175454545455,-0.26888209090909093,0.04008344545454545
250,-0.22069400000000003,-0.011050420000000002,-0.28319700000000003,0.05231322000000001,-0.26659839999999996,0.03532106
251,-0.22008060000000002,-0.010839840000000002,-0.2848084,0.05342102,-0.2663452,0.03482666
252,-0.22100350000000005,-0.009791570999999997,-0.284842,0.054321299999999996,-0.2626007,0.03183747
253,-0.22126772727272728,-0.01387440909090909,-0.28666272727272724,0.05359440909090909,-0.2716770909090909,0.03796664545454546
254,-0.22030319999999998,-0.019790660000000005,-0.2880188,0.04891052,-0.2802004,0.040762299999999994
255,-0.21727119999999997,-0.03614654,-0.2897292000000001,0.04874877000000001,-0.27939590000000003,0.03642882000000001
256,-0.2209228,-0.035629289999999994,-0.2924055,0.04740448,-0.28292399999999995,0.036199959999999996
257,-0.23880536363636365,-0.09001162545454545,-0.2860563636363636,-0.011032109090909093,-0.280949,-0.020434309090909094
258,-0.2326724,-0.21245759999999997,-0.23588879999999998,-0.12615359999999998,-0.23603839999999998,-0.1273376
259,-0.2276125,-0.2230057,-0.23703020000000002,-0.13775330000000002,-0.23577889999999999,-0.14965650000000003
260,-0.2177095,-0.2285384,-0.2301208,-0.13787979999999997,-0.22821989999999998,-0.1491895
261,-0.21971954545454545,-0.21626281818181814,-0.23757081818181816,-0.140636,-0.2323121818181818,-0.16355099999999997
262,-0.2327576,-0.22201519999999997,-0.24750059999999996,-0.10528263999999998,-0.23491520000000002,-0.21129160000000002
263,-0.2240174,-0.22436520000000004,-0.2423888,-0.09475708,-0.22923580000000002,-0.17615020000000003
264,-0.2342558,-0.2206728,-0.2452362,-0.09221496,-0.24348740000000002,-0.11775219999999997
265,-0.230771,-0.2198762,-0.24507139999999997,-0.09366759999999999,-0.24447640000000007,-0.09997851999999999
266,-0.2337725,-0.2171526,-0.2430695,-0.09272156000000001,-0.24263300000000002,-0.09989917
267,-0.23088380000000003,-0.2175688,-0.24286480000000005,-0.09431761999999999,-0.24213279999999998,-0.10364719999999998
268,-0.22811279999999998,-0.22834159999999998,-0.24270640000000002,-0.09503175999999999,-0.24172979999999997,-0.1056702
269,-0.233032,-0.22507319999999997,-0.24389960000000005,-0.09492187999999999,-0.24301760000000003,-0.107849
270,-0.2354278,-0.2191346,-0.24355160000000003,-0.09508972000000002,-0.24283759999999996,-0.10882880000000002
271,-0.23704669999999997,-0.21123509999999998,-0.24382160000000003,-0.09610137000000002,-0.24333039999999997,-0.10647730000000002
272,-0.23439027272727272,-0.21068936363636362,-0.24405745454545452,-0.09829851818181817,-0.2430254545454546,-0.11137118181818183
273,-0.23222360000000003,-0.2159454,-0.24196779999999998,-0.09975888000000001,-0.24079899999999999,-0.11587860000000001
274,-0.23535460000000002,-0.21636660000000002,-0.24008779999999996,-0.1042296,-0.23992920000000004,-0.1089568
275,-0.22500899999999996,-0.2269123,-0.23979650000000002,-0.1043124,-0.23962849999999997,-0.10594050000000002
276,-0.2336792,-0.21046760000000003,-0.24134819999999996,-0.1030152,-0.24080500000000002,-0.113092
277,-0.23518372727272724,-0.21363136363636362,-0.24152172727272728,-0.10106327272727272,-0.24076009090909095,-0.1184
278,-0.2348512222222222,-0.21555233333333335,-0.23940344444444447,-0.10051799999999998,-0.23915433333333333,-0.10984622222222222
279,-0.22714809090909094,-0.2222580909090909,-0.23788463636363638,-0.10094665454545454,-0.2364003636363636,-0.12043881818181817
280,-0.2282258,-0.22121299999999997,-0.2377716,-0.1025666,-0.2374116,-0.10789800000000001
281,-0.23108181818181822,-0.2142111818181818,-0.23677054545454546,-0.09434788181818182,-0.23636127272727273,-0.10320776363636365
282,-0.23122559999999998,-0.22380980000000003,-0.2424774,-0.09779054000000001,-0.24110720000000002,-0.11619279999999998
283,-0.23003240000000003,-0.22653820000000002,-0.24100940000000004,-0.09500734000000001,-0.24023119999999998,-0.10632319999999999
284,-0.2305132727272727,-0.2266400909090909,-0.24083790909090907,-0.095846,-0.23992081818181815,-0.11016427272727271
285,-0.22989520000000002,-0.22867740000000003,-0.2405242,-0.09706422,-0.2387662,-0.1228698
286,-0.229898,-0.22671219999999997,-0.2405274,-0.09842530000000001,-0.23938,-0.11511220000000003
287,-0.22830081818181824,-0.22327181818181818,-0.23962418181818182,-0.09860645454545457,-0.2382079090909091,-0.11687527272727273
288,-0.2301022,-0.2189636,-0.23939499999999997,-0.09609679999999998,-0.2376434,-0.12342539999999998
289,-0.2337708,-0.2149962,-0.2398132,-0.09588928,-0.23868119999999998,-0.12450579999999997
290,-0.23620190909090913,-0.21298900000000004,-0.24087118181818185,-0.09550338181818181,-0.24069227272727278,-0.10386250909090909
291,-0.234375,-0.2147978,-0.240979,-0.09722596000000001,-0.24078399999999997,-0.1017974
292,-0.22884220000000002,-0.2246614,-0.24270339999999999,-0.09880370000000001,-0.24112260000000002,-0.1145416
293,-0.22708140000000004,-0.2186524,-0.24132060000000002,-0.09903252,-0.23765580000000003,-0.132385
294,-0.22101740000000003,-0.22223180000000003,-0.2416778,-0.09932559999999999,-0.23493040000000004,-0.1423188
295,-0.2291226,-0.2183806,-0.2421568,-0.10059200000000001,-0.239697,-0.1254148
296,-0.22914936363636362,-0.21771227272727273,-0.2416605454545455,-0.10173736363636365,-0.2401456363636364,-0.11778663636363639
297,-0.230986,-0.21329350000000002,-0.2423203,-0.1034316,-0.24048929999999996,-0.12364050000000001
298,-0.22907419999999998,-0.2127414,-0.2394804,-0.10549,-0.2377684,-0.1254548
299,-0.2327242,-0.20762019999999998,-0.23976159999999996,-0.10781560000000001,-0.2383698,-0.1326294
300,-0.23410019999999995,-0.20488859999999995,-0.23868099999999998,-0.10751959999999998,-0.23735959999999995,-0.1356112
301,-0.23639859999999996,-0.20091240000000005,-0.23767700000000005,-0.109259,-0.23767400000000002,-0.11353160000000002
302,-0.23772130000000002,-0.19993270000000002,-0.23726640000000004,-0.1077623,-0.23735040000000002,-0.11193989999999998
303,-0.23813160000000005,-0.21200259999999999,-0.23711680000000004,-0.1064164,-0.23733200000000002,-0.12089850000000002
304,-0.2338807,-0.22359169999999998,-0.23744369999999998,-0.10615109999999998,-0.2367842,-0.1383588
305,-0.23105440000000002,-0.22751760000000001,-0.2379118,-0.10666819999999999,-0.23598319999999995,-0.15029900000000002
306,-0.2397461,-0.20919349999999995,-0.23991569999999998,-0.10145724,-0.24000249999999998,-0.11474899999999999
307,-0.23310240000000002,-0.20562739999999996,-0.23461920000000003,-0.1059966,-0.23450000000000001,-0.12219539999999998
308,-0.23766199999999998,-0.2034058,-0.23524459999999997,-0.11597280000000001,-0.23678300000000002,-0.12568639999999998
309,-0.25210279999999996,-0.28753039999999996,-0.23645020000000003,-0.2252898,-0.2518708,-0.2869964
310,-0.2512638,-0.3599607999999999,-0.2227936,-0.2716616,-0.2277282,-0.29227
311,-0.25309159999999997,-0.345236,-0.22662659999999998,-0.2837526,-0.2424652,-0.31425479999999995
312,-0.26668719999999996,-0.33758859999999996,-0.21949480000000002,-0.27708,-0.2315198,-0.2946045
313,-0.24114680000000002,-0.30278639999999996,-0.2234406,-0.23223280000000002,-0.22677020000000003,-0.255704
314,-0.2511735454545455,-0.29673781818181816,-0.23437372727272726,-0.23979063636363637,-0.23807727272727275,-0.2549535454545454
315,-0.25091260000000004,-0.29247750000000006,-0.2358963,-0.23588589999999998,-0.23862910000000004,-0.24592450000000002
316,-0.2457458,-0.2948304,-0.23526000000000002,-0.2359162,-0.23792439999999995,-0.24999979999999997
317,-0.24293509090909088,-0.2996756363636364,-0.2329820909090909,-0.23534609090909084,-0.23747136363636356,-0.26367881818181815
318,-0.24623444444444445,-0.29815155555555556,-0.2132161111111111,-0.23254411111111115,-0.22884788888888888,-0.2634734444444444
319,-0.24836999999999998,-0.29777518181818186,-0.21755963636363634,-0.23010399999999998,-0.231426,-0.2595937272727273
320,-0.2437522222222222,-0.29049500000000006,-0.23379866666666668,-0.23085733333333336,-0.23656200000000002,-0.24899633333333338
321,-0.25461372727272724,-0.28972972727272733,-0.22824645454545453,-0.23396836363636364,-0.235647,-0.24934245454545453
322,-0.2562074,-0.29164749999999995,-0.2306322,-0.23415370000000002,-0.2394255,-0.2537857
323,-0.25894160000000005,-0.294113,-0.23136900000000002,-0.2344026,-0.23908999999999997,-0.2509123999999999
324,-0.2573214545454546,-0.29659618181818187,-0.23394081818181825,-0.23328318181818178,-0.23879336363636366,-0.24621027272727272
325,-0.2572587,-0.2899262000000001,-0.23268899999999998,-0.2340956,-0.2397291,-0.2497496
326,-0.25625139999999996,-0.287111,-0.2327165,-0.23601829999999996,-0.2413072,-0.25455170000000005
327,-0.25440680000000004,-0.2900178,-0.2309996,-0.23664860000000001,-0.2378326,-0.2520628
328,-0.2557004,-0.2892608,-0.2306672,-0.23511040000000002,-0.2359252,-0.2464386
329,-0.2601832727272727,-0.28935245454545455,-0.23110009090909092,-0.2323830909090909,-0.23600763636363634,-0.24192818181818188
330,-0.25820609999999994,-0.2872146,-0.2318617,-0.232875,-0.23453849999999998,-0.23834999999999998
331,-0.25826720000000003,-0.2887682,-0.232158,-0.23318629999999999,-0.2336669,-0.23634940000000002
332,-0.25718963636363634,-0.29047463636363635,-0.2333151818181819,-0.23461763636363633,-0.23604645454545456,-0.24108599999999997
333,-0.2571808,-0.28775330000000005,-0.23465750000000002,-0.2342728,-0.2399355,-0.24661710000000006
334,-0.2566179,-0.28298189999999995,-0.2355302,-0.23368369999999997,-0.24085240000000002,-0.24603900000000004
335,-0.2568319090909091,-0.28018736363636365,-0.23607154545454545,-0.23216254545454545,-0.2420113636363636,-0.2458122727272727
336,-0.2570587,-0.28235000000000005,-0.23335109999999998,-0.2310929,-0.24139869999999997,-0.2483613
337,-0.2616104,-0.28355860000000005,-0.23457050000000002,-0.2296664,-0.24424159999999998,-0.24878240000000001
338,-0.26498554545454545,-0.28944790909090906,-0.23417245454545457,-0.2314286363636363,-0.24051445454545453,-0.24330154545454546
339,-0.26729730000000007,-0.2894089,-0.23520040000000003,-0.2335846,-0.24282969999999998,-0.2468734
340,-0.26622009999999996,-0.2888809,-0.23516850000000003,-0.23281560000000004,-0.24383080000000007,-0.2483106
341,-0.26028836363636365,-0.2862937272727272,-0.23461790909090913,-0.2315036363636363,-0.2409222727272727,-0.2449520909090909
342,-0.2594817,-0.28837100000000004,-0.2343031,-0.2315353,-0.24413140000000003,-0.2536483
343,-0.2639831,-0.28724369999999994,-0.2344926,-0.2320785,-0.24540110000000004,-0.2524216
344,-0.26846169999999997,-0.28543240000000003,-0.23549350000000002,-0.2330413,-0.24806809999999996,-0.2529801
345,-0.27345129999999995,-0.2878630999999999,-0.2348634,-0.2338166,-0.24708710000000003,-0.25092000000000003
346,-0.2738898181818182,-0.2920711818181818,-0.23559172727272726,-0.2336786363636363,-0.24501445454545456,-0.24797609090909092
347,-0.2725982,-0.2927064,-0.23545080000000002,-0.23340140000000004,-0.24622039999999998,-0.2504975
348,-0.2724441,-0.2848525,-0.2351455,-0.233316,-0.24843140000000002,-0.2515579
349,-0.2728213636363636,-0.2838774545454545,-0.23417681818181818,-0.23411563636363641,-0.2495547272727273,-0.25391463636363637
350,-0.27114699999999997,-0.2864762,-0.2334533,-0.23465890000000003,-0.2423842,-0.24679550000000008
351,-0.269629,-0.2875763000000001,-0.2319687,-0.2354691,-0.2388916,-0.24496940000000006
352,-0.26876060000000007,-0.29265270000000004,-0.2312271,-0.2358185,-0.2373017,-0.24502260000000003
353,-0.269072,-0.2931672,-0.23092039999999997,-0.2361939,-0.2388471,-0.2480085
354,-0.2680938,-0.2933382,-0.23192589999999996,-0.23473519999999995,-0.24199690000000001,-0.2510131
355,-0.26959690000000003,-0.29047999999999996,-0.2332885,-0.23427879999999995,-0.24516289999999996,-0.2525421
356,-0.27106489999999994,-0.29010309999999995,-0.23460540000000002,-0.2343019,-0.24965979999999996,-0.2572418000000001
357,-0.20829198,-0.2865479000000001,-0.20130750000000003,-0.2390701,-0.20579679999999997,-0.25131659999999995
358,-0.04178272727272728,-0.27338063636363635,-0.026655687999999997,-0.2527879090909091,-0.03629506,-0.2635982727272727
359,-0.0298584,-0.2989547,0.020718390000000003,-0.24800399999999997,-0.020599388,-0.29087530000000006
360,-0.02045747,-0.30101619999999996,0.02552335,-0.24777520000000003,0.01463166,-0.26039599999999996
361,-0.015943930000000002,-0.3016953,0.028318770000000004,-0.24542380000000003,0.005990597,-0.27397910000000003
362,0.008932484000000001,-0.26184700000000005,0.03613739999999999,-0.21649789999999997,0.027635195999999994,-0.22770089999999996
363,0.017324832000000002,-0.27555850000000004,0.0507614,-0.19823459999999998,0.043023660000000005,-0.2155394
364,0.014827381818181818,-0.2633710909090909,0.055428236363636356,-0.19705054545454545,0.041047527272727265,-0.2206809090909091
365,0.014544660000000001,-0.2613984,0.055938699999999994,-0.1964448,0.034625239999999995,-0.2300874
366,0.01388703,-0.257164,0.056355310000000006,-0.1949996,0.03450469,-0.2271884
367,0.01491394,-0.25721760000000005,0.05535126000000001,-0.19589990000000002,0.03739165,-0.22332760000000001
368,0.018612963636363635,-0.2583671818181818,0.05504122727272728,-0.19633890909090915,0.0408686,-0.22065027272727275
369,0.018489090000000003,-0.25949710000000004,0.05472869000000001,-0.197766,0.040171799999999994,-0.2227567
370,0.01767121,-0.25999150000000004,0.05559539,-0.1978804,0.039100670000000004,-0.2250547
371,0.01704865,-0.25867640000000003,0.05594481999999999,-0.19759670000000001,0.03851624,-0.22514649999999997
372,0.016877911111111112,-0.259679,0.05704922222222222,-0.19829666666666668,0.03833007777777778,-0.2270574444444445
373,0.01667648181818182,-0.25902345454545456,0.05703874545454546,-0.20011754545454544,0.03489824545454545,-0.2326868181818182
374,0.023426839999999997,-0.2617966,0.05589445,-0.1984403,0.03774109999999999,-0.2339098
375,0.018824760000000003,-0.2573533,0.05319826,-0.19761840000000003,0.03701477000000001,-0.22595229999999997
376,0.019602949999999997,-0.25721910000000003,0.0526657,-0.19745959999999999,0.03818054,-0.22379450000000004
377,0.019253529999999998,-0.257611,0.05372469,-0.19708569999999997,0.03944395,-0.22232820000000003
378,0.02176513,-0.257759,0.05433961,-0.19870139999999997,0.04016572,-0.2246383
379,0.021177670000000003,-0.2577653,0.053916940000000003,-0.19951939999999999,0.03776396,-0.2284208
380,0.02178679090909091,-0.25903854545454547,0.0535930090909091,-0.19952390909090909,0.039869845454545444,-0.22535836363636366
381,0.01898497,-0.25973850000000004,0.053787209999999995,-0.1996003,0.03813018,-0.2267472
382,0.024790455555555552,-0.2619611111111111,0.05385506666666666,-0.19904588888888894,0.038007966666666664,-0.23345788888888888
383,0.028065479999999997,-0.26381689999999997,0.054441830000000004,-0.1994261,0.04137419999999999,-0.2315811
384,0.028088379999999996,-0.2640687,0.05504,-0.19870179999999998,0.044447339999999995,-0.2246048
385,0.021968080000000008,-0.2628769,0.05453798,-0.1982698,0.04028321,-0.22670890000000005
386,0.0194397,-0.2621033,0.053640759999999996,-0.1982392,0.03721466,-0.2290954
387,0.01974793,-0.2619799,0.05338288000000001,-0.19894250000000002,0.03709105,-0.22968000000000002
388,0.020602127272727276,-0.2615468181818182,0.054432245454545454,-0.19981790909090913,0.0371815,-0.23147872727272725
389,0.023770119999999995,-0.25719479999999995,0.04110565000000001,-0.2057298,0.03227999,-0.23189690000000002
390,0.024462899999999992,-0.2584288,0.031228620000000002,-0.2144316,0.02843932,-0.23322760000000003
391,0.02411194,-0.26333320000000005,0.051843280000000005,-0.20250860000000004,0.0394409,-0.22969980000000004
392,0.02246094,-0.26289959999999996,0.05427552000000001,-0.19954840000000001,0.038772580000000015,-0.2306122
393,0.02413332,-0.26267100000000004,0.0542633,-0.19983840000000003,0.04030458,-0.229135
394,0.02395324,-0.26240839999999993,0.05092162,-0.19903580000000004,0.03864136,-0.2280884
395,0.026473990909090906,-0.2614704545454545,0.052540181818181826,-0.19889436363636362,0.041501136363636365,-0.22559863636363636
396,0.02435304,-0.26052559999999997,0.053298960000000006,-0.1978762,0.04085084000000001,-0.22490840000000004
397,0.025032060000000002,-0.25948669999999996,0.05477295000000001,-0.19882969999999997,0.04140625,-0.2262635
398,0.0260759,-0.25873345454545454,0.052333500000000005,-0.1986152727272727,0.04014310909090909,-0.226736
399,0.028082279999999998,-0.2592866,0.05461118,-0.19913940000000002,0.041149899999999996,-0.22983720000000002
400,0.03080444,-0.2602355,0.05786439000000001,-0.20070960000000002,0.041558830000000005,-0.23673859999999997
401,0.031785436363636364,-0.25923445454545446,0.058334336363636365,-0.20135218181818182,0.04124314545454545,-0.23877381818181814
402,0.032006839999999995,-0.25700700000000004,0.061141959999999995,-0.2025756,0.044500740000000004,-0.23395700000000003
403,0.03271179,-0.2550507,0.06426848000000002,-0.20197740000000003,0.04638060000000001,-0.23219579999999995
404,0.021560670000000004,-0.25568399999999997,0.05704801,-0.2013002,0.041383369999999996,-0.2256332
405,0.01704407,-0.25587,0.05188600000000001,-0.20089110000000004,0.03386537,-0.2295883
406,0.01907656,-0.25597380000000003,0.04998016000000001,-0.19919579999999998,0.032818610000000005,-0.2308883
407,0.026390763636363637,-0.25625190909090906,0.05296741818181819,-0.1998900909090909,0.04015835454545455,-0.22681218181818183
408,0.1823518,-0.25231339999999997,0.18857440000000003,-0.23810099999999998,0.1836426,-0.24859639999999997
409,0.27803940000000005,-0.2460356,0.3280488000000001,-0.2242922,0.29826340000000007,-0.2387482
410,0.2791594,-0.25726640000000006,0.328296,-0.22238439999999998,0.2953432,-0.246216
411,0.2868532000000001,-0.2596346,0.3305876,-0.2255586,0.32054459999999996,-0.23356019999999997
412,0.285477,-0.2603,0.33153059999999995,-0.2240386,0.3192534,-0.23395099999999996
413,0.27375788888888886,-0.25697333333333333,0.32393411111111114,-0.22629122222222225,0.30107955555555554,-0.24173833333333336
414,0.2689308181818182,-0.2468469090909091,0.31600136363636366,-0.2295477272727273,0.28973381818181815,-0.2410291818181818
415,0.262903,-0.2595962,0.315126,-0.2228349,0.2721557,-0.25316350000000004
416,0.2633763636363636,-0.25675009090909096,0.31211300000000003,-0.2207586363636363,0.27510472727272733,-0.24819681818181819
417,0.26258560000000003,-0.25597519999999996,0.3157194,-0.21825859999999997,0.27800600000000003,-0.24524859999999998
418,0.26384880000000005,-0.2555877,0.313196,-0.2238554,0.27999870000000004,-0.24538569999999998
419,0.26265781818181816,-0.2576961818181818,0.313012,-0.226808,0.27460963636363633,-0.2505187272727273
420,0.2642636,-0.26019299999999995,0.3115966,-0.22817060000000003,0.27221680000000004,-0.25489480000000003
421,0.26456,-0.2632996,0.31148380000000003,-0.22216199999999997,0.275659,-0.2536866000000001
422,0.2645858,-0.2679609,0.3115829,-0.22185660000000001,0.2837021,-0.2494886
423,0.26371459999999997,-0.2674211000000001,0.30871149999999997,-0.22256459999999997,0.2820985,-0.24935469999999998
424,0.2632391818181818,-0.2652102727272727,0.30525899999999995,-0.22376581818181815,0.27724800000000005,-0.2515829090909091
425,0.25303339999999996,-0.2579802,0.3068666,-0.217151,0.2670776,-0.2475676
426,0.253777,-0.2592387272727273,0.29940536363636366,-0.21534036363636366,0.26653627272727276,-0.24715772727272728
427,0.2559116666666667,-0.258209,0.301902,-0.21908411111111112,0.269955,-0.2463988888888889
428,0.2578084545454545,-0.2599875454545455,0.30432290909090914,-0.22330972727272727,0.2689320909090909,-0.2513374545454546
429,0.25699954545454545,-0.26354554545454545,0.3058041818181818,-0.22516581818181816,0.2640950909090909,-0.2581399090909091
430,0.25578319999999993,-0.26467579999999996,0.30612480000000003,-0.22842100000000007,0.26673279999999994,-0.2569062
431,0.25487660000000006,-0.26454760000000005,0.30596019999999996,-0.22957479999999997,0.2649992,-0.25776379999999993
432,0.2511506,-0.2640104,0.30856639999999996,-0.23172280000000006,0.2626772,-0.2577026
433,0.2501768,-0.2523346,0.3108612,-0.23060620000000004,0.2684692000000001,-0.24643259999999997
434,0.25717480000000004,-0.2401184,0.30810560000000003,-0.23465860000000002,0.2774872,-0.2380676
435,0.2593598,-0.2551178,0.31103819999999993,-0.22849119999999998,0.2815886,-0.2440644
436,0.258017,-0.2601836,0.31446260000000004,-0.22750240000000002,0.27157280000000006,-0.252533
437,0.25762019999999997,-0.2608704,0.3135866,-0.2246918,0.26872280000000004,-0.253845
438,0.2536105454545454,-0.25973636363636365,0.31402599999999997,-0.22911190909090912,0.2744459090909091,-0.24954500000000002
439,0.25027180000000004,-0.2587494,0.3144106,-0.2303954,0.28628240000000005,-0.24300839999999999
440,0.25039979999999995,-0.25797400000000004,0.3141908,-0.23126240000000003,0.271286,-0.2493072
441,0.25214709090909093,-0.2558466363636364,0.3133088181818181,-0.23061700000000004,0.2658191818181818,-0.25045381818181817
442,0.252414,-0.25713199999999997,0.3077941999999999,-0.2292422,0.26468820000000004,-0.2510744000000001
443,0.2531706,-0.25807179999999996,0.31253980000000003,-0.22862859999999996,0.2623474,-0.25362540000000006
444,0.25450740000000005,-0.261264,0.3100158,-0.22717919999999997,0.2579652,-0.25918260000000004
445,0.2533166363636364,-0.26054818181818185,0.30686827272727274,-0.22566354545454548,0.26075318181818186,-0.25582454545454547
446,0.25330819999999993,-0.2614624,0.30530999999999997,-0.2244658,0.2696656,-0.2499848
447,0.24680479999999996,-0.25123599999999996,0.3046448,-0.22243339999999998,0.26184399999999997,-0.2439208
448,0.24921580000000004,-0.25406500000000004,0.30372920000000003,-0.2187226,0.25608820000000004,-0.24971620000000003
449,0.2489442,-0.2547484,0.30078419999999995,-0.2203522,0.2610994,-0.2467588
450,0.24922179999999994,-0.258197,0.3017518,-0.2203554,0.26906120000000006,-0.2440948
451,0.24946318181818183,-0.26030390909090906,0.3053770909090909,-0.22103445454545453,0.259978,-0.2531515454545454
452,0.24865719999999997,-0.2592558,0.3020478,-0.22160020000000005,0.2517608,-0.2570434
453,0.24726559999999997,-0.255551,0.3091706,-0.22712400000000002,0.2524414,-0.253369
454,0.2460662,-0.2561066,0.30997020000000003,-0.23208920000000002,0.256433,-0.2524048
455,0.24761660000000002,-0.2551818,0.3123444,-0.2287474,0.2592134,-0.25057060000000003
456,0.24777380000000004,-0.2561844,0.3093568,-0.2220809,0.25685269999999993,-0.25123
457,0.2537444,-0.23234239999999998,0.306729,-0.19016700000000003,0.26299439999999996,-0.2257692
458,0.23259109090909086,-0.14972072727272726,0.3241509090909091,-0.08019047272727273,0.25060209090909086,-0.13656200000000002
459,0.24133920000000003,-0.14551979999999995,0.33332219999999996,-0.07590027999999999,0.2570279999999999,-0.13455522
460,0.2632628,-0.13587960000000002,0.32344660000000003,-0.07918092,0.3021212000000001,-0.09941394000000002
461,0.2710541818181818,-0.1281463636363636,0.32028181818181817,-0.0794871818181818,0.3070457272727273,-0.0926278
462,0.26773379999999997,-0.1286226,0.31854840000000006,-0.0805481,0.3040984,-0.09439695999999999
463,0.26739918181818184,-0.12743863636363637,0.32486509090909094,-0.08034308181818182,0.3044113636363636,-0.09715548181818182
464,0.2690796,-0.1322284,0.33557590000000004,-0.08314362,0.30693810000000005,-0.10450583
465,0.26106860000000004,-0.14236759999999998,0.34141540000000004,-0.0780365,0.30478819999999995,-0.10776679999999998
466,0.26346236363636366,-0.14019363636363638,0.3402474545454546,-0.07986589999999999,0.30064672727272723,-0.11141799999999998
467,0.2631482222222223,-0.13948088888888888,0.33901111111111115,-0.0818939222222222,0.3024988888888889,-0.11000399999999999
468,0.2629047272727273,-0.1413089090909091,0.33707372727272733,-0.08342117272727273,0.3006438181818181,-0.11225481818181816
469,0.2497115,-0.13603649999999998,0.33551470000000005,-0.08378598999999999,0.293236,-0.109958
470,0.24593820000000002,-0.1369752,0.33546440000000005,-0.0844208,0.2935396,-0.10937800000000002
471,0.2553222,-0.14631640000000004,0.336026,-0.08330992,0.2975616,-0.11393119999999998
472,0.2671112,-0.13266899999999998,0.3386748,-0.08243712000000002,0.31211240000000007,-0.10145256
473,0.26478290909090907,-0.1334838181818182,0.34077309090909086,-0.08304805454545455,0.3150288181818182,-0.10044152727272726
474,0.26411419999999997,-0.13554689999999997,0.3414732,-0.08383178,0.31206829999999997,-0.10383610000000001
475,0.26427619999999996,-0.1421614,0.34246220000000005,-0.08575439999999998,0.3056411,-0.11273499999999999
476,0.2652877,-0.14150710000000002,0.34273689999999996,-0.08556823000000001,0.3059005,-0.11257019999999998
477,0.2632662,-0.143051,0.34078679999999995,-0.08550414000000002,0.30355519999999997,-0.11354680000000002
478,0.2545844545454546,-0.13895472727272729,0.34105045454545463,-0.08398853636363636,0.2977252727272727,-0.11193845454545456
479,0.2539017,-0.13805819999999996,0.3416916,-0.08615419000000002,0.2956647,-0.11375280000000002
480,0.25496427272727273,-0.137483,0.3420562727272727,-0.08709299090909091,0.2978586363636364,-0.11303999999999999
481,0.25653380000000003,-0.13709409999999997,0.34055939999999996,-0.086998,0.29983800000000005,-0.1116347
482,0.2504865000000001,-0.13425130000000002,0.33734279999999994,-0.08873901000000001,0.30182029999999993,-0.10774389999999998
483,0.24753719999999996,-0.138449,0.3375,-0.08394166,0.31331499999999995,-0.09893194000000001
484,0.24655609999999997,-0.1363357,0.3385254,-0.08503264000000002,0.313356,-0.09933162
485,0.24699420000000005,-0.13602600000000004,0.3383636,-0.08581847999999999,0.2992064,-0.10771499999999998
486,0.2551685454545454,-0.13715854545454545,0.33800581818181813,-0.08578492727272727,0.2987907272727273,-0.11050127272727271
487,0.2638001,-0.1383195,0.33794399999999997,-0.08525391000000002,0.3019469999999999,-0.11137249999999999
488,0.26438110000000004,-0.13994150000000002,0.33819560000000004,-0.08380583,0.30253300000000005,-0.11130390000000001
489,0.25896280000000005,-0.13880019999999998,0.33822019999999997,-0.0838684,0.29810159999999997,-0.112088
490,0.25419345454545456,-0.13683236363636364,0.33860609090909094,-0.08482775454545455,0.29941763636363633,-0.1093471818181818
491,0.25433210000000006,-0.134903,0.3389436,-0.08534089999999998,0.30229040000000007,-0.10715649999999999
492,0.2555283,-0.13333299999999998,0.33972769999999997,-0.08561248000000002,0.3012256,-0.1077776
493,0.2549370909090909,-0.1335782727272727,0.3382152727272727,-0.08545755454545455,0.298638,-0.10868709090909091
494,0.24835044444444446,-0.12593255555555555,0.3226286666666667,-0.07204183333333333,0.27615866666666666,-0.10791355555555555
495,0.2591344545454546,-0.1128970909090909,0.3080458181818182,-0.06458075454545455,0.2698433636363637,-0.1028276090909091
496,0.2598952,-0.1207184,0.30681169999999997,-0.06448976,0.2903364,-0.0843872
497,0.26182999999999995,-0.12185659999999998,0.3096283,-0.06600188,0.28839100000000006,-0.09109192
498,0.2614074,-0.1209929,0.3099747,-0.06660463000000001,0.28763269999999996,-0.09190215
499,0.2606155,-0.12045429999999999,0.3086335,-0.06647034,0.2913956,-0.08607025
500,0.2605179000000001,-0.11824199999999999,0.30819549999999996,-0.06373445000000001,0.29582060000000004,-0.07806092
501,0.26041336363636364,-0.12084390909090909,0.3071523636363636,-0.06252637272727272,0.29518536363636366,-0.07771856363636363
502,0.25934749999999995,-0.12020249999999999,0.30851129999999993,-0.06239317000000001,0.29314429999999997,-0.08056182
503,0.2588168181818181,-0.11730372727272727,0.32753409090909097,-0.055421327272727285,0.30135681818181814,-0.0793554090909091
504,0.26222059999999997,-0.11421050000000002,0.327057,-0.05541992,0.30002270000000003,-0.08028713999999999
505,0.2734132,-0.1280775,0.32659610000000006,-0.06756745,0.30818160000000006,-0.08887489
506,0.292325,-0.12959910000000002,0.33117219999999997,-0.07020874,0.31306940000000005,-0.0979508
507,0.2932679,-0.1258131,0.36143980000000003,-0.062251259999999996,0.32880729999999997,-0.09320221999999999
508,0.29602819999999996,-0.036607332000000006,0.3311692,0.016625964,0.3169875000000001,-0.006718450000000001
509,0.2920868,0.02793884,0.32723240000000003,0.07700805,0.31549689999999997,0.05941012
510,0.3115318181818182,0.030707627272727276,0.3258237272727273,0.08012807272727272,0.3206314545454546,0.06477217272727273
511,0.3060866000000001,0.03594973,0.32502440000000005,0.07907258,0.31797020000000004,0.06297301
512,0.3106323999999999,0.03532867,0.32133629999999996,0.07931367,0.3167083,0.05988769000000001
513,0.3105429090909091,0.032524836363636365,0.3205776363636364,0.07701527272727274,0.3159205454545455,0.056031663636363645
514,0.31067809999999996,0.03258972,0.3198793,0.07310636,0.316716,0.058520499999999996
515,0.31054409090909085,0.0300279,0.3278114545454545,0.07925276363636365,0.32780590909090906,0.07922225454545455
516,0.3096077777777778,0.008566964444444445,0.3364241111111111,0.07236396666666667,0.3363273333333333,0.07209776666666666
517,0.29774209090909093,0.013024054545454545,0.3359942727272727,0.06949961818181817,0.32226572727272734,0.04947037272727273
518,0.30647430000000003,0.01507568,0.3309846,0.06654356,0.31920479999999996,0.04155577
519,0.30675220000000003,0.01674958,0.33021540000000005,0.06522523999999999,0.3225508,0.04900818
520,0.27588370000000006,0.014682004000000002,0.33509829999999996,0.0711502,0.3203341,0.056845120000000006
521,0.2964644,0.01794282,0.3374268,0.07347262000000002,0.31889340000000005,0.04911957000000001
522,0.2927829090909091,0.016089690909090907,0.34082318181818183,0.06986167272727273,0.3145738181818182,0.0403608909090909
523,0.29182879999999994,0.015281700000000004,0.3386856,0.06661531000000001,0.31379080000000004,0.03897399
524,0.2940130000000001,0.012266355555555556,0.3390013333333333,0.06478880000000001,0.31738455555555556,0.03933036666666667
525,0.29186754545454546,0.018479781818181818,0.33270972727272724,0.07141807272727273,0.3119119090909091,0.04402439090909091
526,0.2923126,0.02215577,0.3203657999999999,0.06711272,0.30457330000000005,0.04159089
527,0.29636699999999994,0.02308656,0.3217391,0.06506195000000001,0.3086791,0.043296810000000005
528,0.29768781818181816,0.019148390909090904,0.3230756363636364,0.06197424545454545,0.3102971818181819,0.04026379090909091
529,0.29695740000000004,0.01483611,0.32454070000000007,0.06035769,0.31050720000000004,0.037014809999999995
530,0.29536,0.014296081818181818,0.33435445454545454,0.06690146363636364,0.31501227272727267,0.04055648181818181
531,0.29353949999999995,0.013331599999999999,0.34088909999999994,0.07129365000000001,0.31682430000000006,0.041561909999999994
532,0.29129040000000006,0.01501312,0.34228050000000004,0.0706436,0.3178084,0.043708800000000006
533,0.2827775,0.009587112999999998,0.3476289,0.07263337,0.31634970000000007,0.04195862
534,0.2738144,0.005618287,0.3465622,0.07219392000000001,0.31008289999999994,0.03816985999999999
535,0.2916017,0.009761044,0.3445526,0.07248993999999999,0.3176132,0.04027709
536,0.29736190909090904,0.016138245454545456,0.3371386363636364,0.07371938181818181,0.315549,0.042029636363636366
537,0.2977752,0.01468506,0.3277192,0.07348632,0.3095978,0.03758544
538,0.2947166666666667,0.014487355555555557,0.329583,0.0709855888888889,0.3091906666666666,0.03766717777777778
539,0.29336681818181815,0.014554118181818182,0.3342826363636364,0.07151931818181817,0.3114402727272727,0.03942178181818182
540,0.2933346666666667,0.014821366666666667,0.3366446666666667,0.06886293333333333,0.3140713333333333,0.040466300000000004
