0,542.429738194,566.540187452,473.758802073,528.026753577,510.072069901,548.518898177
1,646.513899236,505.906048978,572.700299678,426.200699279,605.541736834,461.707915833
2,526.953961727,439.107680885,463.643780403,322.512487496,522.017383107,431.167710072
3,423.699825856,371.625503616,386.437502167,281.984268678,422.491063764,366.351973892
4,451.425746318,401.684988748,388.049526808,283.107448801,403.976662805,319.210310487
5,436.886397768,386.926408222,404.251501474,278.187123345,407.882828257,291.030176212
6,397.897459683,390.457061546,357.93246301,282.02827407,361.353288531,293.352787213
7,333.859907921,365.970518354,324.878637129,284.750481233,325.186631875,287.666734083
8,329.618003102,357.595556543,317.414570492,277.486495599,320.045956276,294.304005726
9,465.829133135,404.8164606,444.015465841,290.943872725,457.015454907,375.540773926
10,668.42103005,465.229273971,617.8476958,354.335053791,643.111470373,409.641615722
11,690.943442851,462.745142058,632.23022451,367.742933348,679.99628033,442.426381812
12,676.90281231,476.728865338,634.231603387,369.274955073,651.963003805,409.657486943
13,665.571601539,479.821367488,641.139204363,374.886497785,647.248205404,398.603934518
14,672.374666908,473.861556148,639.166961157,373.632862886,655.560224562,421.901712107
15,667.719652087,452.261572843,618.885992673,341.890726988,661.779109901,438.762910337
16,676.125389059,451.246772976,617.940241511,350.259360935,658.773559707,419.105392862
17,660.004641871,440.850096316,612.163513668,357.732207771,633.233753872,394.505194474
18,661.227910547,441.68801317,612.425392119,362.699160605,634.522960088,398.500535418
19,665.617393224,440.980028248,616.170608224,363.560463302,639.786942687,400.521940896
20,667.629925264,443.773219812,615.238152223,363.233162973,641.66844582,403.84038369
21,668.584001231,439.759481722,612.500435699,365.007552163,638.524200234,399.668047615
22,670.182673105,438.783803323,610.943902481,367.531628086,638.77324939,401.001892427
23,674.467765922,426.898097741,614.256609082,345.881564063,651.606575222,397.925827809
24,671.017886993,405.736591962,619.94293834,327.615959406,656.081614716,382.736388812
25,672.240987805,408.005668703,621.063348598,329.805390146,644.680822085,365.873694697
26,671.601886053,411.473000563,621.160378398,330.965236265,645.334588119,369.529760355
27,671.299230319,414.750736371,620.357460208,332.55077737,646.134645656,374.09676951
28,673.497217091,413.898977932,617.732292144,334.580515313,647.905643809,377.382375296
29,675.927271739,413.76769056,618.904306523,336.853958444,649.848592057,378.562856564
30,676.289855962,413.698671228,619.80343734,339.741115151,648.910985354,377.861843386
31,675.789916666,413.709969685,618.115022801,337.320884585,647.217110264,375.845367123
32,676.022162269,414.130770519,614.735546911,333.756516904,646.063085701,374.81613806
33,682.8988011,419.55901301,617.190257395,337.859881752,651.692643116,380.732926639
34,684.526790735,421.873653341,620.702544155,341.22580504,653.503736446,382.64153975
35,682.448120779,420.219496747,620.056164321,340.918071204,651.034064159,380.25392113
36,680.142775527,420.23047836,620.16054541,341.174111622,648.522782143,378.522040594
37,675.575672226,418.723870769,618.226754087,340.047656612,646.422341988,378.689327294
38,675.850359571,419.529126326,613.734712367,338.3269135,645.308929527,379.577881824
39,676.238580783,419.215268464,614.058853107,339.792809451,644.975643864,379.259826167
40,675.429174629,419.227074573,618.492292908,342.533502524,646.541358009,380.277067531
41,675.372906509,419.973928237,619.56004512,342.592151122,646.142991954,379.432178535
42,674.54163685,417.057123675,618.778329799,341.762042583,643.727969842,375.445995333
43,680.210547572,412.542834502,618.957387885,342.760720788,646.653089295,374.169564972
44,684.739212191,420.674085425,619.413373942,342.97683311,651.401482907,381.015483198
45,685.087139333,420.979940559,621.162238586,339.211223336,653.062426671,379.996381885
46,687.603917905,424.118811822,618.902476884,338.789624228,654.085577469,382.465792352
47,692.802142589,401.184814067,616.065899829,339.973791071,653.934084313,370.229748081
48,691.567710996,403.569531199,615.860966039,347.29754548,650.721088911,373.256122575
49,687.87428885,413.533496319,613.85374039,341.013466425,648.121761638,374.597228945
50,688.286470483,415.159707344,613.455366697,342.669365451,648.440405823,376.584670879
51,658.451144693,404.533460327,614.1554762,343.332145031,635.656261224,373.128020688
52,661.180796887,405.517195026,613.442034442,341.901929284,642.177529603,380.113538178
53,658.460907946,410.081593597,614.399447509,338.112780178,638.439963726,377.3565516
54,659.709815292,412.4920064,619.274195884,343.102465113,640.674073383,379.804920373
55,660.839689815,413.024259881,621.352673821,344.087194072,641.545745426,379.345492005
56,662.271720057,405.559023298,615.249169335,342.040329838,637.645219453,372.299732364
57,662.533586507,409.591191821,615.095301794,341.432679618,638.62493841,375.31227415
58,662.484140313,412.816261365,615.785695527,341.91290271,639.959917249,378.608912004
59,663.779493987,413.725365559,616.352044732,341.540978554,640.606014509,378.451851206
60,664.401449303,415.141815384,616.457787412,342.915888485,641.758166882,381.017433602
61,664.716422641,412.639949874,616.300283503,346.419367535,641.759991066,381.238443864
62,665.547806399,408.097280318,617.091403411,351.937182914,642.122619694,380.931616553
63,664.313882697,402.548267621,617.290986842,353.819640204,642.743561321,380.184670946
64,663.42722917,402.034999856,618.39707529,352.932607925,642.565764453,379.235698647
65,663.299041342,421.503370565,617.283650829,347.22156782,640.892003395,385.278880705
66,662.39807122,420.934786654,617.041934414,341.434519393,639.721849203,381.166032333
67,661.06309838,421.27302311,615.241812592,339.986715061,637.573800239,379.581537756
68,659.323420664,422.237817853,616.005461725,342.59261555,637.929072123,382.872502039
69,659.164103372,422.078437802,619.600172809,346.970167291,639.787759861,385.258261277
70,660.278498623,424.216426612,616.350375472,343.957526096,641.196965107,389.333140788
71,662.496145526,410.521332367,614.849319615,348.51942908,640.364603458,381.951049462
72,662.449349999,409.997667796,615.368185357,355.499713651,639.071767542,382.952378066
73,662.647455863,418.74385817,618.669402433,359.550943158,642.095943181,391.100035525
74,661.896316236,421.237094081,619.279716442,360.434717479,647.916648921,400.999811034
75,662.995054718,420.523504304,618.210276423,352.655156027,643.530805928,390.885735614
76,662.500621578,420.733507524,617.027280934,350.033875066,637.372347891,381.625510364
77,662.101407255,423.02878519,617.364214966,349.83785658,636.817483847,381.646357973
78,661.682054898,423.785686565,617.895268605,349.418097881,639.544219262,386.153764227
79,661.84836846,423.266579456,618.171624882,346.526236687,640.399571839,385.558444205
80,662.341305726,422.958987403,616.527346438,342.537206909,639.174293897,382.282436146
81,662.138037355,420.138980775,615.244987458,342.261293293,639.214244842,382.054993689
82,662.573870976,419.164846941,619.671580022,341.308931718,641.935796823,381.660987928
83,662.676420134,418.763219664,624.474921184,340.503755859,643.250637629,378.981513889
84,660.604793035,416.348217198,622.491712143,338.135113735,639.463946426,372.933710257
85,658.321733488,410.351664748,621.250123463,344.915001848,639.383042982,376.915620462
86,658.596420833,409.551932764,617.706657554,347.863089834,636.808338924,376.681528662
87,659.717139632,410.47646057,612.048170018,342.877123451,633.953442564,373.944973628
88,661.240733122,415.295630781,614.38114566,347.334502682,636.773547409,379.810648266
89,661.418357063,413.946139271,617.941065231,353.345178036,638.720144026,382.304627851
90,661.815071643,412.112300254,615.80103635,350.755208095,638.741440722,381.337343757
91,667.792893325,408.932180029,614.774821424,351.230436596,641.565895462,380.276945649
92,676.280688236,411.551801434,617.613300125,353.543481904,649.442050994,385.044263769
93,678.181351631,415.187293731,612.849370943,344.355655079,647.766112261,382.186786856
94,678.977303542,415.988201223,611.380142544,343.256205651,647.097470179,381.679979843
95,680.576946326,416.344418762,610.783427727,345.553406493,647.71121217,382.994916334
96,681.925574666,417.186184041,608.810282974,346.925428084,645.496135103,382.188942181
97,682.689552437,417.202175653,610.725145476,350.980566525,645.934880024,383.418102303
98,683.017842324,418.759530689,609.292115642,348.830084197,646.543182193,384.191663753
99,683.140518715,418.410446318,608.8709331,347.482234559,646.77026913,383.700228589
100,683.388721239,420.089441914,609.093700692,350.76031025,644.246822249,383.592509711
101,682.838376197,420.714930331,609.116321886,351.759567129,644.477581557,384.865533237
102,682.695561772,421.281882374,608.39848138,351.722468524,645.026925044,386.027341453
103,682.66624281,421.238939743,608.339891462,350.655363222,645.559814868,386.013918385
104,681.664048856,422.068021547,610.199099616,353.577626136,646.128023169,388.035687929
105,672.341710379,415.304722293,609.361722673,350.128317191,642.078659253,383.983569115
106,669.071111231,414.555110704,609.594246159,352.457160696,639.557060559,383.763530502
107,668.785434376,414.697725092,610.376233143,350.930795199,638.44910865,381.59564114
108,666.349886774,407.689765187,612.126873967,353.698884408,639.130345458,380.626758851
109,546.546466005,358.94913052,506.149305682,290.708872438,524.113728182,320.59588923
110,405.412858777,248.295814179,339.297700802,196.714224274,372.128216855,222.506837136
111,405.628880596,285.734709649,335.573004589,177.225796692,387.360395384,258.19910225
112,407.423301842,303.427516111,361.053018202,191.083439555,391.40024343,264.136223107
113,388.51227173,301.753253111,367.363375581,189.80740802,372.683392931,218.146378821
114,363.108171238,252.98910449,297.250101049,148.165741724,344.939208806,221.96513683
115,350.761498705,248.317781721,263.195134047,139.694183795,294.608066917,181.225166058
116,381.167289848,261.896787389,252.08345171,138.379108113,282.324586221,167.879344648
117,305.798782692,214.169862481,238.029792217,147.203979674,262.36497747,172.031154398
118,359.375608775,272.638027583,278.40715054,137.40827415,300.265078304,175.880810402
119,359.434294703,273.826129059,283.972352654,144.079993611,316.09263697,201.013299469
120,359.236274702,260.053363782,284.21021668,143.443069048,297.362345113,164.287097734
121,355.595826998,268.696408407,285.213758043,142.920256476,297.596608775,165.866670916
122,341.98981272,264.95359085,288.495609527,142.979158087,302.607114862,176.264303734
123,337.485037714,266.38320301,287.056184137,143.277351622,301.592772408,179.963077415
124,338.59454978,263.672548367,284.034638946,144.707641935,299.579929101,179.570538047
125,345.681745624,261.818005634,281.099142445,141.331310117,305.377714707,187.678832948
126,351.193542344,268.109852222,280.88108042,140.180392653,306.035141111,187.130536057
127,355.496937009,271.471972419,278.940244385,142.467368435,310.400942079,196.644559614
128,354.932640012,276.013837463,272.031026518,145.834037478,302.048458435,194.065822846
129,352.756798423,272.669685452,275.754729905,150.359945236,298.622057805,186.899528635
130,355.456612936,257.561532193,285.228399522,143.767038531,296.985027002,162.986560196
131,354.976564449,259.804188724,284.320147784,147.830599911,290.601342217,158.27538938
132,352.208997638,257.812342312,285.228923211,147.851304802,291.503266043,158.428092584
133,351.077730647,259.228826113,285.395216371,149.466086057,292.287992577,161.336788277
134,350.772539821,265.939654595,287.792338493,149.467966778,301.95880938,176.38540206
135,352.072511125,271.020927161,287.770256262,149.898400387,296.670355219,167.22930475
136,354.892795988,273.609802856,288.045084021,147.539873416,290.799122194,152.980882103
137,355.480309875,273.708143525,291.74514502,144.768045331,297.252064884,156.374494535
138,356.196367655,264.466089471,295.952202682,145.195399945,311.199262714,176.176203107
139,354.731434235,254.905987968,296.233161969,145.800395122,316.584926694,184.500586383
140,309.284455975,209.837632031,286.820987048,146.304538444,291.641473942,159.685532813
141,288.506781564,202.890536631,287.396342132,139.128919574,287.609636403,152.687302137
142,288.997260196,206.909091861,286.215499224,142.607293901,287.242922999,169.724592437
143,290.27178893,203.494153935,286.239141612,143.741294191,287.788738129,168.441240525
144,290.183940057,202.017408785,283.50718567,144.775758705,286.397077564,170.089949728
145,291.831444645,201.196509072,281.070721393,148.085481085,285.964488416,172.770367259
146,291.92614512,201.088248015,282.179087889,149.803099261,285.282164952,166.426296096
147,293.201764873,209.1916443,283.89350469,150.55693451,287.204639132,171.573246978
148,338.342164288,247.29024424,289.662007339,152.357485538,309.256626498,191.184225961
149,335.360583133,242.768238064,287.286847436,144.7094875,309.214262219,190.412437045
150,301.655200532,209.267576867,287.344736919,144.523766567,293.113501413,171.376984774
151,302.16979069,207.326808323,289.512112199,146.566453771,294.817008021,172.652579064
152,303.392714212,211.843999119,291.200202705,149.355725615,296.485296527,177.128551408
153,304.216957465,210.831079033,293.414186329,150.930289076,298.334803337,178.871562566
154,302.852419639,214.316673569,294.125138139,149.938882072,297.611250254,176.656985414
155,303.594596421,215.35035887,294.499968726,147.00488326,298.270749594,176.614258169
156,301.847318119,217.274612796,296.311158938,145.44938197,298.655235702,176.392761724
157,434.683311245,236.889618559,425.034744689,124.571452337,427.376901259,163.791168269
158,637.722112419,283.663017129,590.725196287,119.246916242,599.581082777,153.703520245
159,646.041451116,276.514463388,598.465846132,122.980429103,605.195645877,144.120478349
160,661.184126678,295.384579985,602.760933777,126.223308554,611.988687646,153.593333537
161,674.237041417,288.039835053,605.30735316,124.54930694,609.786541582,135.287544447
162,662.575704761,287.536920346,606.519631607,126.508941522,618.514243125,161.898994015
163,660.358070369,294.087302879,605.933624417,130.192439266,618.917135819,169.671362869
164,654.695888859,339.462430266,618.854849528,131.814986783,622.418441469,149.155207055
165,669.224934259,289.707539918,618.364757117,130.298041825,618.5029238,130.72885382
166,668.646264,300.220695717,621.548629614,130.78803725,621.997258927,132.651930824
167,660.645577409,300.45405513,624.810055035,130.555681788,626.324475999,137.942503673
168,662.301018617,302.186962166,623.447593419,128.842500177,632.378523489,168.327356945
169,664.978290795,299.996553284,620.420587675,129.475084947,632.97919616,177.497339063
170,674.552010831,293.861457805,618.074746733,129.764604676,639.216442155,191.314386058
171,679.183215006,287.371760357,618.514255126,133.411410075,642.598707781,194.681658037
172,680.586950973,277.74758584,617.312621755,133.448959272,636.92685744,178.384028869
173,683.017830322,269.13087729,617.391721744,134.578052073,638.185442018,177.341367001
174,681.51620265,267.919218735,618.646088442,136.577374705,641.256408202,183.908516622
175,679.593392436,267.153027764,621.17871625,135.790607947,644.365862273,188.047350324
176,677.207124744,266.991735042,621.555757,135.007854452,643.003616679,185.952103327
177,678.27628122,264.752331431,620.354121689,134.522973565,638.197076648,174.819259285
178,677.150105652,269.922603582,619.315517391,136.111439853,622.355357764,142.962787186
179,675.31196599,275.879940084,618.301821669,136.643712776,619.094777762,138.614880843
180,683.373759,265.030584407,618.456304545,133.710325796,627.003196917,151.463530209
181,680.067716346,262.475877663,620.380275604,133.101739775,630.972197443,155.970436056
182,678.404936396,262.996337818,621.105436849,134.041776301,625.467457436,143.851702348
183,675.213080802,266.98804993,622.704130325,135.27651839,625.656056485,142.669853582
184,673.936215214,271.13626625,623.945026208,140.582193509,625.017127223,143.40423275
185,675.214915788,263.861304484,626.04796807,140.951997465,631.402500906,154.468396291
186,676.177544751,261.900859922,626.721865471,141.604460085,639.540533556,172.790041286
187,677.503806832,258.916667741,625.564851637,142.304665493,639.871845808,174.485592348
188,680.580295755,262.603158343,626.8184328,144.341353392,631.93090555,155.537248406
189,684.123910042,273.477775791,626.753015284,145.075757871,626.967260924,145.570840039
190,688.908913352,289.721216346,627.302370771,144.948768247,628.80030207,148.454260725
191,688.652736568,284.330078565,625.028812039,144.465207039,630.409337318,156.327730253
192,676.513269328,286.03383988,616.701328011,137.704875651,622.720643993,151.827817966
193,680.300272235,282.901581436,620.480989776,135.324414596,624.32478602,146.023548606
194,745.613272788,264.105082881,619.31633214,134.703382924,622.140085354,137.586970451
195,752.756922333,254.388359038,619.990236208,134.506200579,621.455212178,135.832994337
196,711.158512678,290.281126459,622.751739134,134.456439185,622.933041446,134.77343299
197,680.289285125,338.941659202,621.099940294,132.806795073,621.378320411,133.81871539
198,675.711192314,348.44538876,622.526476381,133.267635747,622.947670924,134.990861857
199,678.113086554,358.429758055,625.43666778,137.429218173,626.78845159,143.412590082
200,677.848233766,374.908899765,629.530983873,143.205591187,634.480835834,167.097044261
201,681.523535391,381.287206446,630.406316286,144.961638578,636.339523571,172.410299012
202,682.151823942,352.53964996,627.812296822,146.186863634,630.738901515,155.903249239
203,693.487031366,305.215936693,620.911329243,143.360234877,624.652575128,150.681986436
204,668.800085456,279.557269444,622.299413447,140.541349016,622.57408519,141.366305619
205,672.262960825,282.719934454,623.5355263,141.027470416,623.676516541,141.451030311
206,672.917936847,312.6718873,625.686174194,142.398164288,626.056491598,143.856664569
207,678.143061545,318.062207726,632.77227126,144.799678453,635.195003968,154.01611278
208,818.189653198,325.307243997,845.670017948,163.681316269,826.215343834,250.99407368
209,950.245089665,236.475749312,928.645908035,163.150099088,927.301532246,177.570737062
210,934.740123583,228.766145807,927.819744589,172.145952026,930.161901159,181.830492721
211,936.895290357,236.145769838,931.075684365,170.898026335,931.47870689,175.151222961
212,978.184271668,202.253748438,954.41839119,164.658130243,957.630515631,169.825588391
213,999.824377431,193.47742937,992.151042384,179.431084771,994.515281185,181.96254212
214,995.760646973,225.257478191,997.467579382,177.904690572,997.485701212,177.97439496
215,988.536277274,215.120753131,999.802055176,176.963399969,999.789093867,177.003780127
216,985.050372452,211.076044991,1001.87454451,171.607297666,997.23836714,182.654919296
217,983.181816446,200.120954385,995.768087725,168.465066407,991.785005413,178.433049936
218,992.750131986,188.411400694,982.217104459,174.949380173,986.007960083,179.873385064
219,995.564667178,188.034516998,985.855566508,172.529569087,990.88779479,180.364863046
220,997.229235308,187.801640922,980.929548955,176.836799331,990.122597501,183.01720054
221,998.683203985,185.604226178,981.041749379,179.089536521,991.170117851,182.796593948
222,969.330137354,206.894444729,981.088565016,181.50216124,976.298281173,192.696557054
223,963.329531262,209.017583504,981.64926165,183.527067802,978.978991939,187.376291319
224,993.409107637,219.644267111,985.025715416,170.385689473,985.04229891,172.139639781
225,1007.26092856,198.083171804,984.238763203,170.139519835,985.489049488,171.962379421
226,1028.10799422,202.585728482,986.427020592,169.98514962,988.495047655,171.603940175
227,1027.72107514,190.692939539,988.891393143,169.680519238,990.014346567,170.286352025
228,1032.24781237,196.492478907,987.816924616,173.133456351,988.821906124,173.603321522
229,1027.97970126,183.816845245,986.454186972,174.731983202,986.794781374,174.803568374
230,1002.27610507,191.162264207,985.095289716,171.516356362,987.846087561,175.122894529
231,996.544326129,191.264912354,1017.15316773,157.378455592,1008.36684026,171.852258606
232,996.117672125,191.083066024,1020.93421509,155.664255561,1013.51473841,166.389555232
233,995.789663237,194.252974361,1020.52789526,161.218797337,1017.36397569,165.407116134
234,996.31929249,197.135073174,1002.79209173,166.32947633,1002.71015618,166.773566854
235,987.261628528,195.436783624,1001.13346966,172.397439669,997.186751017,176.14135233
236,988.466670243,203.957726834,996.654257232,158.183464126,993.08689691,186.740007114
237,994.722422107,220.428270169,987.455928153,166.204588652,989.632948044,184.102975456
238,996.286300067,202.548779679,988.017704896,163.94732764,989.140898344,169.175632976
239,978.614635137,217.78740512,989.929858033,164.799579846,989.001684283,169.603429849
240,959.314863941,212.759498062,991.155061785,162.774491325,989.811798836,164.983749073
241,957.236635848,215.985258663,991.777804685,161.311092639,988.554879153,166.432300667
242,958.049837985,218.924728601,991.226348985,161.316607453,981.973294379,178.227585934
243,951.217536978,229.789656668,992.590188558,167.594895458,971.631053395,199.130884266
244,938.589272367,234.417374907,995.694640306,171.173082223,973.038511919,196.512609065
245,937.486961028,233.662898852,998.838837886,172.564477773,978.762970119,192.747889004
246,937.508923246,232.003790651,1000.81123711,167.295422385,980.524388032,188.27837256
247,938.96443026,238.285048543,1002.2813856,164.47262158,985.730993926,184.05160558
248,932.035290381,239.609105049,1002.46320397,164.533254405,987.293071704,180.918820739
249,930.99058486,241.691371907,1003.07139267,165.41955506,987.246376078,182.353087198
250,929.4148257,243.746243669,1004.42600222,167.644320771,984.505670162,188.07666987
251,928.678671345,243.493491864,1006.35987755,166.311103566,984.201799469,188.670740324
252,929.786263217,242.235307996,1006.40020162,165.227516724,979.707945567,192.262121992
253,930.103367974,247.135901577,1008.58529506,166.102418728,990.600714884,184.897377617
254,928.945818328,254.238152676,1010.21274671,171.738455638,1000.82971898,181.537046731
255,925.307050793,273.882992962,1012.26543404,171.933038828,999.864221455,186.745510971
256,929.689413435,273.261430054,1015.47731846,173.550084725,1004.09836913,187.020533236
257,951.150657496,338.801413018,1007.85758519,243.724265679,1001.72812972,255.010922186
258,943.790357704,489.365661671,947.650427591,382.69177981,947.829965725,384.135796891
259,937.71786435,502.64441677,949.020245949,396.85822403,947.518534269,411.44280624
260,925.833063924,509.634647071,940.728128402,397.012959762,938.446817978,410.86964753
261,928.245362124,494.148833329,949.669053301,400.385721534,943.35805222,428.533918472
262,943.892608031,501.394843411,961.585995155,357.304716296,946.481989572,487.901573601
263,933.403308558,504.360419887,955.451215511,344.545429787,939.666021124,444.099455391
264,945.690629641,499.702218842,958.868440668,341.467756472,956.769668681,372.457564031
265,941.508447219,498.698272669,958.670660692,343.226247173,957.956588567,350.871591175
266,945.110611056,495.26844077,956.268138024,342.080966143,955.744285112,350.775404055
267,941.643820892,495.792293687,956.022473211,344.013282696,955.143984479,355.320413721
268,938.318284996,509.385696172,955.83237401,344.878065473,954.660335628,357.775048481
269,944.221921294,505.254500784,957.264358648,344.744999424,956.205851733,360.41990435
270,947.097171709,497.763963661,956.846716464,344.948256879,955.989829914,361.6096936
271,949.04004795,487.830648003,957.170749193,346.17352265,956.58124965,358.754647186
272,945.852013214,487.145662444,957.453803237,348.835438115,956.21527814,364.698148917
273,943.251743301,493.749533837,954.945964478,350.605349941,953.543262798,370.178051606
274,947.009322836,494.27939882,952.689736587,356.026969954,952.499397362,361.76514513
275,934.593348758,507.578321496,952.340141276,356.127428265,952.138520911,358.103100027
276,944.998639746,486.867359671,954.202369371,354.553780577,953.550463525,366.789572868
277,946.80425485,490.840242222,954.410623133,352.186669519,953.496567172,373.245943152
278,946.405208484,493.255148599,951.868426964,351.52558303,951.569463434,362.845437872
279,937.160517146,501.701212611,950.045673159,352.045275966,948.264365965,375.728001678
280,938.453898693,500.383231036,949.910015821,354.009677431,949.477972182,360.47939994
281,941.881466714,491.568935453,948.70862902,344.049925653,948.217452136,354.787354851
282,942.054022325,503.659248493,955.557546251,348.219904685,953.913140157,370.560252705
283,940.622037687,507.105462804,953.795768302,344.848492308,952.86183397,358.567598909
284,941.19914325,507.234243817,953.589958423,345.864207343,952.489338164,363.231793556
285,940.457381056,509.810495027,953.213469487,347.339905967,951.103656385,378.68908361
286,940.460741395,507.325386927,953.217309875,348.989073308,951.840290789,369.245899697
287,938.543929605,502.98023591,952.13333857,349.208604471,950.433639619,371.390527068
288,940.705806148,497.548572154,951.858292607,346.167987133,949.756160281,379.366086149
289,945.10857085,492.555809243,952.360183301,345.916628901,951.001646081,380.682828807
290,948.026196454,490.033158263,953.629889729,345.449237073,953.415177133,355.581612478
291,945.83368409,492.306361768,953.759284617,347.535856987,953.525260979,353.076838068
292,939.193653413,504.73443378,955.828773646,349.447644265,953.931622024,368.552001452
293,937.080479971,497.156626852,954.169246025,349.724960648,949.771041784,390.296615306
294,929.802944902,501.668049085,954.597929324,350.080174795,946.500231415,402.446254923
295,939.530167402,496.814348792,955.172787388,351.615296063,952.220729215,381.790952634
296,939.56228701,495.97289893,954.577221778,353.00403577,952.759147234,372.499470385
297,941.766473281,490.415712733,955.369007207,355.058873776,953.171585256,379.628212061
298,939.472081535,489.722126484,951.960782959,357.556357903,949.906175433,381.83972078
299,943.852523983,483.296340582,952.298257046,360.379350575,950.627928334,390.595135799
300,945.503890779,479.874574713,951.001406057,360.019964651,949.415565879,394.238811346
301,948.262249388,474.900671581,949.796484354,362.132173759,949.79288399,367.323978382
302,949.849649724,473.676389247,949.303714581,360.314635127,949.404524764,365.389260002
303,950.34205946,488.794253458,949.124176447,358.680725359,949.382442533,376.2877871
304,945.240464172,503.383954032,949.516496073,358.358709305,948.72501613,397.598925366
305,941.848561572,508.34358779,950.078272816,358.986372254,947.763719034,412.231491697
306,952.279655167,485.268935002,952.483195725,352.66435935,952.587366247,368.804206971
307,944.306409828,480.799654431,946.126753692,358.171188558,945.983699242,377.8674472
308,949.778482535,478.018760021,946.877309502,370.292636012,948.723575984,382.122098019
309,967.109193027,585.389999722,948.324175643,505.528086788,966.830764904,584.69319915
310,966.102291325,682.159200053,931.93460021,564.775022537,937.856718375,591.584265953
311,968.295872888,662.094307166,936.534664841,580.465162455,955.542904772,620.55364341
312,984.612240926,651.757667776,927.975640335,571.792960243,942.407097987,594.641746198
313,953.960664957,605.39203067,932.711078639,514.312297172,936.707002248,544.227647084
314,965.99397493,597.439529266,945.832156663,523.907272533,950.276860147,543.265646169
315,965.680808753,591.855852998,947.6594285,518.94569936,950.939119766,531.720514383
316,959.480022441,594.937835375,946.895791369,518.984164159,950.093394343,536.92486227
317,956.106830822,601.298374847,944.162024335,518.260524264,949.54969579,554.474077593
318,960.066455007,599.295613761,920.440452575,514.706834176,939.200480769,554.209655674
319,962.629380543,598.801318486,925.653209394,511.615936072,942.294526617,549.219932435
320,957.087487449,589.262434139,945.142014228,512.569807459,948.458349195,535.642390379
321,970.122610125,588.262161468,938.478686652,516.512589612,947.36023828,536.084673524
322,972.035210581,590.76970816,941.341870394,516.747660507,951.894896304,541.769343444
323,975.316582016,593.997672868,942.226119707,517.063384879,951.492255635,538.091773503
324,973.372211079,597.253664571,945.312613277,515.643721184,951.136256041,532.085110296
325,973.296898018,588.518923443,943.810279716,516.673967288,952.259253106,536.605034925
326,972.088015914,584.842718726,943.843283049,519.113780694,954.153164401,542.750678857
327,969.874272315,588.638641932,941.782794929,519.914091225,949.983223215,539.563529967
328,971.426749123,587.649461573,941.383874636,517.961419446,947.694112003,532.376453513
329,976.806739803,587.769203854,941.903396202,514.502759585,947.793045632,526.627360484
330,974.43389286,584.977895219,942.817419432,515.126246666,946.029903909,522.075626179
331,974.507220266,587.006015066,943.173015349,515.520889701,944.983878255,519.534157851
332,973.214013282,589.235811315,944.561773802,517.336184164,947.839632156,525.55531883
333,973.203408575,585.680920327,946.172718334,516.898731652,952.506958126,532.604240958
334,972.527860341,579.46179507,947.220064122,516.151577665,953.607349271,531.866590031
335,972.784697192,575.827373336,947.869744288,514.223268818,954.998246122,531.577346359
336,973.056873774,578.639465674,944.604879975,512.868151481,954.262975492,534.831129764
337,978.519465524,580.212553176,946.068307788,511.062001167,957.674800104,535.369059452
338,982.570049199,587.893917599,945.590604992,513.293417102,953.20177376,528.37651817
339,985.344434881,587.842950392,946.824264144,516.025909997,955.980348956,532.931346357
340,984.051664305,587.153210014,946.785980277,515.050950378,957.181790308,534.766371344
341,976.932861632,583.776637131,946.125204444,513.388426196,953.691205013,530.480282164
342,975.964767486,586.487319581,945.747395375,513.428538316,957.542546746,541.593359284
343,981.366993139,585.015866166,945.974818345,514.116768157,959.066340657,540.022736571
344,986.741856028,582.653644143,947.176019673,515.337062208,962.267063947,540.737696411
345,992.72998086,585.824241222,946.419823293,516.320116064,961.089745032,538.10149366
346,993.256255835,591.324073945,947.293904307,516.145156377,958.602319243,534.339149147
347,991.706157448,592.155488875,947.124774497,515.793611606,960.049599972,537.561187135
348,991.521218769,581.897894039,946.758377489,515.685330953,962.703067986,538.917482426
349,991.973980864,580.627751884,945.595841885,516.699380898,964.051196881,541.934498649
350,989.964541536,584.014616956,944.727532363,517.388535217,955.445694953,532.831921247
351,988.142757527,585.449903521,942.945832402,518.416643039,951.254151586,530.502353286
352,987.10057226,592.08519051,942.055822506,518.860139406,949.34607886,530.570190726
353,987.474290008,592.758813129,941.687745329,519.336720791,951.200746191,534.380537629
354,986.300331432,592.982745677,942.894467214,517.48533952,954.980888005,538.220568648
355,988.104233635,589.242823545,944.529752386,516.906342516,958.780471783,540.176976354
356,989.866011584,588.750132393,946.110192019,516.935644546,964.17729689,546.200119948
357,914.530898346,584.108134662,906.148675698,522.99101117,911.536379884,538.608784928
358,714.699611074,566.999211685,696.54533027,540.491641298,708.11374514,554.370370559
359,700.388972898,600.350773746,639.690694056,534.374790801,689.277036135,589.759686843
360,689.106717332,603.061539624,633.924159606,534.082613758,646.995507881,550.250890854
361,683.689922207,603.955279798,630.56931675,531.081834993,657.365830937,567.774041312
362,653.835209926,552.116615321,621.186012987,494.444592832,631.389688412,508.575371878
363,643.763375018,569.820140836,603.635440288,471.555507906,612.921666245,493.23888296
364,646.760617974,554.077884827,598.034670945,470.077512249,615.293265062,499.712440482
365,647.099918427,551.539642004,597.422052704,469.321661109,623.000788289,511.594920931
366,647.889154144,546.100290836,596.922070203,467.519070671,623.145462902,507.927361547
367,646.656737663,546.169067267,598.127051912,468.641888821,619.680760949,503.050633096
368,642.217460909,547.644612038,598.499128767,469.189548818,615.507999479,499.673823045
369,642.366124289,549.095791486,598.874211379,470.970494301,616.344243944,502.330236065
370,643.347679431,549.731034211,597.834066319,471.113304377,617.629729784,505.231134817
371,644.094826897,548.041661637,597.414707962,470.759162382,618.331116628,505.347082483
372,644.29973426,549.329491034,596.089291421,471.633001957,618.554533861,507.761804623
373,644.541473829,548.487372169,596.101864813,473.907344134,622.67314865,514.887711989
374,636.440225742,552.051785725,597.475158068,471.812344422,619.261378589,516.438314895
375,641.963279599,546.343198357,600.710912896,470.786249016,620.133062634,506.36505481
376,641.029357268,546.170992008,601.350049452,470.588035219,618.733997321,503.639935336
377,641.448703625,546.673914859,600.079133083,470.121383812,617.217752172,501.789650606
378,638.434479172,546.863869354,599.341154543,472.138383849,616.351540681,504.705263422
379,639.139502383,546.871955583,599.848409779,473.16005472,619.233943818,509.48588099
380,638.408483456,548.506754777,600.237166136,473.165687448,616.706626001,505.614694715
381,641.771008179,549.405939713,600.004101504,473.261116063,618.794435426,507.369626671
382,634.80372178,552.263403086,599.922665279,472.568604679,618.94110624,515.865237603
383,630.873295453,554.651876589,599.218478152,473.043507239,614.90121819,513.486559721
384,630.845812677,554.976137262,598.500601643,472.138883361,611.213077669,504.662960637
385,638.190914571,553.44176135,599.103086497,471.599457034,616.210538439,507.321215788
386,641.225277057,552.446321501,600.179859257,471.561251223,619.893170404,510.339372576
387,640.855363694,552.287573189,600.489346517,472.439479425,620.041517387,511.079214986
388,639.830223422,551.730516834,599.229980769,473.53297262,619.932966423,513.356871288
389,636.02824813,546.139811384,615.223510744,480.927895858,625.815372577,513.886662839
390,635.196828153,547.723727284,627.077144022,491.845996763,630.424642137,515.573251159
391,635.618022695,554.02910558,602.337053144,476.896411113,617.221412542,511.104276478
392,637.599422827,553.470977124,599.418070312,473.196281521,618.023477555,512.259382376
393,635.592364104,553.176776426,599.432735793,473.558572913,616.184891848,510.389482108
394,635.808481933,552.838863476,603.443156867,472.556004149,618.180957461,509.065433081
395,632.78327528,551.632306648,601.500686485,472.379362421,614.748879167,505.918222906
396,635.32867347,550.417474305,600.590060689,471.108061234,615.529313631,505.04636119
397,634.51376716,549.082430567,598.821094014,472.298606514,614.862754305,506.758296656
398,633.261032627,548.114929253,601.748729721,472.030831665,616.378676512,507.355469875
399,630.853133417,548.825375706,599.015237624,472.685397941,615.17040538,511.278194437
400,627.586211441,550.044605535,595.110991275,474.647202494,614.67963981,520.02838672
401,626.408896889,548.758392469,594.546998672,475.450403784,615.058499531,522.614341396
402,626.143185688,545.898848641,591.177509973,476.980210198,611.148991196,516.49817725
403,625.297160235,543.390166476,587.425306981,476.232103487,608.892931322,514.265409458
404,638.679855957,544.202004374,596.090746235,475.385420789,614.890213079,505.961888701
405,644.100323452,544.440491934,602.285783966,474.874048844,623.912724399,510.963150396
406,641.661089077,544.573593469,604.573022989,472.755842395,625.168963286,512.609024703
407,632.883158096,544.930245181,600.98795106,473.623153834,616.360380119,507.451765107
408,445.7110091,539.884248934,438.243134806,521.759174071,444.161892631,535.131441564
409,330.874289994,531.862252293,270.85694793,504.268250025,306.603038471,522.581774976
410,329.530154229,546.231686301,270.560277965,501.860545224,310.107632454,532.092417827
411,320.296661599,549.272445191,267.810080181,505.867644035,279.862897578,515.994969523
412,321.948268419,550.127503123,266.678365872,503.948078299,281.412494095,516.490567554
413,336.012622326,545.855654071,275.795073373,506.793330037,303.223310435,526.385657097
414,341.805692304,532.897535116,285.315331939,510.911799126,316.839570596,525.483009053
415,349.039804805,549.223109331,286.365874413,502.428902652,337.935443207,540.972519638
416,348.471711061,545.569251808,289.981839644,499.810418854,334.396253003,534.621045437
417,349.42072328,544.575388722,285.653722482,496.660727477,330.914374043,530.858392457
418,347.904730157,544.078538475,288.682108364,503.716810074,328.522892491,531.033242226
419,349.334052708,546.783241895,288.902930668,507.446479123,334.990422108,537.588330462
420,347.406919876,549.989984649,290.601582241,509.169400619,337.862115801,543.190356796
421,347.051203946,553.985851112,290.736955915,501.580004818,333.731058542,541.642413288
422,347.020240819,559.994045784,290.618023902,501.194812249,324.07836357,536.271445584
423,348.065786425,559.297486916,294.064051969,502.087874286,326.002877956,536.100322528
424,348.636345872,556.446775842,298.207470475,503.6037307,331.824065926,538.949478995
425,360.884521183,547.147801952,296.278155605,495.266427105,344.029778767,533.81753833
426,359.992111045,548.763880914,305.232543681,492.988575999,344.679437113,533.294271284
427,357.430252284,547.441524793,302.236277406,497.700366178,340.576549973,532.325780146
428,355.153876904,549.725952447,299.330893038,503.02807735,341.804164877,538.635462845
429,356.124665868,554.302483521,297.553186207,505.371482865,347.609151211,547.352825345
430,357.584427857,555.758124547,297.168405524,509.486133987,344.443580563,545.769523816
431,358.672457753,555.592972562,297.365945477,510.94606388,346.524110707,546.870030288
432,363.144109414,554.901056301,294.238189557,513.666079299,349.310792177,546.791479542
433,364.312787456,539.911382687,291.484151385,512.251784712,342.359690079,532.368797148
434,355.914339169,524.324175979,294.791205415,517.388154604,331.536996931,521.716729189
435,353.292074307,543.476170382,291.27172993,509.574937258,326.614819765,529.348627777
436,354.903597079,549.977903961,287.162034829,508.324368171,338.634993865,540.165328036
437,355.379805178,550.860724617,288.213341016,504.772822945,342.055339338,541.845299725
438,360.191876677,549.403194761,287.686007753,510.360262939,335.186914682,536.343527797
439,364.19877594,548.13540629,287.224441132,511.984867042,320.98169079,528.003059328
440,364.045160424,547.139843173,287.488227776,513.082842855,338.979188631,536.039620738
441,361.94819953,544.410534012,288.54671287,512.265460523,345.540033128,537.505332094
442,361.627876266,546.059231205,295.164923162,510.525136801,346.897348406,538.298974511
443,360.719864552,547.26538953,289.469627908,509.748757183,349.706592154,541.56402981
444,359.115542507,551.366808488,292.498733863,507.915730375,354.965763358,548.691784756
445,360.544603214,550.446501387,296.276148129,506.000226048,351.619847221,544.382208375
446,360.554727873,551.621948046,298.146264293,504.487442564,340.923865053,536.905686817
447,368.359596205,538.505681066,298.944584928,501.922358728,350.310733176,529.165609349
448,365.466103947,542.127114111,300.043415915,497.245036511,357.218390885,536.562343237
449,365.79205687,543.002737597,303.577772904,499.298127137,351.204343435,532.785081758
450,365.45890322,547.426118868,302.416535613,499.302160205,341.649218318,529.387374304
451,365.169215778,550.13252731,298.06574707,500.158126426,352.550159369,540.957212499
452,366.13649166,548.785811464,302.061299732,500.871463007,362.411795446,545.945550956
453,367.806580347,544.031487167,293.513076317,507.845944383,361.594992945,541.235665925
454,369.246005737,544.743891912,292.553459391,514.13032674,356.804589089,540.001233362
455,367.3853378,543.558203738,289.704131594,509.899055858,353.467772053,537.654661392
456,367.196678744,544.843665627,293.289613746,501.477710452,356.300898214,538.498006012
457,360.031234997,514.451190999,296.443292284,461.498817952,348.930113726,506.133710339
458,385.417770078,411.521640003,275.534889518,326.928967308,363.802386812,395.401282579
459,374.918978737,406.368528192,264.528228697,321.748718642,356.090516964,392.948097866
460,348.608001191,394.566933075,276.380145802,325.709655529,301.973210835,350.1872473
461,339.25739855,385.122423757,280.178267614,326.079529908,296.063181164,341.9674708
462,343.242259223,385.703490098,282.258579554,327.360947645,299.600331162,344.109353121
463,343.643841603,384.259041968,274.677784764,327.11330179,299.224736861,347.450470599
464,341.627136087,390.105347662,261.823515507,330.496847785,296.192346937,356.362116832
465,351.241307169,402.506023691,254.815407651,324.327690611,298.772487545,360.320098879
466,348.368500637,399.844225205,256.217083773,326.53693527,303.742756841,364.755039436
467,348.745508413,398.971894744,257.700845762,328.986799641,301.519938385,363.037096936
468,349.037731869,401.209558172,260.025941215,330.832265776,303.746248103,365.771989192
469,364.871203859,394.75875607,261.896962925,331.27316525,312.636527885,362.981218182
470,369.399621253,395.906565534,261.957329023,332.040428589,312.272171083,362.276708583
471,358.137683739,407.345192869,261.283340946,330.697816784,307.445283543,367.809803851
472,343.989454694,390.643506744,258.104459863,329.643123832,289.982559717,352.658684572
473,346.783686017,391.638911529,255.58625642,330.381362069,286.482504375,351.432873622
474,347.586217986,394.160207513,254.746040645,331.328506605,290.035485062,355.549574085
475,347.391798348,402.253481843,253.55912076,333.652553974,297.748904158,366.355620402
476,346.177875736,401.452231582,253.229447461,333.42747988,297.437592714,366.155309088
477,348.603920779,403.34311939,255.569803849,333.349998605,300.252237007,367.342457419
478,359.023067712,398.328038458,255.253386435,331.51796407,307.24885643,365.387503362
479,359.842455929,397.231189191,254.483934171,334.13591278,309.721793482,367.592903316
480,358.567239853,396.527609259,254.046282693,335.271084398,307.0888039,366.726361919
481,356.68361687,396.051973439,255.842711414,335.156215637,304.713327601,365.018367456
482,363.941109915,392.57668809,259.703021326,337.261854797,302.334327309,360.292294508
483,367.480627424,397.709276687,259.51436227,331.461308258,288.539293939,349.603062052
484,368.658066352,395.124575222,258.283757973,332.780007239,288.490088969,350.087471277
485,368.132293246,394.74591871,258.477937586,333.730026489,305.471324162,360.257205346
486,358.322087819,396.130788541,258.907319138,333.689461243,305.970181822,363.641198033
487,347.96317606,397.550846334,258.981508449,333.047492482,302.182271951,364.699750681
488,347.265905632,399.535615912,258.679557951,331.297143632,301.479000917,364.616393314
489,353.76852243,398.138963708,258.650034969,331.372765493,306.797218085,365.569246843
490,359.492315109,395.731891125,258.186919101,332.532337673,305.21781492,362.239277124
491,359.325923757,393.373144882,257.781867279,333.152654293,301.770150325,359.579141178
492,357.890338755,391.454651412,256.840852232,333.480976186,303.048039398,360.333211906
493,358.59986133,391.754313919,258.655948293,333.293679894,306.153473063,361.437597928
494,366.504635511,382.422240172,277.361764951,317.092678988,333.131397974,360.498287561
495,353.562516168,366.552646159,294.862950843,308.096523201,340.710527141,354.326247023
496,352.649529406,376.068459799,296.344042259,307.986862636,316.11639937,331.999815876
497,350.327534873,377.454731084,292.963780835,309.809337587,318.451115189,340.108586622
498,350.8347061,376.402752051,292.548058845,310.535900053,319.361167109,341.089146973
499,351.785082093,375.746853913,294.157661424,310.37402015,314.845230976,334.034423891
500,351.902213924,373.053644384,294.683314517,307.076662907,309.534694584,324.357176825
501,352.027670232,376.221304817,295.935204601,305.621029912,310.297055223,323.943804902
502,353.306835798,375.440245412,294.304316236,305.46054522,312.746579001,327.37752062
503,353.943718308,371.911839026,271.474661232,297.064352947,302.890561674,325.920384925
504,349.858767525,368.149397422,272.047228155,297.062658851,304.491665212,327.04572989
505,336.426290775,385.038407644,272.600364024,311.696616871,294.699996202,337.426220161
506,313.729838315,386.895163158,267.108489317,314.881577472,288.834043711,348.41409022
507,312.598244018,382.276583406,230.783700324,305.28957281,269.946655986,342.662830371
508,309.285549419,274.436731658,267.11208968,210.528849437,284.131848764,238.546936035
509,314.015707189,196.945138622,271.836726893,137.881742188,285.920749453,159.100510951
510,290.679328276,193.619397312,273.527304923,134.114124152,279.758661595,152.640508776
511,297.214250155,187.321230726,274.486594544,135.388903718,282.952489643,154.808555707
512,291.75873912,188.067525542,278.912761609,135.097744284,284.466922609,158.525324968
513,291.866139059,191.436344099,279.823249937,137.873022427,285.412323554,163.168610661
514,291.70389358,191.358393274,280.661338225,142.590727873,284.457681675,160.171883609
515,291.864720734,194.43590522,271.141791246,135.171300699,271.148446464,135.20814616
516,292.98840999,220.202212976,260.805559355,143.48642013,260.921704419,143.807564997
517,307.228672573,214.852532271,261.32141752,146.941341589,277.797336218,171.064936082
518,296.748963159,212.389846067,267.333632057,150.505437784,281.470819987,180.583171482
519,296.415449472,210.380453931,268.256765298,152.094469442,277.45521439,171.62097041
520,333.461391305,212.862409602,262.396693401,144.95061376,280.115523095,162.18924812
521,308.762056543,208.947990147,259.602211143,142.148801979,281.844537734,171.486966584
522,313.180291899,211.17261441,255.526141257,146.504715681,287.028559529,182.019579754
523,314.325338464,212.14254012,258.091498554,150.418946251,287.968276264,183.686651002
524,311.704033698,215.762008368,257.712580281,152.620470058,283.655333967,183.258299516
525,314.278839222,208.30335709,265.263270213,144.627494888,290.223173111,177.61509443
526,313.744719818,203.889899022,280.077479252,149.819317116,299.030393595,180.540950295
527,308.87894835,202.772266298,278.429352783,152.291271221,294.102935896,178.489946381
528,307.293806424,207.500661006,276.825347133,156.011884762,292.161041573,182.136301104
529,308.170396783,212.677423429,275.067093177,157.959224143,291.908994297,186.041302726
530,310.087470417,213.325660252,263.289398114,150.07399213,286.502360926,181.784462298
531,312.272291095,214.48337634,255.447031449,144.77758013,284.327708547,180.575789997
532,314.971483728,212.464942646,253.777182785,145.561661392,283.146669256,177.994571531
533,325.187995649,218.977810063,247.35845446,143.161398128,284.897286078,180.098858655
534,335.944802142,223.741163933,248.638623764,143.691566614,292.41820573,184.653141755
535,314.597885993,218.769052242,251.050387365,143.334441021,283.380932918,182.120314671
536,307.68493684,211.114327937,259.948042438,141.851048048,285.858223137,180.013479933
537,307.18893765,212.858741241,271.252507884,142.132271226,293.000384533,185.355523855
538,310.859548401,213.096061028,269.015721957,145.149168188,293.488993885,185.257289605
539,312.479530209,213.015920888,263.375588638,144.505365321,290.789193918,183.148419976
540,312.518115925,212.695121107,260.540865952,147.709109327,287.631602258,181.892869229
