0,0.123184,-0.0735779,0.19278,-0.0489807,0.158722,-0.0610962
1,0.0104675,-0.149261,0.108826,-0.129181,0.0379486,-0.143799
2,0.01025543,-0.15412279999999995,0.10028224000000001,-0.11853490000000003,0.039424139999999996,-0.1424836
3,0.02158355,-0.15080475,0.0994662625,-0.125261,0.0538597125,-0.14036925
4,0.024055479999999997,-0.15039969999999997,0.09384919,-0.1198439,0.05567017,-0.1367094
5,0.030574039999999997,-0.1451584,0.09339905000000001,-0.1164123,0.06323241,-0.13029200000000002
6,0.035478575,-0.105611825,0.1068476375,-0.060390494999999995,0.0542698,-0.09285925
7,0.049392700000000005,-0.038411466666666665,0.11691016666666666,0.002016701666666667,0.06397248333333333,-0.028411866666666664
8,0.041271999999999996,-0.04677124,0.1280548,-0.002346804,0.10508136000000001,-0.01389158
9,0.04927823333333333,-0.042455033333333336,0.12330616666666666,-0.0009206131333333333,0.08820596666666665,-0.020685833333333334
10,0.05685087777777777,-0.04085285555555555,0.12205144444444446,-0.001135930111111111,0.09052698888888888,-0.0203959
11,0.049858772727272724,-0.04689303636363637,0.12237254545454546,-0.0006880320909090909,0.08702363636363637,-0.023279363636363636
12,0.04898070000000001,-0.0509864,0.1226891111111111,-0.000857882711111111,0.0868971111111111,-0.025293966666666667
13,0.04973530909090909,-0.051933990909090906,0.12200245454545455,-0.0014481996363636363,0.08435474545454544,-0.027841727272727265
14,0.048760979999999995,-0.0518509,0.12111069999999999,-0.0001068099999999998,0.08531647,-0.02573549
15,0.04875335,-0.05034181,0.12877799999999998,0.004743959,0.09018401999999999,-0.021893310000000003
16,0.056343922222222224,-0.04376392222222222,0.12965733333333335,0.004447089999999999,0.09301926666666666,-0.01971096666666667
17,0.056210600000000006,-0.04561408181818182,0.12826663636363636,-0.00631714,0.08973278181818181,-0.027325727272727272
18,0.056201179999999996,-0.0479004,0.12255120000000001,-0.012599196000000002,0.08795165,-0.031071510000000004
19,0.05626829999999999,-0.05165405999999999,0.1217301,-0.01783297,0.08893891000000001,-0.03483279
20,0.04647368519999999,-0.06737367000000001,0.11053479,-0.02348783,0.08148956,-0.04273684
21,-0.0061007352727272725,-0.16353118181818183,0.062047772727272715,-0.11334641818181819,0.05783913636363636,-0.11723051818181819
22,0.000428772,-0.14833179999999996,0.034188819999999995,-0.1148363,0.02124636000000001,-0.13256700000000002
23,0.0023956299999999997,-0.14395099999999997,0.028457599999999993,-0.10275300000000001,0.013122600000000002,-0.12704500000000002
24,0.0023956299999999997,-0.14395099999999997,0.028457599999999993,-0.10275300000000001,0.013122600000000002,-0.12704500000000002
25,-0.0033230133333333333,-0.15818255555555555,0.037526411111111116,-0.122284,0.008297422222222222,-0.1457912222222222
26,-0.004513839999999999,-0.184229,0.061071227272727284,-0.15326763636363636,0.021312356363636365,-0.17182918181818183
27,0.008828746000000002,-0.18032979999999998,0.06455688000000001,-0.15838759999999996,0.04517059,-0.166696
28,0.00736389,-0.18095399999999998,0.06295774,-0.1538009,0.03624418,-0.16693719999999998
29,0.008915292727272728,-0.15595181818181816,0.049083354545454545,-0.1350610909090909,0.040007154545454546,-0.13946809090909087
30,0.00150756766,-0.16215799999999997,0.04916075999999999,-0.127252,0.04191592,-0.13290720000000003
31,0.004269411,-0.1600892,0.047303780000000004,-0.12553399999999998,0.02456972,-0.14385679999999998
32,0.004423661818181818,-0.15997309090909087,0.04725923636363636,-0.12557145454545457,0.024368272727272725,-0.14403327272727273
33,0.005596922000000002,-0.15364680000000003,0.04635315999999999,-0.12454499999999999,0.025393679999999995,-0.139569
34,0.006613158000000001,-0.15119319999999997,0.04797666000000001,-0.1234284,0.026141360000000002,-0.1381408
35,0.007351684,-0.15005779999999996,0.05036925999999999,-0.14395139999999995,0.027780159999999998,-0.1472018
36,0.007266235000000001,-0.1487762,0.05034179,-0.1335282,0.027130139999999997,-0.1417693
37,0.007996992727272728,-0.1492129090909091,0.05402162727272728,-0.13595736363636365,0.030105599999999996,-0.14289145454545457
38,0.007446288,-0.14946900000000002,0.0556824,-0.13685299999999997,0.03105164,-0.14334419999999998
39,0.007073974000000001,-0.14942919999999998,0.05802917999999999,-0.1406708,0.029586779999999997,-0.1456082
40,0.008013914,-0.1454104,0.059240720000000004,-0.141812,0.0284088,-0.1439822
41,0.009448254,-0.1443788,0.054580680000000006,-0.1491058,0.030920380000000004,-0.14665820000000002
42,0.008444216,-0.14629200000000003,0.0525177,-0.14753080000000002,0.030450439999999995,-0.146945
43,0.007705689,-0.14761649999999998,0.05306394999999999,-0.14770670000000002,0.030647289999999994,-0.1477002
44,0.0077224749999999995,-0.148503,0.05690309,-0.1457825,0.03260039999999999,-0.14715119999999998
45,0.00811212909090909,-0.1473665454545455,0.061942354545454555,-0.14754290909090909,0.034010454545454545,-0.1475179090909091
46,0.009069822000000002,-0.1471282,0.05989074,-0.1453428,0.03390504000000001,-0.14630440000000003
47,0.010012818000000001,-0.1452666,0.055429080000000006,-0.14428100000000002,0.033047459999999994,-0.144812
48,0.010751340000000002,-0.1423158,0.05050659999999999,-0.14309700000000003,0.03041076,-0.1427184
49,0.01057711818181818,-0.14263654545454543,0.05049272727272727,-0.14291936363636362,0.029688054545454548,-0.14279736363636364
50,0.010893088888888888,-0.14267311111111114,0.05486213333333334,-0.14565033333333333,0.03152973333333334,-0.1440972222222222
51,0.01100464,-0.14464720000000003,0.05889282,-0.147629,0.0332306,-0.1460754
52,0.01148374,-0.14711899999999997,0.058755480000000006,-0.1497834,0.03368226,-0.148401
53,0.010101328000000001,-0.1448152,0.054800400000000006,-0.14210820000000002,0.031918339999999996,-0.1435424
54,0.008978271999999999,-0.14703060000000004,0.05058897999999999,-0.13258359999999997,0.026959240000000002,-0.1408936
55,0.010955822,-0.14856540000000001,0.05057986,-0.13498539999999998,0.02834168,-0.14263299999999998
56,0.011785318181818182,-0.1464494545454545,0.05070774545454546,-0.13595036363636362,0.02804841818181818,-0.14208845454545455
57,0.012237540000000002,-0.1455504,0.05198058000000001,-0.13848860000000002,0.029299919999999997,-0.1425446
58,0.012698339999999999,-0.1445006,0.056994619999999996,-0.14218440000000002,0.0329773,-0.1434692
59,0.012631219999999999,-0.14552,0.05831300000000002,-0.1415954,0.03455812,-0.1436674
60,0.01327667,-0.14718,0.062126169999999994,-0.14814310000000003,0.03415984,-0.1476105
61,0.012684629999999999,-0.14810760000000003,0.06522827,-0.15137629999999996,0.03479918,-0.14953
62,0.012921139999999998,-0.1478394,0.06492006,-0.1516664,0.03789367999999999,-0.14973140000000001
63,0.014697274,-0.14764719999999998,0.05867922,-0.1332916,0.0310089,-0.142935
64,0.01305848,-0.1483492,0.05265502,-0.1310636,0.026159679999999998,-0.1427
65,0.01265507272727273,-0.1486122727272727,0.05500379090909092,-0.136236,0.030792254545454544,-0.14335227272727272
66,0.012806709999999999,-0.14914699999999997,0.055787680000000006,-0.13595260000000003,0.030813599999999997,-0.14366589999999999
67,0.012969979999999997,-0.14974079999999998,0.05592042000000001,-0.1356082,0.029968260000000004,-0.14417719999999998
68,0.01276854,-0.1494354,0.05383912,-0.13543720000000004,0.028927620000000005,-0.1439576
69,0.01238708,-0.149173,0.05426635999999999,-0.1361786,0.0283203,-0.14425039999999997
70,0.011743709090909092,-0.14912527272727275,0.05333083636363636,-0.14116063636363635,0.029366236363636364,-0.14577563636363638
71,0.011674490000000001,-0.1502501,0.05229185999999999,-0.141945,0.03100584,-0.1463333
72,0.01131286,-0.15080860000000001,0.052420060000000004,-0.1420196,0.03047486,-0.1467468
73,0.011871327272727272,-0.1506874545454546,0.05335028181818183,-0.1393223636363636,0.02678056363636364,-0.14661627272727273
74,0.014808663000000003,-0.1418152,0.05314942,-0.1119706,0.029394550000000002,-0.130501
75,0.012590010000000002,-0.14475549999999998,0.048678589999999994,-0.10963130000000001,0.02764281,-0.1301467
76,0.01276093,-0.1449888,0.047142010000000005,-0.11282060000000001,0.027948,-0.13089139999999996
77,0.01119382,-0.1465164,0.047671490000000004,-0.1181733,0.02875977,-0.13290849999999996
78,0.010738773333333333,-0.15031255555555553,0.04873316666666667,-0.12091733333333332,0.028888277777777773,-0.13630855555555554
79,0.008282749090909092,-0.14985536363636362,0.04983104545454546,-0.1247322727272727,0.02850759090909091,-0.13766336363636364
80,0.007824708,-0.15076910000000004,0.050526419999999996,-0.12420660000000001,0.03005065,-0.13700410000000002
81,0.007504271999999999,-0.1503296,0.05035402000000001,-0.1285124,0.02870482,-0.13957519999999998
82,0.007475282,-0.1503081,0.05430752999999999,-0.1441453,0.030749500000000003,-0.14728729999999995
83,0.008184813999999999,-0.1501314,0.05346986,-0.1449586,0.03038635999999999,-0.14763199999999999
84,0.011373896,-0.15064380000000002,0.054776000000000005,-0.1433564,0.03123782,-0.1474886
85,0.013291781818181818,-0.15094545454545452,0.05357084545454546,-0.13078172727272724,0.0316176,-0.14174318181818182
86,0.01249083,-0.15083480000000002,0.05156253000000001,-0.12343289999999998,0.0319107,-0.13726029999999997
87,0.012557980000000002,-0.15049719999999997,0.05185546,-0.12232659999999998,0.03205262,-0.13657239999999998
88,0.012130720000000001,-0.14933180000000004,0.05230408000000001,-0.12228679999999999,0.032675180000000005,-0.13554660000000002
89,0.011288727272727271,-0.1487247272727273,0.05060785454545455,-0.12209263636363636,0.030446836363636366,-0.13579209090909095
90,0.011450189999999999,-0.151172,0.047926329999999996,-0.1230867,0.027825920000000004,-0.13859859999999996
91,0.009939577,-0.1513428,0.046754479999999994,-0.1215759,0.0260071,-0.13837729999999998
92,0.011978146666666667,-0.14159622222222223,0.05234612222222222,-0.11440522222222221,0.029056122222222227,-0.12990477777777779
93,0.008353490909090907,-0.14996872727272725,0.04989345454545455,-0.1020549090909091,0.02496477272727273,-0.13088018181818184
94,0.012910449999999999,-0.15045630000000002,0.048965440000000006,-0.1143739,0.027110290000000002,-0.1363021
95,0.01281127,-0.149318,0.04874879,-0.11723640000000002,0.028704840000000002,-0.135173
96,0.01217801,-0.148192,0.04700166,-0.11750649999999999,0.02764587,-0.13459939999999998
97,0.01131592,-0.1474334,0.047717279999999994,-0.116211,0.02813722,-0.13305340000000002
98,0.010480009090909091,-0.14834463636363637,0.04679733636363636,-0.11970263636363634,0.027388145454545446,-0.13504990909090908
99,0.009524540000000001,-0.1490358,0.045571879999999995,-0.12057179999999998,0.02645572,-0.13570880000000002
100,0.008708606363636363,-0.1493599090909091,0.046407500000000004,-0.1207940909090909,0.02625481818181818,-0.13609318181818178
101,0.008731081,-0.1499069,0.04661864,-0.1245055,0.025953679999999996,-0.13840629999999998
102,0.008491515,-0.15079629999999997,0.04625398,-0.12772830000000002,0.025871299999999996,-0.1402253
103,0.008210755,-0.15131550000000002,0.04812625,-0.1318254,0.02753448,-0.1419282
104,0.00772857,-0.1492754,0.05337371999999999,-0.1282472,0.029626439999999993,-0.13935260000000005
105,0.00606329,-0.14810472727272728,0.053837172727272724,-0.1344618181818182,0.030234581818181828,-0.14131863636363637
106,0.002473621111111111,-0.14826799999999998,0.055045233333333346,-0.1404402222222222,0.029751244444444443,-0.14425322222222223
107,0.0013746772727272723,-0.14869000000000002,0.05186877272727272,-0.1264051818181818,0.02647679090909091,-0.13768554545454548
108,0.0010070811,-0.14955440000000003,0.050306720000000006,-0.1251754,0.02549134,-0.1375029
109,0.0008453369,-0.15050820000000004,0.04980165000000001,-0.12679730000000003,0.024015799999999997,-0.13934790000000002
110,0.0012130740000000002,-0.1492677,0.049505589999999995,-0.12625730000000002,0.02345125,-0.138727
111,0.0015289300000000002,-0.149472,0.04863892000000001,-0.12803020000000004,0.023687759999999995,-0.1394316
112,0.09592126,-0.080789034,0.1396668,-0.060981676,0.10693825000000001,-0.076937965
113,0.2383149,0.0069229159999999994,0.30845630000000007,0.0366089,0.273683,0.021800231
114,0.25526109999999996,0.01687927699999999,0.30963289999999993,0.04623718,0.27579950000000003,0.028714012999999993
115,0.24928879999999998,0.024758924,0.3122832,0.04229736,0.29383859999999995,0.038162220000000004
116,0.2681273,0.03925323000000001,0.3210753,0.05518035,0.2962783,0.047723379999999996
117,0.2703751,0.03634797,0.32983070000000003,0.06395263999999999,0.304573,0.05232392
118,0.25538354545454545,-0.020020898181818177,0.3179848181818181,0.03163285363636364,0.2991734545454545,0.01599121
119,0.27686330000000003,-0.007908612,0.3070589999999999,0.006063842000000001,0.30051880000000003,0.003050233
120,0.2688782,-0.021191400000000003,0.30757140000000005,0.004946900000000001,0.29477539999999997,-0.0038818382000000004
121,0.26372727272727275,-0.03148999090909091,0.3079292727272728,0.0038035990909090905,0.2899322727272727,-0.010679772727272727
122,0.26520850000000007,-0.03363648000000001,0.3091889,0.005137632999999999,0.29122309999999996,-0.010757444000000001
123,0.2646609090909091,-0.03262882727272727,0.31224063636363636,0.007025979090909091,0.29713990909090904,-0.00561246090909091
124,0.26450679999999993,-0.036441060000000004,0.31609810000000005,0.011097716999999998,0.3028489,-0.0011077870000000003
125,0.2498459,-0.035472119999999996,0.31698149999999997,0.025605760000000005,0.3026031,0.01195986
126,0.2513475,-0.029531869999999998,0.31602189999999997,0.026008579999999996,0.3019806,0.013835149
127,0.25453649999999994,-0.025947599999999998,0.3159668000000001,0.02501983,0.2957183,0.00802307
128,0.26151739999999996,-0.02543182,0.31739680000000003,0.02289125,0.2955278,0.003797913
129,0.2750396,-0.021122719999999994,0.3160172,0.023603830000000003,0.3000748000000001,0.005781556999999999
130,0.28165119999999993,-0.018275440000000004,0.3123184,0.02968901,0.2995010000000001,0.009437568999999998
131,0.27906800000000004,-0.017103570000000002,0.3114579,0.02675631,0.2963625,0.006175232000000001
132,0.2711139090909091,-0.016860972727272727,0.30995309090909084,0.025451645454545455,0.29153890909090907,0.005255958181818182
133,0.27735139999999997,-0.012342834999999996,0.311307,0.025878909999999998,0.29501809999999995,0.007420351000000001
134,0.28147599999999995,-0.009352110000000002,0.3160583,0.02372738,0.29904339999999996,0.007319645000000001
135,0.28333772727272727,-0.006242233636363637,0.3151827272727273,0.020624345454545456,0.3010477272727273,0.008632309090909092
136,0.28363377777777776,-0.003221301111111112,0.31316622222222223,0.020904511111111114,0.3020613333333333,0.011784866666666666
137,0.2795617272727273,-0.0049715918181818175,0.3134266363636364,0.022915936363636365,0.2993940909090909,0.011295665454545455
138,0.25040749999999995,-0.024993900000000003,0.3094830999999999,0.02614442,0.2804793,0.0007644656999999999
139,0.2568665,-0.01669159,0.31009820000000005,0.02449798,0.2842438,0.004354860699999999
140,0.2588142727272727,-0.013900763636363637,0.3099931818181818,0.024876009090909094,0.2860674545454545,0.006633410909090907
141,0.26088100000000003,-0.018075569999999996,0.3096619,0.025631690000000002,0.2865049999999999,0.004681395999999999
142,0.26243439999999996,-0.018029780000000002,0.3090424,0.026408370000000004,0.285672,0.003974915
143,0.2625151999999999,-0.01848754,0.3100766999999999,0.027056899999999995,0.28950800000000004,0.00720215
144,0.2635332727272728,-0.01761282727272728,0.31162881818181826,0.027150963636363636,0.2922725454545454,0.008980491818181818
145,0.2592743,-0.02112731,0.3127092,0.025982669999999996,0.2873154,0.003454590999999999
146,0.2552582,-0.029386880000000004,0.31184520000000004,0.021806320000000004,0.2843248,-0.003286744
147,0.25546749999999996,-0.03390044,0.3119659,0.021307379999999997,0.2859512,-0.004342649999999999
148,0.25563060000000004,-0.033990479999999997,0.3104383,0.024145519999999997,0.28644259999999994,-0.001481629
149,0.2566738181818181,-0.03391753636363636,0.309713,0.02616189090909091,0.28920945454545455,0.002771551454545454
150,0.2526718,-0.04235992,0.31155689999999997,0.029229730000000002,0.2851152,-0.003292846
151,0.25202969999999997,-0.040150450000000004,0.3090757,0.029809560000000002,0.2811905,-0.004745484000000001
152,0.25069354545454536,-0.03759627272727273,0.3080626363636363,0.029327381818181817,0.2778776363636364,-0.006113221818181819
153,0.24911509999999998,-0.035383609999999996,0.3086624,0.028546160000000004,0.2763213,-0.0065216070000000004
154,0.2480284,-0.03566589,0.3102584,0.025881970000000004,0.27748079999999997,-0.006805419
155,0.24874420000000003,-0.03550414,0.31049650000000006,0.029302980000000006,0.2822069,-0.0006866462000000001
156,0.2486403,-0.035861199999999996,0.3103515,0.02888488,0.2865784,0.0036926310000000005
157,0.24515063636363638,-0.024436254545454547,0.30658118181818184,0.028113609090909094,0.28393709090909086,0.00856018
158,0.248407,-0.02732085,0.3092547,0.02994535,0.28473810000000005,0.0065689089999999995
159,0.24856419999999999,-0.03015441,0.3073715,0.029605099999999995,0.2818709,0.0034240700000000004
160,0.24554130000000002,-0.03550109,0.30880270000000004,0.0303772,0.28714759999999995,0.007524098
161,0.2135072,-0.029345700000000002,0.26705769999999995,0.032623269999999996,0.23598020000000003,-0.0039718620000000005
162,0.020081947272727274,0.006505784909090906,0.0850121818181818,0.05361939090909091,0.04691803636363636,0.023723269999999998
163,-0.004238893,-0.009918194,0.05416104999999999,0.027320870000000004,0.03043060000000001,0.012692254
164,-0.005839538,-0.005458066199999999,0.05513917,0.024908439999999997,0.016732803,0.005328369999999999
165,-0.010670460000000001,-0.007476808999999999,0.04801636,0.02304535,0.013375848000000001,0.005110169
166,-0.007640076000000001,-0.018295269999999995,0.04695891,0.024723839999999997,0.01812744,0.0021194468
167,-0.006365965999999999,-0.020532228000000003,0.04393920999999999,0.0360779,0.01756746,0.006433098699999999
168,0.0030075090000000007,-0.013151541999999999,0.059783930000000006,0.03389739,0.01951293,6.10240000000004e-06
169,-0.0012893682,-0.020941160000000004,0.05155029,0.03714751,0.01788331,0.00012054510000000007
170,-0.0015767424444444445,-0.02313232222222222,0.04975888888888889,0.036226044444444445,0.021718355555555555,0.0037977433333333333
171,-0.0018386839999999997,-0.024021920000000006,0.04963988999999999,0.03648986,0.021810909999999996,0.0037551879999999996
172,-0.002296445,-0.02292479,0.049032599999999996,0.03669435,0.021665929999999996,0.0049026469999999996
173,-0.0031557963636363634,-0.024498672727272727,0.04814980909090909,0.03747835454545455,0.023763481818181817,0.008010865454545456
174,-0.003752137,-0.020188900000000003,0.047262570000000004,0.035554520000000006,0.02152097,0.0074234010000000005
175,-0.0048324579999999995,-0.019024660000000002,0.04641114,0.03480987000000001,0.02128754,0.008401490000000001
176,-0.00467987,-0.017668159999999995,0.045179769999999994,0.03381806,0.021743779999999997,0.009623715000000001
177,-0.00561246,-0.018085818181818182,0.04552112727272727,0.03099892727272727,0.019496572727272725,0.0060078018181818175
178,-0.00644531,-0.01996766,0.0463562,0.029052739999999994,0.0192993,0.003918458000000001
179,-0.007600402000000001,-0.02024078,0.046205159999999995,0.028648379999999994,0.01711883,0.0022155760000000004
180,-0.007299807,-0.018554689999999995,0.04496917999999999,0.02871245,0.01603393,0.002548219
181,-0.010350019999999998,-0.016613789999999996,0.04567871999999999,0.023059088,0.017134100000000003,0.00277252054
182,-0.009106445999999999,-0.016339120000000002,0.0441986,0.027301014000000002,0.011169450000000001,0.00016784599999999987
183,-0.010226459999999998,-0.01819152,0.04676818,0.012585461999999997,0.014266980000000002,-0.005056761999999999
184,-0.010960380000000002,-0.017942809999999997,0.04766541999999999,0.0123871,0.01808471,-0.002909851
185,-0.01098771818181818,-0.017223009090909094,0.0475658090909091,0.014597136363636364,0.016546081818181818,-0.002263851818181818
186,-0.01043361111111111,-0.016450644444444447,0.04672239999999999,0.01943121111111111,0.013583733333333332,-0.001398723555555555
187,-0.010370445454545452,-0.014408454545454542,0.04616200000000001,0.019896063636363634,0.013558145454545452,8.184399999999998e-05
188,-0.009884652,-0.0129944,0.047048940000000004,0.018313620000000003,0.015710480000000002,0.0010650638
189,-0.0120941,-0.012480149999999999,0.04741211,0.019442739999999997,0.015875240000000002,0.0025207520000000002
190,-0.010426331999999998,-0.007092294600000002,0.04923705999999999,0.020733629999999996,0.017156990000000004,0.0057357796
191,-0.012499718181818182,-0.005305896363636363,0.05381360000000001,0.030627181818181824,0.015164454545454543,0.009443803636363636
192,-0.013483677777777777,-0.008187190000000002,0.051062688888888895,0.025919588888888886,0.012230777777777778,0.005388047777777778
193,-0.012996354545454543,-0.008432560909090909,0.049610490909090914,0.025715227272727268,0.015483527272727272,0.007088400909090908
194,-0.012826539999999997,-0.007891848000000002,0.04898374,0.026934800000000002,0.01850284,0.009759503999999999
195,-0.012161255555555554,-0.004948936666666666,0.052256288888888884,0.03061421111111111,0.017079666666666667,0.0111881
196,-0.012541318181818183,-0.004149002727272728,0.052551254545454534,0.028352227272727272,0.015380854545454544,0.009803085454545456
197,-0.01181033,-0.0038970950000000006,0.05211335,0.025636290000000006,0.017717,0.009736641999999998
198,-0.01180728,-0.0028137199999999996,0.051347359999999995,0.02589873,0.014987189999999997,0.009371942000000001
199,-0.011761490000000001,-0.004168703,0.05169829,0.02470549,0.01391908,0.0075134270000000005
200,-0.012504570000000001,-0.004902649,0.048991389999999996,0.02228699,0.01471102,0.007127381
201,-0.013795327272727271,-0.008698888181818182,0.047796063636363635,0.020738072727272724,0.014511099999999999,0.004875874545454546
202,-0.015212999999999999,-0.02257386,0.04862062,0.015737919999999996,0.013678,-0.005221556
203,-0.0162689,-0.023605340000000002,0.04925535999999999,0.009014892000000002,0.016653420000000002,-0.0072296140000000005
204,-0.01342316,-0.0262268,0.049722279999999994,0.005926512,0.019599930000000005,-0.009436024
205,-0.011668827272727273,-0.03107381818181818,0.04989347272727273,0.007474031818181819,0.017485190909090908,-0.012821536363636364
206,-0.011483740000000001,-0.032400500000000006,0.05059814,0.008529661999999999,0.018396019999999996,-0.01270142
207,-0.01134644,-0.033667020000000006,0.05170592,0.008969116,0.01915284,-0.013055439999999998
208,-0.010571286,-0.031018059999999997,0.05147094,0.009582514000000002,0.01813356,-0.012231452
209,-0.008218384,-0.023208600000000003,0.05228881999999999,0.008331298000000001,0.02067262,-0.008148194000000001
210,-0.011755388,-0.024707020000000003,0.04828492,0.011773686,0.014361572,-0.009014892
211,-0.15609442,-0.01541902,-0.14146874,0.058972159999999996,-0.15122212,0.02764436
212,-0.26944280000000004,0.0120300318,-0.25603640000000005,0.04525147,-0.26278830000000003,0.028642270000000004
213,-0.2729186,0.019720460000000002,-0.26577740000000005,0.04375609999999999,-0.27049559999999995,0.02737426
214,-0.27139272727272723,0.02048838181818182,-0.26516718181818183,0.046725172727272724,-0.2686477272727273,0.03205732727272727
215,-0.2735869,0.020628360000000002,-0.2633346,0.04192960999999999,-0.26910069999999997,0.029971290000000005
216,-0.27883280000000005,0.03251036,-0.26101099999999994,0.039971919999999994,-0.2699064,0.03617554
217,-0.2788878,0.04328920000000001,-0.2540466,0.03414,-0.26663820000000005,0.03890075999999999
218,-0.27795100000000006,0.05224611999999999,-0.2510008,0.031216400000000005,-0.27077640000000003,0.046402
219,-0.2800414,0.04719238,-0.2565064,0.03353576,-0.2680022,0.04020997999999999
220,-0.2809022,0.04497682000000001,-0.26256099999999993,0.03464356,-0.2720798,0.0400177
221,-0.282022,0.038500980000000004,-0.2629548,0.03441468000000001,-0.2723968,0.036279280000000004
222,-0.2764648,0.02327268,-0.26379980000000003,0.03457034,-0.26973240000000004,0.029251080000000002
223,-0.2766891,0.02327729,-0.2632218,0.03309174,-0.26982259999999997,0.02828676
224,-0.277427,0.02200593636363636,-0.2625981818181818,0.033660890909090906,-0.26968227272727274,0.02813720909090909
225,-0.2784543333333333,0.02250668888888889,-0.2607217777777777,0.03371174444444444,-0.2699836666666667,0.027874433333333337
226,-0.2789306,0.022906500000000003,-0.25399760000000005,0.03721620000000001,-0.2669648,0.029672260000000006
227,-0.28424079999999996,0.0286804,-0.26072400000000007,0.03689879999999999,-0.27166440000000003,0.033032219999999994
228,-0.28318790000000005,0.02826691,-0.2578951,0.03827973999999999,-0.2694213,0.03372039
229,-0.2849120909090909,0.02998350909090909,-0.25801236363636365,0.039206790909090905,-0.270835,0.03481222727272727
230,-0.2850342,0.0270172,-0.26055,0.03860778,-0.27167059999999993,0.03336182
231,-0.28687120000000005,0.028561399999999997,-0.26026000000000005,0.03875426,-0.271756,0.034356700000000004
232,-0.28702979999999995,0.02830506,-0.25932,0.0404785,-0.2720734,0.0348938
233,-0.28699339999999995,0.026882919999999994,-0.25943279999999996,0.041680919999999996,-0.2714906,0.035247820000000006
234,-0.2863644545454545,0.027511609090909092,-0.2605352727272728,0.04203797272727273,-0.271554909090909,0.035880354545454546
235,-0.2853592,0.026237470000000002,-0.2566315,0.04211732,-0.2684068,0.03561096
236,-0.2826138,0.03001708,-0.24207779999999998,0.044622800000000004,-0.2585266,0.03871766000000001
237,-0.2813776363636364,0.02886686363636364,-0.2418325454545454,0.04513551818181817,-0.2582602727272727,0.038404990909090914
238,-0.28158580000000005,0.02783662,-0.2412217,0.04391174,-0.25963910000000007,0.03663482000000001
239,-0.2836457,0.026237519999999997,-0.24258439999999998,0.04130248,-0.26479649999999993,0.03318484000000001
240,-0.28340139999999997,0.024545300000000003,-0.24203199999999997,0.040567019999999995,-0.2633362,0.032351700000000004
241,-0.2854216,0.02364809,-0.24241479999999999,0.04016266,-0.2618377,0.03274535
242,-0.28462200000000004,0.023001119999999996,-0.2409608,0.04177248,-0.26118460000000004,0.033129860000000004
243,-0.28520063636363635,0.022853518181818185,-0.2402410909090909,0.041212599999999995,-0.26413781818181814,0.0314997
244,-0.285106,0.023825060000000002,-0.2393342,0.03766631,-0.2608458,0.03115234
245,-0.28467580000000003,0.024812320000000002,-0.2377717,0.03774262,-0.2584472,0.03207702999999999
246,-0.2836212,0.02360534,-0.237561,0.03862914,-0.2603424,0.03124696
247,-0.28473600000000004,0.023301572727272724,-0.2478443636363636,0.035830409090909086,-0.26807890909090903,0.029000018181818188
248,-0.28616929999999996,0.0250183,-0.2519867,0.03952787000000001,-0.26985629999999994,0.03198091000000001
249,-0.28938169999999996,0.033653270000000006,-0.26086410000000004,0.041529859999999995,-0.2726273,0.03828127
250,-0.29033445454545465,0.03292154545454545,-0.26047863636363633,0.03964647272727272,-0.27308645454545455,0.03680837272727273
251,-0.2909149999999999,0.03176882,-0.2479536,0.02717134,-0.26812420000000003,0.02944945
252,-0.29072281818181817,0.028158009090909094,-0.24094172727272725,0.022946445454545453,-0.2670567272727272,0.02564032727272727
253,-0.29129030000000006,0.026560979999999994,-0.24098039999999993,0.0226807,-0.2677184,0.0247467
254,-0.2897064,0.02604066,-0.24429000000000003,0.0233673,-0.26754759999999994,0.0247345
255,-0.289914,0.026526727272727268,-0.24128027272727273,0.030657672727272725,-0.2644126363636363,0.028656
256,-0.28781729999999994,0.02659456,-0.2369189,0.0370346,-0.25739619999999996,0.03287199
257,-0.28862600000000005,0.027218600000000003,-0.23693840000000002,0.03464353999999999,-0.2578458,0.031662
258,-0.28748019999999996,0.023454289999999996,-0.2372574,0.03280792,-0.2606355,0.028448479999999998
259,-0.28734,0.022174399999999997,-0.23880855555555552,0.032784355555555554,-0.264684,0.027157233333333333
260,-0.2720474545454546,-0.03122785527272727,-0.26046890909090903,-0.008062196363636365,-0.26405609090909093,-0.025926078181818187
261,-0.24847569999999997,-0.1588255,-0.2811722,-0.09874875,-0.2548354,-0.1464815
262,-0.25148010000000004,-0.16313479999999997,-0.2728698,-0.09265899999999998,-0.2624159,-0.1297165
263,-0.24947800000000003,-0.16737660000000001,-0.28310560000000007,-0.09620971999999998,-0.2702058,-0.12406620000000002
264,-0.24741680000000002,-0.16777789999999998,-0.28371599999999997,-0.09346008,-0.2693559,-0.12341469999999999
265,-0.23971710000000002,-0.1387542,-0.27074610000000005,-0.07776032000000002,-0.255899,-0.1138245
266,-0.24219845454545458,-0.12443963636363636,-0.25227072727272726,-0.05980892727272727,-0.24375636363636358,-0.1142870909090909
267,-0.2426622,-0.1299012,-0.25328509999999993,-0.06881409,-0.24697560000000002,-0.10605
268,-0.24281759999999997,-0.1292007,-0.25480660000000005,-0.07024686999999999,-0.24778770000000003,-0.10534210000000002
269,-0.24273089999999997,-0.13006450000000003,-0.2551254,-0.06795655999999999,-0.24674849999999998,-0.1104492
270,-0.24415054545454543,-0.12946100000000002,-0.2643337272727273,-0.06906960909090909,-0.24973927272727273,-0.11308836363636364
271,-0.24356370000000002,-0.1308562,-0.2663391,-0.06892241,-0.2521776,-0.10785689999999999
272,-0.24370430000000004,-0.1311308,-0.26757660000000005,-0.06918487000000001,-0.2530332,-0.10730890000000001
273,-0.24397700000000003,-0.13239218181818183,-0.26905400000000007,-0.06827476363636364,-0.25241800000000003,-0.11116999999999999
274,-0.246295,-0.1345795,-0.2691667000000001,-0.07678986000000002,-0.2545181,-0.1142458
275,-0.24568779999999996,-0.13284600000000002,-0.2686721,-0.08107451,-0.25510120000000003,-0.1119843
276,-0.24454340000000002,-0.13273020000000002,-0.2666872,-0.0817078,-0.2511198,-0.11770339999999999
277,-0.24194630000000003,-0.130969,-0.26923830000000004,-0.08474427,-0.248427,-0.1206007
278,-0.24536759999999996,-0.13075240000000002,-0.2676499,-0.07463227,-0.24955600000000003,-0.1193894
279,-0.24675554545454548,-0.1305652727272727,-0.2740463636363636,-0.08345725454545454,-0.2535207272727273,-0.11894336363636362
280,-0.24777379999999996,-0.1296081,-0.2663375,-0.08337706999999998,-0.25484300000000004,-0.11222839999999998
281,-0.2478417272727273,-0.13197890909090912,-0.27380654545454547,-0.08255421818181817,-0.25756972727272726,-0.11371118181818182
282,-0.24590779999999998,-0.13197940000000002,-0.2738191,-0.08005675999999999,-0.2565824,-0.11230930000000001
283,-0.24282689999999998,-0.1302536,-0.2747926,-0.08209075000000002,-0.25360710000000003,-0.11430979999999999
284,-0.24317950000000002,-0.12868970000000002,-0.2758303,-0.08319546999999998,-0.2547975,-0.1126417
285,-0.24354560000000003,-0.13076939999999998,-0.27165370000000005,-0.08515625,-0.2533936,-0.1150419
286,-0.24403911111111112,-0.136032,-0.2744735555555555,-0.07885235555555556,-0.25335199999999997,-0.11946633333333335
287,-0.24382930000000003,-0.1297989,-0.27634289999999995,-0.07693176999999998,-0.25631250000000005,-0.10973069999999999
288,-0.24500740000000004,-0.1299561,-0.27559520000000004,-0.07696227,-0.2590547,-0.1058775
289,-0.2454634,-0.129921,-0.2733873,-0.0766861,-0.2582672,-0.1057768
290,-0.2467988,-0.1292297,-0.27271419999999996,-0.07694856000000001,-0.2573838,-0.10823970000000002
291,-0.2463196,-0.12831719999999996,-0.2642428,-0.07657470000000001,-0.25207489999999994,-0.11194319999999999
292,-0.24534160000000002,-0.1280121,-0.2685318,-0.07723389,-0.2524796,-0.11259319999999999
293,-0.24417879999999997,-0.128592,-0.2695328,-0.07508238,-0.2534498,-0.10937949999999999
294,-0.24381419999999995,-0.1291976,-0.27159579999999994,-0.07633514,-0.25526740000000003,-0.1085556
295,-0.24354850000000003,-0.1298339,-0.26442280000000007,-0.07080840000000002,-0.24936550000000005,-0.1139573
296,-0.24295969999999997,-0.12855070000000002,-0.2582090999999999,-0.06346129,-0.2480194,-0.1073518
297,-0.24379655555555557,-0.12836533333333333,-0.2603486666666667,-0.06352912222222222,-0.2503915555555556,-0.10312411111111112
298,-0.2431686,-0.1291367,-0.26140750000000007,-0.0638428,-0.2511308,-0.10119162000000001
299,-0.2420531818181818,-0.1284292727272727,-0.26270918181818176,-0.06766021818181818,-0.25132890909090916,-0.10157361818181818
300,-0.24109189999999997,-0.127832,-0.2635301,-0.07419889999999998,-0.25144210000000006,-0.1034853
301,-0.24100779999999994,-0.12655330000000004,-0.2668731000000001,-0.07749175,-0.2536545,-0.10283640000000001
302,-0.24023889999999998,-0.12710580000000002,-0.27262280000000005,-0.07673187000000001,-0.2540497,-0.10586710000000002
303,-0.2402674545454545,-0.12775618181818185,-0.27874872727272726,-0.07865211818181818,-0.2577860909090909,-0.10550345454545455
304,-0.24169933333333335,-0.1273551111111111,-0.2787222222222222,-0.07919143333333334,-0.26147644444444446,-0.10184211111111112
305,-0.2421346363636364,-0.129231,-0.28072545454545456,-0.07901278181818182,-0.26166318181818177,-0.10404272727272726
306,-0.2418792,-0.1312395,-0.2815506,-0.07836303000000001,-0.2585556,-0.1092514
307,-0.2454637,-0.1296279,-0.2822372000000001,-0.07976381,-0.2620055,-0.1074339
308,-0.25288839999999996,-0.12640069999999998,-0.274539,-0.08948823,-0.26508610000000005,-0.10571000000000001
309,-0.2546694,-0.1324583,-0.28086399999999995,-0.09356381999999999,-0.268138,-0.1125716
310,-0.2473494,-0.17964760000000002,-0.28117669999999995,-0.12029730999999999,-0.2677154,-0.1409683
311,-0.26960336363636367,-0.27218081818181816,-0.2889750909090909,-0.20575090909090912,-0.2829768181818182,-0.22468281818181818
312,-0.27100849999999993,-0.2721831,-0.3057968999999999,-0.23156150000000003,-0.27682789999999996,-0.2654374
313,-0.266733,-0.2791641000000001,-0.2999269,-0.2390427,-0.2729171,-0.27175760000000004
314,-0.2683838,-0.28065769999999995,-0.3071091,-0.23535279999999997,-0.2821504,-0.26453699999999997
315,-0.2688688,-0.2801815,-0.3050737,-0.23098900000000003,-0.27992249999999996,-0.2653746999999999
316,-0.24471440000000003,-0.2685455,-0.25353229999999993,-0.2241028,-0.25219420000000004,-0.2583741
317,-0.24481072727272724,-0.2583145454545454,-0.2232085454545455,-0.2192869090909091,-0.242243,-0.25421563636363637
318,-0.24488810000000005,-0.2620958,-0.2298768,-0.2208452,-0.23921520000000002,-0.24633929999999998
319,-0.2429281818181818,-0.26763345454545456,-0.2577224545454545,-0.214171,-0.24899154545454544,-0.2454582727272727
320,-0.2423813,-0.26952519999999996,-0.26642029999999994,-0.20937350000000002,-0.25119149999999996,-0.24814939999999996
321,-0.24015979999999998,-0.27055039999999997,-0.2918486,-0.2009077,-0.26473690000000005,-0.2380433
322,-0.23420036363636368,-0.2721656363636364,-0.2904730909090909,-0.20103718181818178,-0.2703232727272727,-0.227112
323,-0.2352418,-0.2728836,-0.2846208,-0.20302550000000003,-0.2611543,-0.23769560000000003
324,-0.23831030000000003,-0.2763792,-0.2237488,-0.22243640000000003,-0.236583,-0.2671873
325,-0.23750600000000005,-0.2724352,-0.2126771,-0.22850050000000005,-0.23230889999999998,-0.26330869999999995
326,-0.23585099999999998,-0.27443463636363635,-0.20923127272727274,-0.23069209090909093,-0.22579554545454544,-0.257893
327,-0.23556070000000004,-0.27551440000000005,-0.20849920000000002,-0.23126660000000002,-0.22444330000000004,-0.2572603
328,-0.23522633333333337,-0.277276,-0.21116988888888885,-0.2306568888888889,-0.22308866666666663,-0.25364355555555557
329,-0.2338485,-0.2795075,-0.21576839999999997,-0.2291779,-0.2245133,-0.2531462
330,-0.23234259999999995,-0.28051,-0.2139405,-0.23044729999999997,-0.2248916,-0.2601107
331,-0.23164690000000004,-0.2799958,-0.21224360000000003,-0.2319794,-0.2216172,-0.25519259999999994
332,-0.23141881818181823,-0.2796144545454545,-0.25757254545454544,-0.17494472727272728,-0.24575518181818182,-0.22384354545454552
333,-0.22837999999999997,-0.2760992222222222,-0.24613599999999997,-0.1889853333333333,-0.2380726666666667,-0.2365215555555556
334,-0.22128836363636362,-0.2707964545454545,-0.20611709090909092,-0.22876818181818181,-0.21481745454545456,-0.25279381818181823
335,-0.22517840000000003,-0.26910259999999997,-0.20293869999999997,-0.23181159999999998,-0.2142776,-0.25057070000000004
336,-0.22673959999999999,-0.2691376,-0.195691,-0.23345349999999998,-0.2133117,-0.25370020000000004
337,-0.2270476,-0.27218929999999997,-0.18814860000000003,-0.2351531,-0.2118242,-0.25777890000000003
338,-0.22671072727272729,-0.2731239090909091,-0.18926445454545454,-0.23480218181818183,-0.21022854545454547,-0.25628509090909096
339,-0.2257632,-0.27293400000000007,-0.1920898,-0.23107899999999998,-0.209018,-0.25184940000000006
340,-0.22604510000000003,-0.2708509,-0.19825270000000003,-0.2269135,-0.21352549999999998,-0.251146
341,-0.22737430000000006,-0.2693478,-0.20102379999999997,-0.2252885,-0.21621560000000004,-0.250644
342,-0.22647122222222218,-0.26952788888888884,-0.20158222222222222,-0.22553355555555557,-0.21618633333333334,-0.2513021111111111
343,-0.2277332727272727,-0.27047309090909094,-0.20134672727272723,-0.22965600000000003,-0.2175666363636364,-0.25500745454545454
344,-0.2235674,-0.2671614,-0.205951,-0.22120670000000003,-0.21764239999999999,-0.25189680000000003
345,-0.2250644,-0.2679429,-0.2020309,-0.2279801,-0.21762219999999996,-0.2549789
346,-0.22602549999999993,-0.2727127,-0.20246250000000005,-0.22869859999999997,-0.2190991,-0.25973219999999997
347,-0.22759080000000004,-0.2726686,-0.20108339999999997,-0.23037420000000003,-0.2156374,-0.2536042
348,-0.22808219999999996,-0.2720642,-0.20224000000000003,-0.23213519999999996,-0.21315280000000003,-0.2490662
349,-0.22716660000000002,-0.275537,-0.2040802,-0.23088380000000003,-0.216733,-0.25528880000000004
350,-0.22960819999999998,-0.2754608,-0.2056638,-0.23217780000000002,-0.22153940000000003,-0.26085839999999993
351,-0.22981729999999997,-0.2761323,-0.2134919,-0.2308244,-0.2242934,-0.26028599999999996
352,-0.2305976363636363,-0.28021363636363633,-0.21546672727272728,-0.23128145454545457,-0.22402809090909093,-0.2587473636363637
353,-0.2322998,-0.2831908,-0.21505759999999996,-0.23233639999999997,-0.22721239999999998,-0.2680968
354,-0.2329621,-0.2868592,-0.21274729999999997,-0.2309968,-0.22589099999999998,-0.266783
355,-0.231925,-0.2903086666666667,-0.2149217777777778,-0.22940388888888888,-0.2239361111111111,-0.2617625555555555
356,-0.23200136363636367,-0.2916938181818182,-0.21628090909090905,-0.22796627272727268,-0.22614209090909093,-0.26737572727272735
357,-0.2321258,-0.28987739999999995,-0.2280302,-0.2329958000000001,-0.231201,-0.2685214
358,-0.23163759999999994,-0.29010900000000006,-0.23636479999999999,-0.23677060000000005,-0.23331620000000003,-0.27175580000000005
359,-0.2279754,-0.291333,-0.2429992,-0.2355102,-0.2327178,-0.27324519999999997
360,-0.20959779999999997,-0.28159760000000006,-0.1971911,-0.23544010000000007,-0.20740220000000004,-0.2736023
361,-0.03922340363636363,-0.24887354545454546,-0.009170563636363633,-0.22773481818181826,-0.02777796727272728,-0.2387988181818182
362,0.005572515999999999,-0.26016859999999997,0.027465800000000002,-0.21747719999999998,0.009741195999999999,-0.2493194
363,0.00663147,-0.26049199999999995,0.032656859999999996,-0.21637880000000004,0.021191380000000003,-0.23609
364,0.007634942727272728,-0.2593468181818182,0.03453896363636364,-0.2191758181818182,0.021568999999999994,-0.23862254545454542
365,0.010134888,-0.257248,0.03640136,-0.2177248,0.02453612,-0.23562920000000004
366,0.001742552,-0.2492982,0.043606540000000006,-0.20913100000000004,0.025665280000000002,-0.2266876
367,0.004431151999999999,-0.2522738,0.04700318,-0.2158264,0.027957159999999998,-0.23226640000000004
368,0.00753784,-0.25190419999999997,0.04244079999999999,-0.21397400000000003,0.02626346,-0.23164679999999996
369,0.010235868181818182,-0.2511012727272727,0.04098092727272728,-0.2096822727272727,0.026259,-0.22963936363636359
370,0.012222279999999999,-0.24990219999999996,0.03903808,-0.20736399999999997,0.025286859999999994,-0.22928180000000004
371,0.01195374,-0.2503022,0.03816833999999999,-0.20871879999999998,0.024990819999999997,-0.22970559999999995
372,0.011187760000000001,-0.25026859999999995,0.038397200000000006,-0.20884099999999997,0.02507628,-0.2292024
373,0.01062318,-0.2505828,0.037002560000000004,-0.21033019999999997,0.02458802,-0.22934580000000002
374,0.010998809090909091,-0.25100036363636363,0.03614946363636364,-0.21112872727272727,0.024149118181818183,-0.23022599999999996
375,0.01145324,-0.24872139999999993,0.035440059999999995,-0.21116319999999997,0.02377626,-0.22950139999999997
376,0.01179502,-0.2490082,0.033398420000000005,-0.21107799999999996,0.022955320000000005,-0.229489
377,0.012905899999999998,-0.2515138,0.03309328000000001,-0.21181959999999997,0.02325136,-0.23124700000000004
378,0.012942218181818182,-0.25186572727272727,0.03341122727272727,-0.21289063636363634,0.02348602727272727,-0.23185999999999998
379,0.012916569999999999,-0.24835820000000003,0.03420106000000001,-0.2120117,0.02355196,-0.23023209999999997
380,0.010913099999999998,-0.24595039999999999,0.04140929999999999,-0.2189636,0.026409919999999996,-0.23229360000000004
381,0.011469081818181818,-0.24614799999999998,0.03946338181818183,-0.2188429090909091,0.026023181818181817,-0.2320017272727273
382,0.011712660000000001,-0.24553219999999998,0.038403320000000005,-0.21257600000000001,0.025558459999999998,-0.22849740000000002
383,0.01258238,-0.24391329999999994,0.03687895000000001,-0.2122922,0.024800100000000002,-0.22806410000000002
384,0.012739549999999999,-0.2431947,0.03546293,-0.2142973,0.02405547,-0.2288543
385,0.0133972,-0.24432772727272722,0.03514931818181817,-0.21271572727272725,0.0237413,-0.22934236363636362
386,0.01375122,-0.2446076,0.03686218,-0.2133696,0.025003039999999997,-0.22945839999999995
387,0.014682344444444443,-0.24533611111111112,0.037818066666666664,-0.21069666666666667,0.026779177777777777,-0.2272694444444444
388,0.013628872727272727,-0.24433609090909086,0.037832109090909095,-0.21064063636363636,0.026321427272727273,-0.2267289090909091
389,0.0133667,-0.24496459999999995,0.03759766,-0.21016559999999998,0.02616578,-0.22664499999999999
390,0.01359101,-0.24203170000000002,0.03962554,-0.20905,0.02734222,-0.2246308
391,0.014318840000000003,-0.2368898,0.0386688,-0.2055754,0.027093480000000003,-0.2205168
392,0.018086230000000002,-0.24000559999999999,0.03869475,-0.20546250000000002,0.0291458,-0.22149190000000002
393,0.018685072727272725,-0.24166600000000002,0.03863940909090909,-0.20634027272727273,0.029393972727272732,-0.22276863636363634
394,0.01748656,-0.24494320000000003,0.03859252,-0.2075348,0.02871706,-0.22510980000000003
395,0.01751098,-0.24467460000000002,0.03895872,-0.2094512,0.02860106,-0.2265228
396,0.016992736363636365,-0.24343036363636364,0.0383397909090909,-0.20918963636363638,0.027869463636363632,-0.22603963636363636
397,0.016397079999999998,-0.24401839999999994,0.03764954,-0.2088412,0.026937880000000004,-0.22663900000000003
398,0.01626031818181818,-0.24618390909090906,0.03709411818181818,-0.20902318181818183,0.027159254545454547,-0.22680809090909093
399,0.01632537,-0.24696790000000002,0.037831130000000004,-0.21004019999999998,0.028018210000000005,-0.2269623
400,0.0161209,-0.24902810000000003,0.03736879,-0.2107806,0.027668790000000006,-0.22830350000000005
401,0.01555174,-0.2479066,0.03732298,-0.21083059999999998,0.02718504,-0.22815819999999998
402,0.014523320000000001,-0.24838260000000006,0.03743286,-0.2115266,0.027621460000000004,-0.22735900000000003
403,0.016780509090909092,-0.2483269090909091,0.038952936363636365,-0.21122600000000002,0.030165254545454545,-0.22598827272727273
404,0.01807708,-0.249141,0.03968351,-0.21212780000000003,0.030072039999999994,-0.2286591
405,0.01941832,-0.24817199999999998,0.03835144,-0.21238699999999996,0.0298645,-0.22846680000000003
406,0.0199252090909091,-0.24908990909090908,0.03771278181818182,-0.21300854545454542,0.02989613636363636,-0.22895109090909094
407,0.019302400000000004,-0.24684460000000003,0.03780516,-0.21499639999999998,0.029116839999999995,-0.2299834
408,0.020364399999999998,-0.24779659999999995,0.03900754,-0.2155424,0.02998654,-0.23120420000000003
409,0.02106628,-0.24934380000000003,0.04103392000000001,-0.2160278,0.030996699999999995,-0.23283360000000003
410,0.01960478181818182,-0.25123036363636364,0.04160794545454545,-0.21587727272727272,0.030703445454545453,-0.23346927272727272
411,0.09372728,-0.24603109999999995,0.11625226,-0.2166395,0.10115956,-0.23356499999999997
412,0.23306900000000003,-0.24910300000000002,0.31456920000000005,-0.24127219999999996,0.26915279999999997,-0.2460448
413,0.2603133,-0.22412099999999996,0.36120469999999993,-0.2508133,0.26902459999999995,-0.22601929999999998
414,0.2587323636363636,-0.2444887272727273,0.3601142727272727,-0.25026763636363636,0.34316890909090914,-0.2513108181818182
415,0.2641236,-0.23851170000000002,0.3686066,-0.24210820000000002,0.36130959999999995,-0.24226359999999997
416,0.2576721,-0.2281983,0.36834259999999996,-0.23770759999999996,0.3437025,-0.23548429999999998
417,0.2378342,-0.25823809999999997,0.28491350000000004,-0.2469727,0.23854059999999996,-0.2584136
418,0.2341553,-0.25862430000000003,0.2837509000000001,-0.22772370000000003,0.236537,-0.2574539
419,0.2375457,-0.25456699999999993,0.28219140000000004,-0.2352814,0.253273,-0.24775390000000003
420,0.24254760000000003,-0.25581360000000003,0.2837952,-0.2328246,0.2645326,-0.2436524
421,0.24396454545454543,-0.25613099999999994,0.2840215454545455,-0.23127045454545456,0.2638759090909091,-0.24389654545454545
422,0.24327110000000002,-0.25686489999999995,0.2839005,-0.23283699999999996,0.2630079,-0.24527899999999994
423,0.23949439999999997,-0.2575121,0.28372510000000006,-0.23341059999999997,0.25773039999999997,-0.2476641
424,0.23845799999999998,-0.25605780000000006,0.2830016,-0.23416159999999997,0.2616548,-0.24498599999999998
425,0.23976254545454545,-0.2521099090909091,0.2810446363636363,-0.23790272727272732,0.267961,-0.24263545454545454
426,0.24185479999999998,-0.25209800000000004,0.28463449999999996,-0.23796659999999997,0.270317,-0.24289240000000004
427,0.2412932,-0.2528502,0.285733,-0.23812859999999997,0.2702024,-0.2433776
428,0.23958636363636365,-0.25378963636363633,0.2845681818181818,-0.23674554545454543,0.2596977272727272,-0.24626181818181817
429,0.2311706,-0.24870300000000004,0.28639820000000005,-0.23886700000000002,0.27095189999999997,-0.24230649999999998
430,0.239273,-0.25641200000000003,0.2829546,-0.2370943,0.2739304000000001,-0.24117740000000004
431,0.24096089999999998,-0.25657220000000003,0.2826491,-0.239084,0.25654610000000005,-0.2500244
432,0.24234600000000003,-0.25519539999999996,0.2822526,-0.23778389999999994,0.2555739,-0.24943549999999998
433,0.24350936363636363,-0.253443,0.2827064545454545,-0.23787636363636364,0.26096409090909084,-0.24656263636363637
434,0.24248050000000002,-0.25269169999999996,0.2831587,-0.2393814,0.2569109,-0.24805910000000003
435,0.24022520000000003,-0.25245660000000003,0.28370660000000003,-0.2409836,0.2630325,-0.24663390000000002
436,0.2398057,-0.252527,0.2866989,-0.24103689999999994,0.2700103,-0.2452134
437,0.24043149999999996,-0.2523468,0.2842162999999999,-0.2401339,0.26014719999999997,-0.24697730000000004
438,0.23787819999999998,-0.25301219999999996,0.28455800000000003,-0.2408936,0.25720200000000004,-0.24807419999999997
439,0.23660563636363638,-0.25100290909090905,0.28062045454545453,-0.24185036363636367,0.25864190909090906,-0.24641000000000002
440,0.23437639999999998,-0.25078570000000006,0.2814924,-0.2417678,0.2688096,-0.24429639999999994
441,0.2272592222222222,-0.2515481111111111,0.2851565555555556,-0.2421078888888889,0.26456711111111114,-0.24579544444444446
442,0.22700179999999998,-0.2513719,0.28825690000000004,-0.2366791,0.24926020000000007,-0.24614869999999994
443,0.24461539999999998,-0.24851839999999997,0.28589010000000004,-0.24315480000000003,0.26460269999999997,-0.24617000000000006
444,0.24857169999999998,-0.2521546,0.2801041,-0.2311629,0.26243739999999993,-0.24308449999999998
445,0.24581599999999998,-0.2518328,0.2831833,-0.23071729999999996,0.2659056,-0.24061139999999998
446,0.24345529999999999,-0.25178530000000005,0.2834305,-0.23075850000000003,0.26313620000000004,-0.2414473
447,0.2369294,-0.25156249999999997,0.2830567,-0.23087780000000002,0.25749370000000005,-0.2424515
448,0.23523560000000004,-0.25037380000000004,0.28176290000000004,-0.23057089999999997,0.2606581,-0.2396637
449,0.23588699999999996,-0.2503814545454545,0.2814109090909091,-0.23078627272727273,0.2542198181818182,-0.24263009090909085
450,0.23782219999999996,-0.24905539999999998,0.28157200000000004,-0.2322403,0.260144,-0.24088009999999999
451,0.2393342,-0.24866170000000004,0.2835113,-0.23415219999999998,0.2746444,-0.23715239999999999
452,0.2413513,-0.24748540000000002,0.28368819999999995,-0.23627770000000003,0.27285780000000004,-0.23915570000000003
453,0.24421379999999998,-0.24677429999999995,0.2848632,-0.23302309999999998,0.2729661,-0.23717480000000002
454,0.24190509999999996,-0.24811100000000003,0.285112,-0.23105640000000002,0.26643669999999997,-0.2385422
455,0.24221409090909088,-0.2494674545454546,0.28582063636363636,-0.22784154545454546,0.2680468181818182,-0.23666500000000001
456,0.24143689999999998,-0.2490633,0.28752300000000003,-0.22449670000000005,0.26564479999999996,-0.2363114
457,0.24100690909090908,-0.24849081818181817,0.2927427272727272,-0.2218947272727273,0.2621750909090909,-0.2377250909090909
458,0.2410001,-0.24679569999999998,0.2951784,-0.21793829999999997,0.26720739999999993,-0.232895
459,0.2405793,-0.2474411,0.2947342,-0.2205031,0.27396089999999995,-0.23103170000000003
460,0.23209079999999999,-0.233928,0.30289180000000004,-0.19244563000000003,0.27198789999999995,-0.21402580000000002
461,0.265976,-0.11600197999999999,0.3103012,-0.052101140000000004,0.27962649999999994,-0.09640047999999998
462,0.26781920000000004,-0.09304198,0.31242830000000005,-0.04491730000000001,0.2861511,-0.07886971000000001
463,0.24620863636363638,-0.09072878181818184,0.3097049999999999,-0.052757972727272735,0.2819757272727273,-0.06919861818181818
464,0.2455231,-0.10273281999999999,0.31182089999999996,-0.056701690000000006,0.2890702,-0.07278595000000002
465,0.24345755555555548,-0.1219771111111111,0.30147644444444444,-0.07002088888888888,0.28826066666666667,-0.08164983333333334
466,0.234612,-0.1315821818181818,0.30176054545454545,-0.06834273636363637,0.2704649090909091,-0.09857712727272726
467,0.2551329,-0.12184289999999998,0.3030335,-0.07480928,0.2827162,-0.09465628000000001
468,0.2478881,-0.1218368,0.304213,-0.07272948,0.2736146,-0.09992210000000001
469,0.27376239999999996,-0.11983050000000002,0.3075089,-0.07072143,0.29094380000000003,-0.09448388999999999
470,0.2860689090909091,-0.11588074545454545,0.3080651818181818,-0.07084101818181819,0.3001958181818182,-0.0873413090909091
471,0.31518389999999996,-0.09828643,0.30535910000000005,-0.07016449,0.3100233,-0.08339693000000001
472,0.2907074,-0.11529239,0.3034515,-0.07661591000000001,0.297284,-0.09619137999999999
473,0.2784256363636363,-0.12119645454545452,0.30560999999999994,-0.08088683636363636,0.2935446363636363,-0.09887689090909091
474,0.2764755,-0.11964409999999999,0.31128700000000004,-0.08297425,0.29535520000000004,-0.09989169
475,0.27665854545454543,-0.1219509090909091,0.31202436363636354,-0.08299532727272728,0.29770872727272724,-0.09888529090909093
476,0.27698379999999995,-0.12429970000000001,0.3118743,-0.08312073,0.2967116,-0.1011781
477,0.276395,-0.12324367272727271,0.3052491818181818,-0.08934018181818182,0.28981727272727276,-0.1074662
478,0.28410660000000004,-0.1001495,0.3133898,-0.08752289999999999,0.3037569,-0.09084624
479,0.28371440000000003,-0.10781559999999998,0.31456929999999994,-0.08061219,0.3046341,-0.08947602999999998
480,0.28405919999999996,-0.11274419999999999,0.3141099,-0.081073,0.3022247,-0.09369203000000001
481,0.2839051,-0.11549689999999999,0.3136979,-0.08004304,0.30052809999999996,-0.09583589
482,0.28407000000000004,-0.11831989999999999,0.31301710000000005,-0.08376159999999999,0.3002076000000001,-0.09915157999999999
483,0.2837884545454546,-0.12032518181818182,0.3068002727272727,-0.08605123636363636,0.296205,-0.10190779999999999
484,0.28065199999999996,-0.12421600000000002,0.30215909999999996,-0.08894501999999999,0.2917434,-0.1061202
485,0.2788102,-0.1253418,0.30195470000000013,-0.09082947,0.29197389999999995,-0.10584869999999999
486,0.2783234,-0.12620689999999998,0.3022842,-0.09121397999999999,0.2891359,-0.11052379999999999
487,0.2804048,-0.12296579999999999,0.29616700000000007,-0.09436635000000002,0.28717050000000005,-0.11089787000000002
488,0.27741863636363634,-0.11688918181818185,0.3118897272727273,-0.07920837272727274,0.2995856363636364,-0.09300786363636364
489,0.27298729999999993,-0.11230790000000002,0.3139832,-0.08529967000000001,0.2969363,-0.09646148
490,0.2723832,-0.11274120000000001,0.3137345,-0.08367309,0.2963196,-0.0959167
491,0.27192859999999996,-0.1171479,0.2885466999999999,-0.10108038999999999,0.2843308,-0.10538336
492,0.2728983333333333,-0.12230777777777778,0.27063,-0.1121641111111111,0.27151644444444445,-0.11609911111111113
493,0.2728424545454545,-0.12371554545454545,0.26694690909090907,-0.11243781818181818,0.2694493636363636,-0.1172360909090909
494,0.27469330000000003,-0.12236149999999998,0.2652631999999999,-0.1132997,0.2696214,-0.11735820000000001
495,0.2761494545454546,-0.12041954545454546,0.2642765454545455,-0.11581281818181818,0.27049372727272725,-0.11823063636363634
496,0.27537540000000005,-0.1248138,0.2648984,-0.11414500000000001,0.2702548,-0.11959239999999997
497,0.27416840000000003,-0.12555829999999998,0.26595740000000007,-0.11486670000000002,0.27112459999999994,-0.12164159999999999
498,0.2728272,-0.12847590000000003,0.2668043,-0.1141693,0.270375,-0.12271879999999998
499,0.27355799999999997,-0.1270493,0.26889480000000004,-0.11380890000000002,0.2716342,-0.12156219999999998
500,0.27451390909090906,-0.1121357090909091,0.2794951818181818,-0.10672820000000001,0.2762549090909091,-0.11037081818181817
501,0.28309320000000004,-0.1061828,0.27957770000000004,-0.10993659999999998,0.2809891,-0.1084458
502,0.28197330000000004,-0.108693,0.2775987,-0.1052445,0.2790343,-0.106154
503,0.28138739999999995,-0.10997300000000003,0.29161069999999994,-0.08938897999999999,0.288246,-0.09569846
504,0.2796992727272727,-0.11318545454545452,0.312375,-0.06641595454545454,0.2949441818181819,-0.09173307272727273
505,0.28060630000000003,-0.1125275,0.3122617999999999,-0.06507721,0.2912813,-0.09671171
506,0.2819076,-0.1083051,0.3115463,-0.07053527,0.29442019999999997,-0.0924835
507,0.2821793,-0.10787050000000001,0.3104066,-0.07619475,0.2954558,-0.09308014
508,0.28277154545454547,-0.1082791818181818,0.3101903636363636,-0.07525358181818183,0.2936527272727273,-0.09533692727272727
509,0.2824282,-0.11204219999999998,0.29049080000000005,-0.09520884,0.2854734,-0.1053863
510,0.2549692222222222,-0.053836414333333325,0.3034042222222222,-0.0011766222222222228,0.28031599999999995,-0.027604841555555544
511,0.24919570000000002,0.0085479731,0.3015167,0.05702054999999999,0.2694198,0.02773741
512,0.2425215,-0.0073043779999999985,0.3079942,0.06009063,0.2921081,0.04333799000000001
513,0.24336560000000002,-0.0064117340000000005,0.2996034,0.04779052,0.27600100000000005,0.024798560000000004
514,0.23849479999999995,-0.00865478,0.3021056,0.02976987999999999,0.2728304,0.012039183999999998
515,0.23988344444444445,-0.003875731777777777,0.3110011111111111,0.037192422222222216,0.27688077777777775,0.017501844444444446
516,0.24273369999999997,-0.0023544326,0.308017,0.03208313,0.27461100000000005,0.014350869999999998
517,0.24172349999999998,-0.003923029,0.30313870000000004,0.013027953000000004,0.2695954,0.0039581392
518,0.23797327272727273,-0.024366890909090912,0.3060497272727273,0.0239882,0.27962009090909096,0.004917494727272726
519,0.24127044444444445,-0.02194723333333333,0.2986195555555555,0.010264077777777776,0.2760908888888889,-0.0023820655555555556
520,0.23991118181818186,-0.026154936363636364,0.30045663636363634,0.014031155454545453,0.28045654545454546,0.0006311607272727269
521,0.2426698,-0.026971439999999996,0.304257,0.022171020000000003,0.2817412,0.004046630000000001
522,0.2469482,-0.025457760000000003,0.2974274,0.01788634,0.2733034,-0.0029571539999999996
523,0.2487274,-0.02352294,0.2966828,0.01558532,0.27342539999999993,-0.003482056
524,0.24823889999999998,-0.024063110000000002,0.29659700000000006,0.013955689999999998,0.2713425,-0.006007384
525,0.24684427272727277,-0.02428641818181818,0.29984072727272726,0.02046341818181818,0.278187,0.001976707272727273
526,0.261264,-0.011001596,0.3053556,0.030743400000000004,0.2950896,0.02110594
527,0.2725632,9.307900000000008e-05,0.3044603,0.03302916,0.29766519999999996,0.025410449999999994
528,0.27695440000000004,-0.0036834729999999996,0.3041261,0.033703620000000004,0.29234940000000004,0.017431640000000005
529,0.26398544444444444,-0.009295978888888888,0.30424488888888884,0.034439088888888886,0.28267055555555554,0.010972773333333331
530,0.2500610909090909,-0.01564719090909091,0.30537145454545456,0.032140545454545456,0.2758650909090909,0.006429499999999999
531,0.2505188,-0.014962779999999998,0.3066772,0.03116456,0.28065179999999995,0.009609988
532,0.24891959999999996,-0.01919556,0.307956,0.03244018,0.289325,0.01610716
533,0.2469636,-0.024414060000000005,0.3075224,0.032333360000000005,0.287152,0.01305234
534,0.24513849999999998,-0.028721620000000003,0.30741570000000007,0.031529220000000004,0.28717049999999994,0.011717224000000002
535,0.24745180000000003,-0.023529059999999997,0.30725100000000005,0.032373040000000006,0.29337479999999994,0.019183359999999997
536,0.24974659999999999,-0.0190338,0.30737919999999996,0.03454284,0.2835326,0.012194840000000002
537,0.2518708,-0.011654684,0.3044007,0.0406967,0.27302839999999995,0.009017962
538,0.25408390909090905,-0.018066410909090908,0.3064018181818182,0.03628264545454545,0.2794881818181818,0.00791793090909091
539,0.2538116,-0.017700200000000003,0.3057922,0.03606874,0.2820252,0.01126708
540,0.2546996666666667,-0.017364466666666665,0.30592366666666665,0.03686526666666667,0.281601,0.010894766666666666
