0,-0.0866394,-0.256836,-0.075058,-0.282578,-0.0837402,-0.26329
1,0.00584412,-0.0391235,0.0318909,-0.0540924,0.0187531,-0.0465393
2,0.0017898570000000002,-0.041303999999999993,0.03216248,-0.05445709,0.01715393,-0.04794922
3,0.007556151,-0.04543455,0.030354309999999995,-0.05432129000000001,0.01977997,-0.05018616
4,-0.06372487818181817,-0.050542645454545454,-0.0378695,-0.0772136090909091,-0.05435043272727274,-0.058672809090909085
5,-0.1351943636363636,-0.0828552,-0.10241418181818181,-0.10834018181818181,-0.1211990909090909,-0.09368339999999999
6,-0.1335097,-0.08427432,-0.10653680000000001,-0.10639810000000001,-0.1144744,-0.09963247
7,-0.1296219090909091,-0.07953297272727274,-0.10564518181818183,-0.10884790909090909,-0.11583236363636364,-0.09641891818181819
8,-0.12612600000000002,-0.07882081,-0.1049056,-0.10928940000000001,-0.1142287,-0.09594116
9,-0.10063449090909092,-0.08411060909090907,-0.08213802727272726,-0.10875777272727273,-0.08970793636363637,-0.09862159999999999
10,-0.02044524,-0.07689362,-0.005792234,-0.09456329000000001,-0.013076775999999998,-0.08532411999999999
11,-0.01619650909090909,-0.07661021818181818,-0.003455422727272728,-0.09427988181818182,-0.010969661818181818,-0.08377076363636364
12,-0.017213309090909092,-0.07535760909090908,-0.0006658376363636362,-0.09237808181818181,-0.008625378181818183,-0.08420769999999998
13,-0.01878358,-0.06989136,0.0005386353999999999,-0.0908676,-0.008340455000000002,-0.08123323000000002
14,-0.018411790909090908,-0.09056512727272727,0.003587203,-0.1174651272727273,-0.004087982727272727,-0.10830682727272728
15,-0.02598876,-0.1282578,0.011108388,-0.15353219999999998,-0.0037368788,-0.14350290000000002
16,-0.023602563636363635,-0.13501118181818178,0.01081017272727273,-0.1534227272727273,-0.0011263745454545455,-0.1470588181818182
17,-0.02474213,-0.13422099999999998,0.01192475,-0.15425090000000002,-0.007542415999999999,-0.1436234
18,-0.02131376363636364,-0.12024629999999999,0.0062242066363636375,-0.13997981818181815,-0.008790450000000002,-0.12958289090909092
19,-0.02126104545454546,-0.06227111818181818,0.01078937,-0.07539227272727274,-0.01731181,-0.06382058181818183
20,-0.025520339999999996,-0.05594329,0.008403016000000001,-0.05994414,-0.01679838,-0.057083129999999996
21,-0.02507294545454546,-0.054791545454545454,0.010314939090909088,-0.059890745454545466,-0.007647427272727272,-0.057317563636363644
22,-0.02481995,-0.05373840999999999,0.010997004,-0.06020968,-0.00641327,-0.05707705
23,-0.020886481818181816,-0.062491681818181814,0.016633463636363637,-0.07168025454545456,-0.0007032909090909092,-0.06727183636363634
24,-0.017301940000000002,-0.08386842,0.025767510000000004,-0.08852081,0.01503295,-0.08730774
25,-0.017171690909090907,-0.0827095909090909,0.027501890909090908,-0.08854397272727274,0.004388981545454545,-0.08545613636363636
26,-0.018185700000000003,-0.08275812727272726,0.024346100000000002,-0.09022799090909091,-0.0019253825272727272,-0.08563370909090909
27,-0.018409730000000003,-0.08112335999999999,0.020857240000000003,-0.09230499,-0.0021423349,-0.08580171
28,-0.017005227272727273,-0.09009344545454545,0.012861776363636364,-0.10380978181818183,-0.004133744545454546,-0.09579606363636363
29,-0.016638190000000004,-0.096495,0.01562806,-0.12483200000000001,-0.009078983,-0.10289921999999999
30,-0.017062072727272726,-0.09534385454545456,0.01428359090909091,-0.12220345454545455,-0.003755048181818182,-0.10678499999999999
31,-0.017268360000000003,-0.09605253,0.013691700000000001,-0.1203002,-0.002180481,-0.10788730000000002
32,-0.02273142727272727,-0.06905295454545456,0.010568783636363635,-0.08309660000000002,-0.011113937272727274,-0.07394824545454547
33,-0.02553072727272727,-0.054375390909090895,0.02064098181818182,-0.06543523636363636,-0.0033333552727272727,-0.059690990909090906
34,-0.025325019999999997,-0.053192130000000004,0.01625517,-0.06274107999999999,-0.008340465000000002,-0.05714722000000001
35,-0.025726309090909096,-0.05249993636363635,0.014696981818181819,-0.06490534545454546,-0.010165117272727271,-0.05728011818181819
36,-0.024520880000000002,-0.052249140000000006,0.01564028,-0.060725390000000004,-0.010906990000000002,-0.055149819999999995
37,-0.023924400000000002,-0.04958827272727273,0.014810736363636364,-0.059084799999999986,-0.008661445454545454,-0.05335026363636364
38,-0.018133550000000002,-0.040650950000000005,0.017652900000000003,-0.05218809,-0.003051759,-0.04553071
39,-0.017386699999999998,-0.04155522727272727,0.019699081818181818,-0.052620627272727274,-0.0030184672727272726,-0.04586514545454545
40,-0.02653502,-0.04133298,0.007769798000000001,-0.05432585999999999,-0.014349371,-0.04602508
41,-0.07945252727272728,-0.022755009090909092,-0.04721346363636363,-0.04894463636363636,-0.06427836363636363,-0.03593582727272727
42,-0.07911836,-0.02256318,-0.04553833000000001,-0.04855193000000001,-0.05801850000000001,-0.03913879
43,-0.07901834545454543,-0.022698136363636365,-0.044625,-0.0455225,-0.06277325454545456,-0.03349858181818182
44,-0.07557263636363637,-0.022551081818181815,-0.03829956363636364,-0.045924781818181826,-0.05756308181818182,-0.033866209090909094
45,-0.03218995,-0.03391722,0.0061859110000000005,-0.0406723,-0.013571171999999998,-0.037475600000000005
46,-0.031528827272727274,-0.031076618181818186,0.010305221818181819,-0.04058143636363636,-0.015292063636363635,-0.03477757272727273
47,-0.0315982,-0.02910546363636364,0.009189952727272728,-0.0411044,-0.011299809090909092,-0.03507856363636363
48,-0.03231202,-0.02788696,0.00935974,-0.04075317999999999,-0.013137800000000002,-0.03381348
49,-0.03233473636363636,-0.0272189,0.006822063636363637,-0.04104473636363637,-0.014390409090909089,-0.0335637909090909
50,-0.03170499090909091,-0.027332663636363642,0.00664866909090909,-0.04127917272727273,-0.013322281818181817,-0.03401599090909091
51,-0.03128659999999999,-0.026300040000000004,0.006686401999999999,-0.039331040000000005,-0.01332396,-0.032470679999999995
52,-0.021317927272727268,-0.03162591818181818,0.01696083090909091,-0.05547680909090909,-0.0060937963636363635,-0.04080893636363636
53,-0.015855410000000004,-0.03579865000000001,0.022724890000000005,-0.056890869999999996,-0.0044876122,-0.04195406
54,-0.015232445454545456,-0.03595939090909091,0.025200590909090912,-0.052781545454545456,0.0010903105454545454,-0.042755127272727275
55,-0.01684111,-0.033328260000000005,0.025415029999999995,-0.05256807,0.00207061881,-0.041931170000000004
56,-0.03171886363636364,-0.03447238181818182,0.005149134909090908,-0.059392745454545454,-0.021643904354545454,-0.04108775454545455
57,-0.036753820000000006,-0.04709627000000001,-0.007366944,-0.06479342000000002,-0.028005989999999998,-0.05279085
58,-0.036025999999999996,-0.04408402727272726,-0.009366117272727272,-0.06646589090909093,-0.020506418181818184,-0.057134436363636375
59,-0.0352478,-0.047528345454545456,-0.008843161818181818,-0.06633967272727273,-0.020574381818181817,-0.05798895454545456
60,-0.04680022999999999,-0.04907684,-0.014843756,-0.07197115000000001,-0.028211949999999996,-0.062344369999999996
61,-0.10372783636363637,-0.050992100000000005,-0.0739746,-0.0722711818181818,-0.08490543636363636,-0.06368602727272726
62,-0.10150020000000001,-0.05685576,-0.07435301999999999,-0.07143096,-0.07953947999999998,-0.06865844000000002
63,-0.05692365454545456,-0.04856733636363635,-0.024806629090909096,-0.07515093636363637,-0.035361556363636366,-0.06641873636363636
64,-0.016663990909090907,-0.04370531818181818,0.02073114545454545,-0.0735529,-0.0028173272727272727,-0.05474023636363637
65,-0.015902740000000002,-0.044909679999999993,0.018396,-0.07222596,-0.0034118659999999995,-0.05486452000000001
66,-0.023309854545454544,-0.05440451818181818,0.022150224545454542,-0.08918890909090908,0.005061749090909092,-0.0762300909090909
67,-0.25167848,-0.22442773,-0.078164753,-0.22295355999999997,-0.17532656000000002,-0.23398138
68,-0.3420105454545455,-0.2960301818181818,-0.12183736363636365,-0.28164236363636364,-0.26139836363636365,-0.2996882727272727
69,-0.08278205599999999,-0.12422190000000002,-0.13139636,-0.03428940000000001,-0.08278205599999999,-0.12422190000000002
70,-0.07561006363636363,-0.09520239090909093,-0.028636561818181815,-0.1323672909090909,-0.05165378181818182,-0.111435
71,-0.010019472727272726,-0.09169146363636363,0.013512336145454546,-0.13327836363636367,0.00044111818181818215,-0.10755916363636363
72,0.00035094000000000027,-0.08902588,0.023236100000000003,-0.1309478,0.009094246,-0.11195979999999998
73,-0.0049230436363636365,-0.10827372727272727,0.03291876363636364,-0.1404043636363636,0.009600543636363637,-0.1207207272727273
74,-0.0055874900000000005,-0.11122127272727274,0.03640747272727272,-0.14239354545454547,0.012711954545454545,-0.12488754545454546
75,-0.006317138181818183,-0.11003936363636364,0.03584981818181818,-0.144129,0.012431745454545456,-0.12524281818181818
76,-0.006906128,-0.1099578,0.03595582,-0.14490980000000003,0.01338808,-0.1265594
77,-0.006092427090909091,-0.11371845454545454,0.03128331818181818,-0.14725709090909092,0.012502509090909088,-0.13047090909090908
78,-0.018667609999999998,-0.1346495,0.020910659999999998,-0.1718477,0.0063735910000000005,-0.15772539999999996
79,-0.01654051818181818,-0.15431881818181817,0.023312645454545457,-0.17967509090909092,0.017472690909090906,-0.17596863636363638
80,-0.018772472727272727,-0.15249227272727273,0.025286600000000003,-0.17716563636363636,0.006558495454545454,-0.16684090909090907
81,-0.014825421999999996,-0.1476288,0.0265442,-0.17536020000000002,0.006402588000000001,-0.16205740000000005
82,-0.015079836363636362,-0.07423959999999999,0.02357481818181818,-0.09841517272727275,-0.0055222963636363635,-0.08030270909090907
83,-0.018823279999999998,-0.04389342,0.026995879999999993,-0.06782532000000001,-0.0039978032,-0.05134582
84,-0.017500463636363636,-0.04740764545454545,0.024255918181818183,-0.0701321727272727,0.0032140561818181823,-0.05870610909090909
85,-0.01737672,-0.04744262,0.020687860000000002,-0.06950684,-0.00013732899999999997,-0.05744022
86,-0.01242204818181818,-0.07059270909090908,0.02949383636363637,-0.0952883909090909,0.004026932818181817,-0.08015302727272727
87,-0.0138794,-0.09028014000000001,0.029196180000000006,-0.1184388,0.004092408,-0.10199288
88,-0.013968745454545456,-0.08999772727272728,0.028754490909090904,-0.11780072727272728,0.005015981818181818,-0.10237000000000002
89,-0.014500009090909094,-0.0882374090909091,0.029145681818181814,-0.11520381818181819,0.006404529090909092,-0.10119081818181819
90,-0.01291504,-0.06732788000000002,0.027948,-0.09354241999999999,0.008145149999999999,-0.08078315999999999
91,-0.01473029090909091,-0.047015081818181814,0.036080081818181814,-0.07223233636363637,0.010209505454545452,-0.0595952909090909
92,-0.010506364545454545,-0.047954209090909104,0.03516597272727273,-0.06897943636363636,0.0077556309090909105,-0.056332690909090904
93,-0.009527578,-0.04967346,0.033563220000000005,-0.06929626,0.01172486,-0.05937500000000001
94,-0.011323399999999999,-0.052036636363636375,0.0349787,-0.07184945454545455,0.01182140909090909,-0.061946527272727286
95,-0.014669780000000002,-0.0712555,0.021044940000000005,-0.09509886,0.0022308337999999996,-0.08260192
96,-0.01738393636363636,-0.07357789090909089,0.016838754545454547,-0.09560466363636365,-0.001955897272727272,-0.08344755454545455
97,-0.017498760000000002,-0.07254942,0.022061180000000003,-0.09689941999999999,0.0005493169999999999,-0.08368226
98,-0.017159190909090908,-0.07341699090909092,0.020951709090909088,-0.09748147272727273,0.000944657818181818,-0.08487215454545455
99,-0.010312175454545453,-0.0612141,0.026254845454545452,-0.08042630909090907,0.00750177090909091,-0.07069397272727274
100,-0.006657407999999999,-0.05196683,0.027818309999999995,-0.07292024,0.007357792,-0.06053926
101,-0.008306327272727272,-0.05123761818181818,0.029359309090909082,-0.07116977272727273,0.009060947272727271,-0.060444227272727274
102,-0.010354604,-0.04839627999999999,0.030114750000000003,-0.07156678000000001,0.008885193,-0.05943605
103,-0.011065679999999998,-0.04897768,0.032107540000000004,-0.07202760000000001,0.009628283999999999,-0.06004946
104,0.036265950909090905,-0.030749218181818173,0.06837745454545455,-0.04682090909090909,0.05071325636363637,-0.03820939090909091
105,0.2588890909090909,0.07945667272727273,0.253465,0.058287190909090895,0.25349436363636363,0.06425472727272728
106,0.3273053636363636,0.12752754545454545,0.3126790000000001,0.0821242,0.32155136363636366,0.11306627272727274
107,0.3195284,0.11363679999999998,0.31351310000000004,0.0862335,0.3161577,0.09875642
108,0.31763390909090905,0.12340909090909093,0.3145377272727272,0.08456280909090909,0.3160094545454546,0.10236572727272729
109,0.31535060000000004,0.1220718,0.3161362,0.08631896999999998,0.31568620000000003,0.1063355
110,0.31769781818181814,0.12208690909090913,0.32157090909090913,0.08686274545454546,0.31962300000000005,0.10503318181818182
111,0.29556963636363637,0.11677681818181816,0.32133745454545454,0.08786703636363637,0.30809454545454545,0.10282609090909091
112,0.301526,0.13908536363636362,0.32376800000000006,0.09482360000000001,0.3110475454545455,0.1202960909090909
113,0.28958545454545453,0.14730545454545457,0.3303678181818182,0.10281398181818183,0.31750345454545453,0.11739127272727273
114,0.29267119999999996,0.1439973,0.32937760000000005,0.10004743,0.31887830000000006,0.1127639
115,0.29262481818181824,0.14506118181818184,0.3271997272727273,0.09890053636363637,0.3111614545454546,0.12057209090909092
116,0.2951402000000001,0.1476366,0.323674,0.09823761,0.3105760000000001,0.12111969999999998
117,0.30511045454545455,0.15939890909090912,0.32378736363636357,0.09973281818181817,0.31766154545454545,0.11881472727272727
118,0.3178286,0.17496629999999996,0.32466739999999994,0.09985809999999999,0.3226377,0.1250275
119,0.3042742727272727,0.16731109090909094,0.32698345454545463,0.09813768181818182,0.3208491818181818,0.1180073636363636
120,0.27926918181818183,0.13771765454545454,0.32637854545454553,0.07111288181818182,0.28173427272727275,0.12424683636363637
121,0.32613050000000005,-0.1126691,0.3930637,0.02383727,0.32613050000000005,-0.1126691
122,0.34535200000000005,-0.156326,0.39431800000000006,0.0233612,0.34535200000000005,-0.156326
123,0.33868245454545454,-0.042458072727272714,0.36801036363636364,0.061512254545454545,0.3400558181818182,-0.03946041818181818
124,0.2819765,0.1680865,0.3242964,0.11255040000000002,0.3098799,0.1267089
125,0.29928190909090907,0.2051390909090909,0.32476809090909087,0.11740654545454547,0.3231574545454546,0.12796000000000002
126,0.30278136363636365,0.21333872727272726,0.32231690909090904,0.10661745454545456,0.31118481818181815,0.1687940909090909
127,0.3051696,0.2081773,0.3205931,0.10767829999999998,0.3167602,0.13881229999999997
128,0.2958875454545455,0.21910645454545452,0.3213013636363636,0.1093099090909091,0.31976463636363633,0.11676445454545453
129,0.2975507,0.2216157,0.3283203,0.10928360000000001,0.32697139999999997,0.11458139999999999
130,0.30283845454545455,0.2333442727272728,0.33723854545454546,0.11009763636363636,0.3344740909090909,0.12205636363636363
131,0.3166001,0.24010009999999998,0.3407516,0.10990889999999998,0.3354859999999999,0.1434327
132,0.3232603636363636,0.24983509090909087,0.33193536363636356,0.10619963636363637,0.328731,0.1734092727272727
133,0.3329558,0.2602556,0.3258651,0.102095,0.3295364,0.16290449999999998
134,0.3370728999999999,0.2626145000000001,0.319519,0.09776608,0.32747200000000004,0.16172479999999997
135,0.34483463636363637,0.2663742727272727,0.31367945454545454,0.09434091818181818,0.3231326363636363,0.14157954545454546
136,0.35631218181818186,0.26556263636363636,0.31422,0.09382350909090907,0.3260093636363636,0.138296
137,0.3674407,0.25831000000000004,0.3325576,0.09723661999999998,0.353508,0.18723910000000002
138,0.3694901818181818,0.2609391818181818,0.3325526363636364,0.09752446363636363,0.3549622727272727,0.19163363636363637
139,0.3698791,0.2619705,0.33211809999999997,0.09646149,0.3525404,0.1806641
140,0.3703419090909091,0.26311972727272726,0.33046236363636367,0.09584461818181818,0.3508896363636364,0.17634154545454547
141,0.372722,0.26452479999999995,0.32922359999999995,0.09577942,0.35283509999999996,0.18248750000000005
142,0.3761034,0.2682616,0.3290069,0.09585875,0.35434269999999995,0.1838118
143,0.382582,0.27448209090909087,0.3288141818181818,0.09679482727272727,0.3578047272727273,0.18790099999999998
144,0.38441450000000005,0.2770083,0.3309021,0.09856261,0.3591767,0.18812879999999998
145,0.3872029999999999,0.2793525454545454,0.3315277272727272,0.10000336363636363,0.3603100000000001,0.18798963636363633
146,0.3884665454545454,0.2816469090909091,0.3318789090909091,0.09928899090909092,0.36223963636363643,0.19223427272727275
147,0.3878297,0.2815063,0.3316757,0.09896848999999999,0.3635131,0.19757519999999998
148,0.38702859999999994,0.2795242,0.3315123,0.09774780000000001,0.36450979999999994,0.20091849999999994
149,0.36203863636363637,0.2568579999999999,0.32204363636363637,0.08838446363636364,0.34815990909090916,0.20001627272727276
150,0.32440599999999997,0.20871263636363635,0.30968963636363644,0.0585965090909091,0.32357236363636366,0.1980467272727273
151,0.32577810000000007,0.2141207,0.3066559,0.05405119999999999,0.3223908,0.1806261
152,0.3131657272727273,0.21741554545454544,0.28681263636363635,0.05064113636363637,0.3074799090909091,0.16146854545454545
153,0.14301316000000003,0.2323654,0.09135436999999999,0.024795519999999998,0.13243253,0.18070380000000003
154,0.06524658181818183,0.22648209090909094,0.028693454545454546,0.01930790909090909,0.04263168181818182,0.09826111818181817
155,0.06439972000000001,0.22462759999999998,0.029530320000000006,0.017871109999999996,0.038444519999999996,0.07240897
156,0.06100463636363635,0.2380899090909091,0.025507136363636364,0.04200467272727273,0.0482053,0.16622654545454543
157,0.0482233090909091,0.25368972727272726,0.02120419090909091,0.09030014545454544,0.04734800909090908,0.24846854545454544
158,0.06327210000000001,0.27022700000000005,0.023046860000000006,0.09164121,0.044577019999999995,0.19199819999999998
159,0.07147355454545455,0.2848079090909091,0.022993609090909094,0.09207014545454545,0.045662636363636364,0.18220109090909095
160,0.07480466999999999,0.28378010000000004,0.02449494,0.09307556,0.04895935,0.18576829999999997
161,0.07832612727272728,0.28276763636363633,0.024415445454545458,0.09298568181818183,0.05022915454545454,0.18388927272727276
162,0.08191834999999999,0.2834612,0.024172959999999997,0.09410096999999999,0.05220947,0.186081
163,0.08410644545454547,0.28529772727272734,0.0235332090909091,0.09571283636363637,0.053334990909090906,0.18908554545454545
164,0.08213251818181817,0.28437945454545455,0.020742254545454544,0.09700151818181818,0.05205879999999999,0.19277136363636363
165,0.07725679,0.2832687,0.014039612000000002,0.09576109000000001,0.047895820000000006,0.19643090000000002
166,-0.00842840909090909,0.276721,-0.05029711818181819,0.09461844545454547,-0.036349229090909096,0.1484540909090909
167,-0.021437082,0.2748856,-0.05682067999999999,0.09435424,-0.05272062000000001,0.11443180000000001
168,0.06182581636363637,0.27027609090909094,0.004565134545454545,0.09747460000000001,0.016704234545454544,0.13514263636363638
169,0.07956848999999999,0.2697329,0.018171700000000002,0.09761963000000001,0.0346207,0.14407040000000002
170,0.07823319999999999,0.2671926363636363,0.019683827272727272,0.09774087272727273,0.04765875454545454,0.1788899090909091
171,0.07721099,0.26664119999999997,0.020378089999999998,0.09744871,0.04659425,0.17562280000000002
172,0.07528684545454546,0.26317927272727276,0.020620190909090907,0.09698069090909091,0.045883190909090904,0.17392963636363634
173,0.07471772,0.2634035,0.02129515,0.09575651999999998,0.04594878,0.1732223
174,0.07605812727272726,0.26341390909090906,0.02076720909090909,0.09390120909090909,0.04594975454545454,0.17123536363636363
175,0.07809171818181819,0.2639506363636364,0.020087518181818184,0.09329780909090911,0.04749643636363637,0.17406654545454545
176,0.07959957272727274,0.26519218181818177,0.019570081818181817,0.09509970909090909,0.0484216909090909,0.17700881818181818
177,0.080889375,0.26566825,0.019730891666666667,0.095175425,0.050247183333333334,0.18041999999999994
178,0.08266657272727272,0.266772,0.021094581818181822,0.09547840909090909,0.05047329090909091,0.17736400000000002
179,0.08690493,0.2688751,0.02170868,0.09557191,0.05291899,0.1786926
180,0.0889712181818182,0.2697379999999999,0.021394209090909097,0.09597361818181821,0.05457098181818181,0.18149772727272728
181,0.08581388,0.2676454,0.021115120000000005,0.09571838000000002,0.050921640000000004,0.17510540000000002
182,0.08443103636363637,0.2713235454545455,0.021392836363636366,0.09589733636363636,0.05126535454545455,0.17922136363636362
183,0.08492125,0.27484909999999996,0.02129975,0.09607236999999998,0.05169676000000001,0.1816634
184,0.08894347272727271,0.2759843636363636,0.02131651818181818,0.09612895454545453,0.05393842727272727,0.1830707272727273
185,0.09563751999999999,0.2735443,0.028321830000000003,0.09714504,0.06091614999999999,0.1827423
186,0.09868692727272728,0.27340554545454543,0.030849090909090916,0.09531609090909089,0.06632025454545455,0.18853636363636364
187,0.09222108000000001,0.2726425,0.019544993000000004,0.0942734,0.062001039999999986,0.1974624
188,0.08443520909090908,0.2719337272727273,0.01296718090909091,0.09452540909090908,0.06025972727272728,0.2120430909090909
189,0.08394012,0.2737549,0.013986199999999999,0.09438479,0.04850923,0.18318810000000002
190,0.0932542,0.2734033333333333,0.021837858333333335,0.09320575833333335,0.05534746666666667,0.17794316666666665
191,0.09642335,0.26795189999999997,0.026948549999999998,0.09430083999999998,0.064357,0.1879653
192,0.09721233636363634,0.2686434545454545,0.027210590909090906,0.09595144545454545,0.06126819090909091,0.18008272727272728
193,0.09628298,0.26854410000000006,0.027052310000000003,0.09570161999999999,0.057873549999999996,0.17278739999999998
194,0.09662418181818183,0.2689387272727273,0.026415745454545458,0.09568091818181818,0.059126418181818186,0.17654827272727272
195,0.09663543,0.2708877,0.026545720000000002,0.09583434999999998,0.05903472,0.17711939999999998
196,0.09667138181818181,0.26887781818181816,0.026424063636363637,0.09602633636363636,0.05850776363636363,0.1751126363636364
197,0.09713896999999999,0.269496,0.02683867,0.09421387,0.05995178999999999,0.1768979
198,0.10000205454545456,0.27020936363636366,0.027098209090909094,0.09389010909090909,0.06144853636363636,0.17712818181818182
199,0.10034934,0.27085719999999996,0.02658842,0.09446565,0.06198578000000001,0.1792558
200,0.09872295454545456,0.27231827272727277,0.026910954545454547,0.09511357272727272,0.0623599090909091,0.18273363636363635
201,0.09775611818181819,0.2716258181818182,0.02641849090909091,0.09494574545454547,0.060969945454545454,0.18066545454545457
202,0.0028472840000000055,0.276892,-0.06919562,0.08194275999999999,-0.011831600000000001,0.23724660000000003
203,-0.18621690909090913,0.3162620909090909,-0.26348727272727274,0.11033480909090908,-0.22623654545454538,0.21464690909090908
204,-0.20770280000000002,0.2984558,-0.2928042,0.12233880000000001,-0.2875488,0.13341999999999998
205,-0.20957127272727274,0.2950868181818182,-0.29275100000000004,0.12470745454545457,-0.2660910909090909,0.18195554545454543
206,-0.23004145454545455,0.2856292727272727,-0.2860524545454546,0.10822357272727273,-0.26471218181818185,0.16911463636363633
207,-0.3217836,0.2520356,-0.31902780000000003,0.040951553999999994,-0.3193602,0.04740907999999999
208,-0.34126554545454546,0.16323163636363638,-0.3332825454545455,-0.03909578090909091,-0.3365754545454545,0.0145028
209,-0.3676332,0.08356934,-0.3351624,-0.1076142,-0.34199219999999997,-0.07254030000000002
210,-0.36970790909090906,0.0732408,-0.3390073636363637,-0.10747445454545454,-0.34381927272727264,-0.08342256363636363
211,-0.3416623999999999,0.10958855999999999,-0.32615360000000004,-0.0623839828,-0.3325408,0.008105460200000003
212,-0.3313017272727272,0.24027172727272725,-0.3077654545454545,0.05503290781818181,-0.3305024545454545,0.22242746363636368
213,-0.3385745454545454,0.24854481818181814,-0.2922169090909091,0.06515501818181818,-0.33214063636363633,0.22381027272727272
214,-0.3391724545454545,0.2402454545454545,-0.2933627272727273,0.06634522727272726,-0.31276781818181826,0.13560609090909093
215,-0.33867820000000004,0.23618759999999997,-0.29717099999999996,0.06959227999999999,-0.318692,0.1516114
216,-0.32287463636363634,0.23882645454545456,-0.3050159090909091,0.07734128181818181,-0.31423963636363644,0.15085381818181817
217,-0.3225479,0.23690479999999997,-0.3056535,0.08042755999999998,-0.3155717,0.16308890000000004
218,-0.3206412727272727,0.23758772727272734,-0.3079943636363636,0.08393304545454545,-0.3137999090909091,0.143448
219,-0.31659072727272725,0.2372256363636363,-0.3084354545454545,0.08636335454545453,-0.31261645454545445,0.14755654545454544
220,-0.3143066,0.23262960000000002,-0.30853300000000006,0.08848878000000002,-0.3117126,0.14804999999999996
221,-0.31385272727272734,0.23101518181818184,-0.3084022727272728,0.0908647,-0.31155109090909094,0.15251172727272724
222,-0.31277160000000004,0.22728260000000003,-0.31019599999999997,0.09143369999999999,-0.31215499999999996,0.155603
223,-0.3435112727272727,0.23632000000000006,-0.3224763636363636,0.08764232727272726,-0.3251121818181818,0.11946503636363638
224,-0.3603334,0.2382324,-0.3142944,0.08371886,-0.314798,0.08530274
225,-0.35460959999999997,0.23873430000000004,-0.31870429999999994,0.08452453,-0.3329057000000001,0.1425078
226,-0.3526208181818182,0.23779863636363635,-0.3225487272727273,0.08633281818181816,-0.3371982727272727,0.1554426363636364
227,-0.35235745454545453,0.23813563636363633,-0.32465427272727276,0.08815696363636362,-0.3389156363636363,0.16021863636363637
228,-0.3499966,0.23571800000000004,-0.3251682,0.09123229999999997,-0.33630980000000005,0.15052500000000002
229,-0.3263578181818182,0.23011918181818178,-0.30772399999999994,0.08891296363636364,-0.31331027272727274,0.12615545454545454
230,-0.323114,0.23070980000000002,-0.3053406,0.08656312,-0.3127076,0.1404664
231,-0.32107089999999994,0.228383,-0.3060318000000001,0.08648222000000001,-0.3131788,0.14668289999999998
232,-0.3211350909090909,0.22744463636363638,-0.3063340909090909,0.08547834545454545,-0.31382763636363636,0.1498760909090909
233,-0.3232773,0.226288,-0.3056792,0.08370667000000001,-0.3149261,0.1521865
234,-0.32437690909090916,0.22871818181818185,-0.3050591818181818,0.08440193636363637,-0.31525209090909095,0.15450209090909087
235,-0.3254883,0.22842849999999998,-0.30483849999999996,0.08371431,-0.3154796999999999,0.1525526
236,-0.32649927272727275,0.2277761818181818,-0.3047749090909091,0.08477507272727274,-0.31595136363636356,0.15303590909090908
237,-0.3269068181818182,0.22813954545454543,-0.3069262727272728,0.08465853636363639,-0.31710809090909087,0.15200518181818182
238,-0.32725220000000005,0.22713,-0.3089478,0.08385926,-0.31859439999999994,0.1529756
239,-0.32383863636363636,0.22455536363636364,-0.30418690909090906,0.08276230000000001,-0.3135805454545455,0.14475863636363637
240,-0.3096098,0.216742,-0.2836486,0.0816742,-0.2966766,0.145642
241,-0.3130936363636363,0.21671363636363636,-0.2832115454545455,0.07904190909090908,-0.2958625454545455,0.1341290909090909
242,-0.312497,0.21639719999999998,-0.282901,0.08029478000000001,-0.2942596,0.12962939999999998
243,-0.3133461818181818,0.21763754545454547,-0.28287745454545454,0.07989364545454546,-0.29376090909090913,0.12629836363636365
244,-0.3121003636363637,0.21716300000000002,-0.28237081818181814,0.08027787272727273,-0.2907547272727273,0.11644545454545453
245,-0.31037299999999995,0.216797,-0.27822879999999994,0.07984315,-0.28837769999999996,0.120532
246,-0.31086718181818185,0.22095809090909094,-0.27476490909090906,0.07850787272727272,-0.2888598181818181,0.13138663636363634
247,-0.3113447,0.21842959999999997,-0.27334899999999995,0.07721864,-0.28816379999999997,0.12980510000000003
248,-0.3125011818181818,0.21962954545454547,-0.2798671818181818,0.07704440000000001,-0.2945724545454546,0.13900481818181817
249,-0.3130188,0.22265340000000006,-0.28097520000000004,0.077298,-0.2977326,0.149948
250,-0.31283845454545456,0.2209417272727273,-0.28207518181818175,0.07707490909090908,-0.2970345454545455,0.1434880909090909
251,-0.31196454545454544,0.22068245454545457,-0.2819502727272728,0.07678917272727273,-0.2955694545454545,0.13847918181818183
252,-0.30914010000000003,0.21326740000000002,-0.2835509,0.07557678999999999,-0.29487759999999996,0.13186029999999999
253,-0.2944268181818182,0.1020105090909091,-0.27365400000000006,-0.048239943636363636,-0.2930314545454546,0.0766338
254,-0.31220863636363644,0.023282136363636362,-0.263879909090909,-0.13189254545454546,-0.3064214545454545,0.0060618818181818164
255,-0.3118407,0.018214409999999997,-0.2583757,-0.12993910000000003,-0.2704056,-0.09815674999999999
256,-0.30707054545454543,0.01838129090909091,-0.2555263636363637,-0.12896163636363633,-0.27763218181818183,-0.0682678181818182
257,-0.3043240909090909,0.02460964545454546,-0.25817318181818183,-0.11774654545454544,-0.2828493636363637,-0.043900945454545454
258,-0.31206172727272724,0.06385522727272727,-0.26617836363636366,-0.07154150909090909,-0.30240700000000004,0.03337096363636363
259,-0.3093719,0.06356200000000001,-0.26549209999999995,-0.06946103,-0.29051360000000004,0.0037140020000000023
260,-0.30901127272727275,0.06338087272727272,-0.26511445454545457,-0.07124328181818183,-0.2870260909090909,-0.006269974545454546
261,-0.30849372727272734,0.062142109090909094,-0.26399900000000004,-0.07163166363636363,-0.28639899999999996,-0.006455853636363636
262,-0.3086822,0.06100004000000001,-0.2646620999999999,-0.07087098,-0.28730920000000004,-0.005139160000000001
263,-0.3084828181818182,0.060100209090909094,-0.26668481818181816,-0.06939836363636363,-0.28688745454545456,-0.008911132727272729
264,-0.3085426363636363,0.06022642727272727,-0.2681952727272727,-0.06970213636363637,-0.2864727272727272,-0.012987990909090908
265,-0.307016,0.06116484000000001,-0.2685805,-0.07032012,-0.2842406,-0.01901855
266,-0.3065657272727273,0.059663272727272725,-0.27026090909090905,-0.07016407272727272,-0.2815081818181819,-0.031953300000000004
267,-0.3048025454545455,0.057558927272727274,-0.27071590909090915,-0.0701737909090909,-0.27958527272727274,-0.03864497272727272
268,-0.2775086,0.05883330999999999,-0.26708509999999996,-0.06802824,-0.27038280000000003,-0.044854710000000006
269,-0.2598697272727273,0.06052744545454546,-0.2641114545454546,-0.06720664545454545,-0.26392554545454544,-0.057654636363636366
270,-0.25940260000000004,0.05845186,-0.2645052,-0.06983946999999999,-0.2627196,-0.01181336
271,-0.2604854545454546,0.06058015454545454,-0.2647621818181818,-0.06965082727272728,-0.26340263636363637,-0.01143022909090909
272,-0.2592239,0.061926270000000005,-0.26594680000000004,-0.07132872999999999,-0.26368559999999996,-0.015127579999999998
273,-0.2586212,0.06455692,-0.266385,-0.07054752,-0.2633852,-0.00792236
274,-0.2611875454545455,0.06675302727272729,-0.2672617272727273,-0.07043179090909092,-0.26502009090909084,-0.005694304545454546
275,-0.2665573,0.06690064000000001,-0.26917120000000005,-0.06859587999999998,-0.26858370000000004,-0.006155394
276,-0.26428345454545454,0.0684648,-0.27050081818181815,-0.06784335454545455,-0.26819936363636365,-0.0038715700000000004
277,-0.2624406,0.06761170000000001,-0.27112119999999995,-0.06782836,-0.2676757,-0.004527283000000001
278,-0.2617049090909091,0.06721355454545454,-0.2706646363636364,-0.06798624545454546,-0.2669138181818182,-0.0021944912727272724
279,-0.2600816,0.06695862999999999,-0.27031869999999997,-0.06807402,-0.2659074,-0.0018463115999999998
280,-0.27069381818181815,0.06532289999999998,-0.26907618181818177,-0.06930541818181818,-0.2701081818181818,-0.012155716363636361
281,-0.26684836363636366,0.06799179090909092,-0.2664850000000001,-0.06917642727272727,-0.2672160909090909,-0.009693489090909092
282,-0.2653807,0.06875764,-0.26634839999999993,-0.06889798999999999,-0.2665115,-0.0025695809999999996
283,-0.26530709090909094,0.06848701818181818,-0.26684145454545455,-0.06889064545454544,-0.2667374545454546,-0.003583040727272727
284,-0.2650604,0.06756289,-0.26740909999999996,-0.06972653000000001,-0.26700319999999994,-0.009851062999999998
285,-0.2650522727272728,0.07078137272727272,-0.2678830909090909,-0.06968411818181819,-0.26727709090909096,-0.007167470909090908
286,-0.2653291,0.07256013,-0.2679398,-0.06943359,-0.2674622,-0.007238769000000001
287,-0.2666474,0.07368163999999998,-0.26867969999999997,-0.06901703000000001,-0.26847679999999996,-0.008032227999999999
288,-0.2665945454545455,0.07314925454545453,-0.26885536363636364,-0.06900024545454544,-0.2684894545454546,-0.0037217581818181824
289,-0.26615072727272737,0.07416743636363637,-0.268634,-0.06947605454545454,-0.2681746363636364,-0.0029269154545454546
290,-0.26505218181818174,0.07324636363636362,-0.2679276363636363,-0.06989497272727273,-0.2672853636363637,-0.0038230209090909088
291,-0.2648376,0.07538148000000001,-0.2683945,-0.06988222000000001,-0.2674040999999999,-0.0007659890000000001
292,-0.26558890909090915,0.07412303636363635,-0.2687641818181818,-0.06970906363636363,-0.26796245454545453,-0.002238881090909091
293,-0.2671632,0.07366485,-0.26868459999999994,-0.06944733,-0.268721,-0.010247783000000002
294,-0.26774736363636364,0.07087844545454546,-0.2682508181818182,-0.06902659090909091,-0.2686726363636364,-0.014319663636363637
295,-0.2679234545454545,0.07162476363636362,-0.26872527272727276,-0.06962863636363636,-0.26902754545454544,-0.010208126363636364
296,-0.26557620000000004,0.07281188000000001,-0.26754449999999996,-0.07058871,-0.2673263,-0.005302429
297,-0.25572345454545453,0.07223372727272727,-0.2610889090909091,-0.07201732727272726,-0.2595242727272727,-0.011543972727272728
298,-0.25362250000000003,0.07378235,-0.25521849999999996,-0.07037813,-0.2551772,-0.00358886224
299,-0.24933972727272727,0.06993797272727273,-0.25462754545454547,-0.07100471818181821,-0.25273836363636365,-0.0027549036363636367
300,-0.24761039999999998,0.06589510000000001,-0.25516199999999994,-0.07109833000000002,-0.2520814,-0.004383850999999999
301,-0.24613972727272723,0.06526181818181817,-0.2548203636363637,-0.07161227272727273,-0.2511276363636364,-0.004071323636363636
302,-0.24945763636363633,0.06728430909090909,-0.25687327272727273,-0.07152628181818182,-0.2539755454545455,-0.0057539490909090905
303,-0.25507359999999996,0.03527375,-0.2517837,-0.11627052,-0.25523850000000003,-0.014968877
304,-0.27328499999999994,-0.03543089090909091,-0.24094581818181818,-0.18734054545454545,-0.2659913636363636,-0.07130011818181818
305,-0.2813760909090909,-0.03937322727272727,-0.23954200000000003,-0.1873930909090909,-0.24897745454545459,-0.15424281818181818
306,-0.2843654545454546,-0.039044463636363644,-0.24880718181818182,-0.18861936363636367,-0.267388,-0.11412890909090909
307,-0.2812575,-0.04027097,-0.2503204,-0.18965150000000003,-0.2655758,-0.12005000000000002
308,-0.2816620000000001,-0.04892578,-0.2570511999999999,-0.20683,-0.27325730000000004,-0.10579081000000001
309,-0.2815842727272727,-0.05390097272727273,-0.26077554545454545,-0.2136175454545455,-0.2754475454545455,-0.10731090909090911
310,-0.28199,-0.05271148,-0.26148380000000004,-0.21264649999999996,-0.2722657,-0.1359741
311,-0.2827981818181819,-0.05248883636363637,-0.2625855454545454,-0.21036327272727273,-0.27305718181818184,-0.13577972727272725
312,-0.28243730000000006,-0.05189362000000001,-0.26294249999999997,-0.20971529999999997,-0.2732665,-0.13362130000000003
313,-0.2810752727272728,-0.052785727272727276,-0.2628850909090909,-0.2104173636363636,-0.2728105454545454,-0.13227563636363635
314,-0.2993301818181818,-0.055970636363636354,-0.26325727272727273,-0.21109409090909093,-0.28131381818181816,-0.13771909090909093
315,-0.2966034000000001,-0.054800419999999996,-0.26194300000000004,-0.2119812,-0.27901610000000004,-0.13907160000000002
316,-0.29723554545454545,-0.054428090909090905,-0.2601082727272727,-0.20956009090909086,-0.27852709090909095,-0.13675627272727273
317,-0.3057922,-0.055453489999999994,-0.2621443,-0.21205879999999996,-0.28577709999999995,-0.13099980000000003
318,-0.32467781818181823,-0.06298551818181818,-0.26385781818181814,-0.21438336363636365,-0.29429636363636363,-0.1412758181818182
319,-0.32515730000000004,-0.062187179999999995,-0.2631548,-0.21256850000000002,-0.29323720000000003,-0.1424104
320,-0.3222031818181818,-0.06345989090909092,-0.2634014545454545,-0.21157700000000002,-0.29224045454545455,-0.14172618181818183
321,-0.3228804,-0.06278990000000001,-0.2655656,-0.21060019999999996,-0.29291839999999997,-0.14279480000000003
322,-0.32295909090909086,-0.06357365454545455,-0.2677128181818182,-0.21053263636363634,-0.29512427272727265,-0.14046
323,-0.3232103,-0.06388702,-0.26949140000000005,-0.2105743,-0.29585439999999996,-0.14148719999999998
324,-0.2922308181818182,-0.05959804545454546,-0.26222645454545457,-0.20960018181818182,-0.27635463636363644,-0.14355463636363638
325,-0.2908736,-0.05918274,-0.2608426999999999,-0.20760479999999998,-0.2764816,-0.1335572
326,-0.31529945454545455,-0.06386358181818183,-0.27019418181818183,-0.20590363636363637,-0.27611072727272723,-0.1912008181818182
327,-0.3116228,-0.06316374999999999,-0.2698562,-0.2053362,-0.28003669999999997,-0.1724653
328,-0.3103929090909091,-0.06348489090909092,-0.2691688181818182,-0.2062058181818182,-0.28764081818181814,-0.1454340909090909
329,-0.31153390000000003,-0.06447295,-0.26634519999999995,-0.20389569999999999,-0.28557419999999994,-0.1474732
330,-0.31703454545454546,-0.08671983636363635,-0.28183536363636363,-0.19829363636363634,-0.3073244545454546,-0.12077881818181818
331,-0.3158527272727273,-0.10927799272727273,-0.27352054545454546,-0.15260054545454543,-0.2930795454545455,-0.10824586545454547
332,-0.004737850000000002,-0.13034054,-0.25039077,-0.13281099999999998,-0.25039382,-0.1328155
333,-0.21824090909090907,-0.20946293636363641,-0.2383285181818182,-0.1465428,-0.22899710909090912,-0.17832822727272726
334,-0.3094009,-0.07932279,-0.2835769,-0.18599849000000004,-0.2893356000000001,-0.18959030000000002
335,-0.29307981818181816,-0.055486490909090906,-0.2635121818181818,-0.18081645454545456,-0.29178136363636364,-0.0712057909090909
336,-0.28185881818181824,-0.05964520909090908,-0.29044827272727275,-0.1901926363636364,-0.28887963636363634,-0.13841933636363637
337,-0.30000572727272723,-0.0754714181818182,-0.299831,-0.215991,-0.3057708181818182,-0.12259609090909089
338,-0.27804270000000003,-0.04886017,-0.2160279,-0.18790440000000003,-0.24510490000000001,-0.1211944
339,-0.2924054545454545,-0.04740629090909092,-0.20159072727272728,-0.1825893636363637,-0.2441797272727273,-0.12034736363636361
340,-0.28344569999999997,-0.052549760000000015,-0.25835900000000006,-0.20253130000000003,-0.2743166,-0.11099240000000002
341,-0.28474018181818184,-0.05083950909090909,-0.2638438181818181,-0.2076429090909091,-0.2784424545454545,-0.10433836363636363
342,-0.2813496363636363,-0.05059398181818182,-0.2612444545454546,-0.2122388181818182,-0.2727297272727273,-0.12763854545454542
343,-0.20746164,-0.1767549,-0.19122307999999996,-0.23713060000000005,-0.20859064,-0.25422979999999995
344,-0.09649660000000003,-0.290314,-0.05378719999999999,-0.21014400000000008,-0.09649660000000003,-0.290314
345,-0.09649660000000002,-0.290314,-0.05378719999999999,-0.21014400000000005,-0.09649660000000002,-0.290314
346,-0.09649660000000003,-0.290314,-0.05378719999999999,-0.21014400000000008,-0.09649660000000003,-0.290314
347,-0.16550241818181818,-0.08685581818181819,-0.23779683636363638,-0.20520036363636363,-0.24167950909090907,-0.21248854545454543
348,-0.2989012,-0.0695694,-0.2916458,-0.21419519999999997,-0.2916458,-0.2141494
349,-0.27766563636363634,-0.059915727272727266,-0.2794979090909091,-0.20229981818181814,-0.2777224545454546,-0.1551278181818182
350,-0.20025490909090912,-0.06239041818181819,-0.27841327272727273,-0.1945160909090909,-0.2447730909090909,-0.13459500000000002
351,-0.2952729,-0.05610353999999999,-0.2692399,-0.19232189999999996,-0.2819643,-0.12951040000000003
352,-0.28904872727272735,-0.051530327272727265,-0.2745999090909091,-0.19511145454545453,-0.2828147272727273,-0.11991618181818184
353,-0.20290238,-0.06460725000000002,-0.22479100000000002,-0.20459769999999997,-0.2222229,-0.15985270000000001
354,-0.002711909090909095,-0.061781454545454535,-0.03335158727272727,-0.19738918181818177,-0.024192110909090913,-0.14791336363636365
355,0.011840828000000001,-0.06683957,0.012953210000000001,-0.1916488,0.012527459999999999,-0.08044896000000001
356,0.019428609090909092,-0.06407166363636364,0.013735690909090909,-0.19071263636363636,0.016586309090909093,-0.11482659090909092
357,0.023864739999999995,-0.061376940000000005,0.013610849999999999,-0.19023160000000003,0.01882019,-0.1255465
358,0.023006099999999998,-0.06501631818181818,0.01468312727272727,-0.19104018181818183,0.01886400909090909,-0.12912418181818183
359,0.02859347,-0.07237701,0.026284779999999997,-0.19653769999999998,0.028581229999999996,-0.11514458999999999
360,0.032356954545454536,-0.07148325454545455,0.02265514545454545,-0.19655936363636364,0.02886683636363636,-0.11749126363636364
361,0.03266211818181818,-0.06915283636363635,0.022588545454545455,-0.1964250909090909,0.027525490909090913,-0.1350942727272727
362,0.03584594,-0.06186676,0.021833780000000004,-0.19616090000000003,0.028915410000000002,-0.12923130000000002
363,0.036109227272727265,-0.06111699090909091,0.02434332727272727,-0.19722972727272728,0.030322009090909093,-0.12931
364,0.033695572727272735,-0.06407168181818182,0.025819254545454542,-0.19861118181818185,0.029797645454545454,-0.13144454545454548
365,0.02209167,-0.08065949,0.025230419999999996,-0.19911500000000001,0.023733529999999996,-0.14058529999999997
366,0.026602972727272724,-0.07753403636363637,0.02116392727272727,-0.20592136363636362,0.024421009090909093,-0.14103281818181818
367,0.04148863,-0.08336331,0.021469079999999998,-0.2299394,0.03895262,-0.10377659000000002
368,0.045687590909090914,-0.07859942727272727,0.02205031818181818,-0.22940745454545455,0.03712325454545454,-0.1335436090909091
369,0.03534074545454546,-0.08160403636363636,0.0180109,-0.2203506363636364,0.026955336363636364,-0.14948490909090908
370,0.017846680000000004,-0.08125306000000002,0.02087708,-0.20776060000000002,0.01947936,-0.1514894
371,0.017737636363636358,-0.08107548181818182,0.020446772727272723,-0.20844600000000002,0.01925105454545455,-0.15069563636363636
372,0.01885068,-0.08077087999999999,0.019384759999999994,-0.2084502,0.019152839999999997,-0.1441408
373,0.01856717272727273,-0.08061912727272726,0.01924550909090909,-0.20707972727272728,0.018941700000000002,-0.14405254545454546
374,0.020373520000000003,-0.08133848000000002,0.019119279999999995,-0.2045470000000001,0.01973572,-0.14643240000000002
375,0.022935336363636368,-0.0802099090909091,0.020012599999999995,-0.204368,0.0213956,-0.14828636363636366
376,0.025934372727272725,-0.07922504545454545,0.019058236363636363,-0.2041627272727273,0.022427654545454544,-0.14411354545454544
377,0.02731018,-0.07681276000000001,0.018847680000000002,-0.2041716,0.0228302,-0.1452638
378,0.030256772727272726,-0.07266650909090909,0.01879050909090909,-0.2022122727272727,0.024599972727272726,-0.1375940909090909
379,0.03266905999999999,-0.07198179999999998,0.01978148,-0.2019136,0.026300060000000004,-0.1370484
380,0.03359678000000001,-0.07188111999999999,0.02015228,-0.2011765,0.02687683,-0.1373473
381,0.03584289090909091,-0.07251116363636362,0.020516118181818185,-0.2014741818181818,0.028026236363636367,-0.13913518181818182
382,0.037583799999999994,-0.07144999090909089,0.02096419090909091,-0.20195690909090913,0.029145663636363638,-0.13856781818181818
383,0.03707583999999999,-0.07032474000000001,0.021398940000000005,-0.20192859999999996,0.02890628,-0.1397612
384,0.03825836999999999,-0.06673889000000001,0.021922310000000004,-0.20133800000000002,0.02987975,-0.1367355
385,0.04150115454545454,-0.0641521181818182,0.021090418181818185,-0.2004272727272727,0.03129160909090909,-0.13316627272727272
386,0.04394226,-0.06074216,0.020849600000000003,-0.20034199999999996,0.03264768,-0.12986759999999997
387,0.05430186363636363,-0.04536576363636364,0.020012581818181815,-0.20178627272727276,0.036905436363636364,-0.12556318181818182
388,0.05653939090909091,-0.039149918181818184,0.020574399999999996,-0.20216509090909088,0.03776131818181819,-0.12529536363636365
389,0.05656432,-0.0366699,0.019912720000000002,-0.2007906,0.03936464,-0.11473420000000001
390,0.05641482000000001,-0.03578186,0.020208740000000003,-0.20014939999999998,0.03829038,-0.118918
391,0.0580805,-0.03501476363636364,0.018937581818181823,-0.198188,0.03783348181818182,-0.12041
392,0.05801805454545454,-0.03278420909090908,0.019241309090909094,-0.19866263636363637,0.038062327272727264,-0.11919754545454544
393,0.059881580000000004,-0.0327362,0.019332880000000004,-0.19853200000000001,0.03728026,-0.12601020000000002
394,0.06337527272727274,-0.03270235454545454,0.019128945454545455,-0.1983351818181818,0.03657809090909091,-0.1339667272727273
395,0.06595458000000001,-0.029345720000000002,0.01883546,-0.19707019999999997,0.03923340000000001,-0.1254638
396,0.06695278181818182,-0.027529636363636364,0.018945854545454544,-0.19675672727272728,0.04054814545454546,-0.1216181818181818
397,0.06918332,-0.0263855,0.01806334,-0.19515059999999995,0.04166260000000001,-0.1182404
398,0.07025421818181819,-0.025396181818181818,0.0175698,-0.19577718181818182,0.041440118181818184,-0.11958172727272726
399,0.07223510000000001,-0.026095290909090907,0.017377,-0.19621700000000003,0.04223631818181819,-0.12014654545454545
400,0.07361451000000001,-0.022776789999999998,0.016233829999999998,-0.197104,0.04310913,-0.11651149999999999
401,0.07665323636363634,-0.021994845454545456,0.015975972727272733,-0.1975930909090909,0.04417140909090909,-0.11705563636363638
402,0.07840659999999999,-0.021593963636363636,0.016028654545454542,-0.19929081818181818,0.045238127272727274,-0.11717227272727274
403,0.18045039999999998,-0.026919560000000002,0.09892279999999999,-0.19790190000000005,0.14572893,-0.10189223
404,0.2752183636363636,-0.0343184,0.27290618181818177,-0.18030081818181815,0.2765683636363636,-0.07683778181818181
405,0.2943694,-0.026461790000000002,0.2809674999999999,-0.1816955,0.2943421,-0.026708980000000004
406,0.2884784545454545,-0.02696368181818182,0.2814941818181818,-0.17874427272727275,0.28699563636363634,-0.06817489090909092
407,0.2892304,-0.027261360000000002,0.28298939999999995,-0.17766739999999998,0.2871308,-0.09801932
408,0.29447663636363636,-0.027929127272727273,0.2871329090909091,-0.17742227272727273,0.2914054545454545,-0.10650363636363634
409,0.32040409999999997,-0.02905123,0.3036695,-0.17928639999999998,0.31038819999999995,-0.1242037
410,0.32040281818181815,-0.02650865454545454,0.30080199999999996,-0.17828636363636366,0.3120907272727273,-0.09866332727272727
411,0.32098245454545454,-0.022591327272727276,0.29580290909090906,-0.18005527272727276,0.31142481818181816,-0.08861195454545455
412,0.31789327272727275,-0.02245677272727273,0.29553100000000004,-0.179288,0.31094363636363637,-0.07764643636363637
413,0.3170534,-0.02098543,0.2959518,-0.17936390000000005,0.30935080000000004,-0.08625184
414,0.31804463636363633,-0.020244254545454542,0.2982095454545455,-0.17899945454545454,0.3099240909090909,-0.0934489818181818
415,0.3217226,-0.01858977,0.29670399999999997,-0.18049140000000002,0.3111372,-0.09429016999999999
416,0.3259400909090909,-0.016096636363636365,0.29550581818181815,-0.18144645454545458,0.3138120909090909,-0.08828734545454546
417,0.32924370000000003,-0.014067059999999998,0.29753569999999996,-0.1829529,0.3164534,-0.08866424
418,0.3322631818181818,-0.011745073636363635,0.29971745454545456,-0.1831320909090909,0.3184633636363637,-0.09112965454545453
419,0.3339461000000001,-0.007995607,0.29943250000000005,-0.18314689999999997,0.31976330000000003,-0.08668826
420,0.33333099999999993,-0.005407161818181818,0.29618818181818185,-0.1828320909090909,0.3183732727272727,-0.08333101818181818
421,0.3342268,-0.0047714229999999995,0.29454199999999997,-0.182927,0.31721959999999993,-0.08740384
422,0.3354532727272727,-0.0038965390909090915,0.2942005454545455,-0.18454800000000002,0.3185661818181818,-0.08413003636363636
423,0.3377289,-0.0018554672000000005,0.2936186,-0.1854462,0.3184905,-0.08817746
424,0.3408855454545454,-0.001270640909090909,0.28775281818181814,-0.18348399999999998,0.31901545454545455,-0.08202154545454544
425,0.33800700000000006,0.0008808487272727272,0.28763245454545455,-0.1856898181818182,0.3160662727272727,-0.08661304545454544
426,0.3281447999999999,-0.0029281609999999994,0.2880189000000001,-0.1852724,0.3092361,-0.0954132
427,0.32606354545454547,-0.000367598,0.28754745454545455,-0.1854343636363636,0.3084550909090909,-0.09201744545454543
428,0.32783499999999993,0.001556395,0.2868117,-0.1862625,0.30880899999999994,-0.09254000999999999
429,0.3286646363636364,0.0026730618181818183,0.2847028181818182,-0.18713263636363636,0.30907518181818183,-0.08866328181818182
430,0.329286,0.0037994372727272727,0.28274390909090913,-0.18603809090909088,0.3086339090909091,-0.08685717272727272
431,0.3313491,0.006336975,0.28260340000000006,-0.18517449999999996,0.3081739,-0.09100189
432,0.3319593636363637,0.011330325454545454,0.2827036363636364,-0.1846605454545455,0.30884900000000004,-0.08736626363636363
433,0.33179040000000004,0.010168461,0.2832872,-0.18536060000000001,0.30893259999999995,-0.08877258
434,0.33273990909090906,0.010796306363636366,0.2852033636363636,-0.1853000909090909,0.31098509090909093,-0.08584594545454545
435,0.3326611818181818,0.011406618181818184,0.28744236363636366,-0.18626399999999999,0.3117412727272727,-0.08749252727272727
436,0.3451294999999999,0.016412333999999997,0.2980271,-0.18366709999999997,0.32437609999999995,-0.07932737000000001
437,0.34858581818181816,0.017443563636363634,0.2951909090909091,-0.18166836363636366,0.3297202727272728,-0.059335863636363645
438,0.3483627000000001,0.01699675,0.2944991,-0.1819521,0.32735919999999996,-0.0671982
439,0.34781172727272724,0.017062118181818183,0.29488027272727274,-0.18094581818181818,0.3258235454545454,-0.07191327272727274
440,0.3477082000000001,0.018736300000000004,0.2943681,-0.18002029999999997,0.3256852,-0.07003783
441,0.3480973636363637,0.020251209090909092,0.2930796363636364,-0.17938372727272725,0.3265354545454545,-0.06454330000000001
442,0.3479401999999999,0.02199249,0.2916608,-0.17991349999999998,0.32580599999999993,-0.06405944
443,0.34857609090909086,0.02320027272727273,0.2912888181818181,-0.1803478181818182,0.324886,-0.0678392
444,0.3448653636363636,0.02766698181818182,0.29257072727272726,-0.18044763636363634,0.3228941818181818,-0.0675145909090909
445,0.33409420000000006,0.030772410000000007,0.28837739999999995,-0.1798066,0.3108263,-0.08529207
446,0.33674160000000003,0.028681940000000006,0.28967889999999996,-0.17991490000000002,0.3151961999999999,-0.07519991000000001
447,0.33706372727272726,0.0292289,0.28884481818181823,-0.17992736363636364,0.3139524545454546,-0.07927498181818182
448,0.34231580000000006,0.03016816,0.28749389999999997,-0.17985559999999998,0.31540660000000004,-0.08069153000000001
449,0.34598600000000007,0.032483172727272726,0.2866626363636364,-0.18099563636363636,0.31989354545454546,-0.06889065454545454
450,0.345021,0.033183290000000004,0.2863706,-0.1801805,0.31872259999999997,-0.07010195
451,0.34037790909090904,0.03182703636363637,0.28635618181818184,-0.1795682727272727,0.31469445454545464,-0.07646733636363637
452,0.3406236000000001,0.03225862,0.28609019999999996,-0.1795776,0.31463,-0.0764908
453,0.34352710000000003,0.03535768000000001,0.28713979999999995,-0.1788605,0.31670080000000006,-0.07456054
454,0.36926681818181817,0.1205998909090909,0.29027063636363637,-0.08565170000000001,0.3620800909090909,0.09355584545454546
455,0.37596739999999995,0.16257799999999997,0.3079498,-0.04422303,0.3733199,0.15345322
456,0.3692529090909091,0.1637976363636364,0.312722,-0.0439051,0.349178,0.08237806363636363
457,0.35915090000000005,0.16659249999999998,0.3071442,-0.04180603999999999,0.33458859999999996,0.06098174999999999
458,0.3543022727272727,0.1695959090909091,0.30629354545454546,-0.04127082727272727,0.32365009090909086,0.027594845454545457
459,0.3540819,0.1646179,0.30366970000000004,-0.040931699999999994,0.32837549999999993,0.051936340000000004
460,0.35130609090909093,0.15692427272727272,0.30848136363636364,-0.03433228181818183,0.333725,0.07174822727272728
461,0.5389377272727273,0.08546181636363635,0.3231600909090908,-0.04848548181818182,0.3304913636363636,-0.02426007272727273
462,0.2283157,0.15074788,0.32379259999999993,-0.08681182999999999,0.32379259999999993,-0.08681182999999999
463,0.39132550000000005,-0.0703869,0.3499284999999999,-0.08770293000000001,0.3499284999999999,-0.08770293000000001
464,0.43934090909090906,-0.08489954545454546,0.35037954545454536,-0.08287879090909091,0.35037954545454536,-0.08287879090909091
465,0.4434245454545454,0.10885061818181817,0.3164244545454545,-0.04527837272727273,0.3164244545454545,-0.04527837272727273
466,0.4186373,0.13864609999999997,0.33145290000000005,-0.0388733,0.3321015,-0.037602239999999995
467,0.37780745454545456,0.15231727272727272,0.3014082727272727,-0.0536846,0.346487,0.0719686909090909
468,0.33731829999999996,0.14379599999999998,0.29891370000000006,-0.050126649999999995,0.3207977,0.05257872
469,0.33341554545454544,0.14808227272727273,0.3014206363636363,-0.049837954545454546,0.31369427272727274,0.01738393272727273
470,0.3370346999999999,0.1474699,0.3014984,-0.04860379999999999,0.3169816,0.02791288
471,0.34241536363636366,0.15421500000000002,0.30173000000000005,-0.04604826363636365,0.3223168181818182,0.04701510909090909
472,0.3473910909090909,0.1510521818181818,0.29619954545454547,-0.05674882727272727,0.3255574545454546,0.0550967
473,0.350868,0.1516448,0.3005846,-0.055993669999999995,0.32992859999999996,0.057605
474,0.3489822727272728,0.15280981818181816,0.30355272727272725,-0.05432544545454545,0.3284299090909091,0.050847836363636364
475,0.34571,0.1537752727272727,0.3018674545454546,-0.052321009090909094,0.3275090909090909,0.059881036363636356
476,0.3470719000000001,0.15347899999999998,0.299884,-0.052493279999999996,0.3267182,0.05685271000000001
477,0.3489157272727273,0.15394854545454545,0.2968221818181818,-0.05163158181818182,0.32337536363636366,0.04626187272727274
478,0.34907954545454545,0.1536868181818182,0.29524645454545456,-0.05160246363636363,0.3177337272727273,0.027758509090909097
479,0.3482239000000001,0.15466,0.29347819999999997,-0.05353698,0.31896990000000003,0.036523459999999994
480,0.34805027272727274,0.15549381818181815,0.291994909090909,-0.055234054545454554,0.3206010909090909,0.04526867272727273
481,0.35193490000000005,0.1569856,0.2929582,-0.054672240000000004,0.32212379999999996,0.043310539999999995
482,0.35546327272727274,0.15951136363636365,0.2938052727272727,-0.054369836363636355,0.32321163636363637,0.040781172727272726
483,0.3545227999999999,0.16714939999999998,0.2986801,-0.05551146,0.3231935,0.033746330000000005
484,0.3462484545454545,0.16835863636363635,0.2965821818181818,-0.05368873636363638,0.3156310909090909,0.023253
485,0.3448747000000001,0.165712,0.2964388,-0.053692630000000005,0.31682440000000006,0.03011626
486,0.344721,0.1670183636363636,0.2957097272727273,-0.053810809090909094,0.3185010909090909,0.04002102727272727
487,0.34557029999999994,0.16675290000000004,0.2963151,-0.053747539999999996,0.3226107,0.05491182
488,0.3462316363636364,0.16960818181818185,0.2963825454545454,-0.05393425454545455,0.3228452727272727,0.055498972727272736
489,0.3461976,0.16877299999999998,0.2970824000000001,-0.05742187,0.32332599999999995,0.05369109000000001
490,0.3452203636363636,0.16882336363636366,0.2985172727272727,-0.05766436363636363,0.31942472727272725,0.03367891818181818
491,0.3452088000000001,0.1681458,0.29995420000000006,-0.05679018000000001,0.31917739999999994,0.028964220000000002
492,0.3454979090909091,0.16966381818181817,0.30049554545454543,-0.0561121,0.320508,0.03414499090909091
493,0.345465,0.1721847,0.300931,-0.05592803,0.3177597,0.020497119999999997
494,0.34383190909090905,0.17351881818181816,0.3008408181818182,-0.055849927272727286,0.31749781818181816,0.022553872727272727
495,0.34415570000000006,0.1730041,0.29975559999999996,-0.05558929,0.31516730000000004,0.014418013999999998
496,0.3428972727272728,0.17200818181818178,0.2997253636363636,-0.05505232727272727,0.3158584545454545,0.020073645454545454
497,0.3429962,0.17341010000000004,0.300873,-0.05557863,0.3186797,0.03018647000000001
498,0.34136963636363643,0.17498499999999997,0.3020670909090909,-0.055841627272727276,0.31984372727272725,0.036504572727272734
499,0.34350563636363635,0.17322045454545457,0.3020310909090909,-0.05595537272727272,0.32449336363636366,0.056085754545454544
500,0.34678950000000003,0.1712141,0.30196390000000006,-0.05605011000000001,0.3274475,0.06234131999999999
501,0.348873,0.16904927272727271,0.3024333636363637,-0.05598587272727273,0.3279765454545455,0.05746461818181819
502,0.3489701818181818,0.16863463636363632,0.30264163636363633,-0.05589295454545455,0.32861745454545455,0.05977147272727272
503,0.34852429999999995,0.1691422,0.3024948,-0.05461271999999999,0.32728749999999995,0.055731199999999995
504,0.3512422727272727,0.22948654545454544,0.32710000000000006,0.03578880527272727,0.3478491818181818,0.21139404545454543
505,0.41752900000000004,0.3403199999999999,0.3230468,0.08152466,0.4094116,0.308618
506,0.40458700000000003,0.3364343636363636,0.3289142727272727,0.08656173636363636,0.3638942727272727,0.1953608181818182
507,0.4030182,0.33832100000000004,0.3227782,0.08632508,0.34336259999999996,0.14451600000000003
508,0.39389736363636363,0.32898636363636363,0.3218107272727273,0.08617191818181817,0.33941663636363634,0.13947081818181822
509,0.38590181818181823,0.32834572727272726,0.3196230909090909,0.0859375,0.3394358181818182,0.15097600000000003
510,0.3866743,0.32969499999999996,0.3189314,0.08637084,0.34232019999999996,0.1625261
511,0.37121309090909094,0.31183272727272726,0.3102444545454545,0.08209782727272728,0.3352563636363637,0.16828218181818183
512,0.3800874,0.31790440000000003,0.302362,0.08045348,0.3348970000000001,0.17266240000000002
513,0.39376700000000003,0.32855509090909085,0.303821909090909,0.08039715454545454,0.3459167272727273,0.1890577272727273
514,0.3953505,0.3272553,0.30435939999999995,0.08059235000000001,0.35173489999999996,0.20172569999999998
515,0.394201,0.32666145454545453,0.3056723636363637,0.08117813636363636,0.3543673636363636,0.20885963636363636
516,0.39359654545454537,0.3244726363636364,0.3052106363636363,0.08101724545454544,0.35160818181818176,0.20159936363636363
517,0.39440600000000003,0.32413040000000004,0.3035552,0.07963256,0.34858079999999997,0.19374699999999997
518,0.3957366363636364,0.32321300000000003,0.3004482727272727,0.07737177272727275,0.34714036363636364,0.191065
519,0.3959594,0.32113320000000006,0.29768079999999997,0.07662049999999998,0.34479360000000003,0.18738380000000002
520,0.3945800909090908,0.31938745454545453,0.29949245454545453,0.08001985454545454,0.35191200000000006,0.20566472727272728
521,0.3915946363636364,0.3190363636363637,0.3023584545454545,0.08355298181818181,0.32993263636363634,0.15227439090909095
522,0.39052099999999995,0.3196503,0.30375800000000003,0.08641966000000001,0.3076677,0.0959503
523,0.3896332727272727,0.3215458181818182,0.30465836363636367,0.08632173636363637,0.31432690909090905,0.11138636363636363
524,0.3902964545454545,0.3225888181818182,0.3052326363636363,0.08631758181818183,0.3370805454545454,0.16884563636363636
525,0.39107059999999993,0.3252078,0.3050324,0.08740231999999999,0.34500100000000006,0.19131459999999997
526,0.3920023636363636,0.32510245454545444,0.30388581818181815,0.08732467272727273,0.33942072727272726,0.17699227272727272
527,0.39127819999999996,0.32525339999999997,0.303537,0.08876038,0.3434144,0.1898804
528,0.3904127272727273,0.32328099999999993,0.30451572727272724,0.0882956818181818,0.3486992727272727,0.20256309090909094
529,0.39184418181818176,0.32401199999999997,0.304752909090909,0.08499978181818181,0.34461972727272727,0.18759318181818185
530,0.3862854,0.3097748,0.3275604,0.06787109999999999,0.36669000000000007,0.2254424
531,0.3879157272727273,0.30961909090909095,0.32360290909090916,0.06112811818181818,0.36678672727272726,0.22024945454545453
532,0.3882766363636364,0.30939263636363634,0.32354472727272726,0.06132093636363638,0.3448612727272726,0.1342549090909091
533,0.38976500000000003,0.3088031818181818,0.3237153636363636,0.06132785454545455,0.34768663636363645,0.14214663636363636
534,0.3892380909090909,0.30849272727272725,0.3229510909090909,0.059722890909090914,0.3290779090909091,0.0796397909090909
535,0.39085099999999995,0.3079009999999999,0.321991,0.05814208,0.32292180000000004,0.06103516
536,0.34517220000000004,0.3141998,0.3082702,0.08059385999999999,0.3122344,0.09547428000000001
537,0.32615800000000006,0.3037801818181818,0.3112738181818182,0.08100890909090909,0.31178545454545453,0.08546449090909092
538,0.33707859999999995,0.3019072,0.3076236,0.08416444000000001,0.3101102,0.09857798000000001
539,0.3416456363636364,0.30133745454545446,0.30691118181818183,0.08464466363636364,0.31014045454545447,0.10159164545454548
540,0.34365540000000006,0.3023438,0.3065672,0.08550414,0.3103424,0.10416860000000001
541,0.34388325000000003,0.3035205,0.30696875,0.08588792499999999,0.31112625,0.10661300000000001
