0,0.0213013,-0.146973,0.0168152,-0.116959,0.0189514,-0.13121
1,0.0619049,-0.140045,0.0726318,-0.114044,0.0673523,-0.126877
2,0.029406749999999992,-0.09725484999999998,0.028831509999999994,-0.07237087,0.030076589999999997,-0.09004667
3,0.014357132727272725,-0.08307164545454543,0.01601617272727273,-0.056275799999999994,0.015606963636363637,-0.06543799090909092
4,0.009518701818181817,-0.08527166363636363,0.011930990909090911,-0.051187699999999996,0.010747738181818184,-0.06786831818181818
5,0.003977962,-0.08427126,0.006860353000000001,-0.05628509,0.005517582000000001,-0.06968691
6,-0.006863687272727273,-0.08642855454545456,-0.0031738290909090914,-0.05573898181818182,-0.004648380909090909,-0.06813188181818183
7,-0.005007935,-0.08469847,-0.007041932000000001,-0.055378720000000006,-0.005888370000000001,-0.07188111
8,-0.005544488181818182,-0.08390807272727273,-0.00869196090909091,-0.05515911818181818,-0.007045400000000001,-0.07021123636363637
9,-0.005151920909090908,-0.08298146363636363,-0.009183014545454544,-0.05469304545454545,-0.007135564545454546,-0.06905158181818181
10,-0.004692078000000001,-0.07938234,-0.009051514,-0.054124469999999994,-0.006857301000000001,-0.06683504000000001
11,-0.004321012727272727,-0.07637162727272727,-0.010375987272727273,-0.05247358181818182,-0.007207699090909092,-0.06495806363636364
12,-0.004362489,-0.07512665999999998,-0.011878969999999999,-0.05309755000000001,-0.007992553000000001,-0.06448214
13,-0.00572066,-0.07568222727272728,-0.01124573909090909,-0.055010699999999996,-0.008485275454545456,-0.06532009090909091
14,-0.00817108,-0.07777558000000001,-0.009030152,-0.060256969999999986,-0.008610534000000001,-0.06871185999999999
15,-0.00838955818181818,-0.08091734545454546,-0.008160678181818183,-0.06279543636363637,-0.008274423636363638,-0.07176764545454545
16,-0.011427296,-0.08097991,-0.007020569,-0.06538392000000001,-0.00920716,-0.07312471000000001
17,-0.01523896,-0.07940371,-0.006130981,-0.06295625000000002,-0.01061706,-0.07105864999999999
18,-0.015530663636363634,-0.07661438181818182,-0.004943845454545455,-0.06256380909090908,-0.010245576363636365,-0.06960503636363637
19,-0.014720581818181816,-0.07518699090909092,-0.003892379090909091,-0.06069669090909091,-0.009198274545454545,-0.06780174545454545
20,-0.012268080000000004,-0.07121431999999998,-0.004466246,-0.060237109999999996,-0.008389284,-0.06578065
21,-0.010679629999999999,-0.07023621,-0.0038253800000000006,-0.06005706999999999,-0.007397461000000001,-0.06537172
22,-0.010357958181818184,-0.07029306363636365,-0.0006852592727272729,-0.06007663636363636,-0.00544184,-0.06509259999999999
23,-0.009149724545454544,-0.07056219090909091,-0.0003759210000000002,-0.05774480000000001,-0.004663639090909091,-0.06402031818181818
24,-0.007853700000000002,-0.07048494000000001,-0.0007873543,-0.05756377,-0.004417419,-0.06421967
25,-0.007196046,-0.06947175,-0.0002487181399999999,-0.057830809999999996,-0.003826905,-0.063826
26,-0.007583619090909089,-0.06721913636363636,-0.0003537261636363636,-0.05657126363636364,-0.004013061818181818,-0.06197009090909092
27,-0.009027101000000001,-0.06463925999999999,-0.00039215020000000003,-0.05453186,-0.004927063999999999,-0.059840380000000006
28,-0.009726784545454547,-0.0630742909090909,0.0012082194545454546,-0.053924545454545454,-0.0046053781818181806,-0.05879210909090909
29,-0.011109932999999999,-0.06298371,0.003266904,-0.05298462,-0.004223634,-0.0581955
30,-0.014692818181818184,-0.06397593636363637,0.0030448190909090904,-0.05295910909090909,-0.006138194545454546,-0.05866866363636363
31,-0.01647798,-0.06576233,0.0024703979999999995,-0.05180663,-0.007188414,-0.058932490000000004
32,-0.016441329999999997,-0.06558840000000002,0.004298403000000001,-0.053056360000000004,-0.0058929429999999994,-0.05923005999999999
33,-0.015196381818181821,-0.06512172727272726,0.008266095454545456,-0.055661272727272726,-0.003121116363636363,-0.06025420909090909
34,-0.014415399999999997,-0.06477772727272726,0.008098254545454545,-0.05671414545454546,-0.0029990463636363636,-0.06069251818181819
35,-0.01379091,-0.06530762,0.0072296140000000005,-0.05695497000000001,-0.003164674,-0.06109161
36,-0.01536716,-0.06582644,0.007427977999999999,-0.057891859999999996,-0.004130556,-0.06192017
37,-0.016948354545454545,-0.06637712727272728,0.00807051090909091,-0.057212127272727266,-0.0048009718181818185,-0.06192986363636364
38,-0.016603089999999997,-0.06546784,0.007876586000000001,-0.05451353999999999,-0.004019166999999999,-0.0598419
39,-0.012262516363636365,-0.06202836363636364,0.0011971214545454547,-0.05350842727272727,-0.005630491818181819,-0.0578627090909091
40,-0.009358224,-0.060736060000000015,-0.0015090953,-0.05072479,-0.005516054,-0.05582732
41,-0.011453781818181819,-0.060291663636363645,-0.0021972654545454546,-0.051423500000000004,-0.0071757927272727276,-0.05618561818181818
42,-0.01186522,-0.05990447000000001,0.0011138927999999998,-0.05156403999999999,-0.005863953,-0.05605774
43,-0.0112693,-0.05987687272727272,0.003809149090909091,-0.05257625454545455,-0.003982545454545455,-0.05635207272727272
44,-0.011206080000000002,-0.060928319999999994,0.004048154,-0.0521759,-0.003604127,-0.05657194
45,-0.011772169999999998,-0.06379245,0.002113344,-0.051751689999999996,-0.004945373,-0.05788115000000001
46,-0.012388745454545453,-0.06451554545454545,0.0014218416363636363,-0.05136803636363636,-0.005416869090909091,-0.057897381818181826
47,-0.012458127272727272,-0.06288145454545455,0.0023595636363636357,-0.05198947272727272,-0.0047815490909090905,-0.057239890909090915
48,-0.01353608,-0.05836178999999999,0.0028152489999999997,-0.05312805,-0.005113223000000001,-0.05567017999999999
49,-0.012885372727272727,-0.05911532727272728,0.003527551818181818,-0.05364159090909091,-0.004588735454545455,-0.056353481818181825
50,-0.016969289999999998,-0.059043899999999996,0.0027893080000000003,-0.053950520000000016,-0.0069122310000000005,-0.05645905
51,-0.018349372727272727,-0.06032631818181819,0.0028908481818181826,-0.05374144545454545,-0.0072548609090909095,-0.05689171818181818
52,-0.016119390000000004,-0.06274107999999999,0.002642825,-0.05578764999999999,-0.006652833000000001,-0.059251399999999996
53,-0.011371945454545453,-0.0640772090909091,0.0028312000000000003,-0.055937345454545456,-0.004681673636363636,-0.060248654545454555
54,-0.012655640000000001,-0.06425171,0.003753663000000001,-0.05610048999999999,-0.004801939,-0.06036224
55,-0.01470031,-0.06316833,0.004244996,-0.055494680000000005,-0.005294797999999999,-0.059373470000000005
56,-0.01924409090909091,-0.06133755454545454,0.004633123636363636,-0.05449469090909091,-0.006895584545454544,-0.05780447272727273
57,-0.018588229999999997,-0.06074829,0.005364988999999999,-0.0531845,-0.006213381,-0.05685271999999999
58,-0.016856790909090907,-0.05938996363636364,0.0044195,-0.052587345454545444,-0.006322686363636364,-0.05602610000000001
59,-0.01688996,-0.05942534999999999,0.004133606999999999,-0.052577189999999996,-0.006341553999999999,-0.05599977000000002
60,-0.016792990909090907,-0.059064000000000005,0.006056354545454546,-0.053697054545454544,-0.005163021818181819,-0.05634237272727272
61,-0.015995770000000003,-0.05832367000000001,0.010185261,-0.05666199999999999,-0.002033998,-0.05745393000000001
62,-0.016020336363636364,-0.05888366363636363,0.0059537,-0.054293545454545455,-0.004065773636363637,-0.05638817272727274
63,-0.015477020000000003,-0.05853879999999999,0.005726622999999999,-0.05456084,-0.004483033,-0.05648498
64,-0.015035445454545458,-0.058817081818181814,0.005842729999999999,-0.056134309090909086,-0.004537409090909091,-0.05746738181818181
65,-0.01548919,-0.05881348000000001,0.009683227999999999,-0.05881805,-0.00317993,-0.058818060000000005
66,-0.01596527,-0.05841066,0.013488760000000002,-0.058300809999999995,-0.001083374,-0.058357229999999996
67,-0.016920618181818177,-0.05880598181818182,0.01130260909090909,-0.05692222727272726,-0.002729935454545455,-0.05786688181818183
68,-0.016236889999999997,-0.06053161999999999,0.010974104000000002,-0.05459748,-0.003138731,-0.05769043
69,-0.015520936363636363,-0.06055242727272727,0.00998064181818182,-0.05209766363636364,-0.0031960227272727266,-0.05646582727272727
70,-0.0156891,-0.060498050000000005,0.01109618,-0.05238343999999999,-0.00253601,-0.056524660000000004
71,-0.016428172727272726,-0.061449900000000016,0.011793663636363638,-0.05402859999999999,-0.002245816363636364,-0.05773787272727274
72,-0.017979420000000003,-0.06008608,0.01291658,-0.05428164,-0.003092956,-0.0573044
73,-0.01858380909090909,-0.05891140909090909,0.015536218181818185,-0.05437260909090909,-0.0009834987272727273,-0.056583745454545455
74,-0.01802828,-0.058241299999999996,0.01173097,-0.04980925,-0.0030426049999999994,-0.05400696000000001
75,-0.017150881818181817,-0.05882402727272728,0.010129050909090907,-0.04862838181818181,-0.004079646363636364,-0.05395369090909092
76,-0.01568759,-0.05987854,0.007197569999999999,-0.047001659999999994,-0.004365540999999999,-0.05348664000000001
77,-0.01833801,-0.05992889,0.006619263,-0.050718679999999995,-0.005409242000000001,-0.055165109999999996
78,-0.01876690909090909,-0.06226555454545454,0.004841199090909091,-0.05156219999999998,-0.007135564545454546,-0.056992981818181826
79,-0.018815619999999998,-0.06295777999999999,0.0043060289999999985,-0.05103911000000001,-0.0077102670000000015,-0.05725097999999999
80,-0.017981781818181816,-0.06269837272727273,0.003928445454545454,-0.049942009090909095,-0.007261796363636363,-0.056467227272727266
81,-0.01804963,-0.06135713,0.0026870740000000002,-0.04898835,-0.00798645,-0.05535738
82,-0.01793600909090909,-0.06042757272727273,0.0019753190909090907,-0.0489266181818182,-0.008357654545454545,-0.054903909090909093
83,-0.01814574,-0.06341706,0.0022277834,-0.05048217000000001,-0.007839966,-0.05688936
84,-0.01877523636363636,-0.06405361818181818,0.005749787909090909,-0.051990836363636356,-0.006100740909090908,-0.05782805454545456
85,-0.017770389999999997,-0.06522066000000001,0.007815553999999999,-0.05483856,-0.004841613999999999,-0.05997769999999999
86,-0.018231472727272723,-0.06286341818181819,0.008193967272727273,-0.055490672727272726,-0.0045540554545454555,-0.05905566363636364
87,-0.018710319999999996,-0.06173402,0.008929444,-0.054965240000000005,-0.0039917,-0.058139020000000007
88,-0.018372981818181814,-0.06107537272727273,0.00931757090909091,-0.05387185454545454,-0.003528942727272728,-0.05721907272727273
89,-0.01844176,-0.06137391999999999,0.010314945999999998,-0.05422058,-0.00267639,-0.05746156
90,-0.01797791,-0.060061659999999996,0.01097719,-0.05397644,-0.002377322,-0.05678555999999999
91,-0.01921221818181818,-0.05953424545454545,0.01134147272727273,-0.05423113636363636,-0.0033222554545454547,-0.056779336363636364
92,-0.02175292,-0.05886229999999999,0.009304817999999998,-0.0553894,-0.00590515,-0.05711058000000001
93,-0.02097110909090909,-0.05592206363636364,0.009907119999999998,-0.0567390909090909,-0.004756582727272727,-0.056359045454545446
94,-0.019516,-0.05651549,0.00967865,-0.056900019999999996,-0.004208376,-0.05672452
95,-0.017518463636363637,-0.05731061818181818,0.01025529818181818,-0.056309099999999994,-0.002888072727272728,-0.0567835090909091
96,-0.0164795,-0.05998232999999999,0.010513330000000001,-0.055158990000000005,-0.002232363,-0.05743713
97,-0.01650862727272727,-0.05975065454545454,0.010622881818181818,-0.05460705454545455,-0.002817328181818182,-0.05716359090909091
98,-0.016938627272727273,-0.058725527272727285,0.011244336363636365,-0.05352368181818182,-0.0030323372727272726,-0.056169018181818166
99,-0.0168579,-0.057733160000000006,0.006921392,-0.050878900000000005,-0.00462036,-0.05420532
100,-0.017930579999999998,-0.05559847,0.005426021999999999,-0.050151070000000006,-0.00570526,-0.052758799999999995
101,-0.01327652181818182,-0.05519379090909091,0.009522862727272728,-0.05026244545454544,-0.0016618263636363625,-0.0526359
102,0.15332022,0.011953718,0.17741376,0.049932892599999994,0.16480725999999998,0.02420653
103,0.23510460000000002,0.058833329999999996,0.3224077,0.11038496000000002,0.27603609999999995,0.08260193
104,0.2452767272727273,0.06768106363636363,0.31374418181818176,0.10962863636363637,0.2594992727272727,0.07580149999999998
105,0.2504937272727273,0.06947327272727273,0.3280694545454545,0.11133090909090909,0.28840372727272723,0.08959544545454545
106,0.2656434,0.06266784,0.34415880000000004,0.1157624,0.2862854,0.07686765999999999
107,0.26814259999999995,0.06239315999999998,0.3456452,0.1170928,0.3073182,0.08991087999999998
108,0.2650741818181819,0.06481517272727272,0.34523418181818183,0.11862863636363637,0.30623136363636366,0.09230598181818182
109,0.26489545454545455,0.06666705454545455,0.3459873636363636,0.12052636363636365,0.30681945454545456,0.09437284545454547
110,0.2642531,0.06802369000000001,0.3495851,0.12106020000000002,0.3095322,0.09602965
111,0.26496609090909085,0.06948711818181817,0.3511463636363636,0.1200048181818182,0.3097117272727272,0.09559075454545454
112,0.26417260000000004,0.06937252,0.3538208,0.12136220000000002,0.3089326,0.09520568
113,0.263797,0.07270814,0.35523340000000003,0.12269299999999998,0.311508,0.09862068000000002
114,0.25999318181818176,0.07134454545454545,0.3539777272727273,0.12188454545454543,0.3141384545454545,0.10036547272727274
115,0.26380899999999996,0.07143246,0.35051860000000007,0.11898819999999999,0.3111572,0.09729310000000001
116,0.2653474545454545,0.0711891909090909,0.34823618181818183,0.11801563636363634,0.30742709090909087,0.09486113636363637
117,0.26651579999999997,0.07138671999999999,0.3463744,0.11791380000000003,0.307141,0.09496154
118,0.26531972727272723,0.07242098181818181,0.34403709090909085,0.11850536363636364,0.3057291818181818,0.09598057272727273
119,0.2643004,0.0729828,0.3432068,0.11910399999999999,0.3036194,0.09587401999999998
120,0.2638577272727273,0.07237105454545456,0.3440439090909091,0.11645363636363636,0.3028163636363636,0.09371117272727272
121,0.26389159999999995,0.0712738,0.3447206,0.1175446,0.305249,0.09485476
122,0.2635691818181818,0.07108791818181817,0.34712200000000004,0.1179350909090909,0.3073633636363636,0.09554220909090909
123,0.26315140000000004,0.07020567999999999,0.3472136,0.11922169999999996,0.30501259999999997,0.09449159999999998
124,0.263687,0.06829834000000001,0.347577,0.1192808,0.3036772,0.09247131999999998
125,0.26335545454545456,0.0675562,0.3487120909090909,0.1176422727272727,0.30740345454545454,0.09328113636363634
126,0.26258539999999997,0.06725768,0.3505980000000001,0.11802660000000001,0.3092438,0.09405516000000001
127,0.2612193636363636,0.06684321818181817,0.35335609090909087,0.1175870909090909,0.3084217272727272,0.09271654545454545
128,0.2606936,0.0668579,0.3532258,0.11677240000000003,0.30826999999999993,0.09241638
129,0.25998899999999997,0.06517999090909089,0.3516304545454545,0.11731790909090907,0.3078654545454545,0.09229623636363636
130,0.26061463636363635,0.06445312727272727,0.34952172727272723,0.11588090909090908,0.30462490909090906,0.08977439999999999
131,0.2606613,0.06284026000000001,0.34723640000000006,0.11494289999999999,0.30282909999999996,0.08807374
132,0.2605224,0.061264040000000006,0.3475218000000001,0.114151,0.30570679999999995,0.08859253999999998
133,0.2603636363636364,0.06091725454545454,0.3476020909090909,0.11303727272727272,0.30679881818181814,0.08852593636363637
134,0.2605592,0.05997926,0.3475924,0.11346419999999999,0.30487659999999994,0.0870697
135,0.2606755454545454,0.061107309090909084,0.3478573636363636,0.11196190909090907,0.3063755454545455,0.08763813636363636
136,0.25990589999999997,0.05959626999999999,0.3495561,0.1130644,0.3088089,0.08857878999999999
137,0.25970872727272726,0.05822198181818183,0.3498425454545455,0.1156740909090909,0.3064561818181818,0.08784900000000001
138,0.26058079999999995,0.059191879999999995,0.34844980000000003,0.115613,0.30643319999999996,0.0884674
139,0.26180736363636364,0.06006968181818182,0.3470499999999999,0.1163330909090909,0.3060288181818182,0.08909327272727273
140,0.26163939999999997,0.05941771999999999,0.3453036,0.11582039999999998,0.3060942,0.0892212
141,0.2608003636363636,0.059571700000000005,0.34602627272727277,0.11692118181818181,0.3087728181818182,0.09168588181818181
142,0.2622604,0.06098479999999999,0.3466766,0.11676489999999999,0.30714099999999994,0.09048767999999999
143,0.26301281818181815,0.0609089090909091,0.34829427272727276,0.11725818181818183,0.30626736363636364,0.08931938181818183
144,0.26289199999999996,0.05731508,0.3485015000000001,0.11641380000000001,0.30609590000000003,0.08694912999999999
145,0.26545399999999997,0.06071470000000001,0.3476654,0.1251344,0.3048554,0.09134519999999999
146,0.2692523636363636,0.06000171818181817,0.34871327272727276,0.12502227272727273,0.30917754545454545,0.09243913636363633
147,0.2684341,0.05775755000000001,0.3496641999999999,0.12396700000000001,0.31010439999999995,0.09147646000000001
148,0.2645371818181818,0.060273581818181814,0.3489477272727273,0.1205931818181818,0.30684163636363637,0.09028347272727273
149,0.25834039999999997,0.06380007000000001,0.3465393,0.12133160000000001,0.3027345,0.09258577000000001
150,0.2607338181818182,0.0596285909090909,0.34606509090909093,0.121435,0.304244909090909,0.09095905454545453
151,0.2612578,0.057908629999999996,0.3408111,0.11805899999999998,0.3011092,0.08785092000000001
152,0.13238528,0.08184512,0.16632387999999998,0.10939030000000001,0.13984986,0.08695986000000003
153,-0.006021674545454546,0.0954950090909091,0.025719345454545458,0.09792810909090909,0.00984746909090909,0.09672686363636364
154,-0.008557405454545454,0.08912936363636366,0.027178681818181817,0.10217836363636362,0.020299736363636366,0.09957613636363637
155,-0.010554494000000001,0.08577423,0.027938840000000003,0.1026289,0.008970643000000002,0.09434052999999999
156,-0.012559372727272727,0.08470017272727273,0.028182981818181817,0.10185381818181818,0.009120594545454547,0.09385820000000002
157,-0.013153090000000001,0.08293760999999998,0.02599943,0.10075229999999999,0.007592774000000001,0.09239808000000001
158,-0.016185427272727274,0.08293152727272728,0.02177150909090909,0.10164285454545455,0.0036093954181818195,0.09268883636363637
159,-0.01789549,0.08392485,0.014715570000000002,0.1033112,-0.0013565066000000001,0.09377136
160,-0.019873059999999998,0.08419646,0.01319428,0.1042481,-0.0029449470000000007,0.09447479
161,-0.02047590909090909,0.08587091818181818,0.012277809090909092,0.10444500000000002,-0.004210038181818181,0.09511775454545456
162,-0.01988218,0.09206542000000001,0.012582389999999995,0.10723589999999998,-0.004241942,0.09938211000000001
163,-0.019693572727272728,0.09285112727272728,0.012786863636363636,0.11040972727272726,-0.0037647609090909087,0.10147090909090908
164,-0.018313327272727272,0.09515517272727272,0.015275427272727272,0.11082590909090909,-0.0011638274545454545,0.10316463636363636
165,-0.016677870000000004,0.09632568999999999,0.014575179999999998,0.11121210000000001,-0.0007568373000000001,0.1039153
166,-0.01412658,0.09793700000000002,0.012821960000000002,0.110254,-0.0005325316599999999,0.10415210000000001
167,-0.014217045454545453,0.09960242727272726,0.009950122727272727,0.11169427272727273,-0.0014218421818181818,0.10600545454545453
168,-0.01665843636363637,0.09852599999999999,0.007163308181818181,0.1137432727272727,-0.004832875454545455,0.1060789090909091
169,-0.017655940000000002,0.09531556000000001,0.007592772,0.11362320000000001,-0.005189516,0.10435949999999998
170,-0.017148118181818182,0.09438948181818184,0.006489144545454546,0.11137663636363636,-0.004835648181818181,0.10324518181818182
171,-0.01631926,0.09465483999999999,0.0060668960000000004,0.11204240000000001,-0.004730224999999999,0.1036605
172,-0.015966780000000003,0.09583433999999999,0.006176758,0.11304319999999998,-0.004345702000000001,0.10487359999999998
173,-0.01707458181818182,0.09643692727272725,0.007351961818181818,0.1136251818181818,-0.004978526363636363,0.10495699999999998
174,-0.01865387,0.09754485999999998,0.008816529,0.11246039999999999,-0.004965209,0.10497609999999999
175,-0.01985863636363636,0.09718044545454546,0.009511772727272728,0.11145436363636364,-0.004916103636363637,0.10444772727272728
176,-0.01835175,0.09678345,0.012730409999999998,0.1083482,-0.00018921024,0.10354920000000001
177,-0.013057372727272728,0.09558799090909091,0.014068600000000004,0.10695172727272727,0.0012692543636363637,0.10156127272727272
178,-0.01042478,0.09504241,0.01500703,0.10744780000000001,0.002075197,0.1011536
179,-0.011442690909090909,0.09488611818181818,0.01640734545454545,0.10833618181818182,0.0023276627272727276,0.10155254545454545
180,-0.01127929,0.09437560999999998,0.017668140000000002,0.10859529999999999,0.0037612920000000003,0.1017744
181,-0.011048736363636364,0.09431458181818182,0.01818849090909091,0.1080251818181818,0.003889603636363637,0.10133636363636361
182,-0.012731910000000003,0.09431153,0.017837529999999997,0.10854810000000001,0.0021484389999999994,0.10125740000000001
183,-0.013376418181818183,0.09526617272727272,0.016971945454545456,0.10742463636363637,0.0015716536363636366,0.10126836363636364
184,-0.01252595,0.0974289,0.01659545,0.10685420000000001,0.002246094,0.10222780000000001
185,-0.011502336363636366,0.09872435454545453,0.01687619090909091,0.10617881818181818,0.0032334745454545453,0.10260709090909094
186,-0.0121414,0.09751893,0.01684572,0.10551459999999999,0.0024276739999999995,0.1015533
187,-0.012829863636363632,0.09493602727272728,0.017143972727272725,0.10424954545454547,0.0017089855454545456,0.0994693181818182
188,-0.014004510000000001,0.09365692,0.01770327,0.1053023,0.0015960700999999998,0.09940797999999999
189,-0.015135327272727274,0.0942383,0.018148245454545457,0.10936245454545457,0.0016299153636363639,0.10188163636363638
190,-0.01371462,0.09561921999999999,0.01758119,0.1090606,0.002085878,0.10242
191,-0.01324878181818182,0.09889221818181819,0.016300518181818182,0.10874800000000001,0.0014676172727272725,0.10381381818181819
192,-0.012873840000000001,0.09946739999999998,0.01580201,0.10787830000000001,0.0017684940000000002,0.1037736
193,-0.01503128181818182,0.0977048,0.01589827272727273,0.10930254545454546,0.0010473079090909092,0.10375981818181819
194,-0.015335080000000001,0.09622345000000002,0.01563108,0.10872200000000001,0.0009094238000000001,0.10279829999999998
195,-0.01622009090909091,0.09483751818181818,0.014113009090909089,0.10683381818181817,0.000758778,0.10156927272727273
196,-0.017124939999999998,0.09452975000000002,0.01454926,0.10715929999999999,-0.0004806515000000002,0.1011825
197,-0.019017981818181817,0.09446577272727273,0.015595845454545456,0.10655090909090909,-0.0009529803454545454,0.10079136363636362
198,-0.019293220000000003,0.09478451000000002,0.01624908,0.1068147,-0.0011550908799999998,0.1009371
199,-0.0202942,0.09410371818181819,0.014606818181818181,0.1072969090909091,-0.0026342221818181815,0.10079254545454544
200,-0.019218440000000003,0.09503782999999999,0.012429810000000001,0.10764019999999999,-0.0019699099999999996,0.10191820000000003
201,-0.06289221,0.09637903,-0.042105119999999996,0.1105194,-0.05199122899999999,0.10085749
202,-0.28006945454545457,0.09642719999999999,-0.24508645454545455,0.0967949,-0.26472490909090907,0.09399414545454544
203,-0.35155649999999994,0.09718476999999999,-0.29159240000000003,0.08724673,-0.3062606,0.08892212
204,-0.3522823636363636,0.09849269999999999,-0.28967154545454543,0.09083973636363636,-0.3169195454545455,0.0940191
205,-0.352826,0.09734498999999999,-0.284323,0.09157409,-0.3183854,0.09448700000000002
206,-0.3500533636363637,0.09261528181818184,-0.2928451818181818,0.09217836363636364,-0.3245238181818182,0.09237117272727273
207,-0.3468766,0.08476565,-0.30025190000000007,0.08849487000000002,-0.32729519999999995,0.08635254999999999
208,-0.3467268181818182,0.08561430909090911,-0.2991306363636364,0.08840389090909093,-0.3239720909090909,0.0869848
209,-0.3469880000000001,0.08610686,-0.29814300000000005,0.08870089,-0.32215590000000005,0.08746186000000002
210,-0.3484026363636364,0.08651179090909092,-0.2978764545454546,0.08968839090909092,-0.32312836363636366,0.08813752727272726
211,-0.3505387,0.08656313,-0.29842230000000003,0.09275666000000002,-0.324237,0.08974152999999999
212,-0.3503167272727273,0.08457112727272725,-0.29969390909090915,0.09458092727272725,-0.32487654545454553,0.08965648181818181
213,-0.35150963636363636,0.08368612727272727,-0.30011390909090907,0.09294680909090909,-0.325262,0.08846212727272727
214,-0.3521789000000001,0.08193361000000002,-0.2996416,0.09252012999999999,-0.3256285,0.08733825
215,-0.3538604,0.08186494,-0.3004824,0.09260863,-0.3272919,0.08727417
216,-0.3548307272727272,0.08072732727272729,-0.2999072727272728,0.09041664545454546,-0.32816499999999993,0.08549916363636363
217,-0.35539540000000003,0.08038327999999999,-0.3000413999999999,0.08920133999999999,-0.3279830999999999,0.08480072
218,-0.35680045454545456,0.08052896363636365,-0.3012098181818182,0.08920010909090909,-0.3283080909090909,0.08503582727272727
219,-0.3541491,0.07893525,-0.301111,0.08947144,-0.3270889,0.08437802999999999
220,-0.35374600000000006,0.0798659181818182,-0.30102263636363635,0.08904057272727273,-0.3280445454545454,0.08439221818181818
221,-0.3519425,0.07955473999999998,-0.29990700000000003,0.08974458,-0.3272798,0.08444367
222,-0.3520769999999999,0.0804734727272727,-0.30011927272727273,0.0881084181818182,-0.32741345454545456,0.08415222727272727
223,-0.35594329999999996,0.08230896000000001,-0.29987489999999994,0.08872529,-0.32839820000000003,0.08549500000000002
224,-0.365172090909091,0.08842191818181817,-0.2989295454545455,0.09059282727272727,-0.33137509090909095,0.08959266363636363
225,-0.3644351,0.08951875999999999,-0.2985458,0.09062955000000003,-0.3308473,0.09014282
226,-0.36153363636363633,0.08934021818181818,-0.2990639090909091,0.09090909090909091,-0.32938181818181816,0.09019747272727273
227,-0.3502608,0.08333894,-0.29910899999999996,0.09137879000000002,-0.32434850000000004,0.08745574999999998
228,-0.34873,0.08367366363636365,-0.2971592727272727,0.09365290909090908,-0.3223570909090909,0.08883389090909091
229,-0.34732799999999997,0.08343505999999998,-0.2958145,0.09416503999999999,-0.32158810000000004,0.08885497
230,-0.3483150909090909,0.08335045454545455,-0.29484563636363625,0.09278593636363638,-0.322514,0.08796553636363635
231,-0.34928119999999996,0.08312226,-0.2931656,0.09136961999999998,-0.3238909,0.08691102
232,-0.3493302727272728,0.08152494545454546,-0.29288836363636367,0.09044856363636365,-0.32259309090909094,0.08581959090909091
233,-0.3481017999999999,0.0810089,-0.29293650000000004,0.09017333000000002,-0.32077920000000004,0.08560943
234,-0.34813550000000004,0.08131560000000002,-0.29308030000000007,0.09034573,-0.3210375,0.08582002000000001
235,-0.34713045454545455,0.08194803636363637,-0.29295899999999997,0.09081752727272728,-0.3208659090909091,0.0863037
236,-0.3460267,0.08252258999999999,-0.2922684,0.09055326999999999,-0.3204847999999999,0.08639221
237,-0.3444034545454545,0.08216165454545456,-0.2914330909090909,0.08997275454545456,-0.32037090909090915,0.08575577272727272
238,-0.34353939999999994,0.08118285,-0.29132689999999994,0.09016874999999999,-0.3192383,0.08542478
239,-0.3432311818181818,0.08125858181818181,-0.290439909090909,0.09010176363636364,-0.3164771818181818,0.08579185454545456
240,-0.3437925999999999,0.08215332,-0.2892304,0.0909729,-0.3175444,0.08645936
241,-0.34467919999999996,0.08263856,-0.28981170000000006,0.09010622999999998,-0.319046,0.0861847
242,-0.34407200000000004,0.08161787272727272,-0.2895398181818182,0.08829983636363638,-0.31651700000000005,0.08503307272727272
243,-0.3427705999999999,0.08150024,-0.2901551,0.08633727,-0.31663530000000006,0.08395386000000002
244,-0.3428107272727273,0.08213391818181817,-0.2905771818181818,0.086878,-0.31725645454545454,0.08449346363636363
245,-0.34323719999999996,0.08249816000000001,-0.29159520000000005,0.08683166,-0.3188568,0.08458862000000003
246,-0.3441392,0.08177642,-0.2922226,0.08710325999999999,-0.319708,0.08433075000000001
247,-0.34480018181818184,0.08042354545454544,-0.29198254545454544,0.08526611818181817,-0.31819590909090906,0.08290239090909092
248,-0.3451919,0.07687529000000001,-0.29343579999999997,0.08404693999999999,-0.31998150000000003,0.08041533
249,-0.344506,0.0751315,-0.29446954545454546,0.08194942727272726,-0.3206566363636363,0.07842465454545454
250,-0.3445924,0.07364806,-0.29411619999999994,0.07641296,-0.3209928,0.07500306
251,-0.3549971818181818,-0.017314570909090908,-0.3036303636363637,-0.006084107272727274,-0.3332339090909091,-0.012573243272727274
252,-0.3627776000000001,-0.049087519999999996,-0.30907260000000003,-0.041018679999999995,-0.33497319999999997,-0.04464416
253,-0.36321618181818177,-0.05009877272727272,-0.3081332727272727,-0.03994472727272728,-0.3336736363636364,-0.04462503636363636
254,-0.36225880000000005,-0.051101680000000003,-0.3070772,-0.04228514,-0.334674,-0.04668886
255,-0.3618559,-0.05327912,-0.3092803,-0.04200132000000001,-0.33427130000000005,-0.04734344
256,-0.3623394545454545,-0.05468058181818181,-0.31145945454545454,-0.04294797272727273,-0.3365354545454545,-0.04874073636363636
257,-0.35867759999999993,-0.054267880000000004,-0.31409449999999994,-0.04420318,-0.3391600999999999,-0.04987947
258,-0.3599895454545454,-0.05367903636363636,-0.31692909090909094,-0.05164683636363636,-0.33848027272727266,-0.05268303636363636
259,-0.3612426,-0.05341798,-0.3212798,-0.0539978,-0.3411622,-0.05372010000000001
260,-0.36283454545454547,-0.05238342727272729,-0.3229758181818182,-0.05421586363636363,-0.34342418181818185,-0.05328508181818181
261,-0.3607634,-0.05339356000000001,-0.322885,-0.05404968,-0.34359460000000003,-0.05370178
262,-0.36077072727272724,-0.05509809090909091,-0.32198699999999997,-0.05223638181818182,-0.3420798181818181,-0.05370813636363637
263,-0.36048899999999995,-0.05684204,-0.32142940000000003,-0.049282839999999994,-0.34131480000000003,-0.05314332000000001
264,-0.3600229090909091,-0.0578654909090909,-0.3213001818181818,-0.05107118181818182,-0.3420812727272727,-0.05471385454545453
265,-0.3592498,-0.05838621999999999,-0.3203248000000001,-0.05429991999999999,-0.34021,-0.05639953999999999
266,-0.35857999999999995,-0.05901028000000001,-0.3203965999999999,-0.05539091999999999,-0.3388688000000001,-0.05714874000000001
267,-0.3589381818181819,-0.058703336363636345,-0.3217302727272727,-0.055748690909090896,-0.3410630909090908,-0.05728428181818182
268,-0.3597778,-0.057055659999999994,-0.3187868000000001,-0.054379260000000006,-0.34153459999999997,-0.05586547999999999
269,-0.3597939090909091,-0.05602196363636364,-0.3147361818181818,-0.05494965454545455,-0.3383638181818182,-0.055517027272727275
270,-0.35885320000000004,-0.05558164,-0.31249380000000004,-0.05487826,-0.33630049999999995,-0.0552536
271,-0.35474063636363634,-0.055754245454545444,-0.3051298181818182,-0.05892669090909091,-0.3304234545454546,-0.057357790909090905
272,-0.3514192,-0.05666808000000001,-0.2999208,-0.06091002000000001,-0.32623,-0.0587738
273,-0.35160545454545455,-0.056708581818181815,-0.29840918181818177,-0.05974230909090908,-0.3258556363636363,-0.05820256363636364
274,-0.3520324,-0.056970200000000006,-0.2986756,-0.05899354,-0.326813,-0.057955940000000004
275,-0.35380554545454546,-0.05754644545454546,-0.3005787272727272,-0.05817207272727273,-0.3268362727272727,-0.0578987909090909
276,-0.35330199999999995,-0.05757443999999999,-0.2999178,-0.05899047999999999,-0.3257506,-0.058334379999999984
277,-0.35280690909090917,-0.057465999999999996,-0.29959790909090916,-0.060132109090909096,-0.32630081818181816,-0.058824009090909096
278,-0.35310040000000004,-0.05780943999999999,-0.2990784,-0.06089784,-0.3276306,-0.05930785999999999
279,-0.3538720909090909,-0.058608999999999994,-0.2994786363636364,-0.06081875454545454,-0.32999199999999995,-0.05961329999999999
280,-0.35518500000000003,-0.058258059999999987,-0.30003680000000005,-0.0601715,-0.3312532,-0.0591217
281,-0.35616936363636365,-0.058020836363636356,-0.30193,-0.06091723636363636,-0.33255809090909083,-0.059330336363636375
282,-0.356619,-0.05657958,-0.3030548,-0.06148377999999999,-0.3327668,-0.058786019999999994
283,-0.3569837272727273,-0.05712336363636364,-0.3011584545454545,-0.05978393636363635,-0.33112545454545456,-0.058389845454545446
284,-0.3570372,-0.05724484,-0.30124800000000007,-0.05864866,-0.3308867999999999,-0.05793762
285,-0.3554021818181819,-0.058480009090909085,-0.3010142727272727,-0.059333109090909095,-0.3290156363636363,-0.05891692727272728
286,-0.3551213000000001,-0.05947266999999999,-0.30103430000000003,-0.059858709999999996,-0.3283431,-0.059692390000000005
287,-0.35471563636363634,-0.06125155454545455,-0.30199245454545454,-0.06180501818181817,-0.3294732727272727,-0.06154146363636363
288,-0.3558502,-0.06161802000000001,-0.3022766,-0.062323,-0.33043819999999996,-0.061975100000000005
289,-0.3571085454545455,-0.06154421818181817,-0.30169945454545455,-0.06274273636363635,-0.3305914545454546,-0.06215182727272727
290,-0.3566222,-0.05938414000000001,-0.30068829999999996,-0.059666449999999996,-0.33096629999999994,-0.0595398
291,-0.35625936363636357,-0.05853825454545454,-0.3004314545454546,-0.0608146,-0.33025172727272734,-0.059635518181818184
292,-0.3556640000000001,-0.058583090000000004,-0.30058890000000005,-0.06458894,-0.3274843,-0.061700450000000004
293,-0.3548709090909092,-0.06017511818181818,-0.30044390909090907,-0.06802507272727275,-0.32753972727272723,-0.06416735454545454
294,-0.3564484,-0.0644165,-0.3022124,-0.06908876,-0.3303984,-0.06669618
295,-0.35737727272727277,-0.06269141818181817,-0.30689018181818184,-0.06211160909090909,-0.3355864545454546,-0.0624584
296,-0.35738200000000003,-0.06557616,-0.317752,-0.05367432,-0.3403108,-0.060449260000000005
297,-0.34646754545454556,-0.06948850909090908,-0.3135070909090909,-0.0656987909090909,-0.3313557272727273,-0.06777399999999999
298,-0.335016,-0.07089538,-0.31313779999999997,-0.0655731,-0.32486880000000007,-0.06842956
299,-0.3359097272727273,-0.07158315454545454,-0.3143688181818182,-0.06579729090909091,-0.32575727272727273,-0.06886013636363636
300,-0.33714140000000004,-0.14608295,-0.3119994,-0.15413510000000002,-0.3324372,-0.14743049
301,-0.33210481818181825,-0.20251872727272727,-0.32027790909090914,-0.17991072727272728,-0.327832090909091,-0.19475472727272722
302,-0.3261385,-0.2193969,-0.31563410000000003,-0.1797912,-0.31936639999999994,-0.19347229999999999
303,-0.32848180000000005,-0.21999519999999997,-0.3134338,-0.18014200000000002,-0.32010180000000005,-0.19765039999999998
304,-0.3301808181818182,-0.2199001818181818,-0.3142618181818182,-0.18173890909090912,-0.3216692727272727,-0.19934072727272723
305,-0.33135436363636367,-0.22045199999999998,-0.3148055454545454,-0.1849047272727273,-0.32294654545454543,-0.20228300000000002
306,-0.336165,-0.2096788,-0.3167636000000001,-0.1872817,-0.32619619999999994,-0.1980973
307,-0.3374906,-0.20891399999999996,-0.3169464,-0.1889864,-0.32679739999999996,-0.19852599999999998
308,-0.33593909090909085,-0.20982199999999995,-0.31672372727272724,-0.18894136363636366,-0.32525754545454544,-0.1981980909090909
309,-0.33475990909090914,-0.20731427272727274,-0.3173481818181818,-0.18878454545454548,-0.3252355454545454,-0.19716290909090908
310,-0.33451240000000004,-0.20238319999999996,-0.31973870000000004,-0.18945780000000004,-0.32651369999999996,-0.19538729999999999
311,-0.33474139999999997,-0.2023895,-0.32020869999999996,-0.19145050000000002,-0.3268921,-0.1964767
312,-0.33455981818181824,-0.2033774545454545,-0.32039427272727267,-0.19215518181818175,-0.3267850909090909,-0.19719336363636364
313,-0.3283418,-0.2214155,-0.3198046,-0.19225759999999997,-0.3235336,-0.20485989999999998
314,-0.32676700000000003,-0.22095939999999997,-0.32040100000000005,-0.19393920000000003,-0.3233674,-0.2064086
315,-0.3240702727272727,-0.21965172727272728,-0.3186327272727273,-0.19647890909090912,-0.3211074545454546,-0.20693263636363637
316,-0.32420040000000006,-0.2205474,-0.3188598000000001,-0.1970796,-0.32124020000000003,-0.2074678
317,-0.32295372727272725,-0.21971672727272729,-0.3208105454545454,-0.1974112727272727,-0.3218203636363636,-0.20774145454545456
318,-0.32185359999999996,-0.2194854,-0.32080699999999995,-0.19952380000000003,-0.3213196,-0.2086516
319,-0.31995599999999996,-0.21911363636363637,-0.32051636363636365,-0.2005599090909091,-0.3202833636363636,-0.20862645454545453
320,-0.3201356,-0.21892879999999998,-0.32008490000000006,-0.2016328,-0.3201204000000001,-0.20961179999999996
321,-0.3214014545454546,-0.22002745454545455,-0.3206497272727273,-0.20068790909090908,-0.3210518181818182,-0.21028972727272724
322,-0.32333370000000006,-0.21881410000000004,-0.3224226,-0.19763969999999995,-0.32288950000000005,-0.20777140000000002
323,-0.32365581818181827,-0.219062,-0.32329345454545455,-0.19688963636363635,-0.32347390909090906,-0.20650136363636368
324,-0.32378549999999995,-0.21881879999999998,-0.3225312,-0.19608910000000002,-0.32313549999999996,-0.20672770000000001
325,-0.3234985,-0.22025750000000005,-0.320494,-0.19688100000000003,-0.32190379999999996,-0.20776979999999998
326,-0.3304388181818182,-0.20238963636363635,-0.3202944545454545,-0.19695909090909094,-0.32453499999999996,-0.1992478181818182
327,-0.3325945454545454,-0.20157972727272722,-0.3184648181818182,-0.197711,-0.3238564545454546,-0.19918681818181821
328,-0.33283989999999997,-0.19919139999999996,-0.3181214,-0.19672099999999998,-0.3233368,-0.1975984
329,-0.3331744,-0.19629070000000004,-0.3183074,-0.19563,-0.32446449999999993,-0.19591080000000002
330,-0.33288827272727267,-0.19812145454545452,-0.3188368181818182,-0.1948032727272727,-0.3254698181818182,-0.19639572727272725
331,-0.3315707272727273,-0.19864018181818183,-0.3207325454545455,-0.19501136363636365,-0.3259083636363636,-0.19673145454545454
332,-0.32839350000000006,-0.19853530000000003,-0.3210722999999999,-0.19428869999999998,-0.32435470000000005,-0.1961869
333,-0.3302665454545454,-0.198292,-0.3204565454545454,-0.19384763636363636,-0.324846,-0.1958298181818182
334,-0.3309874,-0.19895480000000001,-0.31939370000000006,-0.1953752,-0.32394560000000006,-0.19678469999999998
335,-0.33043819999999996,-0.20071570000000002,-0.3176787,-0.1955187,-0.322351,-0.197409
336,-0.3294204545454546,-0.20174463636363635,-0.3176284545454546,-0.19508209090909087,-0.32236254545454546,-0.1977511818181818
337,-0.32613539999999996,-0.2011673,-0.31692220000000004,-0.1948897,-0.32074569999999997,-0.1974898
338,-0.3250914545454546,-0.20083372727272727,-0.3144308181818181,-0.19608790909090912,-0.31896563636363634,-0.19812272727272726
339,-0.3245803,-0.20115219999999998,-0.30994249999999995,-0.19640209999999997,-0.3158859,-0.1983278
340,-0.33799345454545454,-0.20052136363636366,-0.3097743636363637,-0.1959285454545455,-0.32233781818181817,-0.1979936363636364
341,-0.3281357,-0.20073539999999998,-0.3080172,-0.19749440000000001,-0.3177291,-0.1990708
342,-0.32055969999999995,-0.20279090000000002,-0.3033571,-0.19815810000000003,-0.3118455,-0.2004531
343,-0.3136153636363636,-0.20696199999999995,-0.2961675454545455,-0.20065427272727276,-0.3041007272727273,-0.20352727272727275
344,-0.3031504545454546,-0.20929236363636364,-0.28732572727272726,-0.20138409090909093,-0.29576109090909086,-0.20558581818181815
345,-0.2928437,-0.2123123,-0.277405,-0.20410770000000006,-0.2849657,-0.2081375
346,-0.28084450000000005,-0.2146713,-0.2765762,-0.20355240000000002,-0.27891390000000005,-0.20951999999999998
347,-0.26499081818181813,-0.22001099999999998,-0.26769336363636365,-0.20140481818181816,-0.2663989090909091,-0.2108654545454545
348,-0.24521479999999998,-0.2220155,-0.2594848,-0.2010208,-0.25218360000000006,-0.2115418
349,-0.22865581818181815,-0.23084472727272723,-0.23047963636363633,-0.20396563636363635,-0.22902190909090914,-0.21749445454545455
350,-0.2041611,-0.2242538,-0.20248410000000003,-0.2064879,-0.2037795,-0.2146685
351,-0.05895577272727273,-0.2013202727272727,-0.054197805454545445,-0.20158390909090906,-0.056303563636363636,-0.2015798181818182
352,-0.026869180000000003,-0.19873500000000005,-0.0030410806,-0.19974830000000002,-0.02315064,-0.198468
353,-0.024946736363636368,-0.20011736363636362,-0.0009377217272727272,-0.19950172727272728,-0.014860663636363635,-0.1997970909090909
354,-0.02207337,-0.20060719999999996,0.0016494747,-0.19867720000000003,-0.009553530000000001,-0.1996124
355,-0.02227229090909091,-0.1999191818181818,0.003861861818181818,-0.19798572727272729,-0.008839,-0.19893172727272726
356,-0.021655270000000004,-0.197902,0.004090879,-0.19908140000000002,-0.00874634,-0.198509
357,-0.018128809090909085,-0.1994501818181818,0.004128194545454545,-0.19884409090909091,-0.0068456490909090915,-0.1991508181818182
358,-0.017695620000000002,-0.2010637,0.005087281,-0.19831710000000002,-0.006083678,-0.1996733
359,-0.019219145454545453,-0.2011,0.006349041818181817,-0.19951545454545452,-0.005532003636363637,-0.20027445454545453
360,-0.01850129,-0.20203259999999998,0.007870480999999999,-0.19956510000000002,-0.0048187279999999996,-0.20076929999999998
361,-0.017077372727272725,-0.20201090909090907,0.008103802727272728,-0.1993767272727273,-0.0044527918181818185,-0.20070609090909092
362,-0.01670688,-0.20184799999999997,0.008221435000000001,-0.19896689999999997,-0.004702758,-0.20047769999999998
363,-0.01652389090909091,-0.20164345454545451,0.00945767727272727,-0.19965172727272726,-0.004377883636363636,-0.20071554545454548
364,-0.01677703,-0.20230400000000004,0.013018790000000002,-0.20389079999999998,-0.003932188,-0.20301969999999997
365,-0.016693127272727273,-0.20203727272727276,0.014035336363636365,-0.20831018181818176,-0.0021362309090909096,-0.2050366363636364
366,-0.01651462,-0.20205959999999998,0.0140564,-0.2098995,-0.0033416730000000007,-0.20545490000000002
367,-0.015727663636363635,-0.2017228181818182,0.01390211818181818,-0.20858600000000005,-0.0033194790909090903,-0.20461345454545452
368,-0.015820310000000004,-0.2018828,0.014317319999999998,-0.2057798,-0.00268097,-0.2036072
369,-0.013283481818181819,-0.20386136363636362,0.013057345454545455,-0.20673563636363637,-0.0009973690363636364,-0.20521963636363638
370,-0.013697790000000001,-0.2041825,0.011366289999999998,-0.2055238,-0.0020324694,-0.2048234
371,-0.015906618181818183,-0.20512245454545458,0.011427445454545455,-0.20486581818181815,-0.0033097690909090903,-0.20501827272727272
372,-0.016334539999999995,-0.20438359999999997,0.011651619999999998,-0.20416239999999997,-0.0028198250000000006,-0.20429969999999997
373,-0.01587829,-0.2044571,0.01185913,-0.2060578,-0.0027786239999999995,-0.20522940000000003
374,-0.014938354545454545,-0.20377690909090915,0.012401245454545457,-0.209385,-0.0015411376363636362,-0.20654309090909093
375,-0.01468353,-0.20367450000000004,0.01324158,-0.21174779999999999,-0.0013839710000000001,-0.2075361
376,-0.014892572727272724,-0.20346636363636364,0.012574627272727274,-0.21150036363636363,-0.002000287272727273,-0.20725454545454547
377,-0.01464537,-0.20268250000000002,0.01164092,-0.21175560000000004,-0.0024047850000000004,-0.20691850000000006
378,-0.014526345454545453,-0.203229,0.010597927272727273,-0.21145499999999998,-0.003037887272727273,-0.20700072727272725
379,-0.0181656,-0.20270549999999998,0.010435469999999999,-0.21160579999999998,-0.004888917,-0.2068589
380,-0.01851503,-0.20283790000000002,0.010267640000000001,-0.21273950000000003,-0.00527191,-0.20741270000000003
381,-0.01856578181818182,-0.2038946363636364,0.012039181818181817,-0.21353418181818176,-0.004178131818181818,-0.2084448181818182
382,-0.018896500000000004,-0.2048186,0.01095886,-0.2143204,-0.004684445000000001,-0.20937030000000006
383,-0.01824951818181819,-0.20465790909090906,0.012047509090909092,-0.21561199999999997,-0.004040805454545455,-0.20981263636363634
384,-0.01591034,-0.20495460000000004,0.01374358,-0.21786319999999998,-0.0018493658999999998,-0.2111145
385,-0.01197399090909091,-0.20307909090909096,0.017085690909090904,-0.21866963636363634,0.0025579279999999997,-0.21091545454545454
386,-0.011787419999999998,-0.20320730000000004,0.019383230000000008,-0.2188034,0.004035948,-0.2111649
387,-0.013178027272727273,-0.2044819090909091,0.01945492727272728,-0.21723227272727275,0.0024025663636363633,-0.21061018181818184
388,-0.012965400000000002,-0.20596620000000004,0.019857770000000004,-0.21751120000000004,0.002711486,-0.2115172
389,-0.013258509090909093,-0.2069962727272727,0.01831191818181818,-0.21678281818181813,0.001163828727272727,-0.21149781818181823
390,-0.013667299999999999,-0.20419609999999996,0.017687980000000002,-0.21689009999999995,3.5095300000000036e-05,-0.20978529999999998
391,-0.014990219999999999,-0.20240019999999997,0.016213990000000005,-0.21657869999999999,-0.00022735610000000004,-0.20912320000000006
392,-0.015458554545454545,-0.20153527272727273,0.016443418181818183,-0.21710045454545457,-0.0001151342727272727,-0.2090357272727272
393,-0.01495666,-0.20075990000000005,0.015734869999999998,-0.2168731,-0.0008773816,-0.20817699999999997
394,-0.014063045454545455,-0.20031872727272723,0.01579699090909091,-0.21729772727272725,0.00026356100000000005,-0.208496
395,-0.01206055,-0.20324399999999998,0.015145849999999999,-0.215483,0.001306153,-0.20927559999999995
396,-0.011860254545454545,-0.20375081818181817,0.016774945454545453,-0.21460245454545454,0.002555154545454546,-0.20924681818181814
397,-0.0121216,-0.2031766,0.017544559999999997,-0.2130922,0.0031555159999999997,-0.2083128
398,-0.012951639999999997,-0.20276010000000003,0.01808776,-0.21287989999999998,0.0029479999999999997,-0.2079745
399,-0.01326821818181818,-0.20396981818181817,0.018685063636363634,-0.2139227272727273,0.0036343645454545454,-0.20927145454545457
400,-0.01236421,-0.2036332,0.019822700000000002,-0.215538,0.004406738,-0.20986640000000004
401,-0.0019836381818181827,-0.2035676363636364,0.02899310909090909,-0.21539999999999998,0.013481836363636363,-0.20948927272727272
402,0.18292993999999996,-0.1874313,0.2049484,-0.19867389999999996,0.19390880000000005,-0.1943036
403,0.2755030909090909,-0.2129643636363636,0.34803900000000004,-0.19879290909090905,0.3033059090909091,-0.20692454545454544
404,0.26633320000000005,-0.2161896,0.34571540000000006,-0.1946136,0.278705,-0.21280840000000004
405,0.27068954545454543,-0.21569263636363634,0.34622336363636363,-0.1978996363636364,0.30305190909090907,-0.2082935454545454
406,0.27554939999999994,-0.21358660000000002,0.3446046,-0.19415580000000002,0.30284140000000004,-0.206479
407,0.29535190909090914,-0.21196400000000004,0.33692527272727274,-0.194723,0.30674472727272717,-0.20752072727272725
408,0.2927368,-0.2115784,0.3295716,-0.19454660000000001,0.3069366,-0.20491640000000003
409,0.29291890909090906,-0.21125781818181819,0.32276672727272726,-0.19084590909090907,0.3062564545454546,-0.2021928181818182
410,0.2941986,-0.2101576,0.320819,-0.18995810000000005,0.3072373,-0.2003371
411,0.2985218181818183,-0.21122045454545457,0.32152463636363643,-0.19124545454545458,0.30939700000000003,-0.20183781818181815
412,0.3010132,-0.21229699999999996,0.33283060000000003,-0.19175880000000003,0.3145996,-0.20342739999999998
413,0.30056490909090905,-0.21172545454545455,0.3506829090909091,-0.1932371818181818,0.3226957272727273,-0.20367427272727276
414,0.29904159999999996,-0.21035459999999997,0.35311899999999996,-0.1936644,0.32481999999999994,-0.2025208
415,0.302149,-0.21151727272727278,0.35597090909090917,-0.19366045454545455,0.3294330909090909,-0.20259927272727268
416,0.3129302,-0.21573799999999999,0.35819100000000004,-0.19197379999999997,0.33557739999999997,-0.20395500000000003
417,0.31217127272727274,-0.21512690909090904,0.36300390909090907,-0.19157954545454545,0.3363952727272727,-0.20406254545454547
418,0.31159040000000005,-0.2159302,0.3638338000000001,-0.1906372,0.33630360000000004,-0.20412599999999997
419,0.309003,-0.214992,0.34590145454545457,-0.1928461818181818,0.3268154545454545,-0.20434709090909092
420,0.3076354,-0.21576559999999997,0.3325106,-0.1946958,0.318582,-0.2065582
421,0.3077698181818182,-0.21554863636363628,0.3338179090909092,-0.19527209090909087,0.3186771818181818,-0.20712554545454545
422,0.3090454000000001,-0.2157564,0.33452439999999994,-0.1981172,0.3209716,-0.20754999999999996
423,0.3087645454545454,-0.21624063636363636,0.3358252727272727,-0.1973253636363636,0.32206563636363633,-0.20700345454545455
424,0.3045074,-0.21550600000000003,0.3371522,-0.1986482,0.31956179999999995,-0.2077426
425,0.2893745454545455,-0.21282663636363636,0.33808354545454544,-0.19841972727272728,0.31022363636363637,-0.20675800000000003
426,0.2906218,-0.2122928,0.33940440000000005,-0.19792780000000004,0.31279,-0.2058656
427,0.3122532727272727,-0.2182602727272727,0.3383746363636364,-0.1969549090909091,0.3248764545454545,-0.20803281818181818
428,0.31290880000000004,-0.21620779999999998,0.3398194,-0.19731440000000003,0.3256927999999999,-0.2072784
429,0.3118226,-0.2169802,0.3361722,-0.19727180000000005,0.3235351999999999,-0.2075592
430,0.31111445454545456,-0.21645981818181823,0.3371443636363637,-0.19601172727272728,0.3239829090909091,-0.2064099090909091
431,0.3109804,-0.2161806,0.3358858,-0.19566060000000002,0.3230528,-0.2063018
432,0.31148172727272727,-0.21476172727272724,0.33515218181818174,-0.19571890909090908,0.3229023636363636,-0.2056344545454545
433,0.310614,-0.21481940000000002,0.3334536,-0.19428079999999998,0.3200654,-0.20639619999999997
434,0.3100570909090909,-0.2144248181818182,0.3335722727272728,-0.1934399090909091,0.31910000000000005,-0.20641390909090906
435,0.30957940000000006,-0.2144378,0.33459159999999993,-0.19555059999999996,0.32045899999999994,-0.20633240000000003
436,0.3090238181818182,-0.2159297272727273,0.3367682727272727,-0.1962792727272727,0.32015018181818183,-0.208126
437,0.30912480000000003,-0.21625059999999996,0.335318,-0.1932588,0.3206268,-0.20618900000000004
438,0.3091888,-0.21676919999999997,0.333667,-0.1935424,0.32089880000000004,-0.20572519999999997
439,0.30772672727272726,-0.2158121818181818,0.3313402727272727,-0.19589790909090912,0.3191958181818182,-0.206199
440,0.30676899999999996,-0.215088,0.33168339999999996,-0.19766240000000002,0.31804199999999994,-0.2072508
441,0.30492520000000006,-0.21443479999999995,0.33387459999999997,-0.1973206,0.31846959999999996,-0.2064852
442,0.3069818181818182,-0.21416700000000002,0.334759909090909,-0.19340399999999996,0.3199671818181818,-0.20453027272727275
443,0.3075562,-0.21462119999999998,0.3341584,-0.19250499999999998,0.3201754,-0.2041992
444,0.3076990909090909,-0.21617690909090914,0.3326569090909091,-0.1924065454545455,0.32051772727272726,-0.20404454545454545
445,0.30624400000000007,-0.218106,0.33113080000000006,-0.19388099999999997,0.3184294,-0.20630800000000002
446,0.3051591818181818,-0.21845027272727274,0.3318480000000001,-0.19589645454545454,0.3182760909090909,-0.20745154545454547
447,0.307071,-0.21563719999999997,0.333203,-0.19552019999999998,0.3196016,-0.2060546
448,0.30820954545454543,-0.2145898181818182,0.3325027272727273,-0.19532645454545453,0.3197564545454546,-0.20549818181818183
449,0.3088806,-0.2145204,0.33254079999999997,-0.1948394,0.32040420000000003,-0.2049928
450,0.3094136363636364,-0.2152711818181818,0.33512309090909087,-0.193118,0.32178281818181814,-0.20468000000000003
451,0.30996719999999994,-0.2058992,0.34168980000000004,-0.1775086,0.3242706000000001,-0.19324040000000003
452,0.250586,-0.09430546,0.3631316,-0.0596222,0.27879620000000005,-0.08562613999999999
453,0.24369127272727276,-0.07845375454545453,0.3494986363636363,-0.04892384545454545,0.29060790909090906,-0.06556007272727273
454,0.2502358181818182,-0.07772548181818183,0.3479198181818182,-0.054192281818181816,0.30028463636363634,-0.0658472090909091
455,0.24894090000000002,-0.07452086999999999,0.3468642,-0.05284426000000001,0.3025788,-0.06285096000000001
456,0.2461178,-0.07629393999999999,0.35345480000000007,-0.040683000000000004,0.2929992,-0.061022980000000004
457,0.24719354545454547,-0.07441988181818184,0.35331309090909085,-0.039781054545454546,0.2988752727272727,-0.057803054545454556
458,0.2463378,-0.07426452,0.3510774,-0.039959720000000004,0.2947572,-0.05865785999999999
459,0.24643799999999996,-0.07410085454545455,0.3460442727272728,-0.041742472727272724,0.29586518181818183,-0.058258063636363634
460,0.24790520000000002,-0.07197723999999998,0.343216,-0.04292450999999999,0.2971392,-0.05716704
461,0.24846154545454546,-0.07263183636363636,0.34332818181818175,-0.043257272727272734,0.2956390909090909,-0.05820395454545455
462,0.2485061,-0.07459564,0.3442016,-0.042594909999999986,0.29949639999999994,-0.05775605
463,0.248043,-0.07462239999999999,0.34231145454545453,-0.04315599090909091,0.2990585454545454,-0.057803072727272725
464,0.2505616,-0.07374728000000001,0.3406905,-0.04459227,0.2991594,-0.05821076999999999
465,0.252135,-0.07390386363636363,0.3355465454545455,-0.043574972727272725,0.29787372727272726,-0.057460445454545456
466,0.25302420000000003,-0.07441099999999999,0.3326782,-0.04322511999999999,0.2963378,-0.05761718000000001
467,0.25341945454545456,-0.07388028181818182,0.33398290909090905,-0.04277176363636364,0.2968376363636364,-0.057288427272727274
468,0.2552371000000001,-0.07205812,0.33773029999999993,-0.04122315,0.3009566,-0.05514374
469,0.25318300000000005,-0.07331236,0.3395384,-0.038589479999999995,0.30018619999999996,-0.054617320000000004
470,0.25341372727272726,-0.06902105454545454,0.3391030909090909,-0.033794063636363635,0.2998601818181818,-0.0501293
471,0.25252581818181813,-0.06917502727272727,0.3382292727272727,-0.03234724545454545,0.2993177272727273,-0.04927758181818182
472,0.2514009,-0.07044068,0.33671270000000003,-0.03154754,0.2965727,-0.05007322999999999
473,0.25249272727272726,-0.06985612727272726,0.33474036363636367,-0.03123474545454545,0.29716800000000004,-0.04908475454545455
474,0.25137040000000005,-0.06726227999999998,0.33237160000000004,-0.03134001,0.29450830000000006,-0.04831236
475,0.2501595454545455,-0.06535200909090909,0.33158463636363633,-0.03150385454545454,0.2923181818181818,-0.04799999090909091
476,0.24965059999999997,-0.06645053,0.33140400000000003,-0.03276825,0.2947524999999999,-0.048037699999999996
477,0.2490040909090909,-0.06905570909090909,0.3327176363636364,-0.03267464545454545,0.2921834545454546,-0.05053017272727273
478,0.24905550000000004,-0.0711609,0.3322083,-0.03414916,0.29045550000000003,-0.052937330000000005
479,0.2506468,-0.07057495000000001,0.3312624,-0.03484039,0.2929888,-0.05198823
480,0.251587,-0.06922217272727274,0.3273066363636363,-0.03508551818181818,0.2909297272727273,-0.05167043636363636
481,0.251065,-0.07089841999999999,0.32519860000000006,-0.03717042000000001,0.29094260000000005,-0.052905259999999996
482,0.2485669090909091,-0.06996295454545455,0.32352645454545453,-0.037439518181818184,0.2899473636363637,-0.05211016363636363
483,0.2474411,-0.06645507,0.3257571,-0.03829955,0.2876252,-0.05214082
484,0.2507173636363637,-0.06423812727272728,0.33057890909090903,-0.03829680909090909,0.2890459090909091,-0.05189930909090909
485,0.25186299999999995,-0.06598179090909091,0.33538799999999996,-0.03881972727272727,0.29379681818181824,-0.052494390909090916
486,0.2516507,-0.06656954,0.33911759999999996,-0.03818512,0.2908128,-0.054022209999999994
487,0.2509171,-0.06607666000000001,0.3376722,-0.03759001999999999,0.29167960000000004,-0.052845779999999995
488,0.2513734545454546,-0.06544079090909093,0.33699563636363633,-0.037413190909090906,0.29936754545454547,-0.04989484545454545
489,0.2508681818181819,-0.06663373636363636,0.33840809090909096,-0.03774053636363636,0.2993208181818182,-0.05081316363636364
490,0.2518371,-0.06859286,0.3379991,-0.03739167000000001,0.29808200000000007,-0.05202178
491,0.25134889999999993,-0.06823425000000001,0.3374923,-0.03666229,0.3005325,-0.05038758
492,0.2513566363636364,-0.06423394545454544,0.3356862727272727,-0.03548500909090909,0.2959414545454546,-0.04919291818181819
493,0.2508514,-0.062327549999999995,0.3342208,-0.03110047,0.2939591,-0.046350100000000005
494,0.2500017272727273,-0.060854809090909096,0.3322893636363636,-0.0295868,0.28910681818181816,-0.04615368181818182
495,0.24966110000000002,-0.05854950000000001,0.3320098,-0.02503662,0.2895048,-0.04249114999999999
496,0.2470133636363637,-0.05817063636363637,0.33285536363636364,-0.02132901818181818,0.2923525454545455,-0.03890157272727273
497,0.24648750000000003,-0.0584427,0.33414010000000005,-0.01905365,0.29260110000000006,-0.03792572999999999
498,0.24666739999999998,-0.0576172,0.3348358,-0.017419439999999998,0.29205919999999996,-0.03713989999999999
499,0.24688454545454538,-0.0570984,0.3362731818181819,-0.017963781818181822,0.2937788181818182,-0.03677785454545455
500,0.24459549999999997,-0.04589235,0.33139019999999997,-0.0013305619999999987,0.2829973,-0.026568619999999998
501,0.2628562727272727,0.05698325454545454,0.32347372727272733,0.08955244545454545,0.2810240909090909,0.06631607272727272
502,0.26460818181818185,0.08340871818181818,0.3332035454545455,0.10901437272727273,0.3084520909090909,0.09962607272727272
503,0.25836810000000004,0.08683778,0.3294524,0.11920140000000001,0.28931119999999994,0.10108648999999999
504,0.2595539,0.08232576999999999,0.32432380000000005,0.11641109999999999,0.2950927,0.10099646
505,0.2558345454545454,0.0794872,0.32152772727272727,0.11286781818181817,0.287054,0.0952980818181818
506,0.2572982999999999,0.07611541999999999,0.32136359999999997,0.1110534,0.28554080000000004,0.09142913
507,0.25788727272727274,0.07470980909090907,0.3301488181818182,0.12319936363636362,0.28926081818181815,0.0958820909090909
508,0.262903,0.07217254,0.3309937,0.1046508,0.2812406,0.08091735
509,0.2588905454545455,0.06939419090909091,0.3244976363636364,0.10448654545454547,0.290985,0.08658116363636363
510,0.25593259999999995,0.06742859000000001,0.3236998,0.1067778,0.2924177,0.08854372
511,0.2556622727272727,0.06628002727272728,0.3253826363636364,0.1063329090909091,0.29193100000000005,0.0870361181818182
512,0.25597210000000004,0.06391907999999999,0.35642229999999997,0.12137470000000002,0.30595419999999995,0.0923645
513,0.25659472727272725,0.06483045454545454,0.35864954545454547,0.12193981818181819,0.30659490909090903,0.09266107272727274
514,0.25702669999999994,0.06436614,0.3531328,0.1202775,0.3043853,0.09177703000000001
515,0.25709245454545454,0.06526322727272728,0.35107700000000003,0.12136409090909091,0.30401472727272727,0.09312437272727275
516,0.2574508,0.06418304,0.35096740000000004,0.12059490000000002,0.3045212,0.09242708
517,0.2582677272727273,0.06398704545454545,0.34901281818181823,0.1194998181818182,0.30326709090909093,0.09137242727272725
518,0.256813,0.06203311,0.3483917,0.116089,0.3033721,0.0893875
519,0.25495763636363633,0.06144159999999999,0.34827063636363637,0.11564209090909093,0.3015730909090909,0.08837890909090909
520,0.25389490909090906,0.06283983636363635,0.34879254545454547,0.11730672727272727,0.30127227272727275,0.08989368181818183
521,0.25366679999999997,0.06398316000000001,0.3486571000000001,0.1184935,0.3042542,0.09286806
522,0.25264280000000006,0.06465913000000001,0.3495149000000001,0.1182067,0.306009,0.09404146999999999
523,0.25252863636363637,0.06489006363636364,0.3496995454545454,0.11730118181818182,0.3030434545454545,0.09202578181818181
524,0.2510757,0.06449127,0.34947989999999995,0.11643980000000001,0.30115210000000003,0.09081571000000002
525,0.25360809090909087,0.06482486363636362,0.34635245454545455,0.11670227272727272,0.30005727272727273,0.09068435454545454
526,0.25196870000000005,0.06452633,0.34732240000000003,0.1180102,0.29713910000000004,0.08973544
527,0.2505814545454546,0.06343079090909091,0.35176772727272726,0.11998263636363635,0.30003609090909095,0.09092296363636364
528,0.24959730000000002,0.06302183000000001,0.35273129999999997,0.1193254,0.3005433,0.09068910000000001
529,0.2497031818181818,0.06513838181818182,0.35146827272727266,0.11869236363636365,0.29986436363636365,0.0914154
530,0.24944609999999998,0.06568755999999999,0.35199420000000003,0.1170304,0.30224290000000004,0.09200897
531,0.2495056,0.06533205,0.35306230000000005,0.11568420000000001,0.3028824,0.09119415
532,0.25009718181818186,0.06445034545454545,0.3533188181818182,0.11484736363636365,0.3000930909090909,0.08874375454545455
533,0.2520349090909091,0.06461820000000001,0.35167763636363636,0.11448645454545456,0.30005436363636356,0.08853982727272727
534,0.2534392,0.06549682,0.34910310000000006,0.11366570000000001,0.3030058,0.09036408
535,0.2533035,0.06438293000000002,0.34938650000000004,0.11406110000000003,0.3052629,0.09113769999999999
536,0.25203490909090903,0.06366799090909091,0.3507467272727273,0.11496399999999998,0.3045682727272727,0.09085084545454546
537,0.25062409999999996,0.06406706,0.35279080000000007,0.11589039999999999,0.30387889999999995,0.09096070000000002
538,0.24861581818181816,0.06469587272727272,0.35203,0.11575872727272728,0.30175081818181815,0.09082308181818183
539,0.24871649999999995,0.06451264000000001,0.35083010000000003,0.11518710000000001,0.29852749999999995,0.08911743999999999
540,0.24901809090909088,0.0637331818181818,0.32752299999999995,0.10422181818181815,0.2857374545454545,0.08260275454545454
541,0.24882125,0.0633125,0.3257105,0.102329,0.28593799999999997,0.08207700000000001
