0,-0.13829,-0.0316772,-0.124313,-0.0149994,-0.131073,-0.023056
1,-0.019943242857142857,-0.12822157142857143,-0.02169581428571429,-0.11139114285714287,-0.020845671428571428,-0.11954828571428569
2,-0.019977144444444445,-0.1291571111111111,-0.020078855555555556,-0.11107366666666668,-0.02002971111111111,-0.11997955555555555
3,0.004316699999999998,-0.11909329999999999,0.009117130000000001,-0.10052345999999998,0.005113209999999998,-0.1114576
4,0.0270364,-0.1015013142857143,0.047140942857142855,-0.07720728571428571,0.02759442857142857,-0.10090622857142857
5,0.023555200000000002,-0.10309914285714286,0.04761831428571429,-0.0753588142857143,0.030262542857142853,-0.09549164285714286
6,0.0224990875,-0.10370825000000002,0.047004699999999996,-0.07553671249999999,0.034410500000000004,-0.0900382875
7,0.024121363636363635,-0.10217563636363636,0.04786541818181818,-0.07508572727272726,0.035902563636363634,-0.08876176363636362
8,0.027047033333333335,-0.101042,0.046783466666666676,-0.07390340000000001,0.036814377777777775,-0.08761257777777778
9,0.027622969999999997,-0.10001826,0.04671936,-0.07230378000000001,0.03715362999999999,-0.08620759000000001
10,0.02742768,-0.1011185,0.046661390000000004,-0.06929626999999998,0.03700865000000001,-0.08530428999999999
11,0.023953527272727274,-0.10230056363636363,0.04364707272727273,-0.06799592727272727,0.03330714545454545,-0.08604014545454547
12,0.025036609999999997,-0.1120773,0.03915863000000001,-0.07237399,0.03082124,-0.09559471
13,0.021804780000000003,-0.10978379999999999,0.03573912,-0.08107296,0.0351013,-0.08370662
14,-0.023854049999999998,-0.09247433000000001,0.007043449000000002,-0.04103547,-0.017347706,-0.07920224000000001
15,-0.03573149,-0.07333681,-0.007949826,-0.04931487,-0.017773442,-0.058320620000000004
16,-0.03406372,-0.08203125999999998,-0.01062164,-0.05242920999999999,-0.02361144,-0.0692917
17,-0.031161227272727278,-0.07617882727272726,-0.013939603636363635,-0.04446270909090909,-0.021175018181818182,-0.05837596363636364
18,-0.02265929,-0.10534197000000001,-0.0087966776,-0.07582104999999999,-0.017073054000000004,-0.09295361999999999
19,-0.01738670909090909,-0.1255880909090909,-0.008489434545454548,-0.09923765454545456,-0.01657936363636364,-0.12315927272727273
20,-0.01496124,-0.12676690000000002,-0.007809448999999999,-0.09981535000000001,-0.012008669999999997,-0.1151106
21,-0.0151936,-0.1277396363636364,-0.009954276363636366,-0.09921957272727272,-0.0125774,-0.11348663636363635
22,-0.014852900000000002,-0.1283266,-0.009869388000000002,-0.09858400000000002,-0.012347400000000001,-0.11333319999999998
23,-0.01389466,-0.1285644,-0.009773248999999998,-0.09655912,-0.01184387,-0.11265860000000001
24,-0.013024072727272728,-0.12639545454545453,-0.008686414545454546,-0.09352667272727273,-0.011005754545454547,-0.11110618181818178
25,-0.012252840000000001,-0.1251556,-0.009107971999999999,-0.09408723,-0.01074527,-0.11027690000000001
26,-0.011485279999999999,-0.1248947,-0.009437562,-0.09420777,-0.010520926,-0.1106646
27,-0.009897405454545457,-0.12250163636363637,-0.011148636363636362,-0.09602492727272728,-0.010431445454545453,-0.11138227272727273
28,-0.006991578,-0.12029720000000002,-0.008206172,-0.10256660000000002,-0.0075225840000000006,-0.11274120000000001
29,-0.004042051999999999,-0.11464219999999999,-0.006405639,-0.09388424,-0.005134584,-0.10511920000000001
30,-0.0050992090909090905,-0.11180536363636362,-0.005935671818181817,-0.08850376363636366,-0.005439065454545454,-0.10263345454545454
31,-0.005810548,-0.1130614,-0.007043456000000001,-0.08588258000000001,-0.006256104,-0.1044708
32,-0.005320739999999999,-0.11659670000000003,-0.008370972,-0.08416137,-0.006507873,-0.1042618
33,-0.006632997,-0.116977,-0.011216729,-0.08553923,-0.008480835,-0.1044846
34,-0.007467097272727271,-0.11588481818181817,-0.010657562727272729,-0.08544228181818182,-0.008734964545454546,-0.10392890909090911
35,-0.00630188,-0.115851,-0.013702420000000002,-0.08888548,-0.009768686000000002,-0.10336300000000001
36,-0.006442262,-0.11661079999999999,-0.015963719999999997,-0.09138794000000001,-0.011547860000000002,-0.103137
37,-0.008264162,-0.1199524,-0.01800994,-0.09137725999999999,-0.013673389999999999,-0.10412740000000001
38,-0.010391212727272727,-0.1185359090909091,-0.019735163636363632,-0.09125725454545455,-0.015232418181818181,-0.10441745454545454
39,-0.010177616,-0.1203886,-0.01898804,-0.09077758,-0.0145752,-0.10561840000000003
40,-0.010279326666666668,-0.12058011111111111,-0.01834444444444444,-0.09092372222222223,-0.014273766666666668,-0.10589588888888889
41,-0.010274710909090908,-0.12126990909090911,-0.018870963636363633,-0.09275262727272728,-0.014516663636363634,-0.10721390909090905
42,-0.01114199,-0.1212097,-0.018261710000000004,-0.09201814,-0.014750659999999999,-0.1064468
43,-0.012345736363636362,-0.12207172727272728,-0.019110918181818183,-0.09204794545454545,-0.015767854545454544,-0.10691727272727271
44,-0.01402282,-0.12293099999999998,-0.016793820000000004,-0.09102782,-0.01541748,-0.10689699999999999
45,-0.014562980000000003,-0.122995,-0.01682128,-0.08910524,-0.015625,-0.1071808
46,-0.014933770000000002,-0.1226866,-0.01767273,-0.09128876,-0.01632993,-0.10763710000000001
47,-0.014984149999999998,-0.12152389999999999,-0.015637199999999997,-0.09580837999999998,-0.01534121,-0.1080994
48,-0.011768727272727274,-0.12097272727272729,-0.015086763636363637,-0.09108666363636364,-0.01345132727272727,-0.10584181818181819
49,-0.008941649999999999,-0.1217502,-0.01520082,-0.09172971999999999,-0.011953740000000001,-0.1072938
50,-0.007678224,-0.12203080000000002,-0.0169281,-0.0920288,-0.012017840000000002,-0.10797420000000002
51,-0.008450595454545455,-0.12423136363636363,-0.01767937272727273,-0.09393864545454544,-0.013029645454545453,-0.10920027272727274
52,-0.007415771999999999,-0.12436689999999999,-0.020027140000000006,-0.09378053,-0.01380615,-0.10889730000000002
53,-0.009371955999999999,-0.12432879999999999,-0.019366480000000002,-0.09234926,-0.014974959999999999,-0.1063934
54,-0.013150040000000002,-0.1233796,-0.01932068,-0.09239502000000002,-0.01644592,-0.1069242
55,-0.014434818181818182,-0.12125599999999999,-0.01650307909090909,-0.08980350000000002,-0.01552094545454545,-0.1054493636363636
56,-0.006311035999999999,-0.1182601,-0.019151320000000006,-0.09316401999999999,-0.012298587999999997,-0.10655390000000001
57,-0.009243778,-0.11946399999999999,-0.020123300000000004,-0.09180602000000002,-0.01398926,-0.1074036
58,-0.009667963999999998,-0.12107219999999999,-0.01875,-0.09204408,-0.013821420000000001,-0.1077974
59,-0.01253052,-0.12106940000000002,-0.0179535,-0.09322206,-0.015103140000000001,-0.1078768
60,-0.011814472727272728,-0.12206772727272726,-0.016744427272727277,-0.0949180090909091,-0.014157381818181823,-0.10919872727272728
61,-0.011321999999999999,-0.12032179999999996,-0.017111200000000003,-0.09502870000000001,-0.01405032,-0.1083742
62,-0.01033019,-0.11908560000000001,-0.017523180000000003,-0.09541628,-0.013781739999999997,-0.10773620000000002
63,-0.012686159999999998,-0.12157599999999999,-0.017947379999999995,-0.09386291999999999,-0.0151947,-0.1083008
64,-0.010427869999999999,-0.12284259999999998,-0.0198334,-0.09280394,-0.01494138,-0.1084444
65,-0.012100240000000002,-0.12151160000000001,-0.019247439999999998,-0.09193422,-0.015783719999999998,-0.10628059999999999
66,-0.012637320000000002,-0.1224409,-0.017614720000000004,-0.09310304,-0.01521606,-0.1072128
67,-0.011703479999999999,-0.12266540000000001,-0.01698606,-0.09405212,-0.014312740000000001,-0.1085448
68,-0.011682139999999999,-0.12350760000000001,-0.0186371,-0.09397582,-0.014901699999999999,-0.10983559999999999
69,-0.011317872727272724,-0.1237279090909091,-0.01899716363636364,-0.09308833636363635,-0.014848181818181816,-0.10966772727272725
70,-0.01129152,-0.12485639999999998,-0.017788680000000005,-0.09274901999999999,-0.01439516,-0.10952760000000002
71,-0.01132204,-0.12452380000000003,-0.016201800000000002,-0.09221192,-0.0136963,-0.1088168
72,-0.011435763636363637,-0.12421627272727273,-0.01595512727272727,-0.091697,-0.013624709090909088,-0.10850790909090909
73,-0.01210936,-0.1252078,-0.015310659999999999,-0.09082032,-0.013580320000000002,-0.10951859999999998
74,-0.011553959999999999,-0.1254912,-0.01621092,-0.08951722,-0.01347352,-0.1107818
75,-0.01146852,-0.125824,-0.01868896,-0.08930664,-0.014703379999999999,-0.1095032
76,-0.011331160000000002,-0.1260618,-0.019052120000000006,-0.09177856,-0.01505738,-0.10952739999999998
77,-0.0099848,-0.12647736363636367,-0.020052845454545453,-0.0923961272727273,-0.014752472727272726,-0.11035827272727272
78,-0.010196267777777776,-0.12530177777777776,-0.01973467777777778,-0.09269035555555555,-0.014955311111111112,-0.10904966666666667
79,-0.01257881818181818,-0.12530090909090907,-0.021231927272727276,-0.09131552727272728,-0.016751363636363637,-0.10895618181818181
80,-0.01779328,-0.1239105,-0.023596199999999994,-0.08873442,-0.02072601,-0.1061005
81,-0.019245919999999996,-0.12424929999999998,-0.023866269999999995,-0.08826907,-0.021594240000000004,-0.1060027
82,-0.01899259,-0.12371539999999999,-0.022550960000000002,-0.08953399000000001,-0.020663450000000007,-0.10772250000000001
83,-0.01852278181818182,-0.12529281818181817,-0.020589663636363633,-0.09167065454545455,-0.019449400000000002,-0.11032645454545453
84,-0.015190977777777774,-0.12609011111111115,-0.021172399999999997,-0.09224614444444444,-0.017890077777777777,-0.11067722222222222
85,-0.011880499999999999,-0.1260438,-0.021875000000000002,-0.09229430000000001,-0.01646728,-0.1105896
86,-0.01208801,-0.1253663,-0.021534729999999995,-0.09083250000000001,-0.01643523,-0.10945279999999999
87,-0.0122345,-0.12361160000000002,-0.02117616,-0.08903197999999998,-0.016296380000000003,-0.10793439999999999
88,-0.012408145454545456,-0.12380445454545454,-0.02382174545454545,-0.08718871818181817,-0.017486563636363636,-0.10755518181818183
89,-0.013265999999999997,-0.12451629999999998,-0.023303220000000003,-0.08770752,-0.018014529999999997,-0.10714409999999999
90,-0.01278687,-0.1239623,-0.02455445,-0.08795927,-0.01835785,-0.1069383
91,-0.01265261,-0.1230149,-0.022923279999999997,-0.0884033,-0.017456049999999997,-0.1068649
92,-0.009996044,-0.121974,-0.015998819999999997,-0.08886565999999999,-0.012777710000000001,-0.10688629999999999
93,-0.006558227999999999,-0.122943,-0.01538696,-0.08884583,-0.010650639999999998,-0.10715179999999999
94,-0.005056765,-0.12339649999999999,-0.016578669999999997,-0.08922121,-0.010723880000000002,-0.1066252
95,-0.004647825999999999,-0.12406920000000002,-0.018759160000000004,-0.08960572,-0.01197508,-0.10619819999999999
96,-0.004160100909090909,-0.12240318181818183,-0.019119245454545453,-0.09025158181818181,-0.01181445454545455,-0.10597236363636364
97,-0.005342101,-0.1219406,-0.01991578,-0.08981934,-0.01257934,-0.10606069999999998
98,-0.005451966000000001,-0.11966399999999999,-0.022853080000000005,-0.08871915999999998,-0.01325684,-0.1058959
99,-0.006838989999999999,-0.11775500000000001,-0.022967539999999998,-0.08427429999999998,-0.013446040000000001,-0.1040558
100,-0.008978262000000002,-0.11756599999999999,-0.02245484,-0.08103026,-0.0148346,-0.10159292
101,-0.010319100000000001,-0.11662563636363638,-0.020699236363636363,-0.07801680909090908,-0.014863436363636363,-0.0998078727272727
102,-0.011276229999999998,-0.1175889,-0.017430099999999997,-0.07340698,-0.013844329999999998,-0.09908447000000001
103,-0.01155598888888889,-0.11759944444444444,-0.016977955555555556,-0.07162644444444444,-0.013985522222222222,-0.09707302222222221
104,-0.011542572727272727,-0.117777,-0.01669587272727273,-0.07168995454545456,-0.013408318181818181,-0.10099510909090909
105,-0.011328110000000002,-0.11507730000000001,-0.019720449999999997,-0.07358399000000002,-0.014180010000000002,-0.10103288000000002
106,-0.011341880000000002,-0.11502089999999998,-0.018153379999999997,-0.0738983,-0.014433270000000002,-0.09612884999999999
107,-0.01177521,-0.11621390000000001,-0.01803437,-0.07335664000000001,-0.014797960000000002,-0.09557648999999999
108,-0.01282654,-0.1173644,-0.018670639999999995,-0.07460327,-0.01527407,-0.09968111
109,-0.014472970000000002,-0.11962710000000001,-0.02270204,-0.07896270000000001,-0.018534870000000002,-0.09967648
110,-0.0133011,-0.11984869999999999,-0.022839329999999998,-0.07879182999999998,-0.018248,-0.09859616999999998
111,-0.012591560000000002,-0.11955859999999996,-0.023110960000000003,-0.07963256,-0.01718752,-0.10206615999999999
112,-0.010676972727272728,-0.11796572727272729,-0.020869854545454546,-0.07770745454545454,-0.014552736363636364,-0.10256972727272727
113,-0.010803224,-0.11804819999999998,-0.01774597,-0.07754363999999998,-0.01419676,-0.09815209
114,-0.009097291000000002,-0.11793680000000002,-0.017527769999999998,-0.07619477,-0.01333009,-0.09703826
115,-0.007684326,-0.11802660000000001,-0.016540519999999996,-0.07607116,-0.01192627,-0.09793397000000001
116,-0.0016937259999999996,-0.11803279999999998,-0.013269041999999998,-0.07454226,-0.007550038000000002,-0.09600525999999998
117,0.17437454000000002,-0.0321395956,0.14855798,0.009468074000000002,0.16959674,-0.020272814200000006
118,0.2777453,0.009825125999999998,0.3032057,0.06555481999999999,0.28625639999999997,0.029335024999999997
119,0.27147463636363633,0.001525878,0.3001304545454545,0.0652424,0.27804718181818183,0.016393471818181817
120,0.27035219999999993,0.004682922000000001,0.3032959,0.06715088,0.2799606,0.02299499
121,0.2725129,0.0016677858,0.3065003,0.0667923,0.28808890000000004,0.03125305
122,0.2739137,0.008699037000000001,0.30903320000000006,0.06840969999999999,0.2911332,0.037756349999999994
123,0.27590919999999997,0.009721374,0.3095534000000001,0.06983795000000001,0.2908875,0.036140450000000005
124,0.27740159999999997,0.011451719999999999,0.31087030000000004,0.07156373999999999,0.2915038,0.03645782
125,0.2776210909090909,0.011018227272727273,0.31151100000000004,0.06813602727272726,0.2919006363636363,0.03478867272727273
126,0.27667239999999993,0.01159974,0.3133515,0.06598359,0.29386740000000006,0.03685608
127,0.2771274545454545,0.012083554545454544,0.31557799999999997,0.06736614545454545,0.2951757272727273,0.037825145454545454
128,0.27711,0.01457382222222222,0.3155484444444444,0.07069397777777778,0.29359088888888896,0.038452166666666655
129,0.2656900909090909,0.009794763636363637,0.30443345454545456,0.09048739090909091,0.28206027272727274,0.04324062727272727
130,0.2674761,0.010476685000000001,0.3021484,0.07996065,0.27935950000000004,0.03388214
131,0.26846760000000003,0.01218873,0.2999268,0.07818602,0.28093719999999994,0.0380142
132,0.2682007,0.012455750000000003,0.30088940000000003,0.07742919000000001,0.2811384,0.03783112000000001
133,0.268869,0.012438959999999997,0.3017929,0.07875365000000001,0.2821243,0.038780209999999996
134,0.2688086363636364,0.011778427272727272,0.3024387272727273,0.07917645454545454,0.2802485454545455,0.03447099090909091
135,0.27115009999999995,0.011996470000000002,0.3023255,0.07612915999999999,0.2824524,0.034872450000000006
136,0.27154866666666666,0.013554888888888887,0.30248699999999995,0.07293193333333332,0.28284200000000004,0.034903611111111114
137,0.27196359999999997,0.014280689999999999,0.2969556,0.07780609999999999,0.2808028,0.036526489999999995
138,0.27072522222222223,0.014397499999999999,0.2950098888888889,0.0786421,0.2810686666666667,0.04133944444444445
139,0.269159375,0.0142479,0.29493725,0.0784530625,0.281112875,0.0436058
140,0.26578777777777773,0.01266141111111111,0.29515755555555556,0.07818771111111111,0.2762113333333334,0.035515677777777775
141,0.26420299999999997,0.011649390909090906,0.29890890909090917,0.07674890909090909,0.27484109090909087,0.031539927272727274
142,0.265065,0.01177216,0.29903109999999994,0.08042448999999999,0.2770981,0.03574827
143,0.26658927272727273,0.012907545454545455,0.29911400000000005,0.07604148181818181,0.27815109090909085,0.035070254545454545
144,0.2692947,0.012719730000000002,0.30066390000000004,0.07710418,0.2823135,0.03913117
145,0.2692184000000001,0.010496531,0.29900820000000006,0.07749632999999999,0.28151859999999995,0.03773344
146,0.26916819999999997,0.010191336999999998,0.2971816,0.07929230000000001,0.27914439999999996,0.034249890000000005
147,0.26990427272727274,0.007905450000000001,0.29446418181818185,0.07683492727272728,0.27773800000000004,0.0294758
148,0.2692596,0.008543396,0.2951003,0.07436677,0.2794923,0.03417208
149,0.2699281,0.009231569,0.29703540000000006,0.07362824000000001,0.28010539999999995,0.03305206000000001
150,0.2702012,0.009669503999999999,0.29747010000000007,0.07552186000000001,0.28089890000000006,0.035090640000000006
151,0.2713273,0.009152221,0.2968201,0.07381898,0.28309619999999996,0.03858337
152,0.2703154,0.008250425,0.29651189999999994,0.07427826,0.2819855,0.03722228000000001
153,0.2703368,0.00725403,0.2973067,0.06958465999999999,0.2820861,0.034048480000000006
154,0.2708252,0.0066970829999999995,0.2979156,0.06759643,0.2826067,0.032849130000000004
155,0.27117620000000003,0.006817629,0.2975584,0.06554105000000002,0.2830747,0.03300019999999999
156,0.28403449999999997,0.009638971,0.3062104,0.06438752,0.293149,0.03208618
157,0.2816936363636363,0.009241280909090911,0.3011654545454546,0.07030001818181818,0.2898200909090909,0.034233763636363636
158,0.27722169999999996,0.009033204000000001,0.30139029999999994,0.07210235,0.2893523,0.04018095000000001
159,0.2752534,0.009686274,0.30203720000000006,0.07235719,0.287442,0.037840269999999995
160,0.27433769999999996,0.010012825,0.30072780000000005,0.07120666,0.28575000000000006,0.03611908
161,0.20102546000000002,0.024659727,0.19127948,0.07168426000000001,0.20354180000000005,0.03376313
162,0.014132403090909094,0.047909799999999995,0.009313418181818182,0.06755343636363637,0.013119775818181816,0.0559831
163,-0.0013366699999999999,0.05123291,0.002996831,0.06748505,0.0021789607,0.06531373
164,-0.004464722,0.052983069999999986,0.004620368599999999,0.06861725,-0.0003982559999999999,0.06008455
165,-0.007191049090909091,0.05260399090909091,0.004616477272727273,0.06626199999999999,-0.0018185700000000005,0.05877963636363637
166,-0.01609632,0.04435898888888889,0.002716064366666667,0.06445484444444445,-0.005825469777777777,0.055443655555555554
167,-0.019926572727272728,0.03289100909090909,0.0013344521181818181,0.060986599999999995,-0.0034540345454545456,0.05467363636363636
168,-0.020346079999999996,0.03376464,0.0024261480000000004,0.06253966000000001,-0.007760628,0.04957276000000001
169,-0.020857229999999997,0.03375852,0.0015411380000000003,0.06213073,-0.010075375000000001,0.047407519999999995
170,-0.02063446,0.03260499,-0.001913452,0.05992432000000001,-0.011276244999999999,0.04626616000000001
171,-0.02096712,0.03230898,-0.002557372,0.05755920999999999,-0.012112439999999999,0.044468709999999995
172,-0.02154261818181818,0.03265520000000001,-0.002284654909090909,0.058421745454545454,-0.012680054545454544,0.044518209090909096
173,-0.02302396,0.03303225,0.0011871334199999998,0.059085069999999996,-0.0116516,0.045248430000000006
174,-0.02422677272727273,0.03201432727272727,8.461709090909092e-05,0.06087841818181818,-0.012742472727272726,0.04567232727272728
175,-0.02683716,0.031716919999999996,-0.0010101315999999998,0.05823974,-0.01600954,0.04284056
176,-0.02724001,0.03257598,-0.001495362,0.05795441,-0.01531981,0.044334429999999994
177,-0.025122090000000003,0.03398896999999999,0.00045776359999999996,0.05651855,-0.012815870000000002,0.04483948
178,-0.023173530000000005,0.034657299999999995,0.0028518696,0.05652618,-0.010331736999999999,0.04544828999999999
179,-0.023248845454545454,0.034131127272727275,0.0047219,0.05640203636363636,-0.009930715454545455,0.04473738181818183
180,-0.02345278,0.03185729999999999,0.00333252,0.05706174000000001,-0.0111786,0.04344176
181,-0.02319944,0.030914300000000006,0.00010986239999999999,0.057234169999999994,-0.01186368,0.043727110000000007
182,-0.02300109,0.031387330000000005,-9.155255999999999e-05,0.054887399999999996,-0.011520400000000004,0.04317627999999999
183,-0.02317201,0.03339388,-0.0004776011,0.053335579999999994,-0.01213073,0.04309082000000001
184,-0.02465127272727273,0.03406731818181818,-0.0016632090909090914,0.05318103636363638,-0.013334800000000003,0.04348755454545455
185,-0.02660826,0.03479614,-0.0027587899999999997,0.052148419999999994,-0.015209960000000003,0.0431
186,-0.025900259999999998,0.034582499999999995,-0.00279236,0.050918580000000005,-0.015414420000000003,0.041998280000000006
187,-0.026988230000000002,0.03327179,-0.003562928,0.05005796999999999,-0.015669250000000003,0.04139253
188,-0.024862127272727273,0.035010590909090915,0.0015869147272727273,0.050412281818181824,-0.013054605454545454,0.04193115454545455
189,-0.02361892222222222,0.03517321111111111,0.0015869155555555555,0.05021328888888889,-0.012502044444444443,0.04181755555555555
190,-0.02341391818181818,0.03467769090909091,0.001861572727272727,0.050190336363636366,-0.011033472727272729,0.042282127272727274
191,-0.023410019999999997,0.0341675,0.002096558,0.0516907,-0.010641479999999998,0.04293516000000001
192,-0.024029188888888886,0.03286912222222223,0.002319333333333333,0.052242711111111104,-0.011267755555555556,0.04223802222222222
193,-0.023838372727272728,0.03282999090909091,0.002430310909090909,0.05258456363636363,-0.011813072727272729,0.04186872727272728
194,-0.02393188,0.03361514,0.0017730719999999999,0.054632599999999996,-0.01201478,0.04337463999999999
195,-0.02243501,0.03284454999999999,0.002066041,0.05601655000000001,-0.010322577,0.04430542
196,-0.022169636363636367,0.032344481818181815,0.0028714263636363635,0.055210463636363644,-0.00978782818181818,0.04366233636363636
197,-0.02400816,0.03150638,0.0025115963999999998,0.05401918,-0.0120758,0.04165038
198,-0.024420180000000003,0.032290639999999995,0.0014373779999999998,0.0544342,-0.012390139999999997,0.0425995
199,-0.025310154545454547,0.03277171818181819,0.0019253827272727277,0.05325456363636365,-0.012147400000000001,0.042669127272727266
200,-0.022955319999999998,0.033601400000000003,0.003514101,0.05327454,-0.009257511000000001,0.04379577999999999
201,-0.021595336363636364,0.03442660909090909,0.00460954,0.05285506363636363,-0.008482500909090909,0.0436540090909091
202,-0.02157898,0.034219360000000004,0.0046112060000000005,0.05412289999999999,-0.007421878,0.044979859999999997
203,-0.023522940000000006,0.03161926,0.004647828,0.05364378000000001,-0.009301770000000001,0.042739879999999994
204,-0.025118999999999995,0.031311059999999995,0.002600098,0.05335082,-0.012680060000000002,0.041204840000000006
205,-0.023617560000000003,0.031494140000000004,0.00270996,0.05249632,-0.010433964,0.0419983
206,-0.02144774,0.0318054,0.0005905152,0.052095020000000006,-0.010725420000000001,0.04167329
207,-0.022933954545454546,0.031566254545454545,0.000436955909090909,0.0516829,-0.012248636363636366,0.04075899090909091
208,-0.02381134,0.0317856,-0.0017150909999999995,0.05279082,-0.014469909999999999,0.04067381
209,-0.025839240000000003,0.032165540000000006,-0.0016494730000000003,0.052716070000000004,-0.015638720000000002,0.04083862
210,-0.02461520909090909,0.03461386363636364,-0.0031890881818181812,0.052877254545454534,-0.014966100000000003,0.04283417272727273
211,-0.16112379999999998,0.03096924,-0.16791098,0.0680664,-0.16340344,0.04181214
212,-0.33053299999999997,0.03573304,-0.3096922000000001,0.07515258,-0.32020879999999996,0.055459579999999994
213,-0.3345000000000001,0.047418199999999994,-0.326248,0.0749176,-0.32695280000000004,0.07203367999999999
214,-0.33593139999999994,0.03616332,-0.32625139999999997,0.06125487999999999,-0.3336028,0.04233398000000001
215,-0.33934445454545453,0.033812100000000005,-0.3238580909090909,0.05968408181818183,-0.33331581818181816,0.0439245
216,-0.35601977777777777,0.03101604444444444,-0.33647811111111114,0.06581794444444443,-0.3515388888888889,0.04019165555555556
217,-0.3600004545454546,0.03985732727272727,-0.33397745454545463,0.059702081818181825,-0.3565922727272728,0.042548445454545454
218,-0.36051020000000006,0.03991088,-0.3393524,0.06188964,-0.3533416,0.04739686
219,-0.36094679999999996,0.03963624,-0.344864,0.06183166,-0.35347,0.050076300000000004
220,-0.3581816,0.03814696,-0.34985039999999995,0.06900635999999997,-0.354065,0.05363158
221,-0.3491484,0.03163451999999999,-0.32848820000000006,0.0542755,-0.344464,0.03769532000000001
222,-0.352463,0.03381653999999999,-0.3307678,0.05690305999999999,-0.3454072,0.04152224000000001
223,-0.3520617272727273,0.033327954545454536,-0.3319992727272727,0.05538106363636364,-0.3422616363636364,0.04417834545454546
224,-0.35063180000000005,0.030633539999999997,-0.3347442,0.05535277999999999,-0.34233699999999995,0.0435852
225,-0.34686145454545453,0.026479572727272725,-0.3361663636363636,0.055659918181818174,-0.3420770909090909,0.039604872727272734
226,-0.3455049,0.02663423,-0.33930810000000006,0.05737000000000001,-0.34278100000000006,0.040380860000000005
227,-0.3434754,0.024333189999999998,-0.3413070000000001,0.0612793,-0.34259779999999995,0.039555379999999994
228,-0.34836720000000004,0.02729188,-0.3422546,0.06265564,-0.3458069999999999,0.0420166
229,-0.3521534545454546,0.031107109090909094,-0.3426111818181818,0.0630950909090909,-0.34818909090909095,0.04457508181818181
230,-0.3484116,0.025604250000000002,-0.35499559999999997,0.06954806,-0.3514526,0.04505004
231,-0.34390859999999995,0.019897460000000002,-0.3522092,0.06917422000000001,-0.3482208000000001,0.04483643999999999
232,-0.34337427272727267,0.01473027272727273,-0.34955354545454553,0.0676658,-0.3462162727272728,0.03803048181818182
233,-0.34359388888888887,0.014677266666666664,-0.3492143333333334,0.0674998,-0.3461505555555556,0.03751967777777778
234,-0.3443542,0.015130599999999998,-0.34839800000000004,0.06929626,-0.3460846,0.036868279999999996
235,-0.3452607272727272,0.016783272727272727,-0.3485660909090909,0.06830805454545454,-0.3467642727272727,0.03850763636363636
236,-0.3454499,0.015029919999999999,-0.348024,0.06728669000000001,-0.3466797,0.03746034
237,-0.3453996666666666,0.01523,-0.34649166666666664,0.06758625555555559,-0.3459422222222222,0.035295266666666665
238,-0.34505939999999996,0.01549986,-0.34358839999999996,0.06949156,-0.344702,0.03223268
239,-0.34561163636363634,0.017852781818181816,-0.34410781818181824,0.07182033636363637,-0.34522009090909084,0.036267381818181815
240,-0.346631,0.02098388,-0.345703,0.07398985999999999,-0.34647520000000004,0.036407459999999996
241,-0.3482545999999999,0.024819960000000002,-0.34752219999999995,0.07277832,-0.3480926,0.042166140000000005
242,-0.3460899090909091,0.02252891818181818,-0.34500527272727277,0.07291481818181816,-0.34574581818181815,0.04357495454545455
243,-0.3428085,0.02146148,-0.32834620000000003,0.06959685,-0.33999940000000006,0.03459932
244,-0.33755040000000003,0.02395476,-0.3206819,0.06903382000000001,-0.335689,0.02933503
245,-0.3341886,0.02257998,-0.3226442,0.07017821999999999,-0.32957179999999997,0.04187926
246,-0.334936,0.02238741818181818,-0.32332690909090905,0.0711240090909091,-0.329562,0.04537410909090908
247,-0.33756689999999995,0.02061921,-0.31369769999999997,0.06374511000000001,-0.32675479999999996,0.04047088
248,-0.3453294,0.02174988,-0.321762,0.07700498000000001,-0.33363170000000003,0.049354529999999994
249,-0.3492434,0.02424166,-0.34137579999999995,0.08730316999999999,-0.34422899999999995,0.06536408
250,-0.3456696,0.022717260000000003,-0.3252566,0.07484742,-0.33486019999999994,0.051867699999999996
251,-0.34600369999999997,0.021780419999999998,-0.3088088,0.06324616,-0.3283003000000001,0.04170226
252,-0.3463286,0.02135314,-0.30848679999999995,0.06333008000000001,-0.33034359999999996,0.03928834
253,-0.3476701818181818,0.020672881818181818,-0.3084366363636364,0.06295222727272727,-0.3340120909090909,0.035514136363636366
254,-0.34738299999999994,0.021128840000000003,-0.3134886,0.06436768,-0.3353941000000001,0.03659059
255,-0.34697540000000004,0.02044066,-0.31312860000000003,0.06472473999999999,-0.33545220000000003,0.03568419999999999
256,-0.34555327272727276,0.01998900909090909,-0.31357654545454544,0.06536448181818182,-0.3330842727272727,0.03789588181818183
257,-0.344228,0.01938205555555556,-0.3120897777777778,0.06482443333333333,-0.3290354444444445,0.041044455555555553
258,-0.344417,0.018792720000000002,-0.3325245,0.08033905,-0.33996870000000007,0.03779753
259,-0.3466880909090909,0.019031881818181814,-0.3419424545454546,0.08433531818181818,-0.3457656363636364,0.032970063636363636
260,-0.3483856,0.016506970000000003,-0.3425933,0.07837983,-0.34689480000000006,0.034089650000000006
261,-0.3459349,0.0041504099999999985,-0.34290620000000005,0.05127104199999999,-0.345386,0.017694110000000002
262,-0.3440886,-0.10012658,-0.32940540000000007,-0.07499390999999998,-0.33776549999999994,-0.08974303
263,-0.3557664,-0.10327001999999999,-0.3277665,-0.0791336,-0.33703019999999995,-0.08686373
264,-0.35466140000000007,-0.10983879999999999,-0.3273774,-0.07930451000000001,-0.3397324,-0.09303589
265,-0.3554398,-0.1075715,-0.32716979999999996,-0.08399658000000002,-0.34275969999999994,-0.09694215
266,-0.3561941818181818,-0.10515245454545454,-0.331805,-0.08600824545454545,-0.34544781818181813,-0.09668524545454543
267,-0.35704400000000003,-0.10526522222222222,-0.3311887777777777,-0.08258903333333334,-0.3431126666666666,-0.09305487777777777
268,-0.35830989999999996,-0.1041609,-0.3278246,-0.07975921,-0.341278,-0.09044802
269,-0.3599304,-0.10307,-0.3255374,-0.07610778,-0.3414946,-0.08857116000000001
270,-0.34119627272727265,-0.10878681818181817,-0.3212736363636364,-0.07417852727272728,-0.32951781818181813,-0.08744674545454546
271,-0.34446859999999996,-0.1112028,-0.3253722,-0.07316896999999999,-0.3317199999999999,-0.08566897999999999
272,-0.34501218181818183,-0.11168045454545453,-0.3247876363636364,-0.07452391818181818,-0.33279427272727274,-0.08916127272727273
273,-0.3460129,-0.11285089999999998,-0.32389229999999997,-0.07506102,-0.3343659,-0.09280546999999999
274,-0.34565429999999997,-0.11265529999999999,-0.3213406,-0.07624969,-0.33359520000000004,-0.09449462
275,-0.34591510000000003,-0.11088240000000002,-0.3216017,-0.07758941000000001,-0.33438559999999995,-0.09502870000000001
276,-0.34356689999999995,-0.1107877,-0.3222215,-0.08014068999999999,-0.3342834,-0.09738770000000001
277,-0.3442519,-0.11148829999999998,-0.324785,-0.07833860000000001,-0.3357499,-0.09695129999999999
278,-0.3446002,-0.11136620000000001,-0.3243071999999999,-0.0798401,-0.33598929999999994,-0.09789276
279,-0.34451449999999995,-0.11115090000000001,-0.3230653,-0.07784730000000001,-0.33562630000000004,-0.09732515
280,-0.34286236363636363,-0.11167763636363635,-0.3221545454545454,-0.08019741818181818,-0.3332890909090909,-0.09704311818181818
281,-0.33947590000000005,-0.1134446,-0.3214371,-0.08018645999999999,-0.33072670000000004,-0.09721984000000002
282,-0.33596980000000004,-0.1135285,-0.3215195,-0.07617339999999999,-0.32722759999999995,-0.09071501
283,-0.33683645454545447,-0.11238799999999999,-0.3233086363636363,-0.07321859090909091,-0.3279184545454546,-0.0863037
284,-0.3415573,-0.11125333,-0.32396400000000003,-0.07420347999999999,-0.3325576,-0.09188994999999998
285,-0.3650329,-0.09307409000000001,-0.3253586,-0.07893677999999998,-0.33935400000000004,-0.08322144000000001
286,-0.3620162727272727,-0.10126292727272727,-0.3214680909090909,-0.0795218909090909,-0.3446559090909091,-0.0919799909090909
287,-0.3601136,-0.1013444,-0.3229857,-0.07885439000000001,-0.3489715,-0.09459685
288,-0.3593674,-0.10193489999999998,-0.32535860000000005,-0.07656251,-0.3504318,-0.09522552999999999
289,-0.3589867777777777,-0.10284233333333333,-0.32944566666666664,-0.07111106666666665,-0.35069088888888894,-0.09371436666666666
290,-0.358542,-0.10334760000000001,-0.3314194,-0.06875761999999999,-0.34787909999999994,-0.08961945
291,-0.35701,-0.10282720000000001,-0.3331054,-0.07192991000000001,-0.34807720000000003,-0.09127503
292,-0.3560267777777778,-0.10125388888888888,-0.3330754444444444,-0.07554794444444445,-0.3493314444444444,-0.0936075888888889
293,-0.35546110000000003,-0.1014678,-0.3260498,-0.07861788,-0.3456467,-0.09379729
294,-0.3550460000000001,-0.10191950000000001,-0.3193084,-0.07883758999999999,-0.3416538,-0.09321441
295,-0.35468910000000003,-0.10274349999999999,-0.3168731,-0.07695464999999999,-0.3396485,-0.09241637
296,-0.35510527272727277,-0.10441454545454545,-0.3152925454545455,-0.07368607272727273,-0.3390031818181818,-0.09192727272727272
297,-0.35362089999999996,-0.10662229999999999,-0.31339110000000003,-0.07359312999999999,-0.3353514,-0.09155883000000001
298,-0.3529587,-0.10649880000000003,-0.3129532,-0.07279205,-0.33403950000000004,-0.09049225000000001
299,-0.3536363,-0.1067139,-0.31432629999999995,-0.07125395999999999,-0.3364013,-0.09110715
300,-0.354567,-0.10441439999999999,-0.3154157,-0.07148742999999999,-0.3386123,-0.09096372999999999
301,-0.35542454545454544,-0.10277481818181818,-0.31694581818181816,-0.07836220909090909,-0.33918472727272725,-0.0922019181818182
302,-0.351361,-0.103941,-0.3229235555555556,-0.08050537777777778,-0.340642,-0.09443492222222223
303,-0.3494399,-0.106061,-0.31981809999999994,-0.08655399,-0.33630219999999994,-0.09738313999999999
304,-0.34583600000000003,-0.10855236363636366,-0.31949536363636366,-0.0880432,-0.33345727272727266,-0.09886031818181819
305,-0.34398590909090904,-0.11102018181818182,-0.32183690909090906,-0.08617609090909091,-0.3316690909090909,-0.09690995454545455
306,-0.3376312,-0.11292549999999998,-0.3251434999999999,-0.08347167999999998,-0.3301225,-0.09503629999999999
307,-0.3359527,-0.11318989999999998,-0.324617,-0.08148955,-0.33090959999999997,-0.09869234999999998
308,-0.33652950000000004,-0.1125673,-0.3235396,-0.079039,-0.331758,-0.10000611000000001
309,-0.33725569999999994,-0.11112639999999999,-0.3209699999999999,-0.08176421,-0.33278949999999996,-0.10300299999999998
310,-0.33635719999999997,-0.112703,-0.31934680000000004,-0.07714537000000002,-0.33210459999999997,-0.10381149999999999
311,-0.3305785,-0.16349640000000001,-0.33191960000000004,-0.11050120999999999,-0.3338487,-0.13562
312,-0.3213027,-0.2649966,-0.36183329999999997,-0.2032671,-0.35856770000000004,-0.20820129999999998
313,-0.3088346666666666,-0.26371111111111106,-0.3644612222222222,-0.20894544444444443,-0.34171544444444446,-0.23088244444444447
314,-0.3078689,-0.274852,-0.36356669999999996,-0.20668950000000003,-0.3419174,-0.23377379999999998
315,-0.3158471818181818,-0.2716063636363636,-0.363567,-0.2125591818181818,-0.33896572727272734,-0.2434525454545455
316,-0.3201351999999999,-0.26323219999999997,-0.3680786,-0.21198440000000002,-0.3549074,-0.22638540000000001
317,-0.3220338,-0.2586487999999999,-0.3716156,-0.209088,-0.353946,-0.22708139999999996
318,-0.3190458888888889,-0.2588518888888889,-0.3763581111111111,-0.2006681111111111,-0.3475833333333333,-0.230452
319,-0.3191430909090909,-0.2566239090909091,-0.373391,-0.20451936363636367,-0.34266663636363637,-0.23446800000000004
320,-0.3167078888888889,-0.2557222222222222,-0.35964288888888885,-0.2072937777777778,-0.33930799999999994,-0.23076544444444444
321,-0.31288609999999994,-0.2550857000000001,-0.35917509999999997,-0.207138,-0.34486999999999995,-0.222255
322,-0.31124590909090905,-0.255126909090909,-0.35708727272727275,-0.20788699999999996,-0.3440981818181817,-0.2215366363636364
323,-0.3149168,-0.25894909999999993,-0.35467529999999997,-0.21316380000000001,-0.3429381000000001,-0.22675309999999999
324,-0.31442099999999995,-0.2815307,-0.3514709,-0.22926649999999998,-0.34266369999999996,-0.24194179999999998
325,-0.3154462727272727,-0.27601899999999996,-0.3625805454545454,-0.22974190909090908,-0.3414849090909091,-0.25058809090909095
326,-0.3181014999999999,-0.27455,-0.368904,-0.22259550000000003,-0.3424104,-0.2501142
327,-0.32073809999999997,-0.2683044,-0.37415149999999997,-0.2195358,-0.3514420999999999,-0.24063410000000002
328,-0.32234039999999997,-0.26622770000000007,-0.3751418000000001,-0.2156052,-0.36415869999999995,-0.22633209999999998
329,-0.32463781818181814,-0.26303245454545454,-0.3760084545454546,-0.21211645454545455,-0.3688714545454546,-0.21939909090909093
330,-0.3268892,-0.2599302,-0.3626802,-0.2119448,-0.3468197999999999,-0.23434440000000004
331,-0.3297155555555556,-0.25912811111111117,-0.3584018888888889,-0.21187855555555554,-0.3360376666666667,-0.24887255555555557
332,-0.32939470000000004,-0.25646040000000003,-0.3568053,-0.2111207,-0.3422986,-0.2354555000000001
333,-0.3281738888888889,-0.26575411111111114,-0.35744899999999996,-0.21127144444444446,-0.34875655555555557,-0.2277761111111111
334,-0.32396079999999994,-0.2675278,-0.36085229999999996,-0.21106729999999993,-0.3475342,-0.2318664
335,-0.3240494,-0.2686921000000001,-0.37772829999999996,-0.21293490000000004,-0.35773600000000005,-0.2341279
336,-0.32431590909090907,-0.26630063636363627,-0.39271818181818186,-0.2148021818181818,-0.36408163636363633,-0.2367764545454545
337,-0.32235879999999995,-0.2694687,-0.39629970000000003,-0.21477809999999997,-0.3683579,-0.2359663
338,-0.318921,-0.2724396,-0.39395440000000004,-0.21998600000000001,-0.36478279999999996,-0.24082660000000003
339,-0.317398,-0.28383780000000003,-0.376358,-0.2215392,-0.36145640000000007,-0.2370788
340,-0.3220396,-0.28422390000000003,-0.36956479999999997,-0.22152080000000002,-0.35828540000000003,-0.2368166
341,-0.3219480909090909,-0.28068936363636365,-0.3684261818181818,-0.22064763636363638,-0.35327290909090914,-0.24072281818181818
342,-0.3194244,-0.276834,-0.3705414000000001,-0.214633,-0.360074,-0.2276428
343,-0.3207749,-0.2743927,-0.3708908,-0.21196449999999997,-0.36935559999999995,-0.21395589999999998
344,-0.32385230000000004,-0.27120050000000007,-0.3705551999999999,-0.2116881,-0.36848289999999995,-0.2144027
345,-0.33117530000000006,-0.26594690000000004,-0.3703248,-0.21204679999999998,-0.36384439999999996,-0.22144929999999996
346,-0.3325592,-0.261966,-0.3709992,-0.2122346,-0.35856790000000005,-0.22833110000000004
347,-0.3309127,-0.25677340000000004,-0.3736358,-0.2112581,-0.35466600000000004,-0.2318147
348,-0.3284849999999999,-0.25712440000000003,-0.37498940000000003,-0.2087281,-0.3584490000000001,-0.22639009999999998
349,-0.32729010000000003,-0.2572066,-0.3843033,-0.206714,-0.36041730000000005,-0.22825170000000003
350,-0.32742,-0.25700829999999997,-0.38295300000000004,-0.20676579999999997,-0.3497986999999999,-0.23716120000000002
351,-0.3275069,-0.25780470000000005,-0.3744159000000001,-0.21162699999999995,-0.3476455,-0.2381775
352,-0.3206696,-0.2578035,-0.36876229999999993,-0.21501009999999998,-0.3511672,-0.2313981
353,-0.30459463636363626,-0.2561897272727272,-0.3677410909090909,-0.21538472727272728,-0.34781590909090915,-0.22858627272727272
354,-0.3094544,-0.2570952,-0.36508759999999996,-0.212744,-0.33862020000000004,-0.234204
355,-0.3101228000000001,-0.2554198,-0.36560960000000003,-0.21325059999999998,-0.33631900000000003,-0.2357788
356,-0.31015409090909096,-0.25671927272727274,-0.3661706363636364,-0.21393399999999999,-0.3360167272727273,-0.2373005454545455
357,-0.3101805,-0.26008289999999995,-0.3690719,-0.21459489999999998,-0.34036710000000003,-0.23659360000000002
358,-0.3195799999999999,-0.26629040000000004,-0.3723936,-0.20080879999999998,-0.3510742,-0.2277526
359,-0.31857579999999996,-0.2698212,-0.37174060000000003,-0.20647880000000002,-0.3451657999999999,-0.23869920000000003
360,-0.24362949999999994,-0.2713685,-0.2884781,-0.21373159999999997,-0.2717648999999999,-0.2348284
361,-0.08660467272727272,-0.2666099090909091,-0.08598463636363636,-0.2398514545454546,-0.08545052727272728,-0.25415163636363636
362,-0.06943970000000001,-0.2626496,-0.054162600000000005,-0.2413544,-0.06799622,-0.2603942
363,-0.06296995999999999,-0.2576872,-0.051068100000000005,-0.23256219999999997,-0.05534362,-0.24194040000000006
364,-0.05243836,-0.25464030000000004,-0.050231950000000004,-0.2219757,-0.05177307,-0.23791349999999997
365,-0.029898059999999994,-0.2558746,-0.024511739999999997,-0.20521219999999998,-0.028646859999999996,-0.2451782
366,-0.03525542,-0.2564239,-0.02417908,-0.20926679999999998,-0.03274229,-0.245227
367,-0.035777279999999995,-0.2572648,-0.025256360000000005,-0.21233850000000004,-0.030677790000000003,-0.2355775
368,-0.029406735999999996,-0.25728759999999995,-0.020983888,-0.21029980000000004,-0.024740599999999995,-0.22989499999999996
369,-0.010818494000000001,-0.26084279999999993,-0.010260008000000001,-0.21660759999999998,-0.010644530000000001,-0.23458260000000003
370,-0.006453081818181819,-0.2619308181818182,-0.01133589818181818,-0.21535,-0.00952008363636364,-0.23386190909090906
371,-0.0048339839999999995,-0.26329639999999993,-0.008157349999999999,-0.2162902,-0.006561277999999999,-0.2388672
372,-0.0006367075090909092,-0.26469836363636373,-0.007078691818181817,-0.21623790909090906,-0.003933991818181818,-0.2399166363636363
373,-0.006082153600000001,-0.25332639999999995,-0.013732896,-0.2187316,-0.009686268000000001,-0.23666360000000003
374,-0.0088562,-0.2528656,-0.0209198,-0.2149688,-0.015310660000000004,-0.23205879999999998
375,-0.008737184,-0.2527376,-0.020397939999999996,-0.21224059999999997,-0.014648439999999999,-0.2322844
376,-0.008782960000000003,-0.2541168,-0.019693,-0.21268000000000004,-0.014614859999999999,-0.2320128
377,-0.008578215454545457,-0.25481354545454543,-0.016430936363636357,-0.21355763636363634,-0.01320160909090909,-0.2305989090909091
378,-0.012030019999999999,-0.2570006,-0.01526188,-0.21457540000000003,-0.014083879999999998,-0.2302794
379,-0.012768560000000002,-0.25585939999999996,-0.014569080000000002,-0.21510919999999997,-0.01379088,-0.2328278
380,-0.01291196,-0.255945,-0.01322022,-0.21562199999999998,-0.013049300000000003,-0.2369352
381,-0.010778254545454545,-0.2538438181818182,-0.013791145454545455,-0.2151642727272727,-0.01213488181818182,-0.23629909090909093
382,-0.010342399999999998,-0.25606680000000004,-0.016653420000000002,-0.21535640000000003,-0.013314820000000002,-0.23691680000000007
383,-0.01013184,-0.25648820000000006,-0.01564026,-0.215402,-0.01285094,-0.23611759999999998
384,-0.011328100000000002,-0.256287,-0.014575200000000002,-0.2157594,-0.01307374,-0.23464060000000003
385,-0.013725963636363636,-0.2529698181818182,-0.013978436363636364,-0.21607563636363636,-0.013885472727272726,-0.23342190909090907
386,-0.014117420000000002,-0.25132459999999995,-0.014282240000000002,-0.21608579999999997,-0.014233420000000002,-0.23054500000000006
387,-0.01290282,-0.2512208,-0.01323242,-0.2163238,-0.013107299999999999,-0.2299318
388,-0.012824345454545454,-0.25362599999999996,-0.0152685,-0.215637,-0.0140159,-0.23506163636363642
389,-0.010459042222222223,-0.25278755555555554,-0.013532826666666668,-0.21788022222222225,-0.011876440000000002,-0.23680966666666667
390,-0.0039173490909090915,-0.25543636363636363,-0.005201860909090909,-0.216421,-0.004441696363636363,-0.23568454545454542
391,-0.007785032,-0.2577028,-0.007843016,-0.2155366,-0.007772828000000001,-0.2366394
392,-0.008671155454545455,-0.2548342727272727,-0.009158047272727274,-0.21578681818181816,-0.008895873636363636,-0.23620745454545455
393,-0.010032647,-0.2545577,-0.010685746000000001,-0.21687189999999998,-0.010389706999999998,-0.2340697
394,-0.012496951999999999,-0.2544328,-0.010475149999999997,-0.2167571,-0.011430360000000002,-0.23420859999999993
395,-0.012959309999999996,-0.2532519,-0.008819580999999998,-0.21756730000000002,-0.010652169999999999,-0.2335097
396,-0.014059460000000001,-0.2535217,-0.007878114,-0.2186997,-0.010801690000000001,-0.2349793
397,-0.01696168,-0.2524628,-0.007885741999999998,-0.2186798,-0.0128662,-0.23723139999999998
398,-0.017447727272727274,-0.2512665454545454,-0.008321587272727273,-0.21405327272727276,-0.013412472727272728,-0.23480109090909088
399,-0.01647949,-0.25143580000000004,-0.007653807,-0.21254859999999995,-0.01204834,-0.23192909999999997
400,-0.01387939,-0.25171479999999996,-0.007171628999999999,-0.2127808,-0.01066743,-0.2331267
401,-0.012828059999999999,-0.252394,-0.006642151000000001,-0.21439499999999997,-0.010067751,-0.2354371
402,-0.013327039999999998,-0.25151660000000003,-0.0068847640000000015,-0.21648879999999998,-0.010137956,-0.23423160000000004
403,-0.013076790909090908,-0.24919554545454548,-0.008586536363636363,-0.21610736363636365,-0.010935000000000002,-0.2334067272727273
404,-0.012110388888888888,-0.24951166666666666,-0.00930786,-0.21482833333333332,-0.010703191111111112,-0.23197111111111107
405,-0.012745263636363635,-0.2505451818181818,-0.00997647,-0.21517099999999997,-0.011277618181818182,-0.2318449090909091
406,-0.01345368,-0.25193610000000005,-0.009474184,-0.2152923,-0.0116501,-0.23513949999999997
407,-0.012817379999999998,-0.25135199999999996,-0.007455446,-0.2143616,-0.010317990000000003,-0.23424079999999997
408,-0.01175842,-0.25127560000000004,-0.008724974,-0.2113798,-0.01025086,-0.231378
409,-0.011041247999999998,-0.2519562,-0.009490967999999999,-0.2095948,-0.010229503999999999,-0.2291076
410,0.05623138545454545,-0.25493963636363637,0.046809796363636365,-0.2197529090909091,0.050199972727272724,-0.23350372727272728
411,0.26703170000000004,-0.26750640000000003,0.23501130000000003,-0.22873849999999996,0.25370009999999993,-0.25355829999999996
412,0.3035277,-0.2637161,0.2749983,-0.23479159999999996,0.2990324999999999,-0.2603776
413,0.26608880000000007,-0.25931719999999997,0.25465400000000005,-0.22398979999999996,0.26478880000000005,-0.25632020000000005
414,0.227152,-0.2592578181818182,0.24923427272727275,-0.22629199999999997,0.23142172727272728,-0.2537607272727273
415,0.26723470000000005,-0.2578094,0.2675674,-0.23071129999999998,0.26811830000000003,-0.25124219999999997
416,0.2889252,-0.2412214,0.2792465,-0.2370834,0.28844440000000005,-0.2409941
417,0.3019716,-0.2405852,0.285974,-0.23895869999999997,0.2950012000000001,-0.23964660000000002
418,0.29427190000000003,-0.24504400000000004,0.2901763,-0.2256257,0.29279179999999994,-0.23750149999999998
419,0.2959138,-0.248001,0.28553759999999995,-0.22620259999999998,0.29100660000000006,-0.23746640000000002
420,0.29601019999999995,-0.2512633,0.2838777,-0.2201172,0.28951859999999996,-0.2344911
421,0.2971385454545455,-0.2512596363636364,0.2903331818181818,-0.21705763636363634,0.29367499999999996,-0.23360654545454548
422,0.30209800000000003,-0.254399,0.295076,-0.21535159999999998,0.29849269999999994,-0.23409440000000004
423,0.3107605,-0.25804130000000003,0.2800401,-0.22432549999999996,0.2937408,-0.23940749999999994
424,0.30444820000000006,-0.26205,0.2750823,-0.2225708,0.2871950000000001,-0.2385757
425,0.3038863,-0.2608186,0.27826550000000005,-0.21940020000000002,0.29025120000000004,-0.23865980000000003
426,0.30524130000000005,-0.26275329999999997,0.28093120000000005,-0.223157,0.2929459,-0.2426133
427,0.30913099999999993,-0.26337560000000004,0.28205859999999994,-0.2244354,0.296274,-0.244821
428,0.31535609090909095,-0.26434318181818184,0.2834473636363637,-0.22461627272727272,0.29715654545454545,-0.24162836363636364
429,0.3166413,-0.25969549999999997,0.28433830000000004,-0.22478480000000003,0.2974702000000001,-0.23893590000000003
430,0.31790863636363637,-0.2599194545454545,0.28803618181818186,-0.2239949090909091,0.3008490909090909,-0.23928963636363632
431,0.3203505,-0.2592086,0.2877717000000001,-0.22281179999999998,0.2998978,-0.23634820000000004
432,0.3234176999999999,-0.2598801,0.2876205,-0.22455299999999995,0.29861750000000004,-0.23535000000000003
433,0.3182786,-0.2694074999999999,0.28807979999999994,-0.22921740000000002,0.3018737,-0.24761819999999996
434,0.3185828181818182,-0.2720862727272727,0.28624927272727274,-0.22985554545454548,0.3034598181818182,-0.2522207272727272
435,0.3188205555555556,-0.27019088888888887,0.28153666666666666,-0.22452966666666663,0.30162888888888895,-0.24908777777777782
436,0.31894710000000004,-0.2679228,0.2786361,-0.21921989999999997,0.3000047,-0.24497530000000003
437,0.31775830000000005,-0.26635749999999997,0.27782140000000005,-0.219197,0.2981597,-0.24314730000000004
438,0.31567059999999997,-0.26379519999999995,0.2801161,-0.2196702,0.2959014,-0.23925939999999996
439,0.31069236363636366,-0.26432372727272724,0.2793537272727273,-0.21752654545454544,0.28947300000000004,-0.23255772727272728
440,0.31226433333333337,-0.26863766666666666,0.28302177777777776,-0.22201355555555552,0.29067111111111116,-0.23438366666666666
441,0.3151413636363636,-0.2746513636363636,0.28343190909090904,-0.21749045454545454,0.2962673636363637,-0.2404063636363636
442,0.3171278,-0.2727876,0.2847015,-0.2170881,0.30102840000000003,-0.24497529999999998
443,0.31883518181818177,-0.2723791818181818,0.2866807272727273,-0.2152278181818182,0.3033668181818182,-0.24468572727272725
444,0.3196517,-0.27265459999999997,0.2870545,-0.21449740000000003,0.30363939999999995,-0.2438828
445,0.318457,-0.27240609999999993,0.28708049999999996,-0.213504,0.30168009999999995,-0.2407149
446,0.31769100000000006,-0.27137,0.28676889999999994,-0.21333929999999998,0.3015898999999999,-0.2409239
447,0.31722419999999996,-0.2707581,0.2866303,-0.2131958,0.3001999,-0.23851779999999997
448,0.31812218181818186,-0.2693898181818182,0.28607727272727274,-0.21422490909090908,0.30057745454545465,-0.2390288181818182
449,0.31855600000000006,-0.2688843,0.28610240000000003,-0.21511219999999995,0.30261820000000006,-0.24234940000000002
450,0.3185869,-0.2702729,0.28642880000000004,-0.21449569999999998,0.3033553,-0.24365980000000004
451,0.32059170000000003,-0.2703811,0.2858598,-0.21183010000000002,0.3036468,-0.24161089999999996
452,0.3195178181818182,-0.2711002727272727,0.2850882727272727,-0.21042427272727268,0.3041824545454545,-0.24386600000000003
453,0.31809239999999994,-0.2704634,0.28260490000000005,-0.2133377,0.3013625999999999,-0.24342799999999998
454,0.31684877777777776,-0.2685838888888889,0.2810972222222222,-0.21390277777777772,0.3003233333333333,-0.24317422222222224
455,0.32170936363636365,-0.2637287272727273,0.2901334545454546,-0.2148549090909091,0.30803190909090916,-0.24240390909090911
456,0.3185563,-0.2617004,0.28726039999999997,-0.21108840000000004,0.3052598,-0.24003759999999996
457,0.3176574,-0.2613909,0.28709250000000003,-0.2117998,0.3037978,-0.23875280000000004
458,0.31726209999999994,-0.2616058,0.2849165,-0.21275499999999997,0.3025683,-0.2393205
459,0.3128743636363636,-0.26314609090909086,0.2853866363636364,-0.21267563636363637,0.30102372727272725,-0.2411319090909091
460,0.28048436363636364,-0.25669836363636367,0.28723990909090913,-0.2124579090909091,0.2846068181818182,-0.234407
461,0.2967729,-0.1423781,0.31613640000000004,-0.08667458,0.3017546,-0.11765126
462,0.28552370000000005,-0.1207703,0.30990419999999996,-0.05565034,0.29207459999999996,-0.10303064000000002
463,0.2829424545454546,-0.11263625454545453,0.30686118181818184,-0.050206963636363636,0.3001361818181818,-0.06987969999999999
464,0.28352510000000003,-0.10867610000000001,0.3061814,-0.04670868,0.2950869,-0.07754820999999998
465,0.28697190909090914,-0.10007963636363636,0.313851,-0.043426527272727285,0.3008352727272727,-0.07131679090909092
466,0.2872634,-0.10238966999999999,0.316005,-0.04959563000000001,0.3014651,-0.07660672999999998
467,0.28558960000000005,-0.09935461000000001,0.31479650000000003,-0.04722443,0.2996215,-0.07458952
468,0.28437809090909094,-0.10873000000000001,0.3117827272727273,-0.05703735454545455,0.29501063636363634,-0.08871862727272727
469,0.2864446666666667,-0.11457322222222222,0.3061404444444444,-0.0648024,0.29105133333333333,-0.10265622222222222
470,0.2833496999999999,-0.11649470000000002,0.3102524,-0.06634368000000002,0.29367069999999995,-0.09755713000000002
471,0.2837386363636364,-0.11843454545454545,0.31075909090909093,-0.06706654545454545,0.29656699999999997,-0.0943298363636364
472,0.28237009999999996,-0.1205155,0.3115066,-0.06643525000000002,0.2958423,-0.09581298999999999
473,0.28196560000000004,-0.1216294,0.31173239999999997,-0.06834259999999999,0.29549729999999996,-0.09767761000000001
474,0.28175829999999996,-0.1213563,0.3107069,-0.06996462,0.29448389999999997,-0.09904032000000002
475,0.28130179999999994,-0.1230164,0.3090988,-0.07056882,0.29296869999999997,-0.1012982
476,0.2800861,-0.12431629999999998,0.3083405000000001,-0.07070772,0.29210020000000003,-0.1018616
477,0.2794855454545455,-0.12207727272727274,0.3062149090909091,-0.07044984545454545,0.28878645454545454,-0.10437563636363638
478,0.2800721,-0.12018409999999999,0.30551779999999995,-0.07170107,0.290593,-0.10036329000000002
479,0.280866,-0.11911018181818181,0.30438654545454547,-0.07271921818181819,0.29121945454545456,-0.09894073636363636
480,0.2810288999999999,-0.1193954,0.301785,-0.07300263,0.2888016,-0.10227212999999999
481,0.28062739999999997,-0.12060539999999997,0.30135939999999994,-0.07525024,0.2891007,-0.10229050000000002
482,0.2822036,-0.1220092,0.30171509999999996,-0.07566986,0.2901367,-0.10339500000000001
483,0.28276840000000003,-0.12213769999999999,0.3023788,-0.07546997000000001,0.2894376000000001,-0.10649270000000002
484,0.2822445454545454,-0.12278054545454546,0.30057318181818177,-0.07429088181818183,0.28777545454545456,-0.1084550909090909
485,0.2819427,-0.1222581,0.29932250000000005,-0.07310027,0.2863664,-0.11007850000000001
486,0.3001267000000001,-0.1188446,0.31503289999999995,-0.07093201,0.3024356,-0.111519
487,0.2993371818181818,-0.11821118181818178,0.31232245454545454,-0.06820124545454546,0.30308109090909097,-0.10389445454545454
488,0.29899899999999996,-0.11906439999999999,0.3112883999999999,-0.07026980000000001,0.3048402,-0.09626464000000001
489,0.29863559999999995,-0.11787569999999999,0.31130680000000005,-0.0716263,0.30431529999999996,-0.09749756
490,0.29374849999999997,-0.11718450000000002,0.31120139999999996,-0.07180328999999999,0.3008911,-0.0988007
491,0.2894806,-0.11772149999999999,0.3134749,-0.07281189,0.2986283,-0.10074767999999998
492,0.28734269999999995,-0.11828000000000001,0.31280349999999996,-0.07297363999999999,0.29584669999999996,-0.10334650000000001
493,0.28578718181818186,-0.11791854545454546,0.3120242727272727,-0.07275112727272727,0.29562954545454545,-0.10130723636363635
494,0.2841188,-0.11876500000000001,0.30677180000000004,-0.07252501999999998,0.29218740000000004,-0.10255739999999999
495,0.28422840000000005,-0.11775810000000002,0.3024461,-0.07237699,0.2900314,-0.10351270000000001
496,0.28376330000000005,-0.11925369999999999,0.3017579,-0.07445831,0.290413,-0.10289770000000001
497,0.28507154545454544,-0.11902136363636365,0.3018022727272727,-0.07622458181818181,0.2916093636363636,-0.102528
498,0.28660589999999997,-0.120157,0.30594489999999996,-0.07636872,0.29479059999999996,-0.10182799999999999
499,0.2880964000000001,-0.12066500000000002,0.3043868,-0.07590945000000002,0.29519339999999994,-0.1014373
500,0.28995380000000004,-0.1212463,0.3055191,-0.07761233,0.29677129999999996,-0.10242309999999999
501,0.28974218181818184,-0.11810290909090906,0.3073104545454545,-0.07877974545454546,0.2964532727272728,-0.1031770909090909
502,0.293335,-0.12653810000000001,0.3084854,-0.08152619,0.29938660000000006,-0.10875699999999999
503,0.2963991,-0.1279738,0.3105866,-0.08013916000000001,0.3030287,-0.10594329999999999
504,0.29653650000000004,-0.12472069999999999,0.3104446,-0.07918855,0.3030289,-0.1037946
505,0.2935455,-0.1259691,0.30961579999999994,-0.07386931999999999,0.30115179999999997,-0.10166470000000001
506,0.2896561999999999,-0.12421439999999999,0.3099638,-0.07178651000000001,0.29898060000000004,-0.10042261999999999
507,0.28987118181818183,-0.12343799999999999,0.3104997272727273,-0.07073419090909092,0.2973674545454545,-0.10464456363636362
508,0.2936813,-0.12165669999999999,0.3101212,-0.07451780999999999,0.3003586,-0.1028702
509,0.28662540000000003,-0.08290096,0.3050415000000001,-0.03717955400000001,0.29803180000000007,-0.056118768
510,0.270381,0.006460573999999999,0.2951509,0.05167541,0.2908752,0.04357756
511,0.2723721818181818,0.007017656363636365,0.297352090909091,0.061570609090909084,0.2852810909090909,0.03476090909090909
512,0.2704192000000001,0.009326178000000001,0.2968382,0.06103516000000001,0.28367919999999996,0.03526916
513,0.27193149999999994,0.019410715999999998,0.2992096,0.08966679999999999,0.281279,0.03942109
514,0.311226,0.07401732,0.3023315999999999,0.12189799999999999,0.31049509999999997,0.07832031
515,0.3157126363636364,0.0706884,0.30540736363636367,0.1199908181818182,0.31123072727272727,0.09263057272727272
516,0.31199020000000005,0.07129516,0.30786120000000006,0.1178986,0.310083,0.09396969999999998
517,0.3123914,0.07024992999999999,0.3097809,0.1171268,0.31131159999999997,0.0913635
518,0.3031365454545455,0.05998507272727272,0.30729672727272733,0.09674907272727272,0.304736090909091,0.0777019
519,0.27285460000000006,0.029238880000000002,0.2984772,0.08474428,0.27905579999999996,0.042752080000000005
520,0.2682373,0.028082260000000005,0.297623,0.08487242999999997,0.2765409,0.04385528
521,0.2665682000000001,0.0267029,0.30039059999999995,0.08432008,0.2777496,0.0455017
522,0.2676972000000001,0.026065059999999994,0.3011259999999999,0.08503114,0.2792786,0.04627382
523,0.2671005,0.02480162,0.2998352,0.08493195999999999,0.28093409999999996,0.04999083
524,0.2680555,0.02177584,0.2993167,0.08435976,0.282808,0.05101319000000001
525,0.26880154545454543,0.018846018181818185,0.2994967272727273,0.08318954545454545,0.280329,0.04269131818181818
526,0.2701264,0.018676780000000004,0.3010376,0.07711791999999999,0.2814332,0.039807119999999994
527,0.2728484,0.019631959999999997,0.3009032,0.07637940000000001,0.2871428,0.04827880000000001
528,0.27052572727272733,0.018796054545454546,0.30120272727272723,0.07525636363636364,0.2854461818181818,0.045985845454545454
529,0.26945949999999996,0.01952056,0.2973252,0.07725218000000002,0.2814451,0.044062809999999994
530,0.26964679999999996,0.019342039999999998,0.2972290000000001,0.07971495999999999,0.28166199999999997,0.04533998
531,0.2684127,0.01955566,0.2947326,0.07992247000000001,0.2796599000000001,0.045048529999999996
532,0.26816539999999994,0.019082659999999998,0.29382949999999997,0.08327335,0.27865149999999994,0.04493102
533,0.2679093,0.01833952,0.2945312,0.08371430000000002,0.2769439,0.04022826000000001
534,0.2671967,0.019184899999999998,0.29372410000000004,0.08311463999999999,0.27420490000000003,0.03576815000000001
535,0.26722309090909097,0.021302654545454547,0.29242645454545446,0.08547140909090908,0.27365672727272733,0.037385409090909094
536,0.2670532,0.0197815,0.29156499999999996,0.08684692000000001,0.27444440000000003,0.039633180000000004
537,0.266594,0.02003024,0.2979324,0.08201905000000001,0.2757126,0.03789062
538,0.26770000000000005,0.018267819999999997,0.29749760000000003,0.07721861999999999,0.2752776,0.03309324
539,0.26700740000000006,0.0204132,0.29402779999999995,0.07738952,0.27758479999999996,0.04243774
540,0.26659133333333335,0.02053323333333333,0.29406233333333337,0.07802326666666666,0.2787013333333333,0.045608499999999996
