0,0.0377655,-0.247955,0.032074,-0.206787,0.0352173,-0.229568
1,-0.0346069,-0.0682373,-0.0204315,-0.0497131,-0.0274353,-0.0588684
2,-0.03316039999999999,-0.06765746,-0.0198822,-0.04972533999999999,-0.026361100000000005,-0.05848084
3,-0.0302429375,-0.068264025,-0.019145987499999996,-0.05055997500000001,-0.024799349999999998,-0.059564575
4,0.10119628,-0.028234870000000002,0.09561444999999999,0.0005935880000000019,0.09932551,-0.023593129999999997
5,0.2155154,0.006004324,0.21204359999999997,0.03979493,0.21472790000000003,0.018324273000000002
6,0.21486472727272732,0.007913764545454545,0.21780809090909087,0.042372272727272724,0.2157481818181818,0.02030110727272727
7,0.2116651111111111,0.006181505555555556,0.21638811111111114,0.04041375555555555,0.2137333333333333,0.020238233333333334
8,0.209729,0.005557249,0.2109038,0.03762206,0.21016700000000005,0.017523180000000003
9,0.2046418,0.004116822000000001,0.21254899999999996,0.036770620000000004,0.2087068,0.0205719
10,0.2050844,0.0005889883999999997,0.22049259999999998,0.039511099999999987,0.21321099999999998,0.020962539999999995
11,0.16925659999999998,-0.007940673999999998,0.1724426,0.02013548,0.17282099999999997,0.0122009058
12,0.08215214545454547,-0.04141098181818181,0.09995867272727271,-0.023129554545454546,0.09995867272727271,-0.02313231818181818
13,0.02592468,-0.07285156000000001,0.03561706,-0.057986460000000004,0.035372919999999995,-0.05955809999999999
14,0.017611699999999997,-0.08343503999999999,0.029092399999999997,-0.04827272,0.01975402,-0.07600402
15,0.014929219999999998,-0.0809204,0.03270874000000001,-0.05028382,0.025769039999999993,-0.062170399999999994
16,-0.0033111480000000007,-0.09790944000000001,0.007185348000000001,-0.06585846,0.0022277979999999987,-0.08151404
17,-0.013223244,-0.1078522,-0.005599976000000001,-0.0768921,-0.00746155,-0.08518983999999999
18,-0.015740130909090908,-0.10497081818181818,-0.008442274545454546,-0.07041931818181818,-0.01181306909090909,-0.08621768181818182
19,-0.012030040000000002,-0.10671679999999999,-0.010379018,-0.07443236,-0.0111542,-0.08959044
20,-0.01185914,-0.10842580000000002,-0.01094358,-0.07741393999999999,-0.01141054,-0.09313355999999999
21,-0.012663418181818181,-0.11772027272727272,-0.015014672727272728,-0.0887298909090909,-0.01398120909090909,-0.1026669
22,-0.012814340000000002,-0.1226823,-0.01309661,-0.09215852000000001,-0.01298981,-0.10225820000000001
23,-0.01203308,-0.1260558,-0.01237792,-0.09282836,-0.012207039999999999,-0.1078066
24,-0.01199646,-0.12641300000000003,-0.01487122,-0.09337157999999998,-0.013366719999999999,-0.11056220000000001
25,-0.012213956363636364,-0.12599036363636362,-0.019732363636363635,-0.09672956363636365,-0.016064727272727272,-0.11101754545454547
26,-0.01151124,-0.1270568,-0.02798158,-0.09225465999999999,-0.01966856,-0.10976559999999999
27,-0.012066918181818181,-0.12781900000000002,-0.02659469090909091,-0.09394420909090907,-0.019607545454545454,-0.11022272727272728
28,-0.01279603,-0.1276658,-0.02613067,-0.09385375,-0.019656359999999998,-0.11037140000000001
29,-0.01499174,-0.1270796,-0.02529144,-0.09405365000000002,-0.019839489999999998,-0.11159520000000003
30,-0.016357439999999997,-0.1254698,-0.02512206,-0.09336852,-0.0205383,-0.11017480000000002
31,-0.01411133,-0.1252014,-0.02385864,-0.10149523999999999,-0.018640164,-0.1142884
32,-0.013888540000000001,-0.1247194,-0.019775380000000002,-0.0956787,-0.01548156,-0.1173036
33,-0.014749140000000003,-0.12399900000000001,-0.01846922,-0.09678343999999998,-0.01610108,-0.11388859999999998
34,-0.014634545454545456,-0.12359209090909089,-0.019227463636363632,-0.09407180000000002,-0.01672778181818182,-0.11017136363636362
35,-0.01455078,-0.1225862,-0.0212677,-0.09444580000000002,-0.01796264,-0.10840139999999998
36,-0.016934481818181815,-0.12418727272727272,-0.02409641818181818,-0.09309388181818182,-0.020609081818181815,-0.10828054545454546
37,-0.0184733,-0.12686155555555556,-0.024176711111111113,-0.09561156666666666,-0.021430133333333334,-0.11073977777777776
38,-0.018456200000000002,-0.12680454545454548,-0.02438357272727272,-0.09469743636363635,-0.021494100000000002,-0.11039327272727273
39,-0.017340079999999997,-0.1282776,-0.023477179999999993,-0.09682008,-0.020272820000000004,-0.11326899999999998
40,-0.01637268,-0.129422,-0.024050900000000004,-0.09749756,-0.019830320000000002,-0.11507579999999998
41,-0.015232427272727268,-0.13204536363636366,-0.023505472727272724,-0.09814455454545454,-0.019030472727272728,-0.11650363636363638
42,-0.016771133333333334,-0.132821,-0.023413777777777776,-0.0987091,-0.02023823333333333,-0.11501066666666666
43,-0.01813659,-0.12838139999999998,-0.025096139999999996,-0.09900054,-0.021122739999999997,-0.11576100000000003
44,-0.01803895,-0.1270767,-0.02476656,-0.09733125999999999,-0.020613089999999994,-0.1157182
45,-0.018022000000000007,-0.12689081818181816,-0.024473709090909092,-0.09714578181818183,-0.02126936363636364,-0.11188436363636362
46,-0.017865,-0.12611060000000002,-0.022789009999999995,-0.09713136000000001,-0.020315549999999998,-0.11174930000000001
47,-0.01791078,-0.12776460000000003,-0.022158820000000003,-0.09696044,-0.01990356,-0.11332719999999999
48,-0.018990245454545456,-0.127852,-0.022201536363636365,-0.09884505454545454,-0.020523063636363633,-0.11404836363636366
49,-0.021806319999999997,-0.12926790000000002,-0.022267159999999998,-0.09532165000000001,-0.022015379999999998,-0.1139632
50,-0.022351080000000002,-0.12966629999999996,-0.02407987,-0.09275971000000001,-0.02314452,-0.11266779999999998
51,-0.02221985,-0.130519,-0.024086009999999998,-0.09253995999999998,-0.02301331,-0.1143583
52,-0.021063259999999997,-0.1304594,-0.02434692,-0.0931427,-0.02231752,-0.1160158
53,-0.019145627272727273,-0.129188,-0.025885845454545454,-0.09219085454545456,-0.021882490909090908,-0.11434090909090909
54,-0.01751707,-0.12717119999999998,-0.025558490000000007,-0.09183962999999999,-0.021170039999999994,-0.1110565
55,-0.019296260000000003,-0.1262604,-0.025726320000000004,-0.09345701999999999,-0.022378540000000002,-0.1107024
56,-0.021064045454545457,-0.12455472727272726,-0.02266761818181818,-0.09402604545454545,-0.021813127272727273,-0.11058854545454544
57,-0.019671630000000002,-0.1277939,-0.022445680000000003,-0.09347839999999999,-0.020913679999999997,-0.1125015
58,-0.019334410000000003,-0.12780149999999998,-0.021598799999999998,-0.09474639,-0.020266720000000002,-0.1143236
59,-0.0183838,-0.12820420000000002,-0.022946159999999997,-0.09455264000000001,-0.02041322,-0.1132782
60,-0.01739914545454545,-0.12747472727272727,-0.021588418181818184,-0.09391785454545457,-0.01939670909090909,-0.11144727272727274
61,-0.011350994,-0.12579639999999997,-0.018348663999999997,-0.09535217,-0.014372260000000003,-0.11262799999999999
62,-0.01178588,-0.12712550000000003,-0.023503089999999997,-0.09599609,-0.01673737,-0.11397549999999998
63,-0.012341320000000003,-0.1255889,-0.02190858,-0.09588319,-0.016363529999999998,-0.1131345
64,-0.009940398181818183,-0.12652854545454548,-0.021051563636363638,-0.09643417272727271,-0.015164436363636364,-0.112385
65,-0.01118978888888889,-0.12752288888888888,-0.0205858,-0.09809876666666667,-0.015784355555555556,-0.11315566666666665
66,-0.01430858181818182,-0.12903945454545454,-0.023071263636363637,-0.09269158181818184,-0.017952654545454548,-0.11373354545454548
67,-0.016015609999999996,-0.12827919999999998,-0.023963929999999998,-0.09165953,-0.019015499999999998,-0.11444080000000001
68,-0.016188059999999997,-0.12530660000000002,-0.02463532,-0.09428251999999998,-0.019700619999999995,-0.1124832
69,-0.01637574,-0.12525019999999998,-0.024819940000000006,-0.09390258000000001,-0.020068380000000004,-0.11157239999999999
70,-0.01578674,-0.12476500000000001,-0.024911480000000003,-0.0920868,-0.01992796,-0.1099732
71,-0.01575818181818182,-0.12428699999999998,-0.023458309090909093,-0.08974388181818181,-0.01895001818181818,-0.110081
72,-0.016137022222222224,-0.12342677777777777,-0.023449377777777777,-0.08914523333333334,-0.01895311111111111,-0.11024455555555555
73,-0.015824745454545455,-0.12322309090909091,-0.022279199999999996,-0.08954969090909091,-0.01838960909090909,-0.10994645454545453
74,-0.016540529999999998,-0.12210399999999999,-0.022950750000000002,-0.08713836999999999,-0.01919402,-0.10763859999999999
75,-0.016383360000000003,-0.12125730000000001,-0.02452393,-0.08759153,-0.019784569999999994,-0.1072218
76,-0.01642609,-0.11992010000000002,-0.0245926,-0.0860321,-0.019966139999999997,-0.1052521
77,-0.016369639999999998,-0.1196671,-0.02514497,-0.08568574999999998,-0.02043001,-0.1040283
78,-0.017526800000000006,-0.11874254545454545,-0.02200040909090909,-0.08446157272727273,-0.01969219090909091,-0.10230890909090908
79,-0.01819611,-0.11940619999999998,-0.019805910000000003,-0.08288117,-0.01893768,-0.1028306
80,-0.018164049999999998,-0.11880199999999999,-0.01840668,-0.08179017000000001,-0.01825865,-0.10229659999999999
81,-0.01775150909090909,-0.11898381818181818,-0.01820510909090909,-0.08213250909090909,-0.017983172727272727,-0.10023643636363638
82,-0.019078059999999997,-0.1204376,-0.0197937,-0.08106232,-0.0194153,-0.1008086
83,-0.019375610000000005,-0.12256610000000001,-0.02123415,-0.0800247,-0.02026061,-0.1023544
84,-0.019565945454545455,-0.121224,-0.022238981818181822,-0.08059831818181819,-0.020753327272727277,-0.10299681818181818
85,-0.019732660000000003,-0.12077200000000002,-0.025505089999999998,-0.08068389000000001,-0.0219284,-0.105629
86,-0.01933288,-0.12045900000000002,-0.026068149999999995,-0.08014985,-0.02227174,-0.10288839999999999
87,-0.01980036363636364,-0.11958445454545456,-0.02624095454545455,-0.08131963636363636,-0.022610745454545455,-0.10291099999999999
88,-0.019888299999999998,-0.11936499999999999,-0.02536927,-0.08571778999999999,-0.02219236,-0.1052383
89,-0.019393909999999997,-0.12036430000000001,-0.024815370000000003,-0.08662718999999999,-0.021681199999999998,-0.106192
90,-0.01818846,-0.12075349999999999,-0.026045219999999997,-0.08701781,-0.0215561,-0.1063125
91,-0.012893680363636362,-0.12259881818181818,-0.020961418181818185,-0.08793085454545456,-0.016512774545454547,-0.10736763636363636
92,-0.01143493,-0.1233611,-0.01569978,-0.08581543,-0.01309051,-0.10952179999999997
93,-0.010632572727272728,-0.12218527272727271,-0.016774972727272724,-0.08435751818181819,-0.013505409090909089,-0.10452972727272726
94,-0.010742190000000002,-0.12371209999999999,-0.01929322,-0.08526763,-0.014762880000000003,-0.1056837
95,-0.01088105,-0.1238115,-0.02173004,-0.08789523,-0.01623995,-0.10610800000000001
96,-0.012028509999999997,-0.1235827,-0.022433459999999995,-0.08907319,-0.01692506,-0.1074068
97,-0.01260987,-0.1227601,-0.022560089999999998,-0.08958130999999998,-0.01700743,-0.1081345
98,-0.01434633,-0.12288830000000002,-0.022596739999999997,-0.08482210000000001,-0.0177414,-0.10728619999999997
99,-0.01436962727272727,-0.12376954545454545,-0.018151009090909095,-0.0874744909090909,-0.016139636363636363,-0.10662845454545454
100,-0.015232850000000001,-0.12389230000000002,-0.01588134,-0.08777924000000001,-0.015562429999999999,-0.10564710000000002
101,-0.013674663636363634,-0.12447427272727273,-0.01598983636363636,-0.08757852727272727,-0.014758018181818183,-0.10699900000000001
102,-0.011627220000000002,-0.1244934,-0.017623889999999996,-0.08834687,-0.014150980000000002,-0.1092606
103,-0.01211089,-0.1252229,-0.02000581,-0.09063417999999998,-0.01528931,-0.11143960000000001
104,-0.012518290000000001,-0.1255232,-0.020130920000000004,-0.09012909,-0.015550239999999996,-0.1114458
105,-0.014881900000000003,-0.1239001,-0.019413780000000002,-0.08660581,-0.01689298,-0.10719769999999999
106,-0.01914521,-0.12525159999999996,-0.02545167,-0.08087462000000001,-0.022140510000000002,-0.10417029999999998
107,-0.016554250000000003,-0.1267378,-0.026123039999999997,-0.08168181999999999,-0.02108611,-0.1054276
108,-0.01628572,-0.1272201,-0.026109299999999995,-0.08256681000000002,-0.02096407,-0.1060136
109,-0.01558684,-0.12726910000000002,-0.024964909999999996,-0.08292083,-0.019796750000000005,-0.10742369999999998
110,-0.004914856,-0.12438969999999998,-0.015727239999999997,-0.08234711,-0.010047895999999997,-0.10491959
111,0.17892608999999998,-0.0340560414,0.16253800999999998,0.0065582344,0.1762495,-0.02464905
112,0.2611041818181818,0.0022416545454545453,0.2544209090909091,0.04865195454545454,0.2588291818181818,0.017242430909090913
113,0.264289,0.008100725555555556,0.2612287777777778,0.052168111111111116,0.2629835555555556,0.028462720000000004
114,0.29569870000000004,0.0091491652,0.3131012000000001,0.060929860000000016,0.29636239999999997,0.01671753
115,0.3130798181818182,0.02483439090909091,0.32454763636363637,0.08266793636363637,0.31517454545454543,0.028732318181818175
116,0.2838548,0.013186650000000003,0.3247224,0.07978668000000001,0.302495,0.043185409999999994
117,0.29278719999999997,0.016918920000000004,0.3263154,0.08121033999999999,0.3056396,0.04039916999999999
118,0.31817336363636367,0.03407704545454546,0.3249749090909091,0.0827039909090909,0.31953427272727275,0.04336130909090909
119,0.32263919999999996,0.036244189999999996,0.31878949999999995,0.08494262,0.3217393,0.04716644000000001
120,0.29106119999999996,0.020347579999999997,0.3138306999999999,0.08189086000000001,0.2969467,0.03598631
121,0.28351889999999996,0.0170456,0.31448820000000005,0.076445,0.2956239,0.03985291999999999
122,0.28103081818181813,0.013329236363636365,0.31313527272727276,0.07828035454545455,0.2967863636363636,0.04484696363636363
123,0.2825394,0.011532608000000001,0.3165497,0.07823485999999999,0.29918069999999997,0.044036879999999994
124,0.29169544444444445,0.020095811111111108,0.33319588888888885,0.07994930000000001,0.3001235555555556,0.033321811111111106
125,0.288501,0.01758879,0.3336821,0.07946776000000001,0.3007445000000001,0.03434142
126,0.2881241,0.02030945,0.33296339999999996,0.08667906,0.30563640000000003,0.04597778
127,0.2890294545454545,0.020516118181818185,0.3314849090909091,0.08992142727272728,0.30744245454545455,0.050231918181818186
128,0.288292,0.02079163,0.32739740000000006,0.09152832000000001,0.3056748,0.05166014
129,0.28677990000000003,0.022085550000000002,0.3223268,0.09090573,0.2986558,0.044703669999999994
130,0.28455263636363637,0.022082236363636366,0.3149524545454545,0.08759378181818184,0.29420345454545455,0.04253177272727273
131,0.2829314,0.020993039999999998,0.31233220000000006,0.0848999,0.29038719999999996,0.03662718
132,0.2921981,0.016499360000000005,0.30910969999999993,0.08046112999999999,0.2963808,0.03203124
133,0.2942504,0.015075700000000001,0.31052099999999994,0.07958068999999998,0.299475,0.035209670000000005
134,0.2910234,0.019071949999999997,0.31144550000000004,0.08153839,0.29997710000000005,0.0459091
135,0.2884386666666667,0.01929728888888889,0.31433777777777777,0.0830434111111111,0.297833,0.04284160000000001
136,0.2927398,0.022549420000000008,0.33012080000000005,0.09085692000000001,0.29705499999999996,0.030447379999999996
137,0.2954804,0.022624200000000004,0.3288359,0.09023436,0.3038375000000001,0.03939971
138,0.29677130000000007,0.02426909,0.32606349999999995,0.08717498000000001,0.3050202,0.04166869999999999
139,0.2927967000000001,0.023796110000000002,0.3216538,0.08623353,0.3035781,0.04673767000000001
140,0.2835737272727272,0.022265345454545456,0.3197700909090909,0.0845558909090909,0.2995702727272727,0.049471772727272725
141,0.283307,0.02115784,0.3216368,0.08737792000000001,0.2993318,0.048526000000000014
142,0.2831696,0.0209839,0.32039779999999995,0.08761595999999998,0.2970732,0.04558105999999999
143,0.28434119999999996,0.01997072,0.31903360000000003,0.08562622,0.29382319999999995,0.037500000000000006
144,0.28132920000000006,0.019888319999999998,0.3180634,0.08492738000000001,0.2914154,0.0374817
145,0.2801785555555555,0.018888688888888887,0.3169963333333334,0.08198038888888887,0.29439811111111114,0.042943311111111104
146,0.28098918181818183,0.01865041818181818,0.3170719090909091,0.08171773636363634,0.2973951818181818,0.04705394545454545
147,0.2804489,0.019427490000000006,0.3161423,0.08042756999999999,0.2983277000000001,0.049668879999999985
148,0.280603,0.019636510000000003,0.3166776,0.08617554000000001,0.2933426,0.04271087000000001
149,0.2809143,0.0176712,0.31420760000000003,0.08655854,0.2853147,0.026487729999999998
150,0.281436,0.01646424,0.3129518,0.08585203999999999,0.2859346,0.0262787
151,0.2811095,0.015559380000000001,0.3132887,0.08353422999999999,0.293776,0.04182434
152,0.2815841,0.01690675,0.31192159999999997,0.08204651,0.2943527,0.04400025
153,0.281033,0.017831439999999997,0.3130922,0.08249818,0.29242580000000007,0.040460220000000005
154,0.28092339999999993,0.01759034,0.31203919999999996,0.08440552000000001,0.2940916,0.04545898
155,0.28109270000000003,0.01719667,0.31321560000000004,0.08375702999999998,0.2930924,0.041651930000000004
156,0.28069459999999996,0.015963749999999995,0.3102873,0.08269347999999997,0.2911165,0.0390793
157,0.2826204,0.01679532,0.31053310000000006,0.08061829000000001,0.2949312,0.04462434
158,0.2800667272727273,0.014354372727272725,0.3096409090909091,0.07959123636363635,0.29186590909090915,0.040034909090909086
159,0.25640880000000005,0.025473039999999995,0.26311640000000003,0.07763368,0.260129,0.03595581999999999
160,0.0626949488888889,0.03892005555555556,0.037500921111111106,0.08051894444444446,0.060043351111111115,0.04998438888888889
161,-0.009413151999999998,0.04107055,-0.0061477649999999995,0.07367247000000002,-0.007235717,0.06351776
162,-0.011712645999999998,0.03927306,-0.00016784583999999997,0.06493834000000001,-0.0039520258,0.05595092
163,-0.013302600000000001,0.03883058,-0.00012817379999999998,0.07004701999999999,-0.006314085999999999,0.05543212000000001
164,-0.014135739999999999,0.03731688000000001,-0.0012390157999999998,0.06953126000000001,-0.007635498,0.053567500000000004
165,-0.013674940000000002,0.03819275999999999,-0.0016204830000000003,0.0700287,-0.007702635999999999,0.05396424
166,-0.025659180000000004,0.03325498,-0.018640146000000003,0.06568910000000001,-0.021685799999999998,0.052093499999999994
167,-0.024145499999999997,0.03230134,-0.025976569999999997,0.06668245,-0.025088509999999998,0.05017851999999999
168,-0.02362366,0.03312072,-0.024334719999999997,0.06755372,-0.02397158,0.05012512
169,-0.023839772727272734,0.03281057272727273,-0.02352070909090909,0.06704434545454546,-0.023680263636363632,0.04961047272727273
170,-0.016218422222222223,0.03103978888888889,-0.009835137777777777,0.06187102222222222,-0.01337858888888889,0.04467772222222222
171,-0.012893680000000001,0.03335268,-0.008642576,0.06116638,-0.011032100000000001,0.04515380000000001
172,-0.013803079999999999,0.03292234000000001,-0.008059694000000001,0.06141968,-0.0110138,0.04678346000000001
173,-0.015602110000000002,0.0336029,-0.007829286,0.061639389999999995,-0.01196595,0.046722389999999996
174,-0.01757812,0.03314206,-0.008059694,0.06380006,-0.013385020000000001,0.04663695999999999
175,-0.018302055555555554,0.03379991111111111,-0.009555392222222221,0.06342063333333334,-0.014567066666666668,0.04645454444444444
176,-0.017504890000000002,0.03209839,-0.008534242000000001,0.06260376,-0.013533029999999998,0.04563445
177,-0.016935854545454546,0.03259970909090908,-0.008002540909090911,0.061017145454545445,-0.012745218181818181,0.04592757272727273
178,-0.0172882,0.03285493636363636,-0.0065696009090909085,0.061280663636363635,-0.012227836363636365,0.04630761818181817
179,-0.018661520000000004,0.032904039999999996,-0.010427851999999998,0.06129760000000001,-0.01493226,0.04577636000000001
180,-0.018914800000000002,0.033227519999999997,-0.01075132,0.06134337999999999,-0.015212999999999999,0.045986940000000004
181,-0.019158939999999996,0.03244631999999999,-0.011022939999999998,0.061373880000000006,-0.015438839999999999,0.04569702
182,-0.01860655,0.03093109,-0.008840938,0.061250330000000006,-0.014355479999999999,0.04414675
183,-0.018435660000000003,0.03104246,-0.012551880000000001,0.05986328,-0.015780640000000002,0.04402771999999999
184,-0.019715879999999998,0.031687929999999996,-0.012597669999999997,0.05823058999999999,-0.016270440000000004,0.04450836000000001
185,-0.021412227272727277,0.031304099999999994,-0.013619163636363639,0.058349599999999995,-0.017954036363636364,0.04330304545454546
186,-0.022779449999999996,0.030464162500000003,-0.0141868625,0.060297025000000004,-0.018939949999999997,0.043802275
187,-0.022537227272727275,0.030363581818181818,-0.013440218181818182,0.06110451818181819,-0.01801787272727273,0.04563904545454545
188,-0.022210699999999993,0.033578479999999994,-0.012854020000000002,0.061166399999999996,-0.01789246,0.046313499999999994
189,-0.022503945454545454,0.03310464545454545,-0.01453747272727273,0.06158445454545454,-0.018952809090909087,0.04580687272727271
190,-0.023579911111111112,0.03226045555555555,-0.016465944444444443,0.06213886666666667,-0.020267077777777778,0.046171411111111116
191,-0.023529040000000005,0.03214418,-0.01690368,0.06297301999999999,-0.020404040000000002,0.04670408000000001
192,-0.023556790909090908,0.032850781818181816,-0.015351709090909093,0.06322549090909092,-0.019448009090909088,0.04806241818181818
193,-0.023429022222222224,0.03287931111111111,-0.017476388888888892,0.0643225888888889,-0.020456944444444444,0.0485823
194,-0.02352906363636364,0.033018645454545456,-0.019271854545454548,0.06342522727272727,-0.021458036363636367,0.047859881818181814
195,-0.0232605,0.033338910000000006,-0.019435119999999997,0.06394803999999998,-0.02133333,0.04878386
196,-0.024682599999999996,0.03177186,-0.019924940000000002,0.06423034999999999,-0.022317479999999997,0.047930930000000004
197,-0.02488096,0.02929076,-0.01936036,0.06405333999999999,-0.022171000000000003,0.04637144000000001
198,-0.024996940000000006,0.029028339999999996,-0.02023926,0.06420592,-0.0225769,0.04695737999999999
199,-0.024373836363636367,0.029263599999999997,-0.020159645454545457,0.0631172909090909,-0.022261181818181815,0.0462702
200,-0.0254425,0.030519109999999995,-0.019483970000000003,0.06252440000000001,-0.022537210000000005,0.04613494
201,-0.02681582,0.030975359999999997,-0.019158920000000003,0.0621521,-0.02304688,0.046350079999999995
202,-0.01875443636363636,0.031514936363636364,-0.0070786899999999995,0.0644989090909091,-0.013763445454545454,0.045601581818181816
203,-0.01786194,0.032185359999999996,-0.004199218999999999,0.063031,-0.01227111,0.04483184
204,-0.01816559,0.031127950000000005,-0.005499266000000001,0.06243744,-0.012164319999999996,0.04593047
205,-0.017834480000000003,0.031176759999999998,-0.005990601999999999,0.06326904000000001,-0.012973040000000002,0.044345100000000005
206,-0.017322881818181816,0.030731218181818187,-0.006294942727272727,0.06424643636363636,-0.012971354545454545,0.043957827272727276
207,-0.017737477777777774,0.03102617777777778,-0.005316838888888889,0.06528217777777778,-0.012340988888888888,0.045910299999999994
208,-0.0177429,0.031100460000000003,-0.009960919999999998,0.06506652,-0.01436462,0.045773299999999996
209,-0.10906694000000001,0.0347656,-0.11972668,0.07388304000000001,-0.1109376,0.04431152
210,-0.30277072727272725,0.020353845454545452,-0.3010945454545455,0.06786276363636366,-0.3020353636363636,0.0441270090909091
211,-0.3299575,0.0204422,-0.319075,0.06478881,-0.3203263,0.061122140000000005
212,-0.33377999999999997,0.01948241,-0.3253480999999999,0.06760558,-0.330597,0.047311399999999997
213,-0.3324007,0.01539458,-0.30585189999999995,0.040100090000000005,-0.32704310000000003,0.02038422
214,-0.33814999999999995,0.030635049999999997,-0.3570190999999999,0.07630921,-0.3393874,0.03444213
215,-0.34684449999999994,0.03482818,-0.3614561,0.09621737000000001,-0.3480651,0.03995973
216,-0.3486421,0.03539735,-0.3596967,0.09711155,-0.35017550000000003,0.04346314
217,-0.34864360000000005,0.03625031,-0.3685867,0.09646762000000002,-0.35171670000000005,0.04529269000000001
218,-0.34970100000000004,0.03600158,-0.36910079999999995,0.09456481999999997,-0.3565888,0.05633849999999999
219,-0.34955809090909096,0.03462357272727273,-0.3687172727272727,0.09202715454545453,-0.3576063636363636,0.058269163636363634
220,-0.34800090000000006,0.03506317,-0.3693421,0.09142304000000001,-0.35738980000000004,0.05947724000000001
221,-0.3510405,0.03630677000000001,-0.36887509999999996,0.09132689000000001,-0.3591247,0.060798649999999996
222,-0.35146310000000003,0.03766479,-0.3685836,0.08904722999999999,-0.3591567,0.06044006
223,-0.3523988,0.03848569,-0.36841880000000005,0.08778077000000001,-0.3607057000000001,0.06368102999999999
224,-0.3526336,0.03639067,-0.3675735,0.08578033000000002,-0.35775159999999995,0.052990709999999996
225,-0.3518724,0.035160819999999995,-0.3670885,0.08640289999999998,-0.35548119999999994,0.047036760000000004
226,-0.3502365,0.035484289999999995,-0.36598510000000006,0.08728027999999999,-0.35707079999999997,0.05738985
227,-0.34854120000000005,0.0348648,-0.3658492,0.08732301,-0.3561096,0.05740967000000001
228,-0.34797690909090906,0.03404651818181818,-0.3645935454545455,0.0862495909090909,-0.35401081818181823,0.0525665090909091
229,-0.3480638,0.03330076999999999,-0.36208959999999996,0.0859024,-0.35306380000000004,0.051425149999999996
230,-0.3471618000000001,0.03307496,-0.36007240000000007,0.08603058999999999,-0.3516497,0.05100249999999999
231,-0.34617909999999996,0.030851759999999995,-0.36165010000000003,0.08663329000000002,-0.35233919999999996,0.052476499999999995
232,-0.347154090909091,0.03138317272727273,-0.3630789090909091,0.08810006363636365,-0.35488190909090905,0.05840095454545455
233,-0.3490082,0.03261869,-0.3629441,0.08915862999999999,-0.35694419999999993,0.06429138999999999
234,-0.34937579999999996,0.033654790000000004,-0.36193549999999997,0.08931884,-0.3572129,0.06782376
235,-0.34864190000000006,0.03351592,-0.3597043999999999,0.08733826,-0.3546203,0.062011739999999996
236,-0.34878536363636364,0.03357074545454546,-0.3590321818181818,0.08592501818181819,-0.35382499999999995,0.058670036363636366
237,-0.3497146,0.03253630999999999,-0.3597275,0.08500519000000001,-0.3543091,0.05599061000000001
238,-0.34713463636363634,0.032325045454545454,-0.36103836363636366,0.08624684545454546,-0.35267645454545454,0.05335998181818181
239,-0.3468323,0.03376769,-0.36280060000000003,0.08579559000000002,-0.35333549999999997,0.05454559999999999
240,-0.347328909090909,0.0350217,-0.3625211818181819,0.08444908181818184,-0.3539942727272728,0.056335445454545455
241,-0.3487748,0.03405914,-0.3622529,0.08437501,-0.3543427999999999,0.05440673
242,-0.34974689999999997,0.03417359,-0.3627732,0.08559874,-0.35540910000000003,0.05612489
243,-0.3505223636363636,0.03464716363636364,-0.36232272727272724,0.08654784545454546,-0.35603063636363635,0.05838152727272728
244,-0.3515839,0.03598174,-0.36162120000000003,0.08789366000000001,-0.3565889,0.06121217000000001
245,-0.3525558,0.036819450000000004,-0.36067810000000006,0.08828276999999998,-0.3565003,0.06107938
246,-0.35296063636363634,0.03772804545454546,-0.3605667272727273,0.0882055,-0.3562942727272727,0.05906540000000002
247,-0.35259260000000003,0.038829039999999995,-0.3618988,0.08859556,-0.3567046,0.060243229999999995
248,-0.3526352,0.03809968,-0.36215050000000004,0.08853303000000001,-0.35759280000000004,0.06388397
249,-0.35389099999999996,0.03796995999999999,-0.3612274999999999,0.08838501,-0.3582121999999999,0.06685182
250,-0.35352818181818185,0.03680560000000001,-0.360991,0.08878118181818183,-0.3577075454545455,0.06508844545454545
251,-0.3524413,0.03749391,-0.3586639,0.08798827000000001,-0.35556639999999995,0.06195068
252,-0.3534803,0.039787310000000006,-0.3594818000000001,0.08639985,-0.35642070000000003,0.06186065
253,-0.3541537272727272,0.03928029090909091,-0.35824036363636363,0.08257502727272725,-0.3561209090909091,0.05928595454545456
254,-0.3534929,0.03988801000000001,-0.3589387,0.08197633000000001,-0.35593410000000003,0.058180240000000015
255,-0.35043810000000003,0.039151000000000005,-0.3593642,0.08184053999999999,-0.3549972,0.06042482000000001
256,-0.3493459090909091,0.04232788181818182,-0.35912936363636355,0.08202987272727273,-0.35431609090909094,0.06221561818181818
257,-0.35021311111111114,0.04408434444444445,-0.3581747777777778,0.08129373333333334,-0.3537256666666667,0.06020776666666667
258,-0.35066679999999995,0.04308319000000001,-0.35695330000000003,0.08264311999999999,-0.35360410000000003,0.06107481
259,-0.3485244545454545,0.020094445454545452,-0.35492090909090906,0.06354452727272729,-0.3512339090909091,0.037919487272727266
260,-0.36069309999999993,-0.12841339000000002,-0.3392519,-0.07330634,-0.34397730000000004,-0.08223723200000001
261,-0.3464235,-0.21352069999999995,-0.39027559999999994,-0.2079056,-0.35835730000000005,-0.20285190000000003
262,-0.34308390909090913,-0.205035,-0.361815090909091,-0.19972345454545454,-0.34236409090909087,-0.2051737272727273
263,-0.34134090000000006,-0.19528799999999996,-0.3405273,-0.16576079999999999,-0.34149759999999996,-0.1845138
264,-0.3485779,-0.12565160000000003,-0.34684729999999997,-0.09060059999999999,-0.3481325,-0.12335809999999998
265,-0.35403590000000007,-0.12189480000000001,-0.3465239,-0.08485414000000002,-0.35000919999999996,-0.10581206000000001
266,-0.3538167272727273,-0.11990900000000003,-0.34763381818181815,-0.08640357272727273,-0.3509911818181818,-0.10439943636363638
267,-0.3528518,-0.12409040000000002,-0.3506454,-0.08827517000000001,-0.35160510000000006,-0.10292215
268,-0.3542084,-0.1147826,-0.33946069999999995,-0.0775177,-0.34823469999999995,-0.09939108999999999
269,-0.35690310000000003,-0.11326909999999998,-0.34145960000000003,-0.07778320999999999,-0.35031579999999996,-0.09774164
270,-0.3557527,-0.1135055,-0.343515,-0.07764739,-0.3496444999999999,-0.09544219999999999
271,-0.3564603636363636,-0.113664,-0.3454687272727273,-0.07712622727272726,-0.35105627272727274,-0.09548949090909091
272,-0.35624249999999996,-0.1159195,-0.3459043,-0.07644041000000001,-0.35096890000000003,-0.09551238999999999
273,-0.3556459,-0.1168977,-0.34508679999999997,-0.07762757999999999,-0.35049739999999996,-0.0974594
274,-0.3553968181818181,-0.11778672727272727,-0.34609845454545457,-0.07761313636363636,-0.35131281818181814,-0.09981741818181819
275,-0.35523970000000005,-0.1175415,-0.34527129999999995,-0.07771758,-0.35085740000000004,-0.09968717000000002
276,-0.35502439999999996,-0.11828159999999999,-0.3483628,-0.07834015,-0.351964,-0.09946902
277,-0.35189519999999996,-0.1169311,-0.3499449,-0.08016053000000001,-0.3510164,-0.10032806000000001
278,-0.34864369999999995,-0.11850590000000001,-0.35191950000000005,-0.07983398,-0.3499616,-0.10390000000000002
279,-0.3477553,-0.11762530000000002,-0.3548066000000001,-0.07873079,-0.35115199999999996,-0.09953778999999999
280,-0.3431118181818182,-0.11895781818181815,-0.35526081818181815,-0.07772965454545457,-0.3498648181818182,-0.09627466363636365
281,-0.3394669,-0.11994780000000001,-0.3562437,-0.07891542,-0.34831090000000003,-0.09846798
282,-0.33888850000000004,-0.12193000000000001,-0.35715790000000003,-0.07959899000000001,-0.34795390000000004,-0.1011673
283,-0.3412904,-0.1205048,-0.35820179999999996,-0.07915801,-0.3484346,-0.10327599999999999
284,-0.34416072727272734,-0.11898654545454544,-0.35619836363636376,-0.0768072,-0.34970227272727283,-0.09984672727272727
285,-0.342671,-0.1181961,-0.35604850000000005,-0.07573394,-0.3498184,-0.09584195999999999
286,-0.33985918181818187,-0.11773554545454545,-0.3553535454545455,-0.07469452727272728,-0.34772854545454546,-0.09608735454545454
287,-0.3374311111111111,-0.11861333333333336,-0.35474811111111115,-0.07647197777777777,-0.34640522222222225,-0.09702556666666667
288,-0.3383636,-0.11874220000000002,-0.35337680000000005,-0.07668304,-0.3458923,-0.09794772
289,-0.3403875454545455,-0.11814999999999998,-0.3530467272727273,-0.07763532727272726,-0.34576836363636365,-0.10122972727272726
290,-0.3414811,-0.11771540000000003,-0.3513429,-0.07775726,-0.3459563,-0.09986267999999998
291,-0.3413130999999999,-0.11840669999999998,-0.3514649,-0.07547912,-0.34679429999999994,-0.09565888999999998
292,-0.33815000000000006,-0.1190770909090909,-0.3523392727272727,-0.07189663636363636,-0.3461138181818182,-0.0929745727272727
293,-0.3370621,-0.11936630000000001,-0.3529605,-0.07247008,-0.34571080000000004,-0.09415588
294,-0.3371565555555555,-0.11980177777777776,-0.3541427777777778,-0.07417975555555556,-0.3459928888888889,-0.09637787777777777
295,-0.34320618181818185,-0.11905736363636366,-0.35446590909090914,-0.07646594545454545,-0.348888,-0.09788375454545456
296,-0.34375279999999997,-0.1201354,-0.35294820000000005,-0.07641905999999998,-0.3486296,-0.09737550000000002
297,-0.3436296666666666,-0.11990855555555556,-0.3523627777777778,-0.07605996666666667,-0.3483937777777778,-0.0964525
298,-0.34221872727272723,-0.12015327272727273,-0.35412590909090913,-0.07526189090909091,-0.3493680909090908,-0.09363903636363637
299,-0.34380019999999994,-0.120157,-0.3546035,-0.07606964000000001,-0.3499207999999999,-0.09558259
300,-0.34228980000000003,-0.12008059999999998,-0.35342229999999997,-0.07965698000000002,-0.3477539,-0.10037681000000001
301,-0.3416626,-0.1207442,-0.3519088,-0.08823852,-0.34560860000000004,-0.10833889999999999
302,-0.34162130000000007,-0.12100390000000001,-0.3515107,-0.09010619,-0.34527449999999993,-0.10975949999999998
303,-0.34220754545454535,-0.12101181818181819,-0.3525361818181818,-0.09169979090909092,-0.3466619090909091,-0.10849563636363636
304,-0.3419708,-0.121152,-0.3519162,-0.08813478,-0.346344,-0.106836
305,-0.3417719090909091,-0.12080400000000001,-0.34944018181818187,-0.08657005454545455,-0.34501245454545454,-0.10656163636363636
306,-0.34211739999999996,-0.1222566,-0.3472138000000001,-0.08495178,-0.3445252,-0.10488600000000001
307,-0.34045255555555554,-0.12123466666666666,-0.3473984444444444,-0.08313154444444443,-0.3444687777777778,-0.09958902222222224
308,-0.3429567,-0.12424919999999999,-0.3501221,-0.08134002999999998,-0.34678809999999993,-0.10222455999999999
309,-0.3299864,-0.20239599999999996,-0.32500940000000006,-0.18183896,-0.3295836,-0.1948182
310,-0.322479,-0.23133900000000002,-0.31967200000000007,-0.24049400000000004,-0.322479,-0.23133900000000002
311,-0.31662245454545457,-0.23962590909090908,-0.3193916363636364,-0.2693636363636364,-0.31662245454545457,-0.23962590909090908
312,-0.2955748,-0.2836974,-0.31407759999999996,-0.3637878,-0.2955748,-0.2836974
313,-0.3053526,-0.265744,-0.3204224,-0.295746,-0.30535579999999996,-0.26574719999999996
314,-0.3008087999999999,-0.27165079999999997,-0.3169951999999999,-0.2536987,-0.3011504,-0.2712662
315,-0.3038131,-0.26571050000000007,-0.3367188,-0.2787368,-0.3107801,-0.2676025000000001
316,-0.3054461818181818,-0.26529345454545455,-0.33826245454545456,-0.2770703636363636,-0.3098714545454546,-0.26677500000000004
317,-0.3106027777777778,-0.2639892222222222,-0.33933366666666664,-0.27508077777777784,-0.314036,-0.2652623333333333
318,-0.31254845454545455,-0.26218763636363634,-0.3435405454545455,-0.27476790909090915,-0.3147459090909091,-0.26307263636363637
319,-0.3129914,-0.2606478,-0.359854,-0.2823274,-0.3133636,-0.26082179999999994
320,-0.3129730909090909,-0.2639868181818182,-0.36806581818181827,-0.28223763636363636,-0.3130508181818181,-0.2640062727272727
321,-0.307385,-0.27027280000000004,-0.3493562,-0.2432588,-0.30748299999999995,-0.27021459999999997
322,-0.3112946666666667,-0.26832588888888886,-0.3406762222222222,-0.252823,-0.31313077777777776,-0.2674881111111111
323,-0.3095494545454546,-0.26590781818181825,-0.3426320909090909,-0.24490209090909093,-0.3117858181818182,-0.2644906363636364
324,-0.3091704,-0.2663788,-0.3595734,-0.2466644,-0.3135313999999999,-0.2647978
325,-0.3098938,-0.2664031,-0.3762829999999999,-0.2442169,-0.3155962,-0.26456440000000003
326,-0.3164434545454546,-0.25808699999999996,-0.37669218181818176,-0.254629,-0.3192747272727273,-0.2579456363636363
327,-0.317732,-0.2653064444444444,-0.3555807777777778,-0.2731765555555556,-0.31842888888888893,-0.26546711111111115
328,-0.31779618181818187,-0.26400181818181817,-0.3690809090909091,-0.2680303636363636,-0.318462,-0.2640545454545455
329,-0.3178346,-0.2623748,-0.3730896,-0.2581754,-0.3193086,-0.26227419999999996
330,-0.3193745454545454,-0.2622291818181818,-0.3798009090909091,-0.2540506363636364,-0.321335,-0.26198099999999996
331,-0.32024070000000004,-0.2621154,-0.38240359999999995,-0.2514067,-0.32114429999999994,-0.26193979999999994
332,-0.3201812,-0.2604156,-0.3858002,-0.2574739999999999,-0.3218200000000001,-0.26035780000000003
333,-0.31837479999999996,-0.2599976,-0.3871703999999999,-0.2594422,-0.3205234,-0.2600006
334,-0.31825518181818185,-0.2590763636363636,-0.38965381818181827,-0.25985981818181825,-0.3186379999999999,-0.25908454545454546
335,-0.29014280000000003,-0.2599548,-0.38641040000000004,-0.258719,-0.2905272,-0.25995480000000004
336,-0.2907534,-0.25919179999999997,-0.38333740000000005,-0.267328,-0.2908446,-0.2592038
337,-0.28928290909090915,-0.2607657272727273,-0.37728345454545464,-0.26853518181818187,-0.2893814545454545,-0.26077527272727274
338,-0.2877121000000001,-0.2610765,-0.36917560000000005,-0.27274149999999997,-0.2880419,-0.26112670000000004
339,-0.285791,-0.257965,-0.3715638,-0.2585052,-0.28596200000000005,-0.2579682
340,-0.2860288000000001,-0.258078,-0.37961420000000007,-0.24805280000000002,-0.2960206,-0.25687859999999996
341,-0.2876282,-0.2595244,-0.3895048,-0.2401458,-0.288968,-0.2592924
342,-0.2893355000000001,-0.26058799999999993,-0.389978,-0.24470229999999998,-0.2894395,-0.26057129999999995
343,-0.2905426,-0.2589354,-0.390994,-0.25423579999999996,-0.29124760000000005,-0.2589142
344,-0.2905410000000001,-0.2587031818181818,-0.3883584545454546,-0.25016354545454544,-0.2907700909090909,-0.25868627272727274
345,-0.2901207777777778,-0.25978255555555557,-0.38455877777777775,-0.25874833333333336,-0.2901934444444445,-0.25978588888888887
346,-0.2897766,-0.25979620000000003,-0.37279680000000004,-0.274713,-0.28984679999999996,-0.2598054
347,-0.28679290909090915,-0.260133090909091,-0.383997,-0.2716633636363637,-0.2868956363636364,-0.26014690909090915
348,-0.2849822,-0.25940069999999993,-0.393503,-0.2556272,-0.2857133,-0.25937800000000005
349,-0.2846374,-0.2580232,-0.39241339999999997,-0.25195020000000007,-0.2862700000000001,-0.2579558
350,-0.28977954545454554,-0.25705100000000003,-0.3879657272727273,-0.2534761818181818,-0.2902567272727273,-0.25703445454545454
351,-0.2886185,-0.2546798,-0.3820557,-0.2602308,-0.28869310000000004,-0.2546843
352,-0.29057988888888886,-0.2546405555555556,-0.3810848888888889,-0.27496,-0.29070188888888887,-0.2546778888888889
353,-0.29175490909090906,-0.25390363636363633,-0.3809426363636364,-0.27755327272727276,-0.29236390909090915,-0.254077090909091
354,-0.292093,-0.25788259999999996,-0.37166440000000006,-0.28177500000000005,-0.29371959999999997,-0.2584016
355,-0.2872376,-0.2603454,-0.3668154,-0.27837520000000004,-0.2874267999999999,-0.26039759999999995
356,-0.2856806363636364,-0.2617895454545455,-0.3647089090909091,-0.2640505454545455,-0.28573190909090906,-0.2617922727272728
357,-0.28661630000000005,-0.2626585,-0.36164690000000005,-0.2669509,-0.2866608,-0.26266300000000004
358,-0.28858170000000005,-0.2619901,-0.3518479,-0.2672958,-0.2886276,-0.2619886
359,-0.13427424000000002,-0.2724734,-0.14880692,-0.23409719999999998,-0.14639904000000004,-0.2458342
360,-0.019442760000000003,-0.2770874,0.0069030718000000005,-0.257611,-0.008349614,-0.2692076
361,-0.014395975363636364,-0.2745778181818182,0.012424803636363639,-0.2545097272727273,-0.012577424545454545,-0.27199481818181814
362,-0.0078430078,-0.2716826,0.006134033999999999,-0.23773179999999994,-0.0013275165999999997,-0.25540740000000006
363,-0.012964432727272728,-0.26934400000000003,-0.005986996363636363,-0.22721718181818185,-0.010137388181818181,-0.2555972727272727
364,-0.017958064,-0.26471870000000003,-0.01349336,-0.2198484,-0.016926573,-0.25499879999999997
365,-0.0203247,-0.26091855555555554,-0.01260037111111111,-0.2161917777777778,-0.01730177777777778,-0.24307922222222222
366,-0.014364616,-0.2583222,-0.012371818000000001,-0.21952220000000003,-0.013427741999999998,-0.23977959999999995
367,0.0005756718181818182,-0.2711433636363637,0.00029130436363636363,-0.22158254545454545,0.00028298018181818177,-0.24976427272727272
368,-0.00043182409999999996,-0.26934050000000004,0.0003570556,-0.2219834,-0.00011138889999999998,-0.24705830000000004
369,0.0044967657000000005,-0.2651488000000001,0.0004394546000000001,-0.22239069999999997,0.0024337774,-0.24308780000000002
370,-0.009445190000000001,-0.27065439999999996,-0.006324766,-0.22354410000000002,-0.007386784999999998,-0.24363409999999996
371,-0.01762998,-0.2711272,-0.004666139999999999,-0.224991,-0.007437124000000001,-0.23499440000000002
372,-0.016258918181818186,-0.2708473636363636,-0.008231424545454545,-0.22630699999999998,-0.01192127272727273,-0.2468275454545454
373,-0.015331677777777778,-0.2711467777777778,-0.00902642111111111,-0.22756611111111105,-0.011725555555555553,-0.24616344444444443
374,-0.01376899090909091,-0.2775780909090909,-0.008936103636363636,-0.22823827272727273,-0.011029345454545456,-0.25000572727272724
375,-0.01251375,-0.27985089999999996,-0.010200479999999998,-0.22876920000000003,-0.01132052,-0.2536088
376,-0.013569649999999997,-0.28016520000000006,-0.007380679000000001,-0.22875680000000004,-0.01040345,-0.2539261
377,-0.013021299999999998,-0.2813707272727273,-0.007242378181818182,-0.22896918181818185,-0.010162347272727273,-0.25559590909090907
378,-0.014515694,-0.27508530000000003,-0.012820431999999998,-0.23220239999999998,-0.013471978,-0.2540407
379,-0.014288319999999998,-0.2774826,-0.009223937,-0.2333053,-0.011514280000000002,-0.25346539999999995
380,-0.0121094,-0.27716519999999994,-0.00944519,-0.23325939999999998,-0.01071625,-0.2542403999999999
381,-0.011797818181818182,-0.2763754545454545,-0.01049110909090909,-0.23392145454545454,-0.0111625,-0.254995
382,-0.011939990000000003,-0.27515579999999995,-0.01345216,-0.23382250000000004,-0.01271971,-0.2542862
383,-0.01342772,-0.27629549999999997,-0.014335620000000002,-0.2334276,-0.013916019999999998,-0.25352490000000005
384,-0.013475030000000002,-0.2779951,-0.015278640000000001,-0.23208489999999996,-0.01444241,-0.25362860000000004
385,-0.013978436363636364,-0.27765854545454544,-0.016784636363636366,-0.2311430909090909,-0.015398881818181819,-0.2542334545454546
386,-0.014511100000000002,-0.27741859999999996,-0.01513064,-0.23123929999999998,-0.01483307,-0.25398740000000003
387,-0.01670685,-0.27539829999999993,-0.0154007,-0.23016350000000002,-0.01601412,-0.25168310000000005
388,-0.016648860000000005,-0.2743029,-0.015840139999999996,-0.23129869999999997,-0.01621245,-0.2512301
389,-0.0172409,-0.27275839999999996,-0.016807560000000003,-0.2291398,-0.016981500000000004,-0.24812620000000002
390,-0.017297359999999998,-0.27259520000000004,-0.016159040000000003,-0.2289978,-0.01665344,-0.24819019999999997
391,-0.016648736363636365,-0.27202418181818183,-0.013763430909090907,-0.2316007272727273,-0.015178336363636365,-0.25067009090909087
392,-0.01327363,-0.27236499999999997,-0.01198273,-0.23043390000000002,-0.01267241,-0.2531203
393,-0.010734550000000002,-0.27418529999999997,-0.013549829999999999,-0.23351610000000003,-0.01213071,-0.2540543
394,-0.010330179999999998,-0.27725240000000007,-0.013690169999999998,-0.2332061,-0.01206971,-0.2545547999999999
395,-0.00998535,-0.27667530000000007,-0.013433829999999999,-0.23351889999999997,-0.01168059,-0.255638
396,-0.010063173,-0.27715599999999996,-0.012590010000000002,-0.23080430000000005,-0.01138762,-0.2530118
397,-0.010717759999999998,-0.27731929999999994,-0.01191712,-0.23193200000000003,-0.011294549999999999,-0.25590340000000006
398,-0.011010740000000001,-0.2790863,-0.01213989,-0.23160540000000002,-0.01151888,-0.2579941
399,-0.012073854545454545,-0.2778418181818182,-0.013255718181818182,-0.23273263636363636,-0.01264120909090909,-0.2549437272727273
400,-0.012254329999999997,-0.2766325,-0.013119510000000001,-0.2311446,-0.01269835,-0.25342570000000003
401,-0.012023927272727273,-0.27573472727272724,-0.01225420909090909,-0.23146863636363635,-0.012145999999999997,-0.25279354545454547
402,-0.009890740999999998,-0.2727341,-0.01221007,-0.2295655,-0.011099230000000002,-0.2503189
403,-0.009747316,-0.27176979999999995,-0.01219635,-0.229596,-0.01101685,-0.24998480000000006
404,-0.009912115999999999,-0.2710021,-0.01274263,-0.2297682,-0.01129304,-0.2509811
405,-0.009696961,-0.27161730000000006,-0.011306747999999998,-0.23045339999999997,-0.010508718,-0.25059519999999996
406,-0.009181213999999998,-0.2690916,-0.011462369999999998,-0.23138580000000003,-0.01041411,-0.24880380000000005
407,-0.007985897272727272,-0.2673895454545454,-0.011772863636363639,-0.23171727272727277,-0.009862730909090907,-0.24979190909090912
408,0.072241203,-0.2660127,0.056840552,-0.2268615,0.059948708,-0.24208210000000002
409,0.23455669999999995,-0.2563263,0.23971839999999997,-0.223323,0.24083259999999998,-0.245302
410,0.2410263,-0.2484499,0.2622711999999999,-0.2288666,0.24286939999999996,-0.24671980000000002
411,0.24566049999999998,-0.23616489999999998,0.2684511,-0.2209991,0.2603041,-0.22628940000000003
412,0.26643819999999996,-0.2559541,0.27070610000000006,-0.2263443,0.26689620000000003,-0.2343277
413,0.29883420000000005,-0.27603629999999996,0.2866441,-0.24675309999999998,0.2881028,-0.2553756
414,0.2967071,-0.2773972,0.27730409999999994,-0.2381686,0.2845108,-0.253331
415,0.2973896363636363,-0.2701111818181818,0.2868151818181819,-0.23272572727272722,0.29077009090909095,-0.24809145454545456
416,0.2917221,-0.26204679999999997,0.2885683,-0.2273696,0.2903031000000001,-0.24591980000000002
417,0.28945160000000003,-0.2567765000000001,0.29486090000000004,-0.22344360000000002,0.2921280999999999,-0.241307
418,0.28750745454545457,-0.25448481818181823,0.28431981818181823,-0.21960163636363636,0.2860412727272727,-0.23979754545454546
419,0.2791243,-0.2533114000000001,0.28058180000000005,-0.22218320000000005,0.27982009999999996,-0.23914049999999998
420,0.2890122,-0.2576781,0.2795335,-0.2265658,0.2855042,-0.24575050000000004
421,0.2904589,-0.2571852,0.28529230000000005,-0.2213836,0.2880538,-0.2401367
422,0.2907534545454546,-0.258803,0.28410209090909094,-0.21965572727272728,0.2875781818181818,-0.23978918181818187
423,0.29094519999999996,-0.25999609999999995,0.28278190000000003,-0.21830119999999997,0.2873933000000001,-0.24148399999999998
424,0.2904707999999999,-0.2612946,0.28021850000000004,-0.2193909,0.28614969999999995,-0.24338689999999996
425,0.28606109999999996,-0.2629853999999999,0.2785569,-0.2201844,0.28266129999999995,-0.24316109999999996
426,0.28401045454545454,-0.26374681818181817,0.27722036363636365,-0.2225009090909091,0.28064518181818177,-0.24293927272727273
427,0.2805084,-0.2634646,0.276741,-0.22594600000000004,0.27856749999999997,-0.24375599999999994
428,0.280974,-0.26066,0.27423269999999994,-0.2320478,0.27753759999999994,-0.2461151
429,0.2726499,-0.2663285,0.2750152,-0.23050830000000003,0.27383240000000003,-0.24925389999999997
430,0.2725815,-0.2640991999999999,0.2757218,-0.23435820000000004,0.2742173,-0.24912240000000002
431,0.2724982727272727,-0.2654018181818181,0.28041618181818184,-0.22944363636363632,0.2765558181818182,-0.24725909090909087
432,0.27354749999999994,-0.2643478,0.27967820000000004,-0.23096460000000008,0.2767153,-0.24738
433,0.2741318,-0.2648302,0.2795058,-0.23145610000000003,0.27681579999999995,-0.24852299999999997
434,0.27424149999999997,-0.2659821,0.28042619999999996,-0.2317199,0.2770356,-0.2507063
435,0.274382,-0.2660078,0.2814604,-0.23217159999999998,0.27731480000000003,-0.25221220000000005
436,0.2777573,-0.26647499999999996,0.28137190000000006,-0.23232420000000004,0.27932290000000004,-0.25183700000000003
437,0.28224309090909094,-0.26645163636363633,0.2799390909090909,-0.2319987272727273,0.2812598181818183,-0.25115963636363636
438,0.28808900000000004,-0.2666412,0.28259280000000003,-0.2286592,0.28579419999999994,-0.2504212
439,0.2918395,-0.26593050000000007,0.2829394,-0.23194549999999997,0.2880553,-0.2513077
440,0.2920100909090909,-0.26571636363636364,0.28564981818181817,-0.23218445454545458,0.28910263636363637,-0.25011109090909095
441,0.2835449,-0.26615589999999995,0.2855712,-0.23337400000000003,0.28462219999999994,-0.24967670000000003
442,0.2818665000000001,-0.26574719999999996,0.2852432,-0.23197030000000002,0.2835814,-0.2490631
443,0.2816564545454545,-0.265149,0.2837884545454545,-0.23358999999999996,0.28260372727272726,-0.2518408181818182
444,0.2810807,-0.2646637,0.28254870000000004,-0.23338620000000004,0.2817076,-0.2521593
445,0.280011,-0.26550910000000005,0.2835342,-0.2323639,0.28161329999999996,-0.2508164
446,0.279425,-0.2654266,0.2836351,-0.23274090000000003,0.2813246,-0.25100259999999996
447,0.2782136,-0.2665999,0.282762,-0.2333098,0.28015750000000006,-0.25297819999999993
448,0.2793078,-0.26616509999999993,0.27861339999999996,-0.2340256,0.27905589999999997,-0.25275000000000003
449,0.2764146,-0.26720740000000004,0.2796936,-0.23580169999999998,0.2779298,-0.2530043
450,0.2861176,-0.2696352,0.28641970000000005,-0.2298693,0.2861786,-0.2541532
451,0.29375936363636357,-0.26490363636363634,0.28853945454545454,-0.22757945454545458,0.2917608181818182,-0.2518048181818182
452,0.2966797,-0.2647003,0.28648840000000003,-0.2303299,0.29211580000000004,-0.24917899999999998
453,0.2866286,-0.26461189999999996,0.2843658,-0.23144060000000005,0.2856141,-0.2488676
454,0.28330718181818193,-0.2655542727272727,0.28221554545454547,-0.23193772727272724,0.2828478181818182,-0.25008609090909095
455,0.2826264,-0.26439199999999996,0.28037100000000004,-0.23134159999999998,0.28165880000000004,-0.24954539999999997
456,0.28280049999999995,-0.2625687,0.2827789,-0.2292023,0.2828355,-0.24631669999999994
457,0.2832307272727273,-0.261401,0.2834986363636363,-0.22779572727272723,0.28341263636363634,-0.24408936363636363
458,0.29953159999999995,-0.17600090000000002,0.2985445,-0.13229374,0.2986204,-0.167137
459,0.30011440000000006,-0.1146104,0.3108383,-0.06688231,0.3007874,-0.1121551
460,0.3030107999999999,-0.10751183,0.3131364,-0.05989379999999998,0.3078827,-0.08330691000000001
461,0.3045542727272727,-0.0928109,0.3197158181818182,-0.035276936363636366,0.3106927272727273,-0.06954122727272725
462,0.31358779999999997,-0.07867735000000001,0.32822580000000007,-0.02534484,0.32419109999999995,-0.04103395
463,0.31317018181818185,-0.07626482727272728,0.3248096363636363,-0.025783200000000003,0.3194092727272727,-0.04928035454545454
464,0.30921940000000003,-0.10202622000000001,0.3094788,-0.05178528,0.309256,-0.07539976
465,0.3124086363636363,-0.10753972727272726,0.3076434545454545,-0.05863121818181818,0.3095190909090909,-0.07695285454545454
466,0.3122834,-0.10955499999999999,0.30499560000000003,-0.05892336,0.309009,-0.08609618000000001
467,0.31247400000000003,-0.1104905,0.30365580000000003,-0.05875546,0.3088653,-0.088739
468,0.30976745454545457,-0.11158081818181817,0.3011267272727272,-0.05937610909090909,0.3057179090909091,-0.08641744545454545
469,0.3179352000000001,-0.11601859999999997,0.3126802,-0.06693420000000001,0.3155642,-0.09708268
470,0.31113430000000003,-0.12172239999999998,0.31568000000000007,-0.06784820999999999,0.31225899999999995,-0.10802444000000003
471,0.31037218181818177,-0.12127690909090907,0.31425609090909096,-0.06834412727272726,0.31227236363636357,-0.0969474
472,0.3103318,-0.12087240000000002,0.31477370000000005,-0.06838682,0.3124633,-0.09697722
473,0.311264,-0.12028799999999999,0.3148772,-0.07281494000000001,0.3131132,-0.09718630000000002
474,0.30947899999999995,-0.12069679999999998,0.3151854,-0.07364195999999999,0.31221,-0.09867857999999999
475,0.301428,-0.11808460000000001,0.316205,-0.07347409999999999,0.30785819999999997,-0.09893798000000001
476,0.30170129999999995,-0.11777039999999998,0.3159164,-0.07284853,0.30744629999999995,-0.09985192000000001
477,0.3017910909090909,-0.11796581818181819,0.31274409090909094,-0.0737817818181818,0.3067572727272728,-0.09827354545454546
478,0.3016786363636364,-0.11938345454545457,0.3137624545454546,-0.07224482727272728,0.3077751818181818,-0.0960083
479,0.3002136,-0.1206206,0.3137178,-0.07246398,0.30675940000000007,-0.09763488000000001
480,0.2995056,-0.12104800000000002,0.3151124,-0.0720337,0.3069306,-0.09809570000000002
481,0.29824680000000003,-0.1221298,0.3104127,-0.07411345999999999,0.3043623,-0.09838715000000002
482,0.2981643,-0.12109999999999999,0.31033299999999997,-0.07376098,0.3047300999999999,-0.09595796000000001
483,0.2962431,-0.1211811,0.30853739999999996,-0.07280885,0.3024019,-0.09755698000000002
484,0.296542,-0.11863581818181818,0.30730100000000005,-0.07132373636363636,0.30135718181818183,-0.09787542727272727
485,0.29835927272727275,-0.11713736363636365,0.3051993636363637,-0.0707355909090909,0.3014193636363636,-0.09676845454545453
486,0.298874,-0.1183348,0.3057282,-0.07125856,0.30174280000000003,-0.09899601999999999
487,0.299472,-0.11932660000000002,0.30429380000000006,-0.07181699999999999,0.30147080000000004,-0.10054624000000001
488,0.30169380000000007,-0.11840199999999998,0.3022674,-0.06927184,0.30202640000000003,-0.09602049999999998
489,0.30865489999999995,-0.12136859999999998,0.3005843,-0.06851195,0.30502949999999995,-0.09719391000000001
490,0.3075836,-0.1233156,0.2995302000000001,-0.06922912,0.3036622,-0.09626158000000001
491,0.30697019999999997,-0.12420360000000001,0.30029300000000003,-0.07016905999999998,0.30365600000000004,-0.09661866
492,0.305578,-0.12303154545454546,0.3005605454545455,-0.07088955454545455,0.3032490909090909,-0.09778248181818183
493,0.30555720000000003,-0.12134400000000001,0.3008056,-0.0707489,0.3032926,-0.09621579999999999
494,0.3068574,-0.1220002,0.3000428,-0.07013246,0.30366519999999997,-0.09689634
495,0.30640609090909093,-0.1229480909090909,0.29941336363636367,-0.0702029,0.30333790909090913,-0.09902676363636363
496,0.3053161999999999,-0.12270520000000003,0.30038440000000005,-0.06964109999999998,0.3034667999999999,-0.10160216
497,0.30573720000000004,-0.1242188,0.30311,-0.07101744000000001,0.30461419999999995,-0.09924917999999999
498,0.3083564545454546,-0.12375718181818182,0.304603,-0.07349881818181819,0.3067003636363636,-0.10005046363636363
499,0.3094544,-0.12216799999999998,0.30375359999999996,-0.0710907,0.30715020000000004,-0.10069871999999999
500,0.3107698,-0.12132580000000001,0.2975922,-0.06888428,0.30430300000000005,-0.09547424
501,0.31186839999999993,-0.12303160000000002,0.29650259999999995,-0.07094116000000002,0.30433660000000007,-0.09716794
502,0.3124634,-0.12424919999999999,0.2965574000000001,-0.06952208,0.3041686,-0.09533080000000001
503,0.3093872,-0.1248352,0.2941068,-0.06837464,0.3004638,-0.09145204
504,0.3078578888888889,-0.12357266666666668,0.29299766666666666,-0.06987677777777779,0.2998046666666666,-0.09407722222222224
505,0.30560845454545454,-0.12494027272727269,0.29377445454545453,-0.07178984545454546,0.2993054545454545,-0.09611234545454547
506,0.3075744,-0.1236786,0.3030854,-0.06615296,0.3049896000000001,-0.09028015999999998
507,0.30948180000000003,-0.1260434,0.30580719999999995,-0.06203002,0.30779100000000004,-0.09453124000000002
508,0.30733136363636365,-0.12572536363636366,0.30374145454545454,-0.06312424545454545,0.3054963636363636,-0.09274986363636364
509,0.28650220000000004,0.0013122630000000023,0.31141050000000003,0.06212145,0.3008345,0.03659056
510,0.2736968888888889,0.018754755555555554,0.32104511111111106,0.10153887777777777,0.2865447777777778,0.04008316666666665
511,0.27320018181818184,0.02635332727272727,0.30512036363636363,0.09314517272727273,0.2835013636363636,0.0484203
512,0.27860419999999997,0.031735219999999995,0.30163,0.08686827999999999,0.286252,0.05086366
513,0.2764631818181818,0.0322557,0.30150254545454547,0.08683082727272727,0.2866447272727273,0.05437260909090909
514,0.3294724,0.05437012,0.31747880000000006,0.08987273,0.3222244,0.07319795
515,0.3399447,0.06385955000000001,0.3268463,0.09056701999999998,0.33626379999999995,0.0714035
516,0.33766609999999997,0.06265869,0.3264922,0.08805543000000002,0.33469530000000003,0.06941986
517,0.3368226,0.06110227999999999,0.3266418,0.08978882,0.3336184,0.07020568
518,0.33545860000000005,0.05754391999999999,0.3250886,0.09169007999999998,0.33191819999999994,0.06946106
519,0.2980301,0.035890189999999995,0.3109511,0.08316346,0.29985029999999996,0.04317933
520,0.27833733333333327,0.02293568888888889,0.3037176666666666,0.07939996666666665,0.28675666666666666,0.0410630888888889
521,0.2798158,0.022406020000000002,0.30127240000000005,0.07449947999999999,0.2872072,0.040109280000000004
522,0.28010559999999995,0.020852660000000002,0.30201100000000003,0.07489316000000001,0.287033,0.03764645999999999
523,0.28185463636363645,0.02072280909090909,0.3037233636363636,0.07327408181818182,0.29171909090909093,0.04417835454545454
524,0.28262950000000003,0.022085549999999995,0.30629720000000005,0.0749649,0.29424740000000005,0.047798129999999994
525,0.2845460000000001,0.02144468,0.30585020000000007,0.07518613999999998,0.293091,0.04266356000000001
526,0.2854766,0.019775400000000005,0.30167559999999993,0.07551269999999999,0.29273660000000007,0.04448240000000001
527,0.283701,0.02143719090909091,0.30004045454545447,0.07524942727272727,0.2918519090909091,0.047934772727272736
528,0.28174439999999995,0.023840330000000003,0.29931490000000005,0.07300871,0.29024970000000005,0.047357170000000004
529,0.2798127,0.022309890000000002,0.3002808,0.07267455999999999,0.2881241,0.042504879999999995
530,0.286618,0.024597160000000007,0.3043656,0.07353518,0.29272610000000004,0.04087676
531,0.3058472,0.03201294,0.3041442,0.06681212000000002,0.30562720000000004,0.042706280000000006
532,0.2840852,0.02039796,0.302649,0.07514649999999999,0.2906006,0.03922426
533,0.2833211818181819,0.01844371818181818,0.30484418181818185,0.07370550909090907,0.2923584545454546,0.04133189090909091
534,0.283481,0.01809541,0.3052657,0.07307280999999999,0.292105,0.039569099999999996
535,0.28464979999999995,0.02077028,0.3049012,0.07176818,0.2932218,0.04207458000000001
536,0.28425279999999997,0.0230011,0.3026733999999999,0.07283328,0.29291380000000006,0.046066279999999994
537,0.28413536363636366,0.023018572727272726,0.30140545454545453,0.07386226363636363,0.29181718181818184,0.04534497272727273
538,0.2848693,0.02260741,0.30288250000000005,0.0760788,0.2924452,0.044772320000000004
539,0.28509840000000003,0.021339440000000005,0.30282600000000004,0.07781218000000001,0.29314710000000005,0.04656984
540,0.28494136363636363,0.021993472727272725,0.30344336363636365,0.07775183636363638,0.29396327272727274,0.04883782727272727
541,0.28467299999999995,0.023981733333333335,0.303665,0.07889299999999999,0.2938180000000001,0.05007423333333333
