0,-0.0245819,-0.0659027,-0.114746,-0.0657806,-0.0284882,-0.0659027
1,-0.139041,-0.07503356000000001,-0.1582674,-0.036901840000000005,-0.1431428,-0.06788024000000001
2,-0.07550968,-0.0355926432,-0.14991439999999998,-0.023025509800000003,-0.13090826,-0.0259490854
3,0.02807465,0.014517216,-0.11526345999999998,-0.01946564,-0.10977627999999999,-0.01796876
4,0.019748277777777778,0.01715765111111111,-0.10549422222222223,-0.012605453333333334,-0.0707906,-0.0035739577777777784
5,0.004067994,0.011129774,-0.10261540000000002,0.000674438,-0.03463136,0.007833864000000001
6,0.020581058,0.0132476822,-0.1099118,-0.010586545999999999,-0.03300476,0.0024322540000000004
7,0.029891960000000002,0.021868869999999995,-0.1114882,-0.015731798999999998,-0.05667878,-0.0007980350000000004
8,0.023274259999999998,0.020893859999999997,-0.10943750000000001,-0.01370391,-0.0084167538,0.01262817
9,0.017464400909090908,0.015848327272727274,-0.11304281818181816,-0.01093361818181818,-0.036152245454545456,0.005120017454545455
10,0.004278560999999999,0.008261112,-0.11539619999999998,0.0045791600000000005,-0.032826240000000007,0.007150268999999999
11,0.003097536,0.010598746,-0.09936836,0.01559752,-0.024090580000000004,0.011898812
12,0.002897644,0.009703071999999998,-0.09608458,0.011297608,-0.026452640000000006,0.010209658
13,0.006298837999999999,0.014974979999999999,-0.09273990000000001,0.01194152,-0.039163220000000006,0.013522339999999999
14,0.011538423636363636,0.022706445454545452,-0.07314922727272727,0.02126104690909091,-0.00803028909090909,0.01953402727272727
15,0.012791417999999999,0.012205508,-0.05336151,0.05172272,0.011456292,0.012988271999999999
16,0.008639535,0.010954279999999999,-0.11204082,0.04696656,-0.005505388,0.01525574
17,-0.0012847979999999998,-0.06580503600000001,-0.07153624,-0.025396737999999995,-0.024899290600000002,-0.04781799800000001
18,-0.010058314727272727,-0.09071904545454544,-0.06103653636363635,-0.055661300000000004,-0.05356667272727273,-0.06101435454545454
19,-0.02666169,-0.09618988999999999,-0.06294251000000001,-0.06290588,-0.053091440000000004,-0.07241209000000001
20,-0.021102919999999997,-0.1046371,-0.055667100000000004,-0.07654573,-0.029866010000000005,-0.09664014000000001
21,-0.02227782727272727,-0.11909063636363637,-0.04982967272727274,-0.06031521818181818,-0.034706827272727274,-0.09225464545454544
22,-0.008512879,-0.1355057,-0.04160003,-0.07216948000000002,-0.027081309999999997,-0.10098562
23,-0.007655325,-0.12873669999999998,-0.035128770000000004,-0.07263642000000001,-0.019477849999999998,-0.10489040000000001
24,-0.015081241818181818,-0.12065972727272728,-0.05021529999999999,-0.09989792727272725,-0.03743813636363637,-0.108264
25,-0.021460655555555555,-0.11592788888888889,-0.05258858888888889,-0.09662204444444444,-0.04378763333333333,-0.10214400000000001
26,-0.02020417,-0.11656029999999999,-0.041523729999999995,-0.09381714,-0.029621870000000005,-0.1068894
27,-0.019807290909090905,-0.1233839090909091,-0.026161900000000002,-0.08843021818181819,-0.022449818181818185,-0.10833599999999999
28,-0.014750679999999999,-0.11891449999999999,-0.02124787,-0.08624115,-0.016912840000000002,-0.10749519999999999
29,-0.009642030000000001,-0.1147278,-0.023600760000000002,-0.09601140999999999,-0.01426391,-0.10795300000000001
30,-0.01274566,-0.12401880000000001,-0.014720156000000003,-0.09032288,-0.013531490000000002,-0.1039537
31,-0.0120865,-0.1310776,-0.008395382,-0.08299561000000001,-0.010607914,-0.11184240000000001
32,-0.014950845454545454,-0.1353399090909091,-0.007879082727272725,-0.08060801818181819,-0.012397072727272725,-0.11570881818181818
33,-0.016973870000000002,-0.1402083,-0.009294130999999999,-0.08539275,-0.013623049999999998,-0.11618809999999999
34,-0.014060278181818183,-0.14302063636363635,-0.01866428181818182,-0.09302590909090909,-0.01540858181818182,-0.1294750909090909
35,-0.009519962,-0.1472078,-0.022599799999999996,-0.1136139,-0.014988709999999999,-0.1312652
36,-0.020972355555555558,-0.140632,0.017930788888888893,-0.1128318888888889,-0.0011359346666666664,-0.12630388888888888
37,-0.011837777999999998,-0.1438124,0.031402599999999996,-0.10849898999999999,-0.005235289000000001,-0.13882440000000001
38,-0.0034744304000000003,-0.1397996,0.028836060000000007,-0.08914029,0.0022064212000000006,-0.1310393
39,-0.0064682,-0.14194510000000002,0.003588865,-0.10033728999999998,-0.005165098000000001,-0.137729
40,-0.005683898600000001,-0.14039300000000002,0.0047821040000000006,-0.10545500000000001,-0.0036621094800000004,-0.13455369999999997
41,-0.009054020000000001,-0.1402782727272727,-0.020421800000000004,-0.1193430909090909,-0.01387853818181818,-0.131471
42,-0.012356569999999999,-0.1380952,0.0031463539999999996,-0.118837,-0.005541989999999999,-0.1295548
43,-0.012954712727272728,-0.12925999999999996,0.02014990909090909,-0.11093290909090908,0.002668903781818182,-0.12070536363636362
44,-0.01383973,-0.12308640000000001,0.03836517,-0.08768617,0.013427748799999997,-0.10492109999999999
45,-0.004679873999999999,-0.1220322,0.0069137619999999995,-0.09539639,-0.0001693707199999998,-0.1099305
46,-0.0016708380000000002,-0.1295291,-0.023800658,-0.11214288000000001,-0.013516241999999998,-0.1195451
47,-0.0042465215,-0.1243029,0.01933592,-0.10149243,-0.0042572033,-0.12413339999999999
48,8.239950000000003e-05,-0.12934110000000001,0.04362486,-0.09128723,0.0040771451,-0.12587120000000002
49,0.001119441818181818,-0.13744445454545454,0.04512854545454545,-0.0970527909090909,0.023380636363636364,-0.11705999999999998
50,-0.001464844,-0.1401519,0.03978881000000001,-0.10129110000000001,0.014790369000000001,-0.1248522
51,0.00028076260000000003,-0.13010709999999998,0.02856290000000001,-0.11182840000000001,0.005615235999999999,-0.12662540000000003
52,0.003015136,-0.12958079999999997,0.03228452,-0.1122239,0.008132941,-0.12671980000000002
53,0.00553589,-0.130925,0.032485969999999996,-0.10617680000000003,0.017382790000000002,-0.1200317
54,0.006264580000000001,-0.13457400000000003,0.02805584,-0.10656566666666668,0.015750470000000003,-0.12276366666666666
55,0.0022416552727272734,-0.13815727272727274,0.027981847272727275,-0.10981192727272727,0.009737869090909092,-0.12981909090909086
56,-0.0010818494,-0.1346589,0.02450406,-0.10070637,0.005508425,-0.1265243
57,-0.002838135,-0.12993749999999998,0.02698213,-0.09995108,0.010664393999999997,-0.1163788
58,-0.005004882727272727,-0.12890209090909088,0.028164981818181813,-0.10020023636363637,0.01030663090909091,-0.11559936363636365
59,-0.0049331670000000005,-0.131389,0.031723039999999994,-0.10226891,0.010951243999999999,-0.118756
60,-0.006407167,-0.1314361,0.03235321000000001,-0.09683991,0.009188831,-0.1175475
61,-0.008666987272727272,-0.12786027272727274,0.0334112,-0.0996009,0.008095486363636363,-0.11667854545454542
62,-0.009423813999999999,-0.1245285,0.029470841999999997,-0.09604966000000001,0.0067016579999999975,-0.11327670000000001
63,-0.006736754,-0.1223983,0.030204771,-0.08854672999999999,0.003950501,-0.11265250000000002
64,-0.004423663636363636,-0.12367781818181817,0.036363081818181826,-0.08957880000000001,0.01126932181818182,-0.1106179090909091
65,-0.005065919,-0.12505329999999998,0.035928329999999994,-0.09193572,0.01236264,-0.11100920000000003
66,-0.0037170432200000006,-0.1266892,0.03548737,-0.09325563,0.012908930000000002,-0.11253339999999998
67,-0.0025619499999999995,-0.13492129999999997,0.043669120000000006,-0.09892126999999999,0.015641799999999997,-0.1207992
68,0.0029190075,-0.13616930000000002,0.03781737,-0.09480896,0.012780761999999998,-0.12463710000000001
69,0.0036254864999999995,-0.1364243,0.033329790000000005,-0.1048464,0.010176085999999999,-0.129393
70,0.0038375859999999996,-0.1340897,0.024172980000000004,-0.10788259999999998,0.009928896,-0.1265123
71,0.002330018,-0.13287809999999997,0.0201294,-0.11455839999999999,0.008068849000000001,-0.1271196
72,0.0019378672727272726,-0.1315557272727273,0.019950172727272727,-0.11285990909090912,0.009058173636363638,-0.12432036363636363
73,0.0012481686000000007,-0.12965559999999998,0.02366029,-0.11461970000000002,0.010542292,-0.12345609999999999
74,0.0008636476399999999,-0.1321655,0.030232219999999994,-0.10913849999999999,0.012322975,-0.1232712
75,0.0014480609999999998,-0.13285360000000002,0.022093190000000002,-0.09908146,0.009686267000000002,-0.11935280000000001
76,-0.007041236363636363,-0.13166672727272727,0.02035245454545455,-0.09979104545454547,0.006156226363636363,-0.11643545454545455
77,-0.008877571,-0.1311903,0.01140902,-0.10211805999999998,-0.0004928579000000001,-0.1192413
78,-0.0064605782,-0.125589,0.006199649,-0.11271060000000002,-0.0029434282999999998,-0.1220826
79,-0.005437678181818181,-0.1251428181818182,0.0028742005454545456,-0.11697254545454547,-0.0006450327272727271,-0.12039345454545454
80,-0.0035659790000000004,-0.12384499999999998,0.014447012,-0.10964209999999999,0.0058609000000000005,-0.11645659999999998
81,-0.0026231263636363636,-0.12253072727272726,0.023925763636363638,-0.10226718181818181,0.011342821818181819,-0.11188445454545454
82,-0.0031402570000000005,-0.1206529,0.021731559999999997,-0.1039594,0.009843451,-0.111928
83,-0.007949831818181818,-0.12723336363636364,0.025729072727272727,-0.1100159090909091,0.009040147272727271,-0.11852490909090911
84,-0.004945374699999999,-0.1236022,0.025114450000000003,-0.099643,0.008665465,-0.11277150000000002
85,-0.0015731803000000003,-0.12294750000000002,0.015922540000000002,-0.10417320000000001,0.005578615,-0.1152574
86,-0.0005104757272727272,-0.12244754545454546,0.026437918181818176,-0.09609149090909092,0.007608594545454545,-0.11453372727272727
87,-0.0010406495999999998,-0.1239408,0.02173464,-0.10199899999999999,0.004666138,-0.11846940000000002
88,-0.0017272959999999997,-0.1249544,0.02460634,-0.1081726,0.008114630000000001,-0.118695
89,-0.0013565059000000001,-0.1277161,0.02826998,-0.1087739,0.010519424000000001,-0.1201004
90,-0.0005508431600000001,-0.12423999999999999,0.03146974,-0.10400849999999999,0.0170395,-0.11317110000000001
91,0.0017963747272727274,-0.12504163636363638,0.02946609090909091,-0.10525099999999998,0.016240900000000003,-0.11476127272727271
92,0.0009307871999999998,-0.1280516,0.02505492,-0.10832520000000001,0.012564099999999998,-0.11855479999999999
93,-0.000689697,-0.1300324,0.027111800000000002,-0.1067506,0.010952739999999999,-0.12030039999999997
94,-0.0014434819999999998,-0.12905429999999998,0.032861299999999996,-0.1000367,0.008865340999999999,-0.12018769999999998
95,0.005781697818181817,-0.12828618181818177,0.04288414545454545,-0.09059840000000001,0.017333973636363638,-0.11658963636363637
96,0.010014341,-0.1260712,0.042224130000000006,-0.08949741,0.01746827,-0.1173416
97,0.007253473636363636,-0.12804472727272725,0.03384678181818182,-0.09906839999999999,0.011964294545454546,-0.12297472727272725
98,-0.0002029440000000002,-0.1291853,0.030609129999999995,-0.1053726,0.0034561170000000007,-0.1263825
99,-0.003660587,-0.1160264,0.026951600000000003,-0.10947720000000001,0.0036117575,-0.1143359
100,-0.010509149090909092,-0.1250319090909091,0.028006781818181815,-0.09915294545454545,0.004250265909090909,-0.11515545454545452
101,-0.011322038181818185,-0.13098145454545457,0.012478919999999998,-0.11615252727272729,-0.0032986718181818187,-0.12628327272727274
102,-0.011849966,-0.12974839999999999,0.007662958,-0.120578,-0.01120909,-0.1294096
103,-0.01648254,-0.1288774,0.028109720000000005,-0.12267140000000001,-0.01645203,-0.12887120000000002
104,-0.01465456,-0.13168639999999998,0.026406839999999997,-0.11278400000000002,-0.014541639999999998,-0.13164060000000002
105,-0.013236289090909093,-0.1268727272727273,0.03316288181818182,-0.10073578181818181,-0.009757305454545452,-0.12497790909090911
106,-0.009786996000000001,-0.12670920000000002,0.03527218,-0.10346079999999999,-0.004840088,-0.1241452
107,-0.008267212000000001,-0.1259642,0.034762579999999994,-0.09586182000000001,-0.006063842000000001,-0.1243652
108,-0.0070175182000000004,-0.13322589999999995,0.02956393,-0.0912506,-0.0010284424,-0.12640840000000003
109,-0.004432679,-0.128685,0.04597321,-0.09067534000000001,0.012213152,-0.11626410000000001
110,-0.006976322,-0.1266296,0.052279679999999995,-0.08201598,0.012585443999999998,-0.1119386
111,-0.00955199296,-0.12303440000000002,0.04456176,-0.0765991,-0.006869499999999999,-0.12062380000000002
112,0.086166512,-0.06918948,-0.038699300000000006,-0.13009642,0.08356927399999999,-0.06792916
113,0.21192899999999998,-0.005859379999999999,-0.6869050000000001,-0.27918999999999994,-0.0196838,-0.08390810000000001
114,0.21192899999999998,-0.005859379999999999,-0.6869050000000001,-0.27918999999999994,-0.0196838,-0.08390810000000001
115,0.21192899999999998,-0.005859379999999999,-0.6869050000000001,-0.27918999999999994,-0.0196838,-0.08390810000000001
116,0.21192899999999998,-0.005859379999999999,-0.6869050000000001,-0.27918999999999994,-0.0196838,-0.08390810000000001
117,0.211929,-0.005859379999999998,-0.6869050000000002,-0.27918999999999994,-0.0196838,-0.08390810000000003
118,0.21192899999999998,-0.005859379999999999,-0.6869050000000001,-0.27918999999999994,-0.0196838,-0.08390810000000001
119,0.21192899999999998,-0.005859379999999999,-0.6869050000000001,-0.27918999999999994,-0.0196838,-0.08390810000000001
120,0.21192899999999998,-0.005859379999999999,-0.6869050000000001,-0.27918999999999994,-0.0196838,-0.08390810000000001
121,0.211929,-0.005859379999999998,-0.6869050000000002,-0.27918999999999994,-0.0196838,-0.08390810000000003
122,0.21192899999999998,-0.005859379999999999,-0.6869050000000001,-0.27918999999999994,-0.0196838,-0.08390810000000001
123,0.211929,-0.005859379999999999,-0.6869050000000001,-0.27919,-0.0196838,-0.08390810000000001
124,0.211929,-0.005859379999999998,-0.6869050000000002,-0.27918999999999994,-0.0196838,-0.08390810000000003
125,0.21192899999999998,-0.005859379999999999,-0.6869050000000001,-0.27918999999999994,-0.0196838,-0.08390810000000001
126,0.21192899999999998,-0.005859379999999999,-0.6869050000000001,-0.27918999999999994,-0.0196838,-0.08390810000000001
127,0.211929,-0.005859379999999998,-0.6869050000000002,-0.27918999999999994,-0.0196838,-0.08390810000000003
128,0.21192899999999998,-0.005859379999999999,-0.6869050000000001,-0.27918999999999994,-0.0196838,-0.08390810000000001
129,0.21192899999999998,-0.005859379999999999,-0.6869050000000001,-0.27918999999999994,-0.0196838,-0.08390810000000001
130,0.21192899999999998,-0.005859379999999999,-0.6869050000000001,-0.27918999999999994,-0.0196838,-0.08390810000000001
131,0.211929,-0.005859379999999998,-0.6869050000000002,-0.27918999999999994,-0.0196838,-0.08390810000000003
132,0.21192899999999998,-0.005859379999999999,-0.6869050000000001,-0.27918999999999994,-0.0196838,-0.08390810000000001
133,0.21192899999999998,-0.005859379999999999,-0.6869050000000001,-0.27918999999999994,-0.0196838,-0.08390810000000001
134,0.211929,-0.005859379999999998,-0.6869050000000002,-0.27918999999999994,-0.0196838,-0.08390810000000003
135,0.21192899999999998,-0.005859379999999999,-0.6869050000000001,-0.27918999999999994,-0.0196838,-0.08390810000000001
136,0.21192899999999998,-0.005859379999999999,-0.6869050000000001,-0.27918999999999994,-0.0196838,-0.08390810000000001
137,0.211929,-0.005859379999999999,-0.6869050000000001,-0.27919,-0.0196838,-0.08390810000000001
138,0.211929,-0.005859379999999998,-0.6869050000000002,-0.27918999999999994,-0.0196838,-0.08390810000000003
139,0.21192899999999998,-0.005859379999999999,-0.6869050000000001,-0.27918999999999994,-0.0196838,-0.08390810000000001
140,0.211929,-0.005859379999999998,-0.6869050000000002,-0.27918999999999994,-0.0196838,-0.08390810000000003
141,0.21192899999999998,-0.005859379999999999,-0.6869050000000001,-0.27918999999999994,-0.0196838,-0.08390810000000001
142,0.21192899999999998,-0.005859379999999999,-0.6869050000000001,-0.27918999999999994,-0.0196838,-0.08390810000000001
143,0.21192899999999998,-0.005859379999999999,-0.6869050000000001,-0.27918999999999994,-0.0196838,-0.08390810000000001
144,0.211929,-0.005859379999999999,-0.6869050000000001,-0.27919,-0.0196838,-0.08390810000000001
145,0.211929,-0.005859379999999998,-0.6869050000000002,-0.27918999999999994,-0.0196838,-0.08390810000000003
146,0.21192899999999998,-0.005859379999999999,-0.6869050000000001,-0.27918999999999994,-0.0196838,-0.08390810000000001
147,0.21192899999999998,-0.005859379999999999,-0.6869050000000001,-0.27918999999999994,-0.0196838,-0.08390810000000001
148,0.21192899999999998,-0.005859379999999999,-0.6869050000000001,-0.27918999999999994,-0.0196838,-0.08390810000000001
149,0.211929,-0.005859379999999998,-0.6869050000000002,-0.27918999999999994,-0.0196838,-0.08390810000000003
150,0.21192899999999998,-0.005859379999999999,-0.6869050000000001,-0.27918999999999994,-0.0196838,-0.08390810000000001
151,0.21192899999999998,-0.005859379999999999,-0.6869050000000001,-0.27918999999999994,-0.0196838,-0.08390810000000001
152,0.211929,-0.005859379999999998,-0.6869050000000002,-0.27918999999999994,-0.0196838,-0.08390810000000003
153,0.21192899999999998,-0.005859379999999999,-0.6869050000000001,-0.27918999999999994,-0.0196838,-0.08390810000000001
154,0.21192899999999998,-0.005859379999999999,-0.6869050000000001,-0.27918999999999994,-0.0196838,-0.08390810000000001
155,0.21192899999999998,-0.005859379999999999,-0.6869050000000001,-0.27918999999999994,-0.0196838,-0.08390810000000001
156,0.21192899999999998,-0.005859379999999999,-0.6869050000000001,-0.27918999999999994,-0.0196838,-0.08390810000000001
157,0.211929,-0.005859379999999998,-0.6869050000000002,-0.27918999999999994,-0.0196838,-0.08390810000000003
158,0.21192899999999998,-0.005859379999999999,-0.6869050000000001,-0.27918999999999994,-0.0196838,-0.08390810000000001
159,0.21192899999999998,-0.005859379999999999,-0.6869050000000001,-0.27918999999999994,-0.0196838,-0.08390810000000001
160,0.21192899999999998,-0.005859379999999999,-0.6869050000000001,-0.27918999999999994,-0.0196838,-0.08390810000000001
161,0.21192899999999998,-0.005859379999999999,-0.6869050000000001,-0.27918999999999994,-0.0196838,-0.08390810000000001
162,0.21192899999999998,-0.005859379999999999,-0.6869050000000001,-0.27918999999999994,-0.0196838,-0.08390810000000001
163,0.21192899999999998,-0.005859379999999999,-0.6869050000000001,-0.27918999999999994,-0.0196838,-0.08390810000000001
164,0.21192899999999998,-0.005859379999999999,-0.6869050000000001,-0.27918999999999994,-0.0196838,-0.08390810000000001
165,0.0852524988888889,0.036214204444444446,-0.1844770888888889,-0.06287128888888888,-0.0012037444444444447,-0.0003356888888888883
166,0.0031391472727272736,0.05135969999999999,-0.016770790909090914,0.08955099999999999,-0.010302445454545457,0.05217536363636363
167,-0.002435304,0.04585725,0.015319828000000002,0.11732178,-0.002435304,0.0458603
168,-0.0017272960000000001,0.041690060000000015,0.013514708,0.11533807999999998,-0.0017272960000000001,0.04169618000000001
169,-0.0019042960000000002,0.039585869999999995,-0.024200432,0.09195395999999999,-0.0019042960000000002,0.039582809999999996
170,-0.002845765,0.04316561000000001,-0.04912261999999999,0.04050597,-0.002845765,0.04316561000000001
171,-0.00994415,0.0246918,0.004493722,0.08481299999999999,-0.00994415,0.0246918
172,-0.012042577777777778,0.022177799999999998,-0.008716162222222221,0.04507615555555556,-0.012042577777777778,0.022181177777777773
173,-0.018667036363636366,0.027707181818181822,-0.014986890909090911,0.024586063636363634,-0.018128809090909085,0.027372890909090907
174,-0.01574094,0.030812069999999997,-0.02054136,0.021842969999999996,-0.01609342,0.030197110000000006
175,-0.016922,0.029519639999999996,-0.03142397,0.02290038,-0.01751557,0.02925569
176,-0.01672362,0.027984619999999998,-0.02662964,0.04329527999999999,-0.01684878,0.028176879999999998
177,-0.01625367,0.02435149,-0.02448121,0.08023375999999999,-0.01630098,0.024604800000000003
178,-0.0146393,0.02017517,-0.019010939999999997,0.07649228000000001,-0.0146393,0.020188940000000002
179,-0.014556900000000001,0.020141600000000003,-0.019073499999999997,0.07548520000000002,-0.014556900000000001,0.020156900000000002
180,-0.01572571,0.02117309,-0.07440184999999999,0.017816090000000007,-0.01572877,0.021183800000000003
181,-0.015686000000000002,0.028991700000000002,-0.117126,-0.030807499999999995,-0.015686000000000002,0.028991700000000002
182,-0.015686000000000002,0.028991700000000002,-0.117126,-0.030807499999999995,-0.015686000000000002,0.028991700000000002
183,-0.015686000000000002,0.028991700000000002,-0.117126,-0.030807499999999995,-0.015686000000000002,0.028991700000000002
184,-0.015686000000000002,0.028991700000000006,-0.11712600000000001,-0.03080749999999999,-0.015686000000000002,0.028991700000000006
185,-0.0161574,0.030531166666666665,-0.06051964444444445,-0.033198011111111106,-0.0161574,0.030531166666666665
186,-0.01587221,0.02858584,-0.04883429,0.025863630000000006,-0.01587221,0.02858584
187,-0.014282199999999997,0.025650000000000003,0.039672900000000004,0.26170299999999996,-0.014282199999999997,0.025650000000000003
188,-0.014282199999999998,0.02565,0.039672900000000004,0.26170299999999996,-0.014282199999999998,0.02565
189,-0.017033369999999996,0.02649534,-0.05743411000000002,0.007412669999999999,-0.017033369999999996,0.02649534
190,-0.017318699999999996,0.026534999999999996,-0.057312000000000016,-0.022140500000000004,-0.017318699999999996,0.026534999999999996
191,-0.017318699999999996,0.026534999999999996,-0.05731200000000002,-0.022140500000000004,-0.017318699999999996,0.026534999999999996
192,-0.017318699999999996,0.026534999999999996,-0.057312000000000016,-0.022140500000000004,-0.017318699999999996,0.026534999999999996
193,-0.01867063,0.025660709999999996,-0.12301045999999997,0.06868453,-0.01867063,0.025660709999999996
194,-0.0190582,0.025146499999999995,-0.15658599999999998,0.11944599999999995,-0.0190582,0.025146499999999995
195,-0.0190582,0.025146499999999995,-0.15658599999999998,0.11944599999999997,-0.0190582,0.025146499999999995
196,-0.0190582,0.025146499999999995,-0.15658599999999998,0.11944599999999997,-0.0190582,0.025146499999999995
197,-0.018678127272727274,0.026031499999999996,-0.13854450909090907,0.09292063636363633,-0.018678127272727274,0.026031499999999996
198,-0.0103302,0.023727400000000003,-0.116013,0.0007019039999999999,-0.0103302,0.023727400000000003
199,-0.0103302,0.023727400000000003,-0.116013,0.0007019039999999999,-0.0103302,0.023727400000000003
200,-0.0103302,0.023727400000000003,-0.116013,0.0007019039999999999,-0.0103302,0.023727400000000003
201,-0.010823059999999999,0.024333180000000003,-0.11255379000000001,-0.0011184664000000002,-0.010823059999999999,0.024333180000000003
202,-0.015505940000000001,0.030664049999999998,-0.10706019000000003,0.060446209999999986,-0.015505940000000001,0.030664049999999998
203,-0.016340620000000004,0.02845915,-0.1919907,0.10465715140000001,-0.016340620000000004,0.02845915
204,-0.01669615,0.02579652,-0.13764942999999996,0.10483561999999999,-0.01669615,0.02579652
205,-0.0177002,0.027130099999999997,-0.010375999999999998,0.23852500000000004,-0.0177002,0.027130099999999997
206,-0.0177002,0.027130099999999997,-0.010375999999999998,0.23852500000000004,-0.0177002,0.027130099999999997
207,-0.014149054545454544,0.027779299999999996,-0.08261654545454544,0.10841490909090913,-0.014149054545454544,0.027779299999999996
208,-0.011245699999999999,0.028579699999999993,-0.119995,0.019256600000000002,-0.011245699999999999,0.028579699999999993
209,-0.057424930000000006,0.0299881,-0.1318496,0.0047851703999999985,-0.057424930000000006,0.0299881
210,-0.2659823,0.04100189,-0.26997669999999996,0.09072706,-0.267018,0.06394807
211,-0.33057209090909095,0.036128654545454546,-0.3190501818181818,0.12293609090909091,-0.32373872727272723,0.09148049999999999
212,-0.32830970000000004,0.03236082999999999,-0.31980899999999995,0.1151079,-0.3256868,0.05334167000000002
213,-0.32926459999999996,0.03277129,-0.30586719999999995,0.146466,-0.32625309999999996,0.048774710000000006
214,-0.3296677,0.03258361,-0.34622039999999993,0.16285109999999997,-0.3377821,0.06801299000000001
215,-0.3257515454545455,0.01747131818181818,-0.39220763636363637,0.1572459090909091,-0.3569835454545455,0.08249037272727273
216,-0.3251765555555555,0.02128602222222222,-0.39049088888888894,0.158749,-0.3446317777777777,0.06091307777777778
217,-0.3290419,0.025889569999999994,-0.39558889999999997,0.1651154,-0.34180760000000004,0.05167389
218,-0.3314126363636363,0.028275927272727267,-0.3963888181818182,0.17327872727272722,-0.352134090909091,0.07316867272727273
219,-0.33787245454545456,0.027277154545454544,-0.39963054545454535,0.1720842727272727,-0.34810590909090905,0.05023751818181818
220,-0.3357163,0.02989808,-0.4034181000000001,0.17092110000000002,-0.34070130000000004,0.039707929999999995
221,-0.33494733333333326,0.028216900000000003,-0.41505766666666666,0.1474252222222222,-0.34269377777777776,0.03945753333333333
222,-0.3367004545454545,0.03415333636363637,-0.4056938181818182,0.16775099999999998,-0.34209927272727275,0.04448907272727272
223,-0.33261579999999996,0.030053699999999996,-0.4076599000000001,0.17893689999999998,-0.3405578,0.0446182
224,-0.33324227272727264,0.031044709090909093,-0.41562436363636357,0.16208699999999998,-0.34582390909090904,0.05105451818181817
225,-0.3377838,0.03150634000000001,-0.4172668,0.1605592,-0.35453799999999996,0.057501220000000006
226,-0.33495329999999995,0.02554321,-0.4149705000000001,0.16233840000000002,-0.3448682,0.04156952
227,-0.3359102,0.026248180000000003,-0.4213912000000001,0.1480378,-0.34959870000000004,0.04496156
228,-0.3373719090909091,0.027128754545454544,-0.4227017272727272,0.14512236363636363,-0.3658668181818182,0.0650426818181818
229,-0.3368288,0.03066102,-0.43065330000000007,0.1404708,-0.3616960000000001,0.05790406
230,-0.32921279999999997,0.03564758,-0.42631209999999997,0.14977590000000002,-0.3368959000000001,0.044236750000000005
231,-0.3347518,0.03478241,-0.4416671,0.11148991999999999,-0.3370391,0.03645018999999999
232,-0.334091,0.036288163636363634,-0.43475181818181824,0.13900027272727272,-0.33944827272727274,0.04150528181818182
233,-0.3306761,0.04746094,-0.44959119999999986,0.11990808,-0.34973909999999997,0.0599503
234,-0.3301264545454546,0.05115025454545454,-0.4222466363636363,0.13491840000000002,-0.3356130909090909,0.055895718181818176
235,-0.32688890000000004,0.04777984999999999,-0.424965,0.15269150000000004,-0.34885550000000004,0.07086791
236,-0.33359700000000003,0.049435419999999994,-0.4274446,0.15292979999999995,-0.35930460000000003,0.07713624000000001
237,-0.3363754,0.046994020000000004,-0.44463189999999997,0.1315842,-0.34088129999999994,0.05065001
238,-0.33575590000000005,0.04810028000000001,-0.46053940000000004,0.041204819999999996,-0.33703010000000005,0.04802705
239,-0.3365692000000001,0.05075837,-0.3149779,0.06784973,-0.3362030000000001,0.0509201
240,-0.3361251,0.05162048,-0.30989999999999995,0.11046759000000002,-0.33593280000000003,0.052093509999999996
241,-0.3349045,0.04772337,-0.3228563,0.11115080000000002,-0.33489979999999997,0.04806671
242,-0.3309839090909091,0.04223632727272727,-0.2893178181818182,0.06476243636363638,-0.3308381818181818,0.04227379090909091
243,-0.3293684,0.04474641,-0.2832122,0.028166199999999995,-0.32393040000000006,0.0422531
244,-0.32963044444444445,0.04540338888888889,-0.2693038888888889,0.0658654111111111,-0.32736566666666667,0.04628499999999999
245,-0.3296951818181818,0.04379410000000001,-0.281709,0.06504819999999999,-0.32754381818181827,0.04476372727272727
246,-0.32941610000000004,0.040936280000000005,-0.27740780000000004,0.08021545,-0.3244644,0.04476622
247,-0.3285613,0.04321135,-0.2797485,0.10668635,-0.3245025,0.048684710000000006
248,-0.32946479999999995,0.046444700000000005,-0.32867879999999994,0.1239471,-0.3295199,0.05594178000000001
249,-0.3363097,0.043688969999999994,-0.34554429999999997,0.14560109999999998,-0.33763719999999997,0.057370010000000006
250,-0.3316040909090909,0.0414317909090909,-0.3518745454545455,0.15115199999999998,-0.3351496363636364,0.05929288181818181
251,-0.33174439999999994,0.03470154,-0.3502228,0.159668,-0.33558959999999993,0.05817871999999998
252,-0.3309233,0.03405764,-0.36675430000000003,0.15171209999999996,-0.33888240000000003,0.059419259999999995
253,-0.336086,0.03070486363636364,-0.37322445454545455,0.15192600000000003,-0.3415719090909091,0.04739102727272727
254,-0.3353744444444444,0.030698966666666667,-0.37505577777777777,0.15524122222222222,-0.3371700000000001,0.03605312222222222
255,-0.3360789090909091,0.02766975454545455,-0.3985414545454545,0.11598767272727271,-0.33879363636363635,0.030654881818181812
256,-0.3366546,0.02933656,-0.39300199999999996,0.09752192,-0.34564819999999996,0.0411499
257,-0.33740839999999994,0.03428038,-0.35993060000000004,0.13848560000000001,-0.34081700000000004,0.048208600000000004
258,-0.33705599999999997,0.03547516999999999,-0.37142659999999994,0.1589783,-0.3377807,0.03809967
259,-0.33518060000000005,0.03477322000000001,-0.4061951,0.1285538,-0.33622919999999995,0.03619998
260,-0.3328004,0.033862315,-0.3988618,0.14629664000000003,-0.3330033,0.034185806
261,-0.29956979999999994,-0.093948225,-0.30786610000000003,-0.0581161226,-0.299582,-0.093914574
262,-0.29983927272727273,-0.1462707272727273,-0.30720945454545456,-0.11017109090909093,-0.3001151818181818,-0.14510254545454543
263,-0.30461109999999997,-0.1393188,-0.3033234000000001,-0.1111251,-0.30364510000000006,-0.130986
264,-0.3052413,-0.13778849999999998,-0.30089730000000003,-0.10519130000000002,-0.304245,-0.12882049999999998
265,-0.3038404,-0.1375231,-0.3094863,-0.1079378,-0.305777,-0.1276719
266,-0.30719139999999995,-0.1264344,-0.3159666,-0.09871517,-0.30981309999999995,-0.11744849999999998
267,-0.31286200000000003,-0.13081927272727276,-0.3138869090909091,-0.10172622727272727,-0.3131812727272727,-0.11757854545454549
268,-0.30948411111111107,-0.12350466666666665,-0.311296,-0.08928597777777776,-0.31031633333333336,-0.107622
269,-0.30796510000000005,-0.1286776,-0.3115663,-0.07112884000000001,-0.3098739,-0.09848939999999999
270,-0.30816236363636373,-0.13094127272727274,-0.3283234545454546,-0.05818316363636364,-0.31587363636363636,-0.10097440909090909
271,-0.3083129,-0.1301374,-0.34196930000000003,-0.07878268,-0.3167725,-0.11783150000000002
272,-0.3083436,-0.13218689999999997,-0.3026488,-0.07243959000000001,-0.30612659999999997,-0.1078841
273,-0.3036774545454546,-0.13102736363636364,-0.3140299090909091,-0.08499422727272726,-0.30549218181818183,-0.11910736363636364
274,-0.299295,-0.1287386,-0.317102,-0.0660553,-0.31278380000000006,-0.08528751999999999
275,-0.30207839999999997,-0.12551279999999998,-0.3427492,-0.07669068,-0.33956919999999996,-0.08024292
276,-0.3031938,-0.1231079,-0.3454771,-0.07810364,-0.33444840000000003,-0.09048311
277,-0.30223819999999996,-0.1246259,-0.3498124,-0.07570342000000002,-0.313716,-0.11247859999999998
278,-0.29172349999999997,-0.1252519,-0.3590941,-0.06182253,-0.3060413,-0.11200720000000002
279,-0.28635045454545455,-0.12590454545454544,-0.37656890909090907,-0.05878657272727272,-0.3325946363636364,-0.0922102090909091
280,-0.28877259999999993,-0.1254882,-0.38312660000000004,-0.06665647999999999,-0.35531000000000007,-0.084256
281,-0.2902192727272727,-0.11932818181818182,-0.3745630909090908,-0.05850776363636365,-0.3538125454545455,-0.07443375454545455
282,-0.290024,-0.125952,-0.35933839999999995,-0.06544802,-0.3384552,-0.0840851
283,-0.29232320000000006,-0.12446000000000002,-0.360939,-0.06402284,-0.34412690000000007,-0.07901765
284,-0.28995980000000005,-0.1230896,-0.36986379999999996,-0.07562256,-0.32140499999999994,-0.1047027
285,-0.29534000000000005,-0.12132260000000002,-0.36688540000000003,-0.05823974,-0.3163756,-0.10308842
286,-0.2981352,-0.118277,-0.3679564,-0.0593567,-0.3419462,-0.0816925
287,-0.29560840000000005,-0.1211762,-0.3763580000000001,-0.07337951999999999,-0.3146666,-0.10976882000000002
288,-0.29703680000000005,-0.11865540000000001,-0.3590484,-0.058731060000000015,-0.2991150000000001,-0.11672960000000002
289,-0.294637,-0.12014255555555556,-0.3626385555555556,-0.05651177777777778,-0.31322733333333336,-0.10234077777777778
290,-0.28777759999999997,-0.12480179999999996,-0.35577700000000007,-0.06117862,-0.334552,-0.08122864
291,-0.2890532,-0.1246246,-0.3516754000000001,-0.06942446,-0.32651080000000005,-0.09193114
292,-0.2944034,-0.11991860000000001,-0.3421418,-0.08420103999999999,-0.3311888,-0.09249878
293,-0.2953401,-0.11829979999999998,-0.3386108,-0.07360686000000002,-0.3293427,-0.08334962000000001
294,-0.29427200000000003,-0.1264434,-0.35147720000000005,-0.07500914,-0.33371300000000004,-0.09117736000000001
295,-0.29452500000000004,-0.12565620000000002,-0.34736620000000007,-0.0667389,-0.3234254,-0.09574896
296,-0.2954391818181818,-0.12596690909090913,-0.3495401818181818,-0.07781981818181817,-0.3251080909090909,-0.09939303636363638
297,-0.297659,-0.131235,-0.3519532000000001,-0.07190549999999998,-0.327948,-0.09854426
298,-0.30145972727272735,-0.12685463636363634,-0.35523690909090905,-0.07481661818181819,-0.3221573636363637,-0.10698618181818181
299,-0.3030628,-0.12905119999999998,-0.3569276,-0.07428283,-0.31514110000000006,-0.1168061
300,-0.3024992,-0.1308348,-0.36387920000000007,-0.07216796,-0.3312132,-0.10366518
301,-0.311215,-0.1257384,-0.35163560000000005,-0.07906188,-0.3437714,-0.08828736000000001
302,-0.30708899999999995,-0.13079239999999998,-0.34379899999999997,-0.06544496,-0.3247468,-0.09992046000000002
303,-0.3073270909090909,-0.12670736363636365,-0.34657699999999997,-0.07199234545454546,-0.3314070909090909,-0.0935100090909091
304,-0.3051726,-0.123578,-0.3457854000000001,-0.07773131999999999,-0.3305176,-0.09480895999999998
305,-0.30758918181818184,-0.11878563636363637,-0.3467448181818181,-0.07157483636363637,-0.33652145454545457,-0.08392196363636363
306,-0.3007158,-0.12422009999999999,-0.34734650000000006,-0.0725647,-0.33966510000000005,-0.08123779
307,-0.3013338,-0.1343416,-0.3470672,-0.06842650000000002,-0.3331054,-0.08895874
308,-0.29422863636363644,-0.13545945454545458,-0.3491127272727273,-0.06733148181818181,-0.3288616363636364,-0.09212833636363635
309,-0.2927612,-0.1345916,-0.3556122,-0.052899180000000004,-0.34044180000000007,-0.07278138
310,-0.292108,-0.1378448,-0.36034239999999995,-0.0746216,-0.33979780000000004,-0.09512628
311,-0.3113652727272727,-0.25967818181818186,-0.32567254545454544,-0.19982772727272727,-0.32074936363636364,-0.21634745454545454
312,-0.31930220000000004,-0.2759764,-0.3255616,-0.21893920000000003,-0.3212464,-0.2528378
313,-0.3135072,-0.2753512,-0.3248138,-0.2218506,-0.31970220000000005,-0.24776640000000008
314,-0.3099077,-0.2747636,-0.3282654,-0.22706930000000006,-0.3247757,-0.23650349999999998
315,-0.3101460909090909,-0.2721125454545455,-0.33255690909090907,-0.229391,-0.3285991818181818,-0.23698572727272726
316,-0.3161712,-0.2723418,-0.32510079999999997,-0.22889739999999997,-0.3235474,-0.2357726
317,-0.31517981818181817,-0.2811792727272727,-0.3157515454545455,-0.2293839090909091,-0.3157362727272727,-0.23436390909090912
318,-0.3059172,-0.2907331999999999,-0.3118713,-0.22719430000000002,-0.3108293,-0.2360643
319,-0.29187290909090907,-0.3555561818181818,-0.3313517272727273,-0.2397557272727273,-0.3309659999999999,-0.24083090909090912
320,-0.29650579999999993,-0.3269471,-0.33059700000000003,-0.2407105,-0.3303985,-0.24123530000000004
321,-0.29655020000000004,-0.32458929999999997,-0.3298142,-0.24276720000000002,-0.3277315,-0.24817190000000006
322,-0.29489589999999993,-0.3179459,-0.32940700000000006,-0.2446777,-0.3255738,-0.25301340000000005
323,-0.2916700000000001,-0.312644,-0.32883877777777776,-0.24755522222222226,-0.32492899999999997,-0.2544605555555555
324,-0.28979209090909097,-0.30992390909090906,-0.32227954545454546,-0.24001509090909093,-0.32175381818181814,-0.24117890909090908
325,-0.2917739,-0.30341490000000004,-0.3178895,-0.2367537,-0.31723650000000003,-0.238672
326,-0.2895127,-0.3032578,-0.31802849999999994,-0.2272018,-0.31591479999999994,-0.23341820000000002
327,-0.2956695555555556,-0.2926448888888889,-0.3339914444444444,-0.2238634444444444,-0.33051555555555556,-0.23028933333333335
328,-0.2885131818181818,-0.30046636363636364,-0.3275575454545454,-0.23022609090909094,-0.32274563636363635,-0.2400984545454546
329,-0.2718293,-0.30860139999999997,-0.3206496,-0.23516830000000005,-0.31956330000000005,-0.23676930000000002
330,-0.28323069999999995,-0.29865129999999995,-0.31742860000000006,-0.24491110000000002,-0.3089203,-0.2589509
331,-0.30708900000000006,-0.3014282,-0.33264459999999996,-0.2539764,-0.3303252,-0.2600372
332,-0.2774674545454545,-0.31225727272727277,-0.32863136363636364,-0.24875845454545456,-0.3190584545454545,-0.26156900000000005
333,-0.28618170000000004,-0.3054476,-0.3242234,-0.23818820000000004,-0.3168306,-0.251689
334,-0.29374836363636364,-0.307595,-0.32748563636363637,-0.24545572727272724,-0.3258889090909091,-0.2485324545454545
335,-0.30352940000000006,-0.2967332,-0.331729,-0.2525544,-0.32944190000000007,-0.2561676999999999
336,-0.3091461,-0.29584029999999994,-0.33832870000000004,-0.2541547,-0.33440380000000003,-0.2598939
337,-0.3136414,-0.2933837,-0.33896329999999997,-0.2554762,-0.33217159999999996,-0.2659818
338,-0.31152959999999996,-0.2911072,-0.33686800000000006,-0.25479440000000003,-0.3242434,-0.2730592
339,-0.31010009090909096,-0.2921572727272727,-0.33795727272727266,-0.2535482727272727,-0.32181609090909097,-0.27596054545454546
340,-0.3075456,-0.299501,-0.33834069999999994,-0.25143609999999994,-0.3257553000000001,-0.27136379999999993
341,-0.309384,-0.29854569999999997,-0.3305802,-0.2527864000000001,-0.32127390000000006,-0.2715288
342,-0.3132554000000001,-0.29554619999999987,-0.32270329999999997,-0.24874089999999996,-0.32211910000000005,-0.25129840000000003
343,-0.31492,-0.29231719999999994,-0.34454350000000006,-0.2596315,-0.33560179999999995,-0.27104049999999996
344,-0.3202380000000001,-0.2819747,-0.3415999,-0.24611029999999995,-0.33318630000000005,-0.26297889999999996
345,-0.3179225454545454,-0.2811169090909091,-0.3409352727272727,-0.24045218181818181,-0.3399950909090909,-0.24188772727272728
346,-0.3225798,-0.2770079,-0.3294724,-0.23874040000000002,-0.3293762,-0.23920899999999995
347,-0.3196719,-0.28113879999999997,-0.3268675999999999,-0.24074999999999996,-0.32681869999999996,-0.24147349999999998
348,-0.31163810000000003,-0.2953233,-0.33279849999999994,-0.2380966,-0.332472,-0.23893730000000005
349,-0.3148924000000001,-0.293869,-0.3370803,-0.23667449999999998,-0.3357024,-0.24036850000000004
350,-0.3142381818181818,-0.29271909090909093,-0.3379737272727273,-0.23644736363636365,-0.33671409090909094,-0.23949381818181817
351,-0.3128157,-0.28978420000000005,-0.3391663000000001,-0.23757640000000002,-0.3385147,-0.2388918
352,-0.3118622,-0.2871215,-0.33463139999999997,-0.23277899999999999,-0.3331908,-0.23661350000000003
353,-0.3064757000000001,-0.28998270000000004,-0.33385319999999996,-0.2341353,-0.32954859999999997,-0.24315340000000002
354,-0.30451510000000004,-0.2901153,-0.3372223,-0.23566290000000004,-0.32869579999999987,-0.2500472
355,-0.3023746,-0.29180900000000004,-0.3340591,-0.23344589999999998,-0.32758180000000003,-0.24523319999999998
356,-0.288057,-0.31186172727272726,-0.3323047272727273,-0.23657927272727267,-0.32151372727272726,-0.2555429090909091
357,-0.30039959999999993,-0.30470270000000005,-0.33528140000000006,-0.23224779999999998,-0.3305358,-0.24243299999999998
358,-0.3067794,-0.29755840000000006,-0.33803690000000003,-0.2302918,-0.3279419,-0.25316890000000003
359,-0.31009539999999997,-0.3012848,-0.3418306,-0.23240680000000005,-0.3266844,-0.2663664
360,-0.18049610000000002,-0.29143618181818187,-0.24879318181818186,-0.24102372727272725,-0.23860176363636362,-0.2549218181818182
361,-0.025085439999999997,-0.2842469,-0.034770198,-0.2525512,-0.02993623,-0.26845559999999996
362,-0.020600745454545457,-0.27986136363636366,-0.02220154545454545,-0.2553931818181818,-0.020389900000000002,-0.27796927272727273
363,-0.021577459999999996,-0.28685000000000005,-0.03265229,-0.2633013,-0.024060039999999998,-0.2820114
364,-0.020306390000000004,-0.284149,-0.012666313999999998,-0.25896159999999996,-0.01730195,-0.275119
365,-0.020072929999999996,-0.2815504,-0.023349002,-0.2548781,-0.020948790000000002,-0.2718767
366,-0.01206053,-0.2814209,-0.018174746999999998,-0.25035710000000005,-0.013420097999999997,-0.27437429999999996
367,-0.004484697272727273,-0.2807131818181818,-0.01486899090909091,-0.25593127272727273,-0.006977427272727272,-0.2754558181818182
368,-0.004492186599999999,-0.2816926,-0.01385496,-0.2563491,-0.007928465,-0.27238450000000003
369,-0.004940796999999999,-0.2764130000000001,0.006970220000000001,-0.24360949999999998,-0.0036315919999999995,-0.2704636
370,-0.003561401,-0.27309269999999997,0.0007232682000000002,-0.2457869,-0.0031860339999999995,-0.2710208
371,-0.008721949000000001,-0.26876980000000006,-0.0023757910000000004,-0.2418853,-0.0073150640000000005,-0.26320940000000004
372,-0.006182585363636362,-0.2682883636363637,-0.004902236363636363,-0.24065327272727277,-0.005583329636363637,-0.25978918181818184
373,-0.004963682999999999,-0.26269679999999995,0.00097045956,-0.23768759999999997,-0.004159549,-0.25935220000000003
374,-0.004895021,-0.26564810000000005,0.00013732979999999995,-0.23765109999999998,-0.004495237,-0.26335739999999996
375,-0.004133606,-0.26285070000000005,-0.0035736065999999998,-0.2391206,-0.004023744,-0.2542725
376,-0.004939683636363637,-0.2697973636363636,-0.011154160909090908,-0.2442531818181818,-0.007582234545454545,-0.2590332727272728
377,-0.00483551,-0.2720138,-0.0024261449999999985,-0.24509280000000003,-0.004067994,-0.26231519999999997
378,-0.006144714999999999,-0.2725036,0.003778075,-0.24700620000000004,-0.002560424,-0.2633835000000001
379,-0.007723998,-0.2725878,0.010246290000000002,-0.2454926,-0.0007751453,-0.26211550000000006
380,-0.008142645454545456,-0.2733141818181818,0.010084667272727272,-0.24843381818181817,-0.0025385076363636364,-0.2656429090909091
381,-0.009643564,-0.27433139999999995,0.005200194,-0.2485303,-0.006967161999999999,-0.2697114
382,-0.010549948,-0.27542710000000004,-0.00031738350000000003,-0.252147,-0.00977325,-0.2737225
383,-0.008473202,-0.27619000000000005,0.004507444199999999,-0.2492692,-0.0068023680000000005,-0.2727784
384,-0.008615119,-0.28345940000000003,0.0101547108,-0.24531880000000003,-0.0043121387999999995,-0.27554799999999996
385,-0.007823183000000001,-0.2811766,0.012373344,-0.2482971,-0.0026168825399999996,-0.273224
386,-0.009461963,-0.2836181,0.001177978,-0.24672100000000002,-0.007910156999999998,-0.2783082
387,-0.009429931,-0.2835524,0.0016281138999999997,-0.252913,-0.008119203,-0.27990119999999996
388,-0.009101861,-0.2728805,0.0033370989999999996,-0.2545884,-0.007131955999999999,-0.2700457
389,-0.014570444444444445,-0.27934077777777777,0.005879726666666666,-0.24891822222222226,-0.007375097777777778,-0.26846322222222224
390,-0.014755257272727274,-0.2816703636363636,0.0031557945454545448,-0.2475724545454546,-0.009893235454545455,-0.27246072727272724
391,-0.015055830000000001,-0.28154120000000005,0.0011474617,-0.2519637,-0.009825113000000002,-0.2721665
392,-0.0161423,-0.27816159999999995,0.004141234,-0.2529389,-0.010057062,-0.2705687
393,-0.01129001,-0.28204650000000003,0.008164984,-0.2505311,-0.004246519999999999,-0.2706574
394,-0.011083452727272727,-0.277151,0.0036191085454545455,-0.25075472727272724,-0.006038317272727274,-0.26798581818181816
395,-0.012977617,-0.27844719999999995,0.00918425618,-0.2500565,-0.008842477999999999,-0.27294450000000003
396,-0.009519963,-0.28111260000000005,0.014897170000000001,-0.2528581,-0.006553649,-0.2776748
397,-0.011223525454545457,-0.2860994545454545,0.011022390909090908,-0.25381045454545453,-0.005448773636363636,-0.2777347272727273
398,-0.010703345454545455,-0.280129,0.008267489090909092,-0.2531269090909091,-0.001983643636363636,-0.26771009090909087
399,-0.012385032222222224,-0.2789562222222222,0.0003899493333333332,-0.2509306666666667,-0.006707084444444444,-0.2670015555555556
400,-0.010094395454545454,-0.2762145454545455,-0.013264055454545454,-0.2620486363636364,-0.011589712727272727,-0.2708435454545454
401,-0.008593758000000002,-0.2795198,-0.007617181999999998,-0.26719639999999995,-0.008395387999999998,-0.2764954
402,-0.009960941999999999,-0.2815672,0.0007629399999999999,-0.2552519999999999,-0.008099372000000002,-0.27740200000000004
403,-0.00986174,-0.2748507,0.015753161,-0.2442671,-0.005357361000000001,-0.26949309999999993
404,-0.007917794,-0.26748190000000005,0.025451644000000002,-0.2505796,-0.00033111510000000046,-0.2637588
405,-0.006206165454545456,-0.2706454545454545,0.04013478181818182,-0.25876809090909086,0.009840525363636363,-0.2667000000000001
406,-0.004550168799999999,-0.26916519999999994,0.03947754,-0.2449586,0.01871033,-0.25748920000000003
407,-0.003588867,-0.2682451,0.025386061999999997,-0.25373080000000003,0.022561635,-0.25535589999999997
408,-0.004396055,-0.2671953,0.020545967999999998,-0.24970399999999998,0.010990912,-0.2564103
409,-0.005329894999999999,-0.26618349999999996,0.042655950000000005,-0.2440994,0.013349920000000001,-0.2572495
410,-0.005421030909090908,-0.27153027272727276,0.03977411818181818,-0.2526329090909091,0.006436443636363637,-0.26654609090909087
411,-0.003268435,-0.2720762,0.038699340000000006,-0.25237119999999996,0.00614319,-0.26797180000000004
412,0.039758341999999995,-0.26578510000000005,0.057743907000000004,-0.2665952,0.04765620499999999,-0.2608552
413,0.18202199999999996,-0.25941500000000006,0.08088680000000001,-0.3856510000000001,0.16964699999999996,-0.27557399999999993
414,0.18202199999999996,-0.25941500000000006,0.08088680000000001,-0.3856510000000001,0.16964699999999996,-0.27557399999999993
415,0.2447861,-0.24361750000000004,-0.09050126,-0.4308078,0.2410736,-0.24846519999999997
416,0.2659101,-0.24667650000000002,-0.2597427,-0.3734268,0.2659101,-0.24667650000000002
417,0.26653899999999997,-0.24654089999999998,-0.4042071,-0.3279096,0.26560540000000005,-0.24670589999999998
418,0.271585,-0.2522157,-0.4519413,-0.31388350000000004,0.27018460000000005,-0.25246320000000005
419,0.3053935454545455,-0.2948998181818181,-0.3557877272727273,-0.5499945454545454,0.3053935454545455,-0.2948998181818181
420,0.3027494,-0.2943818,-0.30843840000000006,-0.44103380000000003,0.3027494,-0.2943818
421,0.2961154,-0.2931811,-0.042770415000000006,-0.5430128,0.2961154,-0.2931811
422,0.2937469999999999,-0.28979499999999997,0.048202499999999995,-0.5879820000000001,0.2937469999999999,-0.28979499999999997
423,0.2937469999999999,-0.28979499999999997,0.048202499999999995,-0.5879820000000001,0.2937469999999999,-0.28979499999999997
424,0.2937469999999999,-0.28979499999999997,0.048202499999999995,-0.5879820000000001,0.2937469999999999,-0.28979499999999997
425,0.2937469999999999,-0.28979499999999997,0.048202499999999995,-0.5879820000000001,0.2937469999999999,-0.28979499999999997
426,0.2966780909090909,-0.2924307272727273,-0.15071804545454545,-0.4595681818181818,0.03052309090909091,-0.30713436363636365
427,0.301056,-0.28836100000000003,-0.28448500000000004,-0.32070899999999997,-0.28448500000000004,-0.32070899999999997
428,0.301056,-0.28836100000000003,-0.28448500000000004,-0.32070899999999997,-0.28448500000000004,-0.32070899999999997
429,0.301056,-0.28836100000000003,-0.28448500000000004,-0.32070899999999997,-0.28448500000000004,-0.32070899999999997
430,0.301056,-0.28836100000000003,-0.28448500000000004,-0.32070899999999997,-0.28448500000000004,-0.32070899999999997
431,0.301056,-0.28836100000000003,-0.28448500000000004,-0.32070899999999997,-0.28448500000000004,-0.32070899999999997
432,0.301056,-0.28836100000000003,-0.28448500000000004,-0.32070899999999997,-0.28448500000000004,-0.32070899999999997
433,0.301056,-0.28836100000000003,-0.28448500000000004,-0.32070899999999997,-0.28448500000000004,-0.32070899999999997
434,0.301056,-0.28836100000000003,-0.28448500000000004,-0.32070899999999997,-0.28448500000000004,-0.32070899999999997
435,0.301056,-0.28836100000000003,-0.28448500000000004,-0.32070899999999997,-0.28448500000000004,-0.32070899999999997
436,0.301056,-0.28836100000000003,-0.28448500000000004,-0.32070899999999997,-0.28448500000000004,-0.32070899999999997
437,0.301056,-0.28836100000000003,-0.28448500000000004,-0.32070899999999997,-0.28448500000000004,-0.32070899999999997
438,0.301056,-0.28836100000000003,-0.28448500000000004,-0.32070899999999997,-0.28448500000000004,-0.32070899999999997
439,0.301056,-0.28836100000000003,-0.28448500000000004,-0.32070899999999997,-0.28448500000000004,-0.32070899999999997
440,0.301056,-0.28836100000000003,-0.28448500000000004,-0.32070899999999997,-0.28448500000000004,-0.32070899999999997
441,0.301056,-0.28836100000000003,-0.28448500000000004,-0.32070899999999997,-0.28448500000000004,-0.32070899999999997
442,0.301056,-0.28836100000000003,-0.28448500000000004,-0.32070899999999997,-0.28448500000000004,-0.32070899999999997
443,0.301056,-0.28836100000000003,-0.28448500000000004,-0.32070899999999997,-0.28448500000000004,-0.32070899999999997
444,0.301056,-0.28836100000000003,-0.28448500000000004,-0.32070899999999997,-0.28448500000000004,-0.32070899999999997
445,0.301056,-0.28836100000000003,-0.28448500000000004,-0.32070899999999997,-0.28448500000000004,-0.32070899999999997
446,0.301056,-0.28836100000000003,-0.28448500000000004,-0.32070899999999997,-0.28448500000000004,-0.32070899999999997
447,0.301056,-0.28836100000000003,-0.28448500000000004,-0.32070899999999997,-0.28448500000000004,-0.32070899999999997
448,0.301056,-0.28836100000000003,-0.28448500000000004,-0.32070899999999997,-0.28448500000000004,-0.32070899999999997
449,0.301056,-0.28836100000000003,-0.28448500000000004,-0.32070899999999997,-0.28448500000000004,-0.32070899999999997
450,0.301056,-0.28836100000000003,-0.28448500000000004,-0.32070899999999997,-0.28448500000000004,-0.32070899999999997
451,0.301056,-0.28836100000000003,-0.28448500000000004,-0.32070899999999997,-0.28448500000000004,-0.32070899999999997
452,0.301056,-0.28836100000000003,-0.28448500000000004,-0.32070899999999997,-0.28448500000000004,-0.32070899999999997
453,0.301056,-0.28836100000000003,-0.28448500000000004,-0.32070899999999997,-0.28448500000000004,-0.32070899999999997
454,0.301056,-0.28836100000000003,-0.28448500000000004,-0.32070899999999997,-0.28448500000000004,-0.32070899999999997
455,0.301056,-0.28836100000000003,-0.28448500000000004,-0.32070899999999997,-0.28448500000000004,-0.32070899999999997
456,0.29756950000000004,-0.28985600000000006,-0.058280999999999986,-0.40851599999999993,0.004798999999999998,-0.3060300000000001
457,0.29408300000000004,-0.2913510000000001,0.16792300000000002,-0.496323,0.29408300000000004,-0.2913510000000001
458,0.29408300000000004,-0.2913510000000001,0.16792300000000002,-0.496323,0.29408300000000004,-0.2913510000000001
459,0.29408300000000004,-0.2913510000000001,0.16792300000000002,-0.496323,0.29408300000000004,-0.2913510000000001
460,0.29464327272727275,-0.291781090909091,0.17759427272727277,-0.5038176363636363,0.29464327272727275,-0.291781090909091
461,0.29698199999999997,-0.29235800000000006,0.210739,-0.5355220000000002,0.29698199999999997,-0.29235800000000006
462,0.29698199999999997,-0.29235800000000006,0.210739,-0.5355220000000002,0.29698199999999997,-0.29235800000000006
463,0.29698199999999997,-0.29235800000000006,0.210739,-0.5355220000000002,0.29698199999999997,-0.29235800000000006
464,0.29698199999999997,-0.29235800000000006,0.210739,-0.5355220000000002,0.29698199999999997,-0.29235800000000006
465,0.29698199999999997,-0.29235800000000006,0.210739,-0.5355220000000002,0.29698199999999997,-0.29235800000000006
466,0.29698199999999997,-0.29235800000000006,0.210739,-0.5355220000000002,0.29698199999999997,-0.29235800000000006
467,0.29698199999999997,-0.29235800000000006,0.210739,-0.5355220000000002,0.29698199999999997,-0.29235800000000006
468,0.29698199999999997,-0.29235800000000006,0.21073899999999998,-0.5355220000000002,0.29698199999999997,-0.29235800000000006
469,0.29698199999999997,-0.29235800000000006,0.210739,-0.5355220000000002,0.29698199999999997,-0.29235800000000006
470,0.29698199999999997,-0.29235800000000006,0.210739,-0.5355220000000002,0.29698199999999997,-0.29235800000000006
471,0.29698199999999997,-0.29235800000000006,0.21073899999999998,-0.5355220000000002,0.29698199999999997,-0.29235800000000006
472,0.29698199999999997,-0.29235800000000006,0.210739,-0.5355220000000002,0.29698199999999997,-0.29235800000000006
473,0.29698199999999997,-0.29235800000000006,0.21073899999999998,-0.5355220000000002,0.29698199999999997,-0.29235800000000006
474,0.29698199999999997,-0.29235800000000006,0.210739,-0.5355220000000002,0.29698199999999997,-0.29235800000000006
475,0.29698199999999997,-0.29235800000000006,0.210739,-0.5355220000000002,0.29698199999999997,-0.29235800000000006
476,0.29698199999999997,-0.29235800000000006,0.210739,-0.5355220000000002,0.29698199999999997,-0.29235800000000006
477,0.29698199999999997,-0.29235800000000006,0.21073899999999998,-0.5355220000000002,0.29698199999999997,-0.29235800000000006
478,0.29698199999999997,-0.29235800000000006,0.210739,-0.5355220000000002,0.29698199999999997,-0.29235800000000006
479,0.29698199999999997,-0.29235800000000006,0.210739,-0.5355220000000002,0.29698199999999997,-0.29235800000000006
480,0.29698199999999997,-0.29235800000000006,0.210739,-0.5355220000000002,0.29698199999999997,-0.29235800000000006
481,0.29698199999999997,-0.29235800000000006,0.210739,-0.5355220000000002,0.29698199999999997,-0.29235800000000006
482,0.29698199999999997,-0.29235800000000006,0.21073899999999998,-0.5355220000000002,0.29698199999999997,-0.29235800000000006
483,0.2995384444444445,-0.21900733333333333,0.13479775555555562,-0.5122340000000001,0.2995384444444445,-0.21900733333333333
484,0.302734,-0.127319,0.0398712,-0.48312400000000005,0.302734,-0.127319
485,0.302734,-0.127319,0.0398712,-0.483124,0.302734,-0.127319
486,0.302734,-0.127319,0.0398712,-0.483124,0.302734,-0.127319
487,0.302734,-0.127319,0.0398712,-0.483124,0.302734,-0.127319
488,0.302734,-0.127319,0.0398712,-0.483124,0.302734,-0.127319
489,0.302734,-0.127319,0.0398712,-0.483124,0.302734,-0.127319
490,0.302734,-0.127319,0.0398712,-0.48312400000000005,0.302734,-0.127319
491,0.302734,-0.127319,0.0398712,-0.483124,0.302734,-0.127319
492,0.302734,-0.127319,0.0398712,-0.483124,0.302734,-0.127319
493,0.302734,-0.127319,0.0398712,-0.483124,0.302734,-0.127319
494,0.302734,-0.127319,0.0398712,-0.483124,0.302734,-0.127319
495,0.302734,-0.127319,0.0398712,-0.483124,0.302734,-0.127319
496,0.302734,-0.127319,0.0398712,-0.483124,0.302734,-0.127319
497,0.302734,-0.127319,0.0398712,-0.48312400000000005,0.302734,-0.127319
498,0.302734,-0.127319,0.0398712,-0.483124,0.302734,-0.127319
499,0.302734,-0.127319,0.0398712,-0.483124,0.302734,-0.127319
500,0.302734,-0.127319,0.0398712,-0.48312400000000005,0.302734,-0.127319
501,0.302734,-0.127319,0.0398712,-0.483124,0.302734,-0.127319
502,0.302734,-0.127319,0.0398712,-0.483124,0.302734,-0.127319
503,0.302734,-0.127319,0.0398712,-0.483124,0.302734,-0.127319
504,0.302734,-0.127319,0.0398712,-0.483124,0.302734,-0.127319
505,0.302734,-0.127319,0.0398712,-0.483124,0.302734,-0.127319
506,0.302734,-0.127319,0.0398712,-0.483124,0.302734,-0.127319
507,0.302734,-0.127319,0.0398712,-0.48312400000000005,0.302734,-0.127319
508,0.302734,-0.127319,0.0398712,-0.483124,0.302734,-0.127319
509,0.302734,-0.127319,0.0398712,-0.483124,0.302734,-0.127319
510,0.302734,-0.127319,0.0398712,-0.48312400000000005,0.302734,-0.127319
511,0.302734,-0.127319,0.0398712,-0.483124,0.302734,-0.127319
512,0.302734,-0.127319,0.0398712,-0.483124,0.302734,-0.127319
513,0.302734,-0.127319,0.0398712,-0.483124,0.302734,-0.127319
514,0.302734,-0.127319,0.0398712,-0.48312400000000005,0.302734,-0.127319
515,0.302734,-0.127319,0.0398712,-0.483124,0.302734,-0.127319
516,0.302734,-0.127319,0.0398712,-0.483124,0.302734,-0.127319
517,0.302734,-0.127319,0.0398712,-0.483124,0.302734,-0.127319
518,0.302734,-0.127319,0.0398712,-0.483124,0.302734,-0.127319
519,0.302734,-0.127319,0.0398712,-0.483124,0.302734,-0.127319
520,0.302734,-0.127319,0.0398712,-0.483124,0.302734,-0.127319
521,0.302734,-0.127319,0.0398712,-0.48312400000000005,0.302734,-0.127319
522,0.302734,-0.127319,0.0398712,-0.483124,0.302734,-0.127319
523,0.302734,-0.127319,0.0398712,-0.483124,0.302734,-0.127319
524,0.302734,-0.127319,0.0398712,-0.483124,0.302734,-0.127319
525,0.302734,-0.127319,0.0398712,-0.483124,0.302734,-0.127319
526,0.302734,-0.127319,0.0398712,-0.483124,0.302734,-0.127319
527,0.302734,-0.127319,0.0398712,-0.483124,0.302734,-0.127319
528,0.302734,-0.127319,0.0398712,-0.48312400000000005,0.302734,-0.127319
529,0.302734,-0.127319,0.0398712,-0.483124,0.302734,-0.127319
530,0.302734,-0.127319,0.0398712,-0.483124,0.302734,-0.127319
531,0.302734,-0.127319,0.0398712,-0.483124,0.302734,-0.127319
532,0.302734,-0.127319,0.0398712,-0.483124,0.302734,-0.127319
533,0.302734,-0.127319,0.0398712,-0.48312400000000005,0.302734,-0.127319
534,0.302734,-0.127319,0.0398712,-0.483124,0.302734,-0.127319
535,0.302734,-0.127319,0.0398712,-0.483124,0.302734,-0.127319
536,0.302734,-0.127319,0.0398712,-0.483124,0.302734,-0.127319
537,0.302734,-0.127319,0.0398712,-0.483124,0.302734,-0.127319
538,0.302734,-0.127319,0.0398712,-0.48312400000000005,0.302734,-0.127319
539,0.302734,-0.127319,0.0398712,-0.483124,0.302734,-0.127319
540,0.302734,-0.127319,0.0398712,-0.483124,0.302734,-0.127319
